2.051455855806753714e+00,4.398094940827644628e+00,7.692445185665190976e+00,-7.365801723352328523e+00
-3.567108823336271328e-01,-5.547407913650737044e-02,-1.145027100803313047e+00,2.101231761276789456e-02
1.708856297764591137e+00,2.164628290249150488e+00,4.770647702029913617e+00,-4.667503247440551561e+00
6.165949729330366669e-02,1.726707795586983896e-01,1.119598223198764675e+00,-1.107146353744877132e+00
1.914776611734252398e+00,3.715719734740789093e+00,4.857037104355709900e+00,-6.808785255140751502e+00
1.376252562940014634e+00,4.520324816398214374e+00,5.304733727392287435e+00,-4.038660009883174418e+00
2.866956151297610944e+00,7.030228108906964479e+00,9.585959402549772079e+00,-9.463757045024300041e+00
1.853588655513813688e-01,-9.070649340844338937e-02,3.315976926204085018e-01,1.189123654764278504e+00
4.233503820314205024e-01,-1.461864120804622358e+00,3.172604329537576984e+00,-3.689619478979275335e+00
5.126136864077489586e-01,3.678894446338997426e+00,3.840930384730685709e+00,-4.176719636836257799e+00
-5.922445782754048871e-01,-2.336764227593018717e+00,6.684491452954768320e-01,-6.994506369869035733e-01
8.855966186987438427e-01,3.751842447203284081e+00,4.515988439521136044e+00,-2.073321875437418083e+00
8.549176107318057216e-01,-1.044358243231129357e-01,4.223780559346021590e+00,-4.938247340450212519e+00
1.805905771897618362e+00,2.556218599795275992e+00,7.318045628275643644e+00,-7.165619898394598231e+00
9.909901372724940760e-01,3.395618817021034186e+00,3.782620249389114786e+00,-2.288207266796377315e+00
5.171562342818651903e-01,7.597401181719793950e-01,2.410515907392521306e+00,-1.245810676788413396e+00
1.594503571101216988e+00,3.393357229424018406e+00,3.732957854646758999e+00,-4.164534591751101189e+00
1.666760048445224740e+00,2.286505361550875026e+00,6.158842454387965404e+00,-6.671817105512613644e+00
1.110193342020741714e+00,3.151855433924324323e+00,4.091231064413304530e+00,-4.242890153540405329e+00
1.972547302598362196e+00,5.399859043424357630e+00,6.517481644656735185e+00,-5.590297565182460460e+00
1.278277359422411275e+00,3.493584130204832938e+00,5.227004604289598788e+00,-5.471258786375071459e+00
1.449401374295789857e+00,4.825565259412980978e+00,2.932686505353973683e+00,-1.613178462244905242e+00
-3.821062390103269202e-02,7.053238969479398435e-01,-7.096603352857389080e-02,1.489004458212617177e-01
2.231194852899718750e+00,5.823501215719172563e+00,7.037220633241851431e+00,-7.067348958988322494e+00
4.124189154320213602e-01,6.544292141791528961e-01,6.951261850448111623e-01,2.984882847221261848e-01
2.293768878312622661e+00,4.133788994294604002e+00,9.424875174707622705e+00,-1.098376909452890970e+01
7.321952260808753943e-01,4.521179006125075617e-01,2.873426745177125152e+00,-2.633859152886896648e+00
2.481247567664381037e+00,3.963248148920664349e+00,8.473037126987195577e+00,-7.671903714064980839e+00
1.001477375375861234e+00,3.015097344403775192e+00,2.957090034258786027e+00,-4.259636626602824272e+00
7.815720901382923191e-01,2.597807698432856860e+00,3.930712066660386306e+00,-2.238168961240739829e+00
8.183872717913749373e-01,-6.572358366441237720e-01,4.194077107249070124e+00,-5.181548677444224538e+00
-1.812412014278552697e-02,-1.124217632011627721e+00,7.736693549228447209e-01,-8.931412920445019887e-01
6.157321032478300094e-01,1.901383923286104949e+00,3.152095328487520831e+00,-3.580512970044728682e+00
-3.514275824528465542e-01,-1.321169373397677038e+00,4.754526860007735056e-01,2.651127300793735264e-01
-9.195011090918647767e-02,-1.239784790703345241e+00,6.346464672640994564e-02,-1.683272840832212847e+00
1.845750412768420112e+00,4.616985755765793620e+00,5.746447352016918586e+00,-7.430594550125480424e+00
1.178224863025113978e+00,2.245192732706606353e+00,4.574827534606773050e+00,-3.951011222001150180e+00
6.773481722647085590e-01,1.322640266458349867e+00,4.760708952061142973e+00,-3.949587754663121064e+00
1.076592126783439074e+00,4.543821438250532196e+00,5.051976358222815655e+00,-5.160114788718791701e+00
1.897212242245781333e+00,3.687322408333892465e+00,4.927919616490233246e+00,-3.494725620124646603e+00
2.287244534876252011e+00,3.142228183983224454e+00,7.187836415809426782e+00,-6.967898746769837892e+00
1.689778404784496590e-01,-1.423131686501550419e+00,9.930303314064639064e-01,-5.921318214292994320e-01
1.695032422329408650e+00,4.919165243503776708e+00,5.821513368584608550e+00,-5.229356745288209929e+00
-7.940129203799184410e-02,-3.008056447686114909e-01,-6.242140940073146460e-01,1.968280522334502347e+00
-1.441435180951606831e-01,-1.934220238129385150e+00,6.060981622691726800e-01,3.315845679280681191e-01
4.040968821558489354e-01,8.600261919757817841e-01,2.599224812707785492e-01,-1.061354642616512578e+00
9.018208401966596455e-01,1.937851685363102927e+00,3.606006122930514035e+00,-1.760570693434698741e+00
1.271053213733964071e+00,2.810914900246839210e-01,5.579264201978878290e+00,-5.262963315596200786e+00
2.565343364186901676e-01,1.176584233696093218e+00,1.630408864605179975e+00,-2.735215714477265081e+00
1.571919011834169044e+00,2.941465497886643021e+00,7.429001671187798195e+00,-9.813176518315444241e+00
-1.763278998367432404e-01,1.285288389440944479e-01,5.474329254393306421e-02,-6.118604768755436796e-01
-9.367631088860091104e-01,-2.160720405730329308e+00,-7.804094982043652262e-01,-9.906022677278700783e-01
2.024524217746723309e+00,4.788718186398777554e+00,7.836653942269392381e+00,-8.381527894910973941e+00
8.262921237970213273e-01,2.096028106769844523e+00,3.344335885533520791e+00,-3.389509542918393237e+00
-3.903834941589214846e-01,-2.625507883608146908e-02,-1.653630431971665038e+00,1.720969604886106508e+00
1.599099769827755813e+00,4.109464491147061693e+00,4.609158026947523190e+00,-4.543603786743187101e+00
1.046138292312270845e+00,1.469274978149881949e+00,3.444027529868102455e+00,-2.960621673536539600e+00
6.739249758259078238e-01,1.678341174076096287e+00,4.737731245318800077e+00,-5.366185016960091758e+00
-8.209005513069622673e-02,7.049651026083622041e-01,1.040655049726734394e+00,-1.891698670516128500e+00
1.012185912907386243e-01,-1.480970094334053355e+00,1.269611069045256890e+00,-6.317072133471325346e-01
-1.723945649593815688e+00,-2.652364110721541657e+00,-4.647461881091268232e+00,3.297867108648111945e+00
2.741245675412833371e+00,6.052800139737110285e+00,9.973645363913808737e+00,-1.060963750717426102e+01
7.310427678730979650e-01,2.453417018195600541e+00,2.326261769166760196e+00,-2.781930525488844008e+00
5.660756464227441054e-01,-6.146567430644112040e-01,2.761052236974668617e+00,-1.618996735623027927e+00
3.709201891570272469e+00,7.402128676877214097e+00,1.223754132127060323e+01,-1.258384423106358341e+01
-3.850191802946105746e-01,-1.150736646560732712e+00,-9.615769555396439516e-01,1.044442487366607608e+00
1.402538757114360823e+00,3.655136622874589403e+00,5.150048138378672924e+00,-5.461352097021491936e+00
1.200180869943774375e+00,3.179243746025115946e+00,4.006975210775095775e+00,-2.508684800059618691e+00
-9.710960309547056468e-02,7.011380820947570314e-01,3.320386451632116875e-01,-1.364262834526638990e+00
1.104441695374741572e-01,9.043629112813966753e-01,-1.459178393273932617e+00,1.245240797063181359e+00
1.693994415775895934e+00,4.669165143980451127e+00,4.334965763276471762e+00,-4.306136036766194941e+00
1.565748988588602231e+00,2.526249885189274735e+00,6.032765008156150799e+00,-4.396453754965796712e+00
1.331596265388591549e+00,3.572642180413676094e+00,4.294900984487028950e+00,-2.074888066689611676e+00
7.737356895241954691e-01,2.223357449811617315e+00,4.659034033290581078e+00,-6.475000569346707202e+00
1.976459218026904718e+00,3.487861222811742490e+00,6.406599139223930983e+00,-6.947686225544527971e+00
-8.354293664936414121e-01,-1.280246325700701959e+00,-2.074669122356152862e+00,3.484523755511749421e+00
9.188162464935044627e-01,7.173349946551397238e-01,3.714754291830887567e+00,-2.706124488525249117e+00
9.275097992880355635e-01,2.970303309185922114e+00,5.939525517124849330e+00,-4.728998668090564017e+00
7.841716508318583578e-01,1.379541266830253798e+00,2.943527354976703148e+00,-2.781176889837871702e+00
6.349518444378201565e-01,1.391948654203345903e+00,3.532994697145903196e+00,-3.562670507350629290e+00
7.527043472179055783e-01,5.956603772673622066e-01,4.971626676732396888e+00,-5.568367176895792525e+00
3.391632857951265567e-01,5.314811388098135136e-01,2.715561300036917203e+00,-3.825568887095023740e+00
-2.512377011195929377e+00,-5.389136099480927200e+00,-6.276280342911283228e+00,6.141420802897913589e+00
8.246771581244207727e-01,3.289508670563541237e+00,4.693972775313751455e+00,-1.584877267469269047e+00
-5.315065623065369227e-01,-6.566626323922899466e-01,1.035023409108765780e+00,-1.616240079356463522e-01
8.379190993402967358e-01,2.490359696436488690e+00,5.001578059726454306e+00,-4.903773832570403890e+00
1.255382848915440830e+00,1.669152430226523265e+00,4.661627765210434760e+00,-5.049606608668383068e+00
-9.240043506123905015e-01,-1.645382321602097075e+00,-1.562923981140902807e+00,2.059719950236900132e-01
4.060612366945685059e-01,2.734674192969546169e+00,2.446764339101328289e+00,-3.421102428003942819e+00
1.510501343630619830e+00,3.605476880025654474e+00,6.420830278727375884e+00,-7.317458282688161120e+00
3.519450854276520158e-01,1.457167828529544185e-01,2.207060791149598078e+00,-1.572214687314289039e+00
4.663922653110211813e-01,5.996616042223710252e-01,9.754289871856345329e-01,-2.131156632987088351e+00
1.422136670296836325e+00,2.044712332533356491e+00,5.452749071491295396e+00,-5.551887944644442463e+00
1.275734765726529663e+00,2.217004536008174043e+00,5.369580189519870927e+00,-6.213138174436803496e+00
2.836533461573368164e+00,6.165618032542266924e+00,8.886492434879706082e+00,-9.200111476867261828e+00
1.841953730761585195e-01,1.593894109722902908e+00,2.169013535533204529e+00,-2.763279829994810921e+00
-9.943083123982909832e-02,-1.459615899706319553e+00,6.454779162027186601e-01,-2.086150052349313722e-01
1.488302253666669683e+00,3.573791246230384466e+00,3.589586618233007620e+00,-3.397614789871062690e+00
1.170809006219283077e+00,1.459408999537555873e+00,5.481959919076762944e+00,-5.984473612140581267e+00
1.010930906200200097e+00,1.946767632858185326e+00,4.937221926548089890e+00,-5.358901586593902699e+00
-1.069320505455359616e+00,-2.402151559240227829e+00,-1.574988735931585726e+00,2.641758713859943875e+00
3.158762274758483146e-01,-6.853619141439759588e-02,2.044835369286629234e+00,-2.647371452280802284e+00
1.169831993706370810e+00,4.151280812614666083e+00,6.400061159274372358e+00,-6.550970494119392029e+00
1.377782752424741020e-01,5.408627657393019206e-01,1.202892315271019363e+00,-1.134692379358760217e+00
2.510776302125393933e+00,6.047340057655895329e+00,7.034070796428201433e+00,-6.818031054792314194e+00
1.266238066658192718e+00,8.225250022596755084e-01,5.537700491252802060e+00,-5.580043243890024485e+00
1.965745724147595519e+00,3.982735386790676735e+00,8.158713260184516258e+00,-7.264272431395932372e+00
-4.156747166231251622e-01,-3.482344471016075582e-01,-9.541655777906052904e-01,1.044542723864667177e+00
9.472882713211299155e-01,9.396583375880480649e-01,4.938836911311886624e+00,-4.975812666672195128e+00
2.521092334555258496e+00,5.308219357837105079e+00,9.455873646638906393e+00,-1.087587685421167905e+01
8.652326541250426883e-01,8.060701296194564547e-01,3.557497391724580460e+00,-2.832660026400782183e+00
-2.605148134400281368e-01,8.116470985103874103e-02,-1.071158945771266691e+00,3.613769274461968717e-01
-1.423274636021628403e+00,-2.660583017096241232e+00,-3.643811419204699753e+00,4.568724566263112408e+00
1.358563918687624827e+00,3.143393492214433760e+00,2.413493387347982910e+00,-3.935828300253919831e+00
6.217752545839956291e-01,1.902349013335924433e+00,1.819259726300347824e+00,-1.771602173560388849e+00
2.715063277757883142e+00,5.585381992795244166e+00,9.251965009795735995e+00,-8.966982274032877953e+00
3.562511524881798453e-01,2.448127761672697078e-01,1.250329650436553308e+00,-1.044037918295688483e+00
2.471846573689266524e+00,4.561339724726390266e+00,7.513465280878891761e+00,-6.304624254341732126e+00
1.158668320206386770e+00,6.534226592409475565e-01,4.334303752821028866e+00,-3.068158588757617711e+00
6.211820157987026914e-01,1.251498967927656247e+00,3.081890920827719427e+00,-4.054231529385413424e+00
1.421667316347549281e+00,4.231892205995140266e+00,4.276582969179548499e+00,-3.759414940040054720e+00
3.453331297684882895e-01,6.272374707766898982e-01,2.151241104381022673e+00,-3.227819210261234417e+00
8.275984243212537450e-01,1.372026581951829582e+00,2.772297381262959437e+00,-2.777779977044708026e+00
1.377766413899302433e+00,2.362157339295118952e+00,5.638440759848201367e+00,-2.468017530621807065e+00
1.040210393758933538e-01,1.448604841433007939e+00,1.521954843343474861e+00,7.210667378367865421e-01
9.322219208226464326e-01,3.453871215310592824e+00,3.745338524074752762e+00,-3.171885577591988525e+00
5.841602860340362469e-01,1.837860531373713524e+00,2.612700529350689749e+00,-1.830949760665133041e+00
1.001315765327708940e+00,6.841571016615606293e-01,4.629549983649903666e+00,-4.424978586093355482e+00
4.704715077037365800e-01,5.414435681916071053e-01,2.122611685636896617e+00,-1.415341713675688951e+00
6.343503497231096633e-01,1.214322312392468461e-01,2.493199129738330022e+00,-2.924807939482365171e+00
1.348240411786525428e+00,3.611762002107555602e+00,4.676824776785219129e+00,-4.728285644314830449e+00
7.875603430716444642e-01,1.709554614090792235e+00,3.102497314123668470e+00,-1.060953928464747786e+00
1.122464633145975110e+00,4.942952430219534676e+00,5.254704407489348306e+00,-4.011655544589789457e+00
1.456645362417596123e+00,3.043564213252551554e+00,7.938471176952722530e+00,-8.642875812829798221e+00
1.125028016274611575e+00,2.325278372540582783e+00,3.209077605209908146e+00,-3.918876837846411831e+00
2.370250567123090679e+00,3.624493891200432305e+00,7.540749742825839874e+00,-7.853633894159377071e+00
1.019818843013103438e+00,5.973628713190461959e-01,3.285876546681259391e+00,-5.009598181883374579e+00
1.322505238612061262e+00,3.224487112456703386e+00,4.858689098273917928e+00,-5.980355214369524219e+00
3.154680737832429305e-01,6.899780422064137886e-01,1.642508725138780656e+00,-1.183341954166600374e+00
8.539127959133712142e-01,1.908418837067321849e+00,4.821956763156427073e+00,-4.293425272229246303e+00
6.720498904448124478e-02,4.791836051657105133e-01,-4.686425287964530728e-01,2.110873276633769891e+00
-5.941703669325737458e-01,-9.729045510190912349e-01,-3.138219567624854101e+00,3.648026018220846822e+00
-4.387094590104296810e-01,-4.441213278506876971e-01,3.559606504890171497e-01,-5.233640205264804557e-01
5.285731980420922405e-01,1.446719345908592969e+00,1.685556785967513571e+00,-2.132020005659280848e+00
-8.352365406538344583e-01,-4.786234433607516880e-01,-1.768307680577317686e+00,1.307815346102069398e+00
3.551555848120271364e-01,1.135582544623352952e+00,1.703975372679701783e+00,3.631898635533639119e-01
1.540513180881963429e+00,2.872464005322057368e+00,4.624840419935684288e+00,-4.099998326486399058e+00
1.992350974306831723e+00,4.679513812375251547e+00,7.291397279461067527e+00,-7.632682891562883043e+00
1.957882515846787186e+00,4.808403418249124428e+00,7.593826795782055328e+00,-7.530551104909576132e+00
1.257268858812230272e+00,2.630937132451773852e+00,4.079501669202681313e+00,-3.849758023661434159e+00
4.840110275763990222e-01,1.363308270212310491e+00,2.346119579361607421e+00,-3.101345099669060801e+00
4.011711699118847285e-03,-5.656611823078944168e-01,-3.091485412800132337e-03,-1.835778171022033556e+00
2.929396726538285201e+00,6.573071235948165558e+00,9.258963289157382093e+00,-8.348155917354114663e+00
-2.035117916927269288e-01,3.031968761018871916e+00,1.257998914175955107e+00,-2.655489199837977488e+00
1.966268318527769399e+00,4.011596473558939557e+00,7.292519847186599513e+00,-6.648702732587140396e+00
9.258809375825973742e-01,1.552588982957792130e+00,3.310464470567278106e+00,-3.821159805778704843e+00
2.017856273803891654e+00,4.613075125133010879e+00,7.496476916932437007e+00,-6.783246944756137431e+00
1.811888542216784526e+00,3.254283778810489469e+00,8.039179578950905736e+00,-8.122859609435899131e+00
7.673452210592206502e-01,8.041707378064792966e-01,3.339370873197786693e+00,-1.913155335416136138e+00
9.791606006777218152e-01,1.954681192390731237e+00,4.604137092031134415e+00,-5.598548558794510299e+00
1.885106237131032092e+00,3.310169821260849687e+00,6.865078492447079128e+00,-5.508662420138637827e+00
9.903446186328866974e-01,3.209868359913138569e+00,3.590289860427855473e+00,-1.759689790108891483e+00
-6.544472135797398948e-01,-1.264222992836626203e+00,1.933727866287504593e-02,-1.758084757915655771e+00
1.518728139946913469e+00,3.384706959225508793e+00,2.789586014389312751e+00,-1.984914271894204107e+00
9.367576971085012083e-02,5.152451720106412947e-02,2.262701985704389074e+00,-3.435380036315534902e+00
-4.837923501736758336e-01,3.938248742865475549e-01,-3.537567936892961895e-01,-4.944429418328820103e-01
1.413130341611654073e+00,2.708384178742605286e+00,6.047733969167953028e+00,-6.089249380570857184e+00
4.053377837922275129e-01,-1.882082554748605308e-01,2.512558801844103407e+00,-1.896857610049873299e+00
2.734366353797262228e+00,3.340018804736981206e+00,9.848561761830236350e+00,-9.992334656420631234e+00
6.693937184341298696e-01,1.617624114076841479e+00,3.703115414560516960e+00,-3.284175260411758668e+00
1.927497442124610938e+00,3.812546487121489580e+00,6.745563600466989662e+00,-5.446894002486058817e+00
3.056979421748594605e-01,3.198742518999975748e-01,3.161026058314635456e+00,-4.266003462097789800e+00
1.802855026245909986e+00,3.996693006501765399e+00,7.000979646141900048e+00,-5.728274604198259290e+00
-5.032336405083797093e-01,2.250120657934030710e+00,-2.247206200781358687e-01,-9.446325274983017328e-01
7.411190998783927508e-01,1.994842214954517967e+00,1.790358749732127164e+00,-3.223620361786764477e+00
3.384318986083491021e-01,1.800380968747693711e+00,2.849102610032504757e+00,-3.413853890777023725e+00
3.221737796504956508e-01,-4.542896698132861122e-01,1.709245523011403645e+00,-2.073443885217018057e+00
1.153218607901553394e+00,3.863729164949280204e+00,4.370079147959764043e+00,-3.476543599384438021e+00
1.158223723791038662e+00,2.318144870492662601e+00,4.181660239146307134e+00,-6.252827991449073863e+00
9.259214446740884341e-01,3.435685110707961343e+00,3.469195938257931378e+00,-2.632204626621422516e+00
1.993980663803986086e+00,3.786852996676681293e+00,6.494353183906765636e+00,-4.218401703685149329e+00
1.729061569800208087e+00,4.627747162484052268e+00,5.120402204324565609e+00,-3.782206761434169451e+00
1.834268862858479787e+00,6.658253318770393392e+00,6.888663207196315419e+00,-7.950579123083375777e+00
7.144294328936795502e-01,2.417556252289145835e-01,3.883504399521406913e+00,-4.174840207642189327e+00
5.966585650825461107e-01,1.238891237937538747e+00,2.089433276091150482e+00,-2.224094224835163836e+00
-1.831128393552420963e+00,-2.748565348771069505e+00,-3.958714220058795696e+00,4.561592954845623993e+00
1.897256630413452605e+00,3.821790065673726478e+00,5.783991521268536218e+00,-6.030321155582165638e+00
2.804564865276111263e+00,4.956754081499828324e+00,9.645327415893067524e+00,-8.761650016888056669e+00
4.290237088757453687e-01,4.130746736447137302e-01,2.599831906565869488e+00,-2.068333763491824406e+00
5.901733511143298916e-01,9.808948137130425460e-01,1.630893722392843470e+00,-1.623680982069300560e+00
1.302051727044782670e+00,3.547208008129492107e+00,3.757554701986506540e+00,-2.292516056893982856e+00
8.421477510692644275e-01,2.100436993587944556e+00,2.183484507265560204e+00,-1.150017631809331364e+00
-1.072202601612220363e+00,-1.226015541598965974e+00,-3.204338586699049252e+00,3.239021062129309847e+00
-2.272616291283542367e-01,1.147324198107524396e-01,4.272852421577687521e-01,-3.970430461263798061e-01
1.028414256008139738e+00,2.447114856749089018e+00,4.345814368842303210e+00,-5.517767556167782139e+00
-3.169105259587534640e-02,5.345886883509494147e-01,1.715677375148268569e+00,-1.044404800787858800e+00
1.070626872577738808e+00,1.005714321971288738e+00,4.764944101119612974e+00,-4.745669818164477860e+00
1.800410821245435944e+00,3.263307877710391214e+00,5.787631714995284504e+00,-6.472053634066173622e+00
7.994455509460703935e-01,1.399659823640065248e+00,4.576648022699385976e+00,-2.725986956068140898e+00
1.270926309729320192e+00,2.884377421274437747e+00,3.746868460584704685e+00,-4.848907560314563270e+00
1.865616843334087394e+00,4.069247627926785071e+00,5.139579743406105905e+00,-6.544103589601879989e+00
1.312536756164568441e+00,2.270712581805260477e+00,4.765592914201793207e+00,-3.952897927902464303e+00
4.634182582091419533e-01,1.035388072205972287e+00,2.611660294791597003e+00,-4.094306957581408390e-01
1.605112565834394101e+00,2.301043527727626881e+00,6.178988150722395822e+00,-7.598603812004007807e+00
-1.120395310440769343e-02,5.374367389440426468e-01,1.313542004095049620e-01,-2.568555281898377007e-01
1.591738978533682403e+00,1.454892337883136877e+00,5.701934590870708419e+00,-4.888941794558920861e+00
2.593795971052204941e+00,4.934731958063323098e+00,7.504760965991992272e+00,-8.641746118885256678e+00
-7.038262507868653373e-03,-1.095453589910138303e+00,1.225842958450084952e+00,-2.045097923216140146e+00
1.533206612382605805e+00,2.029494940066229880e+00,5.752093469775190648e+00,-5.607969915272629891e+00
5.918331135477457039e-01,6.121870878416036943e-01,2.945600161600859135e+00,-1.367218470982456191e+00
2.705256416931645536e+00,4.046615658513808889e+00,9.098017485397697612e+00,-8.093019555570474921e+00
1.740603781385073212e+00,4.506710160462443326e+00,6.341111255479575881e+00,-5.809169052774911357e+00
6.796654206536179021e-01,1.189923363332925810e+00,2.631037744600458694e+00,-3.486816796331974277e+00
1.607062517554061820e+00,2.837590580223211312e+00,6.450296100744201233e+00,-5.460367390854291791e+00
-4.074406438573614508e-01,-1.439298859217789772e+00,-6.467915240398878218e-01,3.094399145012627361e-02
1.056562063383935657e-01,2.503319045734722637e-01,5.130798064152686244e-02,5.908658783624723965e-01
-3.434469940525064491e-01,-3.176138770681896650e-01,-5.990423921374213867e-01,-3.101949789248583667e-01
9.167455279123065681e-01,2.055577102360045316e+00,3.035550388241872177e+00,-3.940319756760505054e+00
1.155736332914270026e+00,2.501356684694509447e+00,3.316304864749292758e+00,-3.056494251850359944e+00
1.494089245811035305e+00,1.779080545873794383e+00,5.521970212871120331e+00,-6.656092628025401581e+00
2.996775052331477340e+00,6.415911707369666317e+00,1.120818738585674446e+01,-1.211661872297257858e+01
2.349312593418644290e+00,5.685443357531909214e+00,7.524725187062081488e+00,-6.228452387806297175e+00
9.489192338565672902e-01,1.628550985866535017e+00,4.060572311801568191e+00,-4.740888668472744705e+00
9.153979419265332318e-01,2.605868201602318468e+00,4.168066964900630111e+00,-3.370274938765181361e+00
1.216500489532414520e+00,4.584343980864622026e+00,4.224657861636482714e+00,-3.428086143234568173e+00
1.115082048731897979e+00,2.913371596027630517e+00,3.659597896832990749e+00,-6.444870346939840289e+00
1.474571379708363494e+00,1.981216309441646839e+00,4.571229989681395267e+00,-5.828861696720079699e+00
1.762800434356964985e+00,3.440638723146796973e+00,4.078840151597569630e+00,-5.081025512183733994e+00
5.044347082250891789e-01,2.051089966860918601e+00,2.968317128485592704e+00,-3.784758597849717798e+00
9.303978561630146249e-01,3.798818888547099704e-01,4.816284982743079368e+00,-6.477946274080820466e+00
1.242663091721613711e+00,2.757035096295584520e+00,4.964190960081759307e+00,-4.188530593410870750e+00
4.835971028209133937e-01,2.041921279328631655e+00,3.557397187145261430e+00,-4.091588533765657232e+00
-2.007595830717987528e-01,-1.556850584349201982e+00,-1.780642339378954775e+00,1.878177877125835726e+00
1.093380931902858233e+00,2.841150517451081825e+00,4.088141542441606546e+00,-4.981330426668834299e+00
1.580498211458748026e+00,3.872936230141284852e+00,4.540212951513369788e+00,-2.098359033554308528e+00
7.013155479496975264e-01,7.627321978432687333e-01,2.975204877195523956e+00,-1.874519360432559623e+00
1.595306224348303381e+00,4.922865831841344075e+00,6.584459843175334726e+00,-5.964678237496072732e+00
9.175241112911314278e-02,1.450420501369003246e+00,2.601137354225112830e+00,-2.854347228368121048e+00
2.031032525596198290e+00,6.016167363812092717e+00,6.361189082968209618e+00,-6.430127921225892607e+00
8.221276955623975091e-01,5.845875490008403119e-01,3.879956800481656476e+00,-3.031136234703357690e+00
2.356608279678211293e+00,3.947692785347639344e+00,8.359572253400498809e+00,-8.704622832174619518e+00
1.009095988629203466e+00,1.199681726163053241e+00,3.939193662269549367e+00,-3.734569591738212679e+00
1.282344261901448013e-01,1.250058847145820162e-01,3.419110343108441974e+00,-3.282285394479401042e+00
-5.583695430133965854e-01,-1.406173255812796619e+00,8.783623690398123518e-01,-2.850098484670267052e-01
1.250521821675865786e+00,4.240517134650377606e+00,3.009551920313945139e+00,-2.816988313226087115e+00
4.752896784972402422e-01,1.587439765490300747e+00,4.552195675297425304e+00,-5.093227426627538357e+00
2.239767119813954821e+00,3.720055065767692515e+00,6.718411957039761795e+00,-7.150612362485033735e+00
1.279973698287556250e+00,3.445188177278822206e+00,4.515315030069785962e+00,-5.720342100449541611e+00
1.024218767122390794e+00,3.584724546303557968e+00,4.834468330723130869e+00,-3.429966786652916877e+00
5.131557000725692763e-01,-3.169131295071521137e-01,2.509640770328755544e+00,-2.925623542630233942e+00
1.202864970652368415e+00,1.897885878857958675e+00,5.430753061724471920e+00,-7.374584397775718614e+00
1.442649030215804817e+00,2.300723972821884011e+00,5.331376644361033534e+00,-4.179725311134899535e+00
5.915856162578262412e-01,1.716790337048567983e+00,9.633261770607579599e-01,-1.842204690346908258e+00
6.817257568057523143e-01,1.930465736489861195e+00,2.631129658752627609e+00,-2.442740497167191105e+00
5.187245527990380634e-01,7.833499076498088298e-01,2.845148920340783150e+00,-4.117421259125738864e+00
1.884699439015292022e+00,2.761255393847942052e+00,6.690728018250386100e+00,-7.997780293975037758e+00
1.355955949398675919e+00,1.947423763383155038e+00,6.430357183289315159e+00,-7.327483738157130055e+00
1.792806909128821458e+00,4.209259424389941273e+00,5.751019018866826649e+00,-5.266574336901358677e+00
1.286152822646927651e+00,2.183748629174063094e+00,5.390187003583078784e+00,-3.183850950545015213e+00
1.324267316622625534e+00,1.306426854247432878e+00,5.163786740856731505e+00,-7.105365533638164699e+00
1.028830466441270408e+00,2.156245485544542095e+00,2.688153855842740914e+00,-2.988082105055949178e+00
2.281765858805179903e+00,4.341287418977556989e+00,7.129379021973861086e+00,-6.667936427000766386e+00
2.304121959611315162e+00,3.957948454475024302e+00,6.773579761626512763e+00,-6.495497853564805801e+00
1.181102301931423959e+00,1.709279715063374061e+00,4.363184582435980730e+00,-3.824608170804675300e+00
1.435737640156728556e+00,3.851759100327073693e+00,4.317883365420922104e+00,-4.044390148864162704e+00
2.058405105445572758e+00,3.110798896856089790e+00,6.164262244827211745e+00,-7.125819915095034318e+00
-5.622460419378942920e-01,3.702974577780089316e-01,1.111295113407659851e+00,-2.168071398332783950e+00
2.848949796082135499e+00,4.426898100152384607e+00,9.246408742793857272e+00,-8.792574924314209284e+00
1.108549587232305678e+00,2.957751673655169000e-01,4.718220911525284222e+00,-5.137185967488714589e+00
3.778621594567234121e-01,-2.834681369763929482e-01,4.507578920088127106e+00,-4.573868394280069083e+00
2.378109351247710279e+00,4.141119912845590889e+00,8.511076597857858417e+00,-7.572223776796129791e+00
2.250673391498061449e+00,5.737640543398311088e+00,8.372350262432711077e+00,-8.428301340272678743e+00
1.811080379728017942e+00,4.945487004474085957e+00,7.542649741920529394e+00,-5.866107711202698027e+00
2.319924273969857786e+00,6.146926740507085540e+00,7.790940724468696565e+00,-7.427862880063667461e+00
-1.478194419302714113e-01,5.371766764499503743e-01,1.014245280977188468e+00,-8.096202173268236546e-01
2.473442630105942897e+00,3.603859050150325594e+00,8.859195610981705826e+00,-9.247228660784918119e+00
-1.052795369899221178e+00,-2.733479784650908240e+00,-3.957313040395210368e+00,2.202146434016848620e+00
2.185012887466736942e+00,3.841640358788918519e+00,8.855432157095822987e+00,-1.002818274654183561e+01
1.903626778218002080e+00,2.331697500913708421e+00,7.167748179576886258e+00,-6.933511244744265944e+00
-4.734230072325673611e-02,4.775586723780059217e-02,2.436942240074511101e+00,-2.259524073603460970e+00
1.913349762568976375e+00,5.408284113489584044e+00,7.016228841187166054e+00,-8.296335416410165919e+00
7.538811196431232098e-01,2.295482089699052874e+00,1.594851180802456803e-01,-9.689475222758121564e-01
6.922327269466432842e-01,1.995003894694597824e+00,3.705077388657151083e+00,-4.595128535905344869e+00
1.474960463011117717e+00,3.936124441830558318e+00,5.710155318135573310e+00,-3.985110276106851313e+00
3.162488701693901838e+00,5.781436065019915027e+00,1.052820262519675687e+01,-9.284307898527309533e+00
1.297503010076326291e+00,3.122287455051478311e+00,5.512990060458550445e+00,-4.537936215625045122e+00
4.164671883191615187e-01,9.394390041110046718e-01,2.487974948711812573e+00,-4.087079090367125467e+00
2.713574718879605996e+00,5.595467176963328626e+00,1.007279246403876805e+01,-1.005094674172064195e+01
3.310686622672741386e+00,7.453759993429897257e+00,1.019644754112775331e+01,-1.061784896967580316e+01
1.073185343634733835e+00,2.737240000165473752e+00,4.606886870646597743e+00,-5.028003928920016463e+00
2.152898310011153171e+00,4.796680394720335805e+00,4.932724923864311606e+00,-3.848276377447669816e+00
2.102382208458163593e+00,3.599596523438905571e+00,6.070551616372556580e+00,-5.845517084839226385e+00
1.421859266642778286e+00,2.877350157061459690e+00,4.133233509194321975e+00,-3.665158590808568650e+00
1.468010250777701309e+00,3.304005694487397005e+00,5.258880499795137275e+00,-5.629818702538615049e+00
1.079097797429060535e+00,1.675361617134366821e+00,3.541588447297306708e+00,-5.543400639096885740e+00
1.366777771143171449e+00,3.277049660368419381e+00,5.728453245464989685e+00,-4.602852429235467113e+00
1.268950241153189662e+00,4.446590335760891577e+00,3.070735128367986455e+00,-2.489307997349726964e+00
5.356270708092976118e-01,-2.879806094859982402e-02,2.081489750739858202e+00,-1.817198723959621898e+00
7.815603026976321033e-01,-1.751307397045132497e+00,4.974457146579060129e+00,-6.090954877691503455e+00
8.193951259817957578e-01,-3.413297064007061454e-01,2.210507423667990246e+00,-3.910865513010283845e+00
4.285032876889630638e-01,1.115471507339132140e+00,2.322182544133391868e+00,-1.979527045132581264e+00
3.368547282727520020e+00,4.790136754122521268e+00,1.153709082968871336e+01,-1.139375443839307955e+01
3.900508596955857277e-01,2.563035718588090095e+00,1.704594037375396498e+00,-1.189737656437876767e+00
1.403064948302061854e+00,2.082828755792112130e+00,5.061171121440088072e+00,-5.912498566020812696e+00
1.510836361190042609e+00,1.698533123717267834e+00,6.101432210424293956e+00,-6.784022459884440082e+00
3.011882294776935254e+00,5.422836581132118638e+00,9.782022964192661263e+00,-9.267021860851240689e+00
2.333503676825539941e+00,4.655768877562399766e+00,8.095100826039784536e+00,-8.928550221306856827e+00
1.189031626408858955e+00,1.366491503521626072e+00,5.157616601166568948e+00,-5.326193568557429536e+00
1.984834829120384114e+00,6.032199781120377580e+00,8.372820763114232179e+00,-7.635684128503855916e+00
1.530164225794064858e+00,2.137291297273857360e+00,6.828160906459126878e+00,-5.899013021100108389e+00
1.957931274202674876e+00,4.395567045933074013e+00,7.426919145457255844e+00,-6.686725401306741645e+00
-7.017686602973600696e-01,-3.992637818997459842e-01,-1.041784215105746370e+00,2.745930337704927116e-01
7.636655398336963385e-01,9.931634106206894685e-01,4.200881732925608958e+00,-4.736486392843691107e+00
9.830226014754595010e-01,2.228635226686551007e+00,4.084395877128219610e+00,-5.529587687554459841e+00
1.214643056787308106e+00,3.573624915599186380e+00,6.377002697923221497e+00,-6.185051651165226261e+00
-6.140784953176758876e-02,4.516656900408411168e-01,6.091581329489982322e-01,-2.485256961057140668e+00
2.327289931637047005e+00,3.864927410054714851e+00,8.663337139457036429e+00,-7.582840547310231827e+00
2.035058363910369206e+00,4.884494255856255407e+00,6.490350966764069973e+00,-6.331061806031627270e+00
3.547592202047028298e+00,6.652206835376339278e+00,1.140510304964857013e+01,-1.278956379487310002e+01
2.018950795514198315e+00,3.354840249058712587e+00,6.674763171727915001e+00,-7.144090145539741421e+00
-8.003395605767977816e-01,-1.630558377110682855e+00,-2.869733166501100552e-01,1.440542026418199228e-01
9.678721319743305296e-01,3.442029524303529264e+00,6.100225296146406961e+00,-6.209127560016539427e+00
-5.845194074007213914e-01,-3.696328686210722747e+00,-3.042298112984113789e+00,3.064920303255203038e+00
8.167944859127213020e-01,1.454401144247095878e+00,1.897960751810242153e+00,-2.684750668304847654e+00
1.957661717554601388e+00,4.195767004618623730e+00,7.605094944040415861e+00,-9.226387517204525324e+00
7.521022137742995328e-01,2.606629338070714841e+00,3.929983887347284099e+00,-2.944053920396778601e+00
1.080627508468332554e+00,2.422467157552478767e+00,3.432976720779519653e+00,-2.983782990603172980e+00
1.624733807433367483e+00,2.114760570792983074e+00,4.721773198958132411e+00,-3.530028084775983288e+00
1.713978465037232946e+00,2.714533372880033824e+00,6.652422513060241016e+00,-8.080420267879192764e+00
3.992395134906989718e-01,3.343141435854646293e-01,2.020623031027057870e+00,-7.923957570981192688e-01
8.333140999993946529e-01,2.429472002094798633e+00,2.979949153349052526e+00,-1.249999307015585037e+00
-1.334401204503250504e-01,-7.895394323164850459e-01,5.437089347623824676e-02,-1.135539197982784909e+00
2.565356600175129564e+00,3.773679807099652894e+00,8.654723390508765490e+00,-8.483665562059334420e+00
3.671894409665510395e-01,6.933080473336161731e-02,9.669336677214324105e-01,-1.673523420877044421e+00
6.228284129403083291e-01,9.165146274952888916e-01,2.102535378642877983e+00,-1.424594868285737448e+00
2.353449089305116093e+00,5.551665488880609622e+00,8.350833333667099012e+00,-8.872448348826143416e+00
1.715809064769363346e+00,1.816897449702162382e+00,6.056585745237904383e+00,-6.097519104145971980e+00
7.860750728509469099e-01,2.871672480068324873e+00,3.359587537899288545e+00,-1.808128678601928163e+00
4.974074876259146905e-01,2.637357048116267588e+00,3.981852118572310140e+00,-3.021577364675080979e+00
-2.846946025374066380e-01,-2.624843695319083459e+00,1.186068155857958051e-01,5.436992540537632923e-01
8.375690189436881816e-01,8.926178243909933530e-01,4.456075635536037360e+00,-5.583019528920606156e+00
1.137391472636099854e+00,9.440540290266534740e-01,5.112579264060798323e+00,-5.051586860405666179e+00
-4.289731695054974647e-01,-5.657663788924940373e-01,-8.639580002325958352e-01,3.378749246843249843e+00
1.135309628922502867e+00,5.158550222480502434e-01,4.667190737284338198e+00,-5.202991081117240846e+00
1.048046020941296730e+00,2.238127434445949859e+00,3.739294578743650455e+00,-3.924863302913379481e+00
3.301134959126319490e+00,5.246932354937772658e+00,1.162308366347445876e+01,-1.277599798847758805e+01
5.864079157533541586e-01,3.570603204762212712e-02,5.835866992384566743e+00,-6.266079663978959324e+00
2.695444041054983142e+00,5.569561192088245960e+00,9.487570851597533661e+00,-8.529163920949329736e+00
2.797539567636021740e+00,4.669363144889880246e+00,1.009328146769645684e+01,-1.118099438669502632e+01
1.100469571088252163e+00,2.236967113632031712e+00,3.201376152859689128e+00,-3.060235682221692954e+00
3.846292785420621918e-01,1.618122372236009188e+00,2.763653736020742713e+00,-2.289529138386282359e+00
-7.593599456049449081e-01,-2.638697690519230754e+00,-2.740182103595937946e+00,2.866025413275598233e+00
-4.977120048673202568e-01,-1.999346926084889065e+00,1.102722085271709229e+00,-1.976853844435410235e+00
1.141555739729702479e+00,3.150269699806793167e+00,4.244009623342996029e+00,-4.720264346662342625e+00
1.523138716025146389e+00,4.127610287970157721e+00,5.507634779472994957e+00,-7.646534502778800757e+00
3.982655808054760271e-01,-6.313445259260244136e-01,2.617139980379718178e+00,-1.090878205675664514e+00
2.263552934998829258e+00,3.706271690610710046e+00,8.799156349659378762e+00,-8.157783220842748761e+00
-7.256514532762414760e-01,-1.317587046721095501e+00,-1.888894435877553013e+00,9.088032931539069548e-01
1.105153705205652370e+00,2.141416927909542967e+00,3.668869119049944949e+00,-3.124239488583186120e+00
1.209426838910791169e+00,4.676172083156379777e+00,3.644516221993730820e+00,-2.790894383443320415e+00
4.810172009487466704e-01,-1.805749836161811839e-01,2.482348403077358157e+00,-3.004819651140802073e+00
1.071217359457978358e+00,5.751903197940677614e-01,4.195526259006546077e+00,-5.598412392063868204e+00
1.258585180451964547e+00,2.682927671861266905e+00,5.308529925220320855e+00,-5.503728153730571115e+00
1.222076359076212482e+00,2.328508020789663124e+00,3.298451272801901091e+00,-4.459455650210479405e+00
-2.332256298421873097e-01,-1.941498794526665517e+00,-3.530548840084518636e-02,-2.860645783933775110e-01
1.539507068457318217e+00,3.629608119578915826e+00,5.965934059326080785e+00,-5.334587054211523238e+00
2.215893717667921647e-01,2.003493068728097626e+00,1.988423717432222126e+00,-3.111910576925416727e+00
-2.467515910433748516e-01,-3.510921038966925867e+00,-9.936737381280653647e-01,8.427211707038833044e-01
1.996655429033986628e-01,1.892986083631847949e-01,3.058844901893855717e-01,1.878581637692047446e+00
2.203375609817557645e+00,6.992354230385307012e+00,7.060314834162405795e+00,-5.378704751956973062e+00
-7.445741036366779753e-01,-2.371224200572707552e+00,7.148109066866421557e-01,-5.366150910320921508e-02
1.502535577342012818e+00,1.600598580728835429e+00,4.602055672043436019e+00,-2.274281002604682467e+00
1.702427052416360276e+00,2.601833179065842216e+00,6.089078889056587229e+00,-5.893473086377589709e+00
3.202141533118350036e-01,8.390522833842750661e-01,8.657654121571061179e-01,-1.337025800569737299e+00
-5.984078687168215005e-01,-6.725626326384889220e-01,2.425571357357600988e-01,-1.200176731773982874e+00
1.146443804654611043e+00,2.349661869408859349e+00,3.719500350200411365e+00,-4.661799253615763305e+00
5.046653572192996151e-01,5.413609855789944802e-01,3.202232351717835712e+00,-3.409609242965584652e+00
1.499246059184323077e+00,2.508273332937454025e+00,5.420039343586101843e+00,-4.565933002776252359e+00
3.674019260882988469e+00,8.000052702592572729e+00,1.174261337456802679e+01,-1.214527720163586899e+01
1.218185122884366756e+00,2.527359922446925644e-01,4.627902555340324575e+00,-4.422946636324680547e+00
1.080255615453764362e+00,1.232686019872022420e+00,5.750975543459166062e+00,-8.031041409758607585e+00
2.016309263907947624e+00,7.342053709182923882e+00,6.905016423152154026e+00,-5.960687318615475405e+00
5.465996670430176563e-01,2.387753018566064478e-01,1.888848033417830141e+00,-2.787508816985127869e+00
1.337660567538698553e+00,2.709875767938082269e+00,4.979375469738703153e+00,-3.231081625260543877e+00
1.272047109226597916e+00,2.190868373328991314e+00,4.908921071626430432e+00,-4.234037599054810919e+00
2.489372156949929860e+00,5.942900803338589277e+00,8.771051182180277905e+00,-9.533484164814197470e+00
5.994637057846288197e-01,2.008696318629929145e+00,2.771670107628387836e+00,-1.532744418146989362e+00
4.475772733919315405e-01,1.348624274533714473e+00,1.867351873287486086e+00,-3.484792049552632331e+00
4.725480761722773426e-01,-4.441026849133229426e-01,2.190221590241689498e+00,-3.607057191550613329e+00
-1.279124738253714533e+00,-2.101466453424749137e+00,-1.881332537258330273e+00,2.055263248569390910e+00
4.716832997572764086e-01,1.347361647802770346e+00,2.454897122802675913e+00,-2.388648948147787721e+00
2.682810338181378818e+00,3.561106122243558048e+00,9.030192133112286967e+00,-9.763579734725158943e+00
7.231521024189601077e-01,3.450395864744900898e+00,5.028506598749633127e+00,-4.324549398520748156e+00
1.071526183332536242e+00,2.789581900881326071e+00,4.378247262561972164e+00,-5.153404842991846202e+00
-5.693105639495077419e-01,-1.752717364807312439e+00,-2.626118144251136322e+00,1.567143915508549590e+00
6.737443732500875138e-01,1.426919374127761930e+00,3.636881498060282158e+00,-3.997084523058295424e+00
2.557474480724882593e+00,3.371686699154098577e+00,9.247397516041504062e+00,-8.588812085877744806e+00
1.426848743288660959e+00,5.243255150269712672e+00,5.501573863985762536e+00,-7.214055415026088269e+00
-2.119265155761997921e-01,-1.789118742836673659e-01,1.295148179253503784e+00,5.799640246552506540e-02
1.642438086860056989e+00,1.739952621421092971e+00,5.883318819298762214e+00,-5.111029546037896942e+00
2.103137131006962868e+00,3.142275765080606131e+00,7.595172268536320104e+00,-8.669142080839939979e+00
1.283471713463245623e+00,2.411172375827685954e+00,5.903571616606304140e+00,-3.030313250667858949e+00
8.018252122284422745e-01,2.840359469314169605e+00,3.252590728954939614e+00,-1.663909028317227534e+00
8.789482135620196868e-01,2.618426851407671840e+00,3.825781762177861811e+00,-5.788543348198018634e+00
2.274672008336985130e+00,4.586150704388362698e+00,8.687364871506607855e+00,-8.676500694598928476e+00
1.881000398663063899e+00,4.603781496318345212e+00,6.091934578618756646e+00,-7.514335322941540163e+00
1.018087397061576915e+00,5.965051902688376373e-01,4.617549182480799708e+00,-4.216834763744730097e+00
1.065478848099412401e+00,9.416964744964488876e-01,5.018332404796544743e+00,-3.242505694959794127e+00
4.490884570484766636e-01,-2.182221507324639820e-01,3.058540399959638556e+00,-4.144494504077296249e+00
1.176477587615793796e+00,3.705185802851538313e+00,3.752345928383052254e+00,-3.982024244858322071e+00
-1.535117654799378339e+00,-3.700606539081518598e+00,-3.428916948492819916e+00,4.632847645365821165e+00
2.770096334652163428e+00,6.402601419421818818e+00,9.095038121891006355e+00,-9.035209758218430309e+00
2.418982550537493115e+00,4.255734057556090022e+00,9.223314549337139567e+00,-9.700496281357605000e+00
-2.635035359325355042e-01,-6.723578218892167779e-01,-7.472591658255450797e-01,4.040673592054923047e-01
1.161612177499231402e+00,1.160767892600444995e-02,3.158248470551579423e+00,-2.690492789650688721e+00
3.557464836092556482e+00,6.868277073307329061e+00,1.163661818072421461e+01,-1.229882569176900375e+01
2.615687145185443985e+00,4.260299574860728633e+00,9.406393215028593602e+00,-8.896260462508962519e+00
-1.149893331633511373e-02,-1.518554753407970748e-01,1.787227227526872797e+00,-2.296220107009806277e+00
1.073625470106525315e+00,3.187830938178221274e+00,4.145308555365100567e+00,-3.067574881661251140e+00
2.830452664204633262e+00,6.883765004623218609e+00,9.593719280157099405e+00,-1.085323627638753230e+01
-3.984109757293063936e-02,1.389688752972360275e+00,2.544878930924139748e+00,-1.488086376938640099e+00
1.508205480668884046e+00,3.397076475007178686e+00,3.383168080558467850e+00,-3.847544121244832027e+00
-3.285835252807856044e-01,-1.715930271880639735e+00,4.424728508186142051e-01,8.686672643112129943e-01
-5.259134649210805978e-01,-1.156009333837583197e+00,-8.271666982028214044e-01,6.300019569158029631e-01
1.400800023809379624e+00,4.597743554443866287e+00,5.349775597804751648e+00,-3.922474114205615869e+00
5.633930936639585108e-01,5.656156833487008262e-01,2.870685223206215664e+00,-3.219414404478392555e+00
6.269841849933168731e-01,1.202840273902770818e+00,2.919802202610283448e+00,-2.694299287026263201e+00
-3.919277210901122022e-01,-4.031125050665199105e-01,-7.619978893163861233e-01,3.928688995885821766e-01
1.810289230784357439e+00,4.426234995633746117e+00,4.875062572294193153e+00,-5.611512109760084854e+00
1.296639399987962848e+00,1.815920686686881558e+00,3.563193687770398022e+00,-5.271814805083066879e+00
6.520025505144013689e-01,9.187292977460870258e-01,3.232841409788859366e+00,-2.822354855880627067e+00
3.652861294156933170e+00,7.318345456949900019e+00,1.133104730283740302e+01,-1.158199774634794466e+01
2.549487214906410060e+00,5.234618671274882118e+00,7.325364538621872867e+00,-5.987918447761164664e+00
-1.427690092233908636e-01,-1.070470909560401473e+00,1.753175357466330575e-01,1.044754666810679744e+00
1.783354331837696982e+00,4.555678246053405545e+00,5.886429593638594859e+00,-4.382699287029084623e+00
1.878231451760199233e+00,2.738861039106812001e+00,7.253644873289444739e+00,-8.350482785517135298e+00
8.846911693906860386e-01,1.578136112152505266e+00,3.959709727356590658e+00,-4.661145682018693392e+00
2.456475628543409506e+00,4.867822409012855900e+00,8.152492468404437531e+00,-6.621806192785992806e+00
1.116306625483587611e+00,1.720711049311895779e+00,3.234840043462979153e+00,-2.397379439777184373e+00
1.735310692479574035e+00,3.824201109763500028e+00,5.736174360191003352e+00,-5.476996218106633840e+00
6.925844225220219030e-01,4.535864937041954592e-01,3.747297014097945578e+00,-3.056175218245503089e+00
3.445789328617295810e-01,-8.746556029284446865e-01,6.429414119799583549e-01,-1.787598097646115214e+00
8.614901891300502657e-01,1.711963662868689617e+00,4.246868761460471653e+00,-3.985693984797217482e+00
-1.283269228733572742e+00,-3.300003915440666180e+00,-2.680834618616485976e+00,3.422336027328105157e+00
2.071892530582785108e-01,-6.602666153286301798e-02,1.299218363001744869e+00,-4.266501638636874816e+00
1.196658178438920306e+00,1.794650498306936903e+00,6.890819824635321389e+00,-5.965803260024388877e+00
2.343948030742688537e+00,4.761068929589896470e+00,8.196372631889170535e+00,-7.433271836240122887e+00
2.545834510092296554e+00,6.193511953534317271e+00,8.664900901818695544e+00,-8.384589056692222542e+00
1.657165029542375212e+00,3.315703849540737380e+00,7.438098219773626063e+00,-7.421600816001382661e+00
4.909676697115020749e-01,9.689396463713740859e-01,1.985742120208034089e+00,-1.537217663603019702e+00
6.968990973875441863e-01,2.129433795272073215e+00,4.869419031737923120e+00,-4.687196339889254659e+00
1.841950451384427812e+00,4.194925118628738403e+00,8.457164194149171976e+00,-6.350402811684886295e+00
4.101830817881213509e-01,2.987504208761383229e+00,2.428614193212822681e+00,-2.018742666701366151e+00
1.471780276700511703e+00,4.089957034574282169e+00,4.067797566620947158e+00,-3.202388062904364396e+00
1.774719922993059917e-01,8.913013164265237709e-03,1.690319920675250387e+00,-2.516468894617072127e-01
1.363158314385747083e+00,1.552554228630289579e+00,4.830288892943555901e+00,-3.685794853248888892e+00
3.183624619744078732e-01,9.515557696830798662e-01,2.125127953120458102e+00,-9.761587898572774424e-01
1.957994086128056477e+00,2.478919748221810604e+00,4.795691718207607757e+00,-4.724582922270719187e+00
1.986887269805832634e+00,2.229371606507465575e+00,8.110750869040412425e+00,-7.080414193551915147e+00
2.017979767537589897e+00,3.229295192760551991e+00,7.462321063922876085e+00,-8.906470204553567527e+00
4.915815597875785592e-01,1.540039200621980298e+00,3.116637099423633650e+00,-3.680837812744855775e+00
-7.152010995406721250e-02,-2.889829009146244188e-01,3.192706505649667292e-02,-2.942887802417602505e-01
2.603750214768647986e+00,6.468545133113335233e+00,6.983432819988983908e+00,-6.152533140682779234e+00
3.170740835887271292e-01,3.265023805227069142e-01,1.094873208391824226e+00,-1.196478897277946096e+00
7.602867230028587109e-01,2.588230498680049507e+00,2.366800262427870116e+00,-2.973588141863256595e+00
1.551237942850416385e+00,2.640121264848358962e+00,6.663978957187286056e+00,-7.118016099270303876e+00
2.544703763026238352e+00,5.324968457479242190e+00,6.256540416585032460e+00,-7.634915976740364485e+00
-3.747612667913260420e-01,-1.911688006293863040e+00,-2.620280169428681472e-01,2.133669262286105983e+00
1.039729088753697850e+00,1.404105255225306825e+00,5.178618628813058677e+00,-6.429805592965259109e+00
3.212404617435012932e-01,2.485236491164086736e+00,9.097223670738530110e-01,1.288088042039852166e-01
5.564663313536917233e-01,8.913058042475756615e-01,3.982276101600013885e+00,-4.117013364081039128e+00
-3.019911017291998512e-02,-1.854682587102973734e+00,1.093621204088920384e-01,-8.883185333188885480e-01
1.287825721906737941e+00,2.249853921712401839e+00,3.206681372812976605e+00,-1.818737125682771794e+00
1.914795569646367435e+00,4.449356809707227356e+00,5.705675479357469548e+00,-6.991984680632923776e+00
1.380672578133038675e+00,2.614172847112141262e+00,4.487097139553537062e+00,-4.621362180356772598e+00
9.962365147867118242e-01,1.783513500295965670e+00,3.483435479553044001e+00,-3.929688545704114411e+00
2.698241074325968825e-02,-6.233096129326342050e-01,9.604453699934841771e-01,-5.207570788208437662e-03
2.086794483129759126e-01,3.564376019204648083e-01,1.532763848859418632e+00,-6.682440894353439687e-01
1.278845584459409546e+00,2.755916906848045134e+00,6.081875810334304688e+00,-4.637950449473053460e+00
-3.417294921039508715e-01,2.288776842015016744e-02,-5.304763162281868061e-01,1.286822470926597628e+00
2.280493125439940094e+00,4.603492062842386545e+00,7.643093075701981931e+00,-8.533955952479262308e+00
-1.317108619548010839e-01,-7.959603319850692138e-01,-3.986730657512276288e-01,1.198577105019714928e+00
8.659889472084791873e-01,1.487959202753353027e+00,3.543449723454081823e+00,-1.837444544857612438e+00
1.059543939110027866e+00,3.708470273347723278e+00,4.423474638264268677e+00,-4.225826427674103769e+00
8.625287573430556742e-01,2.245293460436094790e+00,2.429345394736364128e+00,-1.480620621920448521e+00
1.451069571401683245e+00,2.367465917808854847e+00,7.447234821024862228e+00,-7.128980269051667484e+00
6.478467138885183330e-01,9.624673211185204025e-01,2.362233075549581063e+00,-2.794079933752554812e+00
3.056495433285742358e+00,6.672131523291208843e+00,1.027987716612889102e+01,-1.116458812755976382e+01
1.005387396912134301e+00,1.179839678671473102e+00,2.359213074100243279e+00,-1.554324547162158732e+00
3.691538809176175828e-02,-5.286963447233701263e-01,1.162389508603380195e+00,-1.443318758281739056e+00
5.186799731210128828e-01,7.332113336526885350e-01,2.136126608644397962e+00,-2.217012038700200804e+00
9.317688173612009850e-01,4.675144574364252570e+00,3.392412940836253110e+00,-2.359143281608381493e+00
1.213760284610005957e-01,-2.008019068079291980e-02,-1.206631533627112285e+00,1.452686898607723709e+00
2.042233466616589332e+00,4.996921426738653693e+00,6.050875692456429533e+00,-4.854477507693720995e+00
2.128576869875771660e+00,4.112587243411248039e+00,7.906929865486813647e+00,-8.177853231047398808e+00
-2.894789040088567855e-01,-9.728880443531928712e-03,2.725754987009755270e-01,1.271509858577428709e-01
-5.443398096302602962e-01,1.110868002506593122e-02,-1.610574042055750721e-01,-1.257658141191031476e-02
-4.766771415202231132e-02,3.812693180580890573e-01,7.652260795648876401e-01,1.653668151949328369e+00
2.814676464087634278e-01,-7.771064324270262613e-01,2.257986215788173379e+00,-3.519667886962413839e+00
2.367589609963387964e+00,5.858619917429074064e+00,7.710559407800295695e+00,-9.737931149115844676e+00
2.070870628635763211e+00,3.125683706502476511e+00,6.663843679635414574e+00,-6.728157177673336875e+00
7.129722136780285435e-01,7.054061495684882388e-03,2.547132966301978385e+00,-1.389566321448903352e+00
1.006030029540579518e+00,1.801396999819924849e+00,5.205029861845676287e+00,-6.150894697325897553e+00
-9.150993992143925393e-01,-1.449397027387181458e+00,-2.408931338358585528e+00,4.203317943544118584e+00
2.286378232020707557e+00,3.865612331890514675e+00,9.664159045871496545e+00,-9.041356039836207614e+00
1.807096950530273194e+00,4.287508406506995939e+00,6.796463899658731656e+00,-7.659116621327801688e+00
2.860326543179091630e+00,5.762480231745881198e+00,1.005936007199700555e+01,-9.209936857437455160e+00
1.089494291687148397e+00,2.315063442833563467e+00,4.017110830303479929e+00,-3.304806821783009774e+00
9.621213379353810158e-02,1.238467380394250528e+00,1.202522619990077368e+00,-7.724823125303669213e-01
1.091673423503340734e+00,8.965982707501414239e-01,3.918177278466129732e+00,-1.744173639691881661e+00
1.604925957269774717e+00,1.393050577599959094e+00,6.167457767742836161e+00,-5.208303394258746444e+00
3.169952830896400897e-01,5.488933829724444990e-01,3.591677430283367833e+00,-3.620017329404683348e+00
4.967231085032340898e-01,1.137674556297685768e+00,3.803702608207246705e+00,-2.382162583853891569e+00
-2.260649803829162252e-02,-1.177915767183344675e+00,6.438306010265246737e-01,1.723533411301533258e-01
-1.355285797569201200e-01,8.324753228786758719e-01,1.849807861043443413e+00,-1.614410337765472159e+00
8.789917036409815587e-01,2.696127149884333551e+00,4.294044345019690567e+00,-3.826758640745978823e+00
1.607871250887936698e+00,3.309311471599413412e+00,5.771074574960579184e+00,-5.609552602341538297e+00
7.954850120843814931e-01,1.710618358813124518e+00,3.531465553548410519e+00,-2.603806434985910467e+00
1.524496078980639879e+00,3.230038667071656988e+00,6.360468193651137803e+00,-5.066830368998658685e+00
5.792185444994555343e-01,3.796194876015894781e-01,3.110735162262685538e+00,-2.554617090834814253e+00
2.899138950741889431e+00,6.937191819161826700e+00,9.399622837905374340e+00,-8.966243804117233651e+00
3.259661059331361299e-01,-7.036941229742204040e-01,2.413309833158806761e+00,-4.055447820989609653e+00
9.005724564947021893e-01,1.605304387204748551e+00,3.508684948369113155e+00,-3.459716860865887256e+00
7.167872155964574166e-01,7.006083165266384638e-01,3.475557424716016808e+00,-3.972827895847972801e+00
6.234332500780968012e-01,1.284098868956863093e+00,3.354818189199942680e+00,-3.444107265160783360e+00
1.299516662337497408e+00,4.047682894901459605e+00,3.784829171613903753e+00,-5.650393951137075099e+00
4.501769153094620224e-01,1.021098052375973175e+00,9.199481584051925065e-01,-1.980928538574957765e+00
5.566665374460617599e-01,-3.130954865458801528e-02,3.807429974998364663e+00,-5.084745666387130214e+00
-3.141793126443648276e-02,-3.384341693299068310e-01,-4.724700047110208523e-01,1.809544721652611710e-01
1.507571246925349273e+00,2.353599094653793689e+00,5.302596406188178513e+00,-7.328593632166976235e+00
-3.858547367457276778e-03,7.407242642386449027e-01,9.430515608358376323e-01,-1.520345367180526708e+00
3.480375019770700185e+00,5.130977078382341183e+00,1.150416278365615419e+01,-1.124566310625167098e+01
1.926349566590545903e+00,3.698153871027925810e+00,8.097257427760528259e+00,-8.405617973609318838e+00
1.320417239470098369e+00,3.049766786420265774e+00,5.843486909467424439e+00,-6.049314764444900128e+00
-1.311162182832821710e+00,-3.756747293054037762e+00,-4.764417697940775298e+00,5.111894950879166899e+00
-5.330706141650543017e-02,-1.170203609684502322e+00,5.018997111760152841e-01,-8.129666480908808168e-01
8.254627081247964959e-01,1.996641977002174828e+00,3.687091803076968599e+00,-3.327840761168976869e+00
2.215166681277950023e+00,5.572595153993265882e+00,6.318302862131321973e+00,-4.833071351275028071e+00
1.820671188962991849e+00,4.591825142557003581e+00,6.303844438006096063e+00,-5.862627779586860655e+00
6.256702177325086378e-01,-7.179157790015058271e-01,2.377829620752604622e+00,-6.437000348723116439e-01
1.968356750001246436e+00,3.889424309947531633e+00,7.773874321938504472e+00,-6.669740621641031098e+00
2.256476757933775223e-01,6.139036865736882120e-01,1.689556574457220517e+00,4.768042529583009781e-01
-1.473060230271439064e-01,7.120537464677569872e-01,4.238955798625863025e-01,-2.301962028773696933e-01
1.141542837553927381e+00,1.687515280026215203e+00,5.591245278306336886e+00,-5.529763756457706236e+00
1.681716794002302118e+00,4.511924079352733763e+00,6.432514894765935409e+00,-6.425372645811947336e+00
1.367374532367677364e+00,2.583217300328270127e+00,4.551871216428358125e+00,-2.543905652490838776e+00
3.317691159185158334e+00,7.269981398659160376e+00,1.005147933833138119e+01,-9.297900625986622813e+00
7.446634231791744440e-01,2.748622394972664917e+00,2.411560924743514800e+00,-2.146128902201034805e+00
5.586475639064703014e-01,1.274540892690411820e+00,2.309873234683181398e+00,-2.093065916289815753e+00
2.958911184157997365e+00,5.861493882058725902e+00,9.287639414484413436e+00,-9.523557106181721466e+00
1.481104156208952638e+00,2.860411857242526779e+00,5.384860219044705687e+00,-5.055039515027235808e+00
-1.018516727526989740e+00,-4.071673877863938529e+00,-1.532653505875360977e+00,2.186233843421585554e+00
9.985446574001644038e-01,1.494740445046104149e+00,3.144921928634704322e+00,-3.402350601878209702e+00
1.373159638235635915e-01,5.499127871825755243e-01,-4.647822225101658766e-01,1.042938902441360227e+00
-1.241572027525856381e+00,-2.173069738213833979e+00,-4.768926934629718950e+00,5.414015632935711864e+00
1.474354921873215263e+00,2.231768259300846324e+00,5.443632333790420219e+00,-4.565929949813548383e+00
1.148026507154476850e+00,1.571205669797856697e+00,4.319796854141066511e+00,-4.084885699111216795e+00
1.401688722426394973e+00,3.276167135394805197e+00,5.375471695894668223e+00,-3.543139741642034046e+00
1.535068862085376518e+00,1.842080690169129564e+00,4.362653257471054147e+00,-5.110164927298974646e+00
1.082222160027340507e+00,3.251604125347173913e+00,3.955978653656968103e+00,-3.670285100030869163e+00
6.237640969126629908e-01,1.393500034625913209e+00,3.894535146069668663e+00,-5.183129159247251039e+00
1.307705176210814502e+00,2.638245746473731224e+00,5.164865751562219387e+00,-4.325319205950423296e+00
5.140759213133982986e-01,9.367104494787128477e-01,1.428808011233930308e+00,-6.973288613588561891e-01
3.043780937891420457e+00,6.945929649337840850e+00,1.065640935342181450e+01,-8.745646582417316850e+00
1.309437131384599606e+00,4.225052199759230298e+00,6.363665229965829617e+00,-8.217546757150886449e+00
1.488324064969626548e+00,4.437376283710372071e+00,4.729883033428426309e+00,-5.328761990732479248e+00
4.379102972528812199e-01,1.690393062738309249e+00,2.256843338520402753e+00,-2.764892395096674171e+00
2.989146942721442990e+00,4.688983695038285937e+00,1.064119013393517754e+01,-1.166989305065920490e+01
-7.412337510945203878e-01,-9.618257170621344887e-01,3.968724951895130637e-01,-2.024131637846309506e-01
6.816742511210864830e-01,3.513343337627961027e-01,3.866289386513298343e+00,-4.052877033629348702e+00
3.548298685893995774e-01,2.930621783935836167e-01,3.022026470364049366e+00,-3.326191708363511967e+00
-1.789799069116444485e-01,4.137877370372770036e-01,3.503195415462031503e-01,-4.718904678145380283e-01
6.847301130515777157e-01,4.377860793829169150e-01,2.735662682305274540e+00,-2.740132410082602998e+00
6.220485944663500799e-01,6.576833352241934216e-01,3.628779638446120615e+00,-4.442078558609482641e+00
-6.399497085853202982e-01,-2.226865017455392781e-01,-8.710123329503376421e-01,2.833143902791136481e-01
2.481696299403244321e+00,2.748397333956580812e+00,9.772084031700970286e+00,-8.335209893838413819e+00
1.214980384013361059e+00,2.106860909364562495e+00,3.686213787421491084e+00,-4.126324164318461385e+00
1.944884653963815602e+00,3.363346995306120579e+00,7.206974942289937403e+00,-6.860936771851049443e+00
9.828901919635016915e-01,2.628032410149009568e+00,2.924558542703986852e+00,-2.675896756492011086e+00
2.327483189492608462e-01,9.393952365807924920e-01,2.653023168308393132e+00,-5.897610767209011229e+00
-2.393629072539140701e-01,-1.707586430910176700e+00,-5.154091770436353137e-03,-8.213602694331081366e-01
1.681145807579717211e+00,2.948099492551532030e+00,5.995244131928309628e+00,-5.536263664058757250e+00
1.588994507458439731e+00,3.598780318844384318e+00,6.184266830052807862e+00,-6.612938889349852190e+00
1.975376767117991816e+00,2.561591014344803519e+00,7.268039510193759156e+00,-5.440808728031665709e+00
2.000340950517060179e+00,4.315073066836188076e+00,6.165544048638159857e+00,-6.143024434892723207e+00
2.194554916325186955e+00,4.603097373149184435e+00,7.233176203131119308e+00,-8.281205060097446946e+00
-5.288283760086498475e-02,-9.694757620472955750e-01,5.589254093188922301e-01,-1.101034532870505678e-01
1.083151277886547525e+00,3.683595156600111054e+00,3.079037976805440557e+00,-1.935684491566846965e+00
1.412463141542601663e+00,1.179176220761481098e+00,3.668534701101147988e+00,-3.076960937934470230e+00
1.180030183250584619e+00,3.290110475297718828e+00,4.390496350256789526e+00,-5.096752559761385193e+00
1.001576700943500597e+00,3.449101226525547403e+00,2.842358599803065378e+00,-2.914312856267545104e+00
4.202326367725798262e-01,1.375135038213996630e+00,3.730505906799117533e+00,-4.785965121082239371e+00
1.553236644019963197e+00,4.862546962188800670e+00,5.011116391950168669e+00,-5.752722122642018654e+00
1.333029382021010623e+00,1.484498786210634691e+00,3.993747073986775753e+00,-4.830425923300530222e+00
2.435822798570615788e+00,5.893803364465688865e+00,8.734301976523184408e+00,-6.282499605594706438e+00
-1.522694670437918507e-01,9.914252814157014093e-01,1.406795908699644437e+00,2.669414341646954014e-01
2.403448809880385229e-01,-1.151015426831380140e+00,2.357626815712444035e+00,-3.174710702377402605e+00
2.102665439278917914e-01,-7.894416901611793769e-01,-7.486166321320864014e-01,-1.907132911808688824e-01
1.349453839925619070e+00,4.356504862291705749e+00,4.486893492387323157e+00,-5.045151086736934687e+00
3.796367714532118409e-01,1.536502310805293758e+00,6.481989102513268097e-01,-1.882216896151815533e+00
2.465831523402593817e+00,3.411845973627199768e+00,7.506415664536961074e+00,-7.672997125102202887e+00
2.989630724946472640e-01,-3.387541386894831197e-01,2.428255425318845084e+00,-1.710112940835633921e+00
-8.561725845278367331e-02,-4.725137164482002827e-01,-6.964452803115832591e-01,7.563123744952700012e-01
2.112518929222220621e+00,3.488264663126093623e+00,6.585024621807776590e+00,-6.211560328821177812e+00
-1.822532628356854367e-01,7.359072841766347572e-01,1.466738322215221713e+00,4.291130499597499703e-01
1.428154026914982833e+00,2.486225649258562154e+00,6.439751218482721029e+00,-5.893805245483461519e+00
3.021056016853564063e+00,6.303136441756504560e+00,1.054435930595328053e+01,-8.417022585774448729e+00
1.655890732872871141e+00,4.228851549352360628e+00,4.886739682474442681e+00,-5.519482245345601612e+00
7.255978750369763697e-01,1.860196168431343722e+00,3.025285705633260491e+00,-1.944900405935162890e+00
8.204795227512186040e-01,9.295882701968180006e-01,3.647631563317188963e+00,-3.284222795753229285e+00
1.775434975291394490e+00,4.550832389447718285e+00,5.741358593159588963e+00,-6.748543443536082265e+00
-7.039991364006570329e-01,-5.951787009202418322e-01,-1.399204270527721228e+00,2.646762125700615531e+00
1.477039200418250209e+00,1.389060672965536369e+00,6.534543923442715396e+00,-7.369390636357781688e+00
1.981828715636974936e+00,2.414916063790615741e+00,7.549714760761850663e+00,-7.543952274393739721e+00
9.518715247464126783e-01,1.816427273696929579e+00,3.074439585783313778e+00,-5.061666108252566687e+00
1.169241985914728055e+00,2.854211279335525209e+00,4.402731029132977092e+00,-4.207799175365574129e+00
-1.080894745535645463e-01,-5.484561472333050469e-01,1.242994162384874368e+00,-1.838049276573260560e+00
1.728652948095622532e-01,1.033126300953512100e+00,3.047512640835889464e+00,-1.937463788176014834e+00
2.142212949723239390e+00,3.011747739727222317e+00,8.701984952022701947e+00,-7.669364247784782762e+00
4.828607319797141306e-01,2.614677824924703131e+00,4.143302676272919705e-01,-3.818763091383305941e-01
1.381330106778133171e+00,4.357725286673447940e+00,3.251422001468953660e+00,-5.668939266882583539e+00
1.049505223830055956e+00,1.419574143307479774e+00,3.559181311737531939e+00,-2.659147913857238699e+00
2.534299822529856083e+00,4.183534055705122157e+00,8.067728711018366639e+00,-7.954375006881999610e+00
-1.640600827443099430e+00,-3.630145530005667531e+00,-2.375300761455124920e+00,8.136341146436154581e-01
3.799939412045195697e-01,3.187734203459721138e-01,1.439248602818269163e+00,-2.440832311395553234e+00
-7.148357981414052986e-01,-1.779984106692067858e+00,-3.306377738444618020e-01,2.024383074460051724e+00
3.669915507717748104e-01,8.399088360925022201e-01,1.413147368956610528e+00,-2.024636177921727676e+00
-4.918591193626720148e-02,1.159613349531709803e+00,-8.740116360705685317e-02,3.894268185784865999e-03
1.901487575700690158e+00,2.525621610196303379e+00,6.073538791563515282e+00,-5.779960263965574718e+00
1.586131503711242008e+00,6.064453753115889967e+00,4.884155510417316215e+00,-3.991001188825163748e+00
1.482400135232398330e+00,1.412048649137084944e+00,4.883416526083162346e+00,-4.509462724388733967e+00
3.248314396889976585e+00,5.176062278037831810e+00,1.026658226743490232e+01,-1.148679892969244065e+01
1.906706941675254452e+00,4.564971948286792980e+00,6.189565160226228713e+00,-6.742411390331223053e+00
1.496622946478008975e+00,4.433236441708450215e+00,4.100936535269529060e+00,-5.180188769971460161e+00
3.440603760246055964e-01,7.035537054266312040e-01,1.593344806969089200e+00,-1.352504960557773694e+00
1.281944720560073137e-01,3.964193189020235319e-01,1.221792795150938638e+00,1.168572490385384910e+00
1.372098125132601210e+00,1.626234591232552429e+00,5.811985244595112121e+00,-6.549282026399403378e+00
1.364328730608209916e+00,3.185594910607290497e+00,5.054007719163038814e+00,-5.656278445815211775e+00
1.916193021890721715e+00,4.966219101739770103e+00,4.665153346752959784e+00,-5.253653544778627449e+00
2.699732983075615600e+00,5.624970660317050175e+00,9.103207783159195543e+00,-1.084555799549896626e+01
3.040026399387477651e-01,1.595980667078226833e+00,3.524247315721769525e+00,-3.270331768629723523e+00
1.636449088951103636e+00,3.210277521924113309e+00,6.120041103385422510e+00,-5.916149145354384409e+00
1.141310521409793388e+00,3.178074879800250052e+00,2.891397452105338051e+00,-1.819285449096471163e+00
6.769603898125655661e-01,3.661297612840110460e+00,2.464560668980925850e+00,-2.484366492871820764e+00
1.744675494834306617e+00,1.503718911457149643e+00,6.721348900635772949e+00,-7.816984269348848713e+00
2.610061295202026344e-03,3.212648080372119685e-01,-2.650214197397415816e-03,-3.448034381209541532e-01
1.956656150426080432e+00,4.239677935539729603e+00,6.391763622116719112e+00,-5.314390623624848153e+00
1.531086397629740414e+00,4.390248440028200250e+00,4.461578602720329911e+00,-3.361012586509117384e+00
-8.557099708111781666e-01,-2.246141936379435933e+00,-2.687685500483139478e+00,3.259245969242715368e+00
1.551795803739836055e+00,2.894906026662363185e+00,6.115682914257656755e+00,-6.520467693090811423e+00
1.483615804979674824e+00,2.578581282494357030e+00,4.436299552353526465e+00,-4.567076728034647815e+00
8.946718037154353098e-01,1.067805303883392121e+00,3.568909521478743851e+00,-3.911710674906821339e+00
3.643122455977335639e-01,3.416271574271457223e-01,1.587373761894254942e+00,-5.116007288423760624e-01
2.078338937473576564e+00,4.461859829755685958e+00,9.738553966198550071e+00,-9.426036792653805563e+00
2.504251227099092425e+00,5.397802356621821396e+00,7.621650937881202736e+00,-7.542148907235849187e+00
-6.099411231139677536e-01,-2.954406151952310378e+00,-1.423930603766005554e+00,6.796623549654667862e-02
1.054624209226522336e-01,5.201079128586396649e-01,5.404536807857307501e-01,1.062864137908186013e+00
1.172432306028409199e+00,3.083162867100435633e+00,3.825842828111551519e+00,-3.964863319048965717e+00
7.733344019825750815e-01,2.872763329297861379e+00,4.581365696261605613e-01,-2.915860471057913350e-01
-2.447861862264359978e-01,-3.028637095982729566e+00,1.028973623722015507e+00,-1.411629152719876990e+00
6.157233900953082983e-01,1.130444141367051847e+00,1.844655608287629089e+00,-3.578423745674370604e-01
1.585917880273366443e-01,1.612180995087443836e-01,2.573191916337988161e+00,-2.523862413117600845e+00
1.705684212079760176e+00,3.977684023856324913e+00,6.062774753900638913e+00,-5.711508327315224065e+00
1.928721783143116708e+00,4.321772908987417061e+00,5.757753673740197087e+00,-4.602508610135868317e+00
2.567526018222616280e+00,5.587162756389040474e+00,9.391243300794204885e+00,-9.405841397728199382e+00
7.711502450786897889e-01,2.251533475332314183e+00,3.428232449386706016e+00,-4.118548217686037738e+00
9.828869582647581371e-01,1.794211379161153364e+00,4.919446285239385652e+00,-4.854083985523144129e+00
1.545216204793092407e+00,4.466200746309364256e+00,8.028073460389720140e+00,-8.611053445724444089e+00
2.524597707524751655e+00,4.974544666115526148e+00,8.404682419917017810e+00,-8.845326244099116053e+00
1.565640697916497182e-01,1.024173391862888582e+00,2.169464180322881131e+00,-1.570924040042294356e+00
1.769190623386335481e+00,4.668018537140474322e+00,7.918647863625418282e+00,-8.037334794774734448e+00
-1.698414212455729988e-01,-5.890342076303449748e-01,3.517047851282639304e+00,-3.174416576956369251e+00
9.840588216015242473e-01,3.920031395494274928e+00,3.151957437874474799e+00,-4.650694270037384115e+00
1.603232915187782881e+00,3.279610320305039739e+00,7.235663298598010940e+00,-5.193697644416971571e+00
1.377277434535528533e+00,2.561587258413161816e+00,5.208397503634913051e+00,-6.207414039983793153e+00
1.088012384795257637e+00,3.368512524781173134e-01,3.990163608731249756e+00,-3.170330315790056197e+00
7.097648927433427568e-01,1.050082957198679390e+00,2.686674875779524019e+00,-3.531444349568671814e+00
2.120649180221891417e+00,5.002641622351815975e+00,8.347698109912753850e+00,-9.633201624193945989e+00
1.871163482499958564e+00,4.906573705192572632e+00,7.225696387044706626e+00,-7.350734124781002521e+00
2.244022524158575393e-01,5.945083278837688390e-01,3.809752604474359039e-01,-9.394535058189830146e-01
2.636384955357317317e+00,4.730799426814300546e+00,8.989841403047256208e+00,-8.855428446222576966e+00
7.754902650874027081e-01,1.061054679477409168e+00,3.848254358421328014e+00,-3.782304924265514678e+00
1.764104464645150916e+00,3.979434168539766503e+00,6.256565626376967337e+00,-6.139075137519327541e+00
8.311726797478667939e-01,2.605770180949597226e+00,2.686338232813520133e+00,-2.292835132480310900e+00
1.844313132656453913e+00,2.171760933142909966e+00,4.935471530684912622e+00,-4.485743591450640722e+00
8.505488687218195620e-01,7.271532180870812212e-01,3.971460180098547177e+00,-5.439657778687742251e+00
1.725419334663542692e+00,2.375483960396382876e+00,6.545133163270118182e+00,-5.846209791685677004e+00
3.036450030283137647e-01,1.516781789122052970e+00,3.003299870076827194e+00,-3.065710774104140501e+00
-3.873218319204358995e-01,-9.859795179220971484e-01,-1.113100287151098433e+00,8.056471063855707992e-01
1.143592649054992805e+00,1.077065696399031935e+00,5.666700480879182322e+00,-6.386766220948615569e+00
2.038396780258856733e+00,1.661961783557640349e+00,8.595610533538943443e+00,-7.203585616911244216e+00
2.632599886698561154e-02,2.704856350306240609e-01,5.402675358211644907e-01,-1.033718720064246366e+00
-4.212281860549271784e-02,-4.435326212114373279e-01,-1.230724226934100107e-01,4.643221593186021012e-01
1.182324216592583355e+00,2.714453556841696091e+00,4.840247412916725445e+00,-4.485013761595664228e+00
1.926662559507878125e+00,5.535459963520614757e+00,6.080896876109101790e+00,-6.355345662147859009e+00
-7.414851377417988054e-01,-9.312980196576041703e-01,1.326441690844857302e-01,-5.168248350219983855e-01
3.436529929214521495e+00,8.027788535163690398e+00,1.109944703431041013e+01,-1.175032143464136247e+01
4.901776072405550355e-02,-5.137633901013106685e-01,-3.199449288769695698e-01,9.312227622845471453e-01
2.178515193873959088e+00,6.383483970936895346e+00,7.368900025172150592e+00,-7.964088262860387957e+00
8.599596923840492346e-01,2.385056108131801800e+00,2.590205367252312207e+00,-1.712724194245616172e+00
2.310148858084674295e+00,5.004213066900761397e+00,7.179121523035119523e+00,-8.928457274339354655e+00
1.897643121451441761e+00,3.189530177776175535e+00,7.499170489302096954e+00,-7.923742216617746692e+00
3.469288554302916161e-01,-1.188354926761138408e+00,2.069591476344144976e+00,-1.379672356542918976e+00
5.547835949530177668e-01,6.702092685878020539e-01,1.033846463770944135e+00,-3.507479587155263312e-01
8.915537252450551620e-01,2.974740210901500870e+00,3.676757509116731271e+00,-6.293742390767318895e+00
9.386021454974678990e-01,1.566952178640514504e+00,4.785951786427775190e+00,-6.327708071237859500e+00
1.704157029407183721e+00,2.499097241676913939e+00,5.257182777198161183e+00,-5.117405606683495201e+00
-1.067095726244058351e+00,-2.693282407335590989e+00,-7.014800366393820763e-01,1.009083018894764816e+00
1.693927442279089535e+00,2.702125317355542400e+00,5.111006724027197912e+00,-3.537189751348387201e+00
2.414353952986491247e+00,5.063247173179250105e+00,8.578222235112939131e+00,-8.744610967134583746e+00
-8.868937416197155699e-01,-2.359713271379118460e+00,-1.579083652962687268e-01,-4.155147865455156575e-01
1.304901170455851522e+00,3.145917593465862083e+00,6.427657726607633570e+00,-5.268935486645820454e+00
1.223744975551888547e+00,1.078526159972011289e+00,5.094415027760692993e+00,-6.615044966740564192e+00
9.839745858782655841e-01,1.655210573926058082e+00,4.731732358383006876e+00,-3.874224481963790545e+00
1.352009771548346118e+00,1.888209507233854723e+00,4.704754254283702863e+00,-4.493792763224179865e+00
4.923029779858864030e-01,2.523860922320923184e+00,1.830944960701888391e+00,-3.179748699674516565e+00
2.971249381478870077e+00,6.419376589023410240e+00,9.460740358392724758e+00,-9.553097477990997177e+00
4.133774526528505300e-01,-5.843913574514445486e-01,2.284018486161545347e+00,-9.612634627108098684e-01
1.096866449751625616e+00,1.453275831763377157e+00,5.012058316432202787e+00,-6.310331327656457212e+00
1.836677151224808124e+00,1.512627631287940755e+00,8.210188562788232502e+00,-8.531482772903226319e+00
1.708622391668022988e+00,3.941071434308455412e+00,5.955475450814824434e+00,-6.061039717386819348e+00
1.640529808527945832e+00,3.944909970022487666e+00,5.444714873502303654e+00,-5.766423789560318092e+00
1.600705182209388955e+00,4.160056896496947765e+00,3.891773183056541185e+00,-2.915305361518051530e+00
1.749330625140823159e+00,5.149583189353158730e+00,6.967982800380549513e+00,-8.428041136231131603e+00
6.295020335190033567e-01,1.114807467430458221e+00,2.894175920276822467e+00,-3.249777054112532149e+00
3.200908878229872911e+00,5.558378919044760558e+00,9.969736215976812588e+00,-8.876014655831365729e+00
2.602226368621093133e+00,6.286914627218394003e+00,8.627116401701711013e+00,-5.245300148949063157e+00
5.143112882714755418e-01,5.641776744465394344e-01,2.713437246479984299e+00,-3.290150211611873932e+00
-6.840452764912094974e-01,-2.341525323889928956e+00,-1.434357193212830728e+00,6.113324383492835246e-02
1.183021900316405972e+00,2.407327122814446607e+00,5.804364267333027350e+00,-5.545125323611682866e+00
3.992655331498362603e-02,3.189122641214587883e-01,7.176916068579941577e-01,-1.241781635600506917e+00
3.435080993321755649e+00,6.713843582545698574e+00,9.660974185354701760e+00,-8.427533617206121264e+00
9.071602407673332591e-01,1.664516256828747265e+00,4.190318661972046499e+00,-3.394257658075063411e+00
1.082180395084590518e+00,1.654286258805949483e+00,5.613289598701952876e+00,-6.005512107578168113e+00
5.144184029119009960e-01,9.262989194079865873e-01,1.629261514909858821e+00,1.550031544189377275e+00
1.037996115059095947e+00,8.847122958330411180e-01,3.907861492377427748e+00,-3.059559297661109234e+00
9.202381750230078650e-01,2.303364541191069925e+00,3.783314490575420130e+00,-5.291628190261666198e+00
1.319148455371525586e+00,2.185428290984537281e+00,6.126915961319452819e+00,-5.241414025024017320e+00
1.691304111869969651e+00,4.905207547469537133e+00,6.392147627680091482e+00,-7.203393962538013007e+00
1.341699554588372312e+00,3.413254184740482700e+00,7.512058169570212662e+00,-7.580633534926204398e+00
9.694677050551112618e-01,1.651293585644145523e+00,3.350638733544978543e+00,-3.830385199424356291e+00
7.972487275037392074e-01,-3.144125812099229922e-01,3.366862748924413395e+00,-2.513342905577182762e+00
7.021502183513401718e-01,2.235180025288592276e+00,2.713604045909970619e+00,-3.710264994523074122e+00
8.376010151583992425e-01,3.182446333422781493e-01,3.053826093694250510e+00,-3.838977639992636970e+00
-9.301409218078418029e-01,-1.698455857023780435e+00,-1.783692294424882974e+00,2.345529065998070983e+00
1.531774645992142858e+00,1.981011401867925237e+00,6.004595306201371052e+00,-6.484015156681932623e+00
-1.541801664421122986e-01,-1.912823894838566741e-01,6.711557728632021602e-01,-1.205103160283429009e+00
1.079238253457843077e+00,3.097638804373864740e+00,4.407204579717335591e+00,-4.349698717107091994e+00
1.238034183092117324e+00,1.613475407871612255e+00,3.865516774049610138e+00,-5.307225599385364312e+00
1.576704820496832582e+00,2.771707988181951521e+00,3.731870931251384249e+00,-4.286557313687663573e+00
3.472000336946661214e-01,1.138837233123022763e+00,2.717424134520942669e+00,-2.170527812058527406e+00
2.350678291163177391e+00,2.923999594103365851e+00,8.517438149244707546e+00,-9.231040447462495635e+00
6.558543809926500323e-01,8.417746661401377395e-01,3.869932911393945574e+00,-2.026171831288761105e+00
1.962216913746757552e+00,3.604816004064573587e+00,7.726135578696796458e+00,-8.929728033845952595e+00
5.823077171706383393e-01,1.276836151446157919e+00,6.180037740280170944e-01,-9.361338954657385525e-01
5.448921139550110260e-01,1.641818799084404645e+00,1.258979977669300920e+00,-2.412531005181182575e+00
1.109294875264517755e+00,2.569242299415011921e+00,3.990438805810150313e+00,-3.967374925598171398e+00
1.932438523529357521e+00,5.393714865908798117e+00,6.627845091832083924e+00,-7.850577891285270837e+00
7.361879300230551593e-01,7.086451352726943487e-01,3.399743529519950958e+00,-4.193047160190104705e+00
8.775120726718019792e-01,2.199132467611559782e+00,5.825920342814221442e+00,-6.074238527587067615e+00
8.662608714559053569e-01,1.099913009316482615e+00,4.144971481797723456e+00,-1.984330640248174848e+00
1.554088356312825825e+00,1.825650778650890649e+00,6.068656472608554786e+00,-5.910284018734138556e+00
1.220094318602412242e+00,4.005572577451117056e+00,5.288398713148735553e+00,-5.308305457630889457e+00
-9.117480814500367181e-01,-2.909985498983036933e+00,-1.634567192481064524e+00,3.736678339081489053e+00
7.368622116072081063e-01,-2.176765718967134333e+00,3.455693969101526264e+00,-3.884844208002990129e+00
1.351187726284310830e+00,2.952915253692711683e+00,6.868519457569185249e+00,-8.127553811474015788e+00
-1.593403743822577656e+00,-2.688960727333940426e+00,-3.003386525530318707e+00,4.600512884284211346e+00
2.035240958911338716e+00,4.929463306246221421e+00,6.005087250987756420e+00,-6.789356750885386482e+00
1.916365383084372320e+00,4.438528702209393551e+00,7.821270356413581482e+00,-7.616651299611094217e+00
2.055932468271637781e+00,5.051366670388810931e+00,7.720413843971133616e+00,-6.913018025880444561e+00
9.139440444511159889e-01,2.308625291709784033e+00,4.193136898397731294e+00,-3.422203178132097623e+00
7.446885808617620395e-01,1.157617340035418829e+00,2.427455514633411582e+00,-3.273260775014348756e+00
1.078350000376134377e+00,9.251847065626719324e-01,4.420469676314259466e+00,-5.013149040928391642e+00
1.825604862090303815e+00,1.923235522736679304e+00,5.377298130605566939e+00,-6.571206454668686803e+00
4.332170320028769783e-01,1.882881799800243394e-01,2.132113402521194967e+00,-1.575634886243612032e+00
1.445071467382076813e+00,2.645954951928924714e+00,7.551569429318607973e+00,-8.373571958007348215e+00
7.214481450357201897e-02,-4.762827990749790574e-01,1.076441636678004521e+00,-8.332887470792835760e-01
8.572354563363626667e-02,-1.443269530343340268e+00,1.204022398029347629e+00,-3.301575527264088983e+00
9.275857893508178131e-01,1.626674477512328965e+00,4.720307166565122614e+00,-6.920426277027479145e+00
6.909448712627641598e-01,7.988278982541007212e-01,1.499710889099635125e+00,-1.221522194633287484e+00
1.732380559430565459e+00,3.581391796527128246e+00,6.154076881172266589e+00,-7.823138713338130934e+00
2.198672523785216271e+00,5.818134445196060156e+00,8.011829810926032636e+00,-1.015465688398805888e+01
-3.085254451345875726e-01,9.234687599711133288e-03,-3.936455418275306983e-01,-3.549365281313774934e-01
-2.131366055215384581e-01,-9.746696408818857904e-01,-7.198285512443085565e-01,-1.298655123812793466e+00
1.705496669831386702e+00,1.768484074046841048e+00,6.937465740347740883e+00,-7.139292190046280240e+00
2.277077369818349517e+00,3.632118973919397309e+00,7.544817323453393065e+00,-8.075655873193571921e+00
1.090994365270245403e+00,2.868646848397041094e+00,4.893556261626637038e+00,-4.591975796561217571e+00
2.044431196722995558e+00,4.356900743106002949e+00,6.804831902697713986e+00,-6.764836284118556975e+00
2.575869209724310327e+00,5.148463999819192338e+00,8.996243363318088271e+00,-1.020323002008456470e+01
1.819756255777451148e+00,5.012794648671315301e+00,4.171955480193817678e+00,-3.503629083238140929e+00
1.843783010911315134e-02,1.829912841514754973e+00,1.041582028641979463e+00,-2.744057017150637101e+00
2.179616907804317272e+00,4.214747273732498023e+00,6.672806604446194001e+00,-6.197377805762642744e+00
2.168927820937944340e+00,3.703426090235836465e+00,7.393140667910545361e+00,-6.677632723482483712e+00
2.027112278606710838e+00,3.896331050956358233e+00,6.098395714300973047e+00,-5.479893424028931648e+00
2.068767664425493980e+00,5.839509368108752874e+00,8.071964755011059367e+00,-8.803355764408838269e+00
1.859773743948886393e+00,2.681235858779860592e+00,6.424490465757590307e+00,-7.162169781600996821e+00
1.202234889613856827e-01,5.199618215447661118e-01,1.418723077479420169e-01,-2.238287963771373734e-03
-2.545067490430410473e-01,7.570356640098920842e-01,-2.957429223645677840e-01,-4.864512791194245400e-01
2.264160365177591228e+00,2.397843009943509518e+00,7.799554019783863090e+00,-6.651760765825681432e+00
6.533120483464280870e-01,1.307281761574813128e+00,2.129600900310212541e+00,-1.953370119262890725e+00
1.447052683529030936e-01,2.018113193969892194e+00,5.304991501501516993e-01,1.078802446363386291e+00
-5.297369057210370435e-01,-7.140872365635595465e-01,-2.892765539587008328e-01,1.000996871192692206e+00
-3.182195875308213573e-02,7.879023568908066766e-01,1.902550242049776630e+00,-9.937413233311093164e-01
1.624460535955577267e+00,1.961463593276011386e+00,7.214663021665288944e+00,-5.875389186041599210e+00
1.230054805394570350e-01,-1.100614403535131514e+00,5.746010303565629584e-01,-8.086010339670648417e-01
1.674949427956284431e+00,2.005125503097306972e+00,4.522890198712776311e+00,-3.978729607946355884e+00
1.746345549769316996e+00,3.860130623189986565e+00,6.598984587414182812e+00,-6.940849173710420317e+00
1.173263721538587046e+00,9.398295615398510883e-01,4.702496984907048372e+00,-4.316741029527511486e+00
-1.321797727532347810e-01,-1.099168972999381211e+00,2.958280436016286430e+00,-1.261068390704764619e+00
2.209279474480241312e+00,5.363296995314714266e+00,6.500324546685643412e+00,-6.379036560826645719e+00
1.046412165756884116e+00,2.228878533687449703e+00,4.093540741218307133e+00,-5.090380968364650371e+00
9.831150737514140481e-01,2.841742259551690353e+00,4.157650880511729596e+00,-5.074376824595224988e+00
2.104295242460638704e+00,2.477770242893328145e+00,6.538606557146693810e+00,-7.061442724017432226e+00
3.672091585493656440e-01,1.180953732848501581e+00,1.216710294605240605e+00,-1.465308186706408167e+00
2.027288585783970198e+00,4.382675691911748217e+00,7.492520849119635784e+00,-7.132308306817645160e+00
2.649463924616970445e+00,6.169121376760358544e+00,8.505282077807848395e+00,-8.740321848185574893e+00
5.017112086732055110e-01,1.331486874951315791e+00,2.935501400224096891e+00,-2.317682278575502686e+00
1.197705158749921450e+00,3.127227899676774836e+00,4.943733433576341874e+00,-5.614786606582398143e+00
1.790782947020931104e+00,3.975977989825532966e+00,7.195974053869082177e+00,-8.642316531023334747e+00
6.562638462798160432e-01,1.386526527402583975e+00,4.208763767422670554e+00,-4.120743419112233852e+00
1.541012378696228202e+00,3.751648027824956433e+00,4.856359662027736057e+00,-6.267649077917887723e+00
2.088819075201920228e+00,5.361793420119507658e+00,7.387716921231048062e+00,-7.776691917727765357e+00
8.077439176619927164e-01,3.023258213341207146e+00,3.952577579153193188e+00,-4.773013793406917671e+00
2.699928228807143560e-01,-8.021939351138900332e-01,-1.725236123369253693e-01,-1.680134869768566408e-01
8.542423103027746434e-01,8.638074702380478254e-01,3.778670610856996959e+00,-3.400607155473405641e+00
1.531049525600020722e+00,3.811698338554750709e+00,4.600177611373628572e+00,-6.796840150212089426e+00
1.402556077235482812e-01,-5.899656255884130340e-01,2.772751009728376292e+00,-1.856227533811240615e+00
1.796666165840809182e+00,2.826490472369589391e+00,4.145229219237309692e+00,-3.432850874842062971e+00
3.912637696580192337e-01,-4.166493263487134335e-01,2.443965635410680903e+00,-1.249763019936303010e+00
5.337365402166271977e-01,5.885046630039331150e-01,2.245850195090398405e+00,1.312340960730429273e-02
2.458485800716484260e+00,6.856664301002576067e+00,9.300147463631661893e+00,-9.060874803986129322e+00
3.281891758989454289e+00,5.025519973894081005e+00,1.019976894998002592e+01,-1.151035454844773476e+01
1.667325517788766032e+00,3.704776612875739339e+00,5.029426040450688973e+00,-5.847971223498954707e+00
2.533931746155720255e+00,4.167487905079426902e+00,8.593296238400670362e+00,-8.599924226673781646e+00
-7.404686081558551347e-01,-3.985635023334827221e+00,-2.032250894655339923e+00,1.769702698733383706e+00
8.830314977575807189e-01,2.717753152146505702e+00,2.750085876995451706e+00,-3.483658198509521409e+00
1.235571414997712836e+00,3.732024377369047130e+00,5.240592898798516863e+00,-4.490736594534860515e+00
5.389506160899522058e-01,1.927206455781450778e+00,1.435562509185271729e+00,-1.849974691237050273e+00
1.875044921895404837e+00,3.714055915064144120e+00,6.554384527291303719e+00,-8.038916758476913671e+00
2.217124864545221286e+00,4.659081185826916993e+00,8.481905875816567075e+00,-8.528500538149295096e+00
1.392772236515328554e+00,1.917639657987421531e+00,3.654039803668986064e+00,-4.815950069245872101e+00
9.942111301730156558e-01,2.844300836298476298e+00,3.504481781350477831e+00,-2.355897929945885760e+00
4.343835876797799145e-01,1.393017723456021706e+00,3.583363621250531761e+00,-3.935741368196699508e+00
3.347214846049374692e+00,6.550582596153124548e+00,1.064715147478794677e+01,-1.139351232785505985e+01
2.874845821936260926e+00,5.295733071044623763e+00,8.879765413623827541e+00,-8.725423496318512662e+00
1.285542604829849944e+00,2.855398153407135986e+00,6.380561089192958946e+00,-6.741744307822510329e+00
9.571170924118728163e-01,1.076722949125684226e+00,3.196735391504608614e+00,-3.219892658071708880e+00
2.132696996075315710e+00,6.105081704377452567e+00,7.023905667902951677e+00,-7.342519888913114912e+00
2.353107448765992871e+00,5.674668304373559735e+00,7.803694337687374194e+00,-7.881452324551722732e+00
2.179916421675273774e+00,5.252897363731488412e+00,7.494764430117662357e+00,-5.929380689479496702e+00
-5.040434953424699493e-01,-4.118263219396842700e+00,-1.512384023714679060e+00,-5.155440032426219510e-01
-1.926082494651111254e-01,3.918212305923460814e-01,-1.285296813668855620e+00,4.043186955874904953e+00
2.333315027627413940e+00,4.029367706112921610e+00,6.705087746868517939e+00,-5.983039955711340951e+00
9.318658295199097052e-01,1.993238490166655774e+00,4.626808431544464639e+00,-4.239486428071659319e+00
2.018247978794688313e-01,2.281455726029311126e+00,8.615649404249942078e-01,4.657480837314030842e-01
7.136171614491345627e-01,-2.179385541621203792e-01,1.079956683331316558e+00,-1.827631663708124687e-01
1.670287321668125990e+00,3.860312066458897462e+00,4.934850441142478061e+00,-6.501891029263779487e+00
9.630714271033909979e-01,1.174111713430706860e+00,2.499470545551801592e+00,-3.135864239474716708e+00
1.419157210820338744e+00,2.671820157193885326e+00,5.823497125084326598e+00,-7.537528638996152885e+00
2.512347533179306591e+00,5.251052142346994245e+00,8.373940466055849186e+00,-9.924752599493100291e+00
2.446937536421241788e+00,4.793156012433032132e+00,7.902326296415475682e+00,-5.781653293088655943e+00
7.943386006347237238e-01,3.491288079434440306e+00,2.843992187622400802e+00,-3.079372723412006074e+00
4.002175146109777648e-01,5.970745050033463563e-01,8.491367690525568612e-01,1.647699319689346353e-01
5.229672768605903022e-01,-8.052242846195654113e-01,1.740249328498728598e+00,-8.879794398206924955e-01
4.579364010629136672e-01,2.181322319768974616e-01,2.940119147729317373e+00,-4.559504355290757260e+00
1.503402423507301355e+00,2.553429606692160014e+00,6.080600026191916641e+00,-5.465978796962137842e+00
6.242178008484496887e-01,3.202423931338659990e+00,1.768156052835981873e+00,-2.697739679545626323e+00
2.652768536734656513e-01,1.773313549302198977e+00,2.651106129867524253e+00,-1.067210967076001715e+00
8.633184613998234891e-01,1.145005646604004834e-01,3.849159249353192980e+00,-4.456601190808169299e+00
2.441713052218373647e+00,6.419717308803774003e+00,8.433803998297666027e+00,-8.968982658822234555e+00
1.137524490354699491e+00,2.693926720892041438e+00,3.924165588497042112e+00,-4.375681720561860111e+00
1.629128187904353764e+00,3.813847517472030102e+00,5.161548113449646813e+00,-3.946138883410955422e+00
1.747399795653786780e+00,4.170335106786839496e+00,5.907530672790875848e+00,-6.642179611080129220e+00
5.040960655226616183e-01,2.279070130723930276e+00,2.862314583493361653e+00,-1.797321171851473887e+00
9.224041299624436974e-01,1.751961914467523806e+00,3.913841848722117600e+00,-4.218426934866981171e+00
1.860043926369056688e+00,2.469412060444050816e+00,6.173794810689957835e+00,-6.103137719735528322e+00
4.750953200588701186e-01,2.327470474129325950e+00,1.136615048874763056e+00,-2.376284224591951766e+00
-6.401835149580179518e-01,-4.325462237885930872e-01,-1.429907975943115250e+00,2.433555296007892998e+00
1.980463197669480646e+00,5.175250209858157646e+00,8.116435096218264533e+00,-7.940807196250561972e+00
-2.406832517437971219e-01,6.633571484386637795e-01,1.201328153911849439e+00,-3.255939264771900987e-01
5.986955247501930533e-01,2.242041331958255945e+00,2.154401304669148587e+00,-6.291091230247314314e-01
1.418778729279968065e-02,1.602520013042871838e-01,6.753860446972617115e-01,-2.081044072827952895e+00
7.560259984802943922e-01,1.781642728030041534e+00,3.824502330794725236e+00,-4.599975272748321409e+00
1.605077189072865451e-01,9.493959806084434350e-01,1.964840950277353393e+00,-4.185710235277434244e+00
1.471565428103562168e+00,3.867397571624084929e+00,5.559955784616800400e+00,-4.738059250681108558e+00
1.475839444635525854e+00,4.125723900799117771e+00,3.423865762256197876e+00,-5.492602383636032926e+00
8.959642726561301007e-01,1.912661732183269736e+00,3.921772542355908442e+00,-5.341605261368527202e+00
2.096638749606285046e+00,5.790472381291086101e+00,6.136344522620574615e+00,-5.976937446191365133e+00
1.341380368599874862e+00,2.968013999652409751e+00,4.505194269936666274e+00,-5.239388073374988686e+00
1.777792196434877292e+00,3.371646745350802554e+00,4.879264631176486233e+00,-4.114729628796448324e+00
6.744595187870503494e-01,9.048477217207450130e-01,3.048218195680751474e+00,-3.224708027408722977e+00
-1.126699277304564095e+00,2.015002796583278410e-01,-1.044123391016435365e+00,1.946348894771021687e+00
-7.478679652949216106e-02,-6.392584078008130000e-01,1.728466636508573906e+00,-1.192642393712535664e+00
2.406267505741069179e+00,5.103777542680840718e+00,9.343614956610604594e+00,-1.120504462480714203e+01
6.369127421970779412e-01,2.365045820562908130e+00,1.777747946338357199e+00,-1.378494594945813834e-01
6.650417828938783860e-01,1.761702480501695867e+00,1.650550798166087629e+00,-5.386221382179015027e-01
2.169260273833418795e-01,1.552410544195960362e+00,-4.578146885281864087e-02,6.725998416321798956e-01
6.148608573622502682e-01,1.296293229089448884e+00,3.257788516567238446e+00,-3.755224702839655926e+00
2.217149080717985665e+00,4.583865797026143163e+00,6.309596688663052788e+00,-5.409642008503523058e+00
4.155199945027616693e-01,4.053226351956715767e-01,2.072091865237831954e+00,-2.047408534196693886e+00
-1.113620930916447538e+00,-2.121049474868302198e+00,-3.208129111729496774e+00,1.007721397030665766e+00
6.163586287850542078e-02,-1.144764007552377283e+00,9.628318217101150545e-01,-1.191448535756971738e+00
2.586935973204896655e+00,5.766118762275037390e+00,1.004165754176873193e+01,-9.178362321618914521e+00
1.327945876590992391e+00,1.259221503792925745e+00,5.632239078820232336e+00,-5.458294557647607625e+00
6.009677332106981851e-01,8.624988503208610435e-01,3.490778619302632446e+00,-3.638572392710299752e+00
1.774940521311600072e+00,4.277246675596803271e+00,6.789386459884244829e+00,-6.486727469520752187e+00
-3.179661698253550828e-01,-4.085765782092072862e-01,4.084967845548575505e-01,-3.546947171888235051e-01
1.182001161412075785e+00,3.688326334124247818e+00,4.342993500682534425e+00,-6.652332330269836724e+00
7.429606865204303467e-01,1.099010558445570274e+00,3.722267132378752397e+00,-2.639548303425901743e+00
1.666152679555659155e+00,2.833147585896590659e+00,5.564102977060898070e+00,-5.487908282222805134e+00
3.101350543671435034e+00,7.484801581796235226e+00,9.394610039718134686e+00,-8.425345449786767915e+00
1.550043398418903262e+00,2.749929182646857484e+00,4.037556320181418634e+00,-3.746576811677591046e+00
9.604187374286632384e-01,9.558800837590771815e-01,2.158279799403238108e+00,-1.476585777758839368e+00
2.563126040587345500e+00,6.142707892242738055e+00,1.042827891254628625e+01,-9.594008530751109376e+00
-2.023759760145038555e-02,-1.158530415402223790e+00,5.195062661882497990e-01,-1.126668078491993352e+00
7.632443917309559289e-01,1.013934133545635330e-01,3.069827810169700744e+00,-3.952772173299016867e+00
1.795056124723219959e+00,4.263712298528695044e+00,7.951048754257255879e+00,-9.427302785407473351e+00
2.265342658380732344e-01,2.216309385507052865e-01,1.509818671452061167e+00,-6.782950880210878442e-01
1.551080775813549639e+00,2.246414043769678681e+00,5.884519896500179925e+00,-6.682090381461061490e+00
8.348538932670844792e-01,2.131495046443745434e+00,3.865381751810649469e+00,-4.801048104529107796e+00
1.771673478599148144e+00,3.108967968975211882e+00,7.061736271260750542e+00,-5.803085354600527879e+00
-8.686012580799866711e-01,-1.653749325834616979e+00,-1.097703699907066843e+00,-7.605456648955022381e-02
7.699549018621847374e-01,2.234785193044111828e+00,3.129738435595681878e+00,-4.945261272374073869e+00
5.207510254702136798e-01,-1.087186881817554074e+00,2.415871182574512943e+00,-2.259871596964833973e+00
1.041645472226471192e-02,-1.311248463637352479e+00,2.367405053308032858e+00,-1.772722137029661749e+00
1.189879494729690457e+00,3.158815908908099157e+00,3.145233322423989453e+00,-1.665299620673399650e+00
6.734077403344560508e-01,1.444973817981574316e+00,2.050430730001136848e+00,-1.522245670105135895e+00
6.762713678782847904e-01,1.190442515376308297e+00,3.143393940086817828e+00,-3.566681710688074602e+00
1.633587188186165218e+00,2.423213982802809419e+00,6.642758570213968206e+00,-7.537888366409157825e+00
5.111693848580991517e-01,4.664550581128992235e-01,3.920730685512726410e+00,-4.256953312973122294e+00
1.749803997115200183e-01,-5.351404197616663749e-01,1.668089364968704302e+00,-3.878012247798403589e-01
5.924482188876200039e-01,3.701215330001947912e-01,2.289598788832710508e+00,-2.300088733971084931e+00
1.016571157058071773e+00,2.772854182675579704e+00,3.204472973633020860e+00,-2.196785080456691741e+00
7.344414026658647732e-01,-1.027820874159621312e+00,2.977933514337552268e+00,-3.668966138293262347e+00
2.873555982030786549e-01,4.844446683792568153e-01,1.607834438163283419e+00,-7.580213918065893397e-01
3.542434255534437915e-01,-6.504092362728219889e-01,2.009026709879202954e+00,-1.900313584577574266e+00
1.470251170375234562e+00,2.942294594097360161e+00,5.841453545955434201e+00,-7.325566937013347157e+00
6.737127452719260390e-03,-1.247457030571293701e-01,-6.528931088282259321e-01,-1.182595505889123544e-01
-4.975022931455652664e-01,-2.268453768919512781e-01,-1.197460733008619993e+00,1.379404022223298387e-01
1.428324768610311546e+00,2.721325328075925309e+00,6.644236380674452214e+00,-7.407145343120655312e+00
1.936194341993814350e+00,4.570585518543957448e+00,7.957031918773367352e+00,-7.682278951035415027e+00
3.585213380985016851e+00,7.194603243241425972e+00,1.103175087080311556e+01,-1.007828171129839312e+01
1.060400701078480390e+00,2.542466393595704144e+00,4.094546501440729180e+00,-5.123165544441466324e+00
1.420041409182711600e+00,3.419126808951479024e+00,4.512915904589936744e+00,-5.913523341959969315e+00
6.886248646879657986e-01,6.233713367853193077e-01,2.131575696465277225e+00,-1.956937559068083754e+00
4.591709466225990521e-01,3.175943395345124376e-01,2.528641900894979866e+00,-3.376821385023768496e+00
1.350985025532795092e+00,2.496093490760959988e+00,4.626561169175496424e+00,-4.534283581870036883e+00
-5.947548641768163336e-02,-1.225258839618061701e+00,1.587273917802692003e+00,-1.865995566208863865e+00
1.436145460148233965e+00,2.997171480221374917e+00,5.892694612729320269e+00,-7.058280074314509989e+00
7.794278826030874852e-01,1.042747786475968219e+00,1.241873235163886591e+00,-1.188237460688219560e+00
1.051027076004389160e+00,2.618096481380768115e+00,3.820236668252296575e+00,-2.757232577948765417e+00
9.518299886720491543e-01,2.962457975398696597e+00,3.927673943189734729e+00,-3.861238671899237307e+00
1.273129641315282168e+00,3.232434757680838544e+00,4.963309435641855671e+00,-4.628249691512823283e+00
3.061308973253543453e+00,7.571010551835917646e+00,9.803755042262396913e+00,-1.068216277941899683e+01
2.534166287400199558e+00,6.864030332573856974e+00,8.053060512833377871e+00,-7.295702190106920781e+00
1.205454044668019753e+00,2.909776568732460156e+00,5.349400522562098637e+00,-4.980178877818151051e+00
9.084669763555998090e-01,-6.449610232208848881e-01,4.495550739953848129e+00,-4.662969369712410383e+00
1.325773793069340289e-02,7.089107685447838536e-01,2.780136400488068205e+00,-3.657786889774248262e+00
6.741212267871805608e-01,1.502202755264402834e+00,1.110488414119675360e+00,-2.355481146504134315e+00
1.477612913988595178e+00,1.814202479415277569e+00,6.117524265612532375e+00,-5.944098445269324849e+00
1.248877214449325423e+00,1.047182244586872590e+00,5.103718765871717800e+00,-6.848726670015455653e+00
9.305572983975547441e-01,3.032552493212449463e+00,4.798695647076056225e+00,-3.037151213760282076e+00
8.532562994451191596e-01,1.240191028309395538e+00,1.311336284660843621e+00,-3.292656392780242136e+00
4.228870237591766390e-01,1.241320425015474127e+00,1.828983290731062361e+00,-2.216068530369562861e+00
-2.786214357136507225e-01,-1.503884175504825116e+00,9.943910936386640698e-01,-2.411693802146251286e+00
1.609835798833537446e+00,4.340334470137492850e+00,4.989676924620161991e+00,-5.191826071462286585e+00
-3.842203730098909809e-01,5.787100852382862648e-01,-3.619212898226560338e-01,-6.117176765067612321e-01
1.619350112513607387e+00,4.671196416776325577e+00,7.373589973926390151e+00,-8.137127506036243574e+00
2.243789212836638125e+00,3.879856844545009231e+00,6.852889104296737699e+00,-5.156573012547275070e+00
9.611247420358778326e-01,3.755346423427585734e-01,3.564767477049131106e+00,-4.229972417148809782e+00
1.672244912126370497e+00,3.790811440978393509e+00,4.397668691570777000e+00,-2.580046516358629027e+00
2.805910199711170172e+00,4.927944025341759904e+00,8.569796451783551205e+00,-9.984870839009877486e+00
1.617039844384839720e+00,3.951725526432025681e+00,5.553623263462061033e+00,-6.476001761115768751e+00
2.663023989071266584e+00,5.749107226459078568e+00,1.039908953932836866e+01,-1.063756754818269989e+01
9.467258296037762699e-01,1.670278170229368531e+00,2.837437228081040264e+00,-3.238525377216621148e+00
1.203035041425307483e+00,2.749790576835605460e+00,4.832771364708639439e+00,-7.024539795341498305e+00
-8.502521582917121901e-01,-1.659568530224667882e+00,-2.316309761780259713e+00,1.739730369997731341e+00
1.547694254890139121e+00,3.403997332684719712e+00,6.086183462752322804e+00,-6.845686033526908965e+00
2.619235793037856475e+00,4.346352037062827911e+00,8.021678022128869046e+00,-7.688476246950351367e+00
1.844221525393746175e+00,2.593436634987577705e+00,7.703269699770377343e+00,-7.003434323317711652e+00
-3.299990687251035393e-01,-1.480177101709716059e+00,7.328937566038482565e-01,-9.661999351636197941e-01
3.262986522797300948e-01,5.199488481765541792e-01,2.762304768065604321e-02,6.417173194199438102e-01
-5.974843449239783943e-01,-1.183948180942911765e+00,2.936888251724103505e-01,-3.056488027693161080e-01
9.387327727153614854e-01,-8.853819640880342678e-01,3.076375053292812467e+00,-1.484585612535383348e+00
1.231477017313576727e+00,1.389324435427567783e+00,4.968720980953012401e+00,-3.966202003254949204e+00
1.658857815539472647e+00,3.097596145916527544e+00,8.129160974787815519e+00,-7.447472664630836903e+00
1.026906670835032065e+00,2.708345181026289961e+00,3.465169773867942560e+00,-3.301396923246989079e+00
1.539694037839217433e+00,2.080919114622201693e+00,6.390516392457483263e+00,-6.313089859703609363e+00
6.312191192548877172e-02,1.595926790670248729e-01,1.474641839974951907e+00,-1.517314572684239860e+00
1.094795538708483340e+00,2.439142235865523034e+00,3.864581540758043499e+00,-5.300289643175934984e+00
-1.090744864491962840e+00,-1.003292236264160753e+00,-2.164954435279887068e+00,2.335062799587622973e+00
1.966369230765776965e+00,2.112810844664208432e+00,7.146596371129401604e+00,-7.145635475031220096e+00
1.801149737510274740e-01,-2.206284074552942176e-01,8.418188758923911275e-01,-4.877756726066378445e-01
1.657740111772635139e+00,4.104358858320604320e+00,6.718366967192090478e+00,-5.802962544673659018e+00
1.681522624113533926e+00,2.988146938204503389e+00,6.865886136421182506e+00,-6.560146790631601554e+00
1.710068925504763637e+00,4.190849141260223121e+00,4.289501405757013330e+00,-5.755355174428279597e+00
2.630147418118570890e+00,4.407179581666245127e+00,8.518419542825469648e+00,-8.428638005441040804e+00
-9.506327096890232475e-02,1.411180423504655446e+00,-1.675306275718833060e-01,-1.434417683262112497e-01
7.574457588369412075e-01,3.488691633001043790e+00,2.768931645878918157e+00,-2.283747487926899300e+00
5.381059423256264740e-01,1.142464630322191921e+00,1.781716595900221245e+00,-6.375139274482952700e-01
2.530183059128211731e+00,3.779373262511543707e+00,8.246187978283963105e+00,-9.535414754966884843e+00
-1.237190561904202291e-01,-4.597228574724739891e-01,1.000838204677048537e+00,-2.091252364139173370e+00
1.589602425552496534e+00,3.730644460495552650e+00,4.655086003251787119e+00,-7.222025177299745025e+00
-7.314011797298156647e-01,-8.457208332874849299e-01,5.780896380726170403e-01,-1.254489398371829045e+00
1.315127123545252852e+00,2.857132295845285164e+00,4.322643359988964207e+00,-3.014326484096341741e+00
-5.561014638855410475e-02,-7.212410496715556674e-01,2.334344476224436971e-01,4.819794936019834442e-01
3.595105378804500651e-01,2.513461188199153540e+00,2.070430006419920588e+00,2.174404782242338463e-01
-1.554889859091232562e+00,-2.263343413026416062e+00,-5.233273134914571578e+00,7.638167095963916076e+00
2.763390798216425193e+00,5.851436730825458454e+00,9.276950868380490434e+00,-8.519836011176574075e+00
2.264126089459164604e+00,4.393666644515061392e+00,8.843069653220268833e+00,-9.347924572290606804e+00
8.957530104999740228e-01,2.401331560703307222e+00,3.386639694429117498e+00,-2.313247182136588087e+00
7.335183238678590900e-01,1.931623962759634772e+00,1.953721185683909178e+00,-2.453945240145309015e+00
5.211626192913914046e-01,1.656069126554095661e+00,2.211695167797614658e+00,-1.646084054996946655e+00
2.105489970780563436e+00,3.261418777966275773e+00,7.042682227928649397e+00,-5.562213603764458725e+00
7.570988350267450206e-01,2.407344347799162954e-01,2.283321512472887616e+00,-8.930922036045192414e-01
8.909100023261273815e-02,7.726578927244392991e-01,1.254970974586892662e+00,-5.313686753332927948e-01
-2.175969936921595682e-01,-6.301604616517335611e-01,3.646021291712613355e-01,9.745360065808577055e-01
5.298429881829441745e-01,6.956687723594141559e-01,2.396922870458968458e+00,-1.652389732689300450e+00
-8.553526712200618665e-01,-1.134549303769355699e+00,-1.331365723547280000e+00,1.119583709106738656e+00
1.247880809034283667e+00,3.443436913273777655e+00,4.987520147341988341e+00,-6.013489963268291660e+00
1.828931732296186663e+00,3.729178448209234276e+00,5.641762083659419780e+00,-4.845886368302120495e+00
2.839687238861852148e-01,-7.826377738030885212e-01,1.800327779614282253e+00,-2.312448081534435040e+00
-1.674986140632626075e-01,-8.496304957980381767e-01,1.774777302319803685e+00,-1.464490472510751040e+00
1.884456236933844675e+00,3.807847951704813383e+00,4.595934433554264231e+00,-4.350852059266317795e+00
7.984047269748133502e-01,8.885058540835544250e-02,3.347256063931566494e+00,-3.892691294863847240e+00
1.497325280134748304e+00,2.803196373692933285e+00,4.173846727513771171e+00,-3.605500121399069169e+00
2.262566383232317069e+00,4.498476403327503093e+00,1.054246172855483543e+01,-1.067775230811918519e+01
6.572514524379533540e-01,1.683111995376162850e+00,2.530617232832952812e+00,-2.127196257808758872e+00
9.258630990582333853e-01,3.873678410669036509e+00,3.355428012908194813e+00,-3.088203818941687828e+00
4.657400181373598791e-01,2.146441786551105846e+00,3.045028225769343067e+00,-4.597523645233460243e+00
2.217883736504061787e+00,4.406751483282003612e+00,6.584349872430704131e+00,-7.647275760122610677e+00
4.944674607824646184e-01,2.764458321698322063e-01,3.224548639464693167e+00,-3.011801000734375844e+00
1.548074239554747988e+00,2.394083613067626182e+00,6.026965467246927943e+00,-5.514648554354690368e+00
1.838003657768651600e+00,5.332859249010521552e+00,6.858323646068595458e+00,-5.794980119997543255e+00
-4.438329835450030014e-01,-5.054160527631451627e-01,-2.325140519167573139e+00,1.320526894733479173e+00
1.452610566165767780e+00,3.067169424146467538e+00,4.445519514373287073e+00,-3.518986252821517446e+00
1.710680313232028738e+00,4.247335973109432672e+00,5.520913101007808521e+00,-6.879843317320474938e+00
2.159682640277113208e+00,2.526241395419509317e+00,5.435631690952233974e+00,-5.279820486997656381e+00
-8.744112854188301753e-02,-1.560165348747597047e+00,1.894268067330450167e-01,-1.951191177670809296e+00
-1.040323715276516570e+00,-7.573495547280733042e-01,-1.715817270427857144e+00,1.150143936420366275e+00
-1.159315230133020069e-01,-1.352699664641850763e+00,2.142787594561878173e+00,-2.102860195655340547e+00
1.379457875411263634e+00,2.013697547115764319e+00,2.916619164255629393e+00,-4.838457609242741597e+00
1.907262797212668115e+00,4.241000549196532354e+00,6.769382571512933211e+00,-8.177799793023080355e+00
5.151603393500692185e-02,-1.662415321656979250e-03,-4.375355067607942239e-01,3.977262040212670158e-01
3.420472599605457464e-01,1.079198520320059140e+00,1.830788132198502005e+00,-2.246827986983434666e+00
1.395410698394151439e+00,2.727986506354324714e+00,5.317076864919624946e+00,-5.318847302962459445e+00
1.742814402778422922e+00,2.683376226729289105e+00,3.664863018359830082e+00,-4.680990568536327778e+00
1.490386830711087462e+00,2.164985125726420989e+00,6.211977456434066625e+00,-5.656645262345200820e+00
-6.682170869609076469e-01,-8.713635977665099563e-01,-1.362238556769768127e+00,3.244973558976875783e+00
4.446225124861216127e-01,3.085670144349628607e+00,2.759204532503715779e+00,-1.917748225906242165e+00
1.372590483940938855e+00,2.679598906922840307e+00,5.213191043765545096e+00,-5.254507532383979829e+00
4.825218090823968353e-01,-4.235193302577446861e-01,3.904140900563715100e+00,-4.038692459191860706e+00
5.199611802536576732e-01,4.397492546818396741e-01,1.385571781768363708e+00,-2.737584310243600605e+00
1.163203535054937898e+00,1.872792476634658421e+00,3.216934884808530626e+00,-5.413457667356057712e+00
4.409413437007490000e-01,5.530872208327497486e-02,3.256324369045426437e+00,-4.096009465649554038e+00
8.896251422997077940e-01,3.054656268785897133e+00,2.366240989615686630e+00,-2.753558250768008087e+00
1.754473020899193436e+00,3.823386374812026034e+00,6.606019453348304538e+00,-6.958229167476258858e+00
-1.410677631625945061e-01,-3.564300453211737829e-01,1.263694206790548780e+00,-1.508783840236142648e+00
1.695507405218525943e+00,3.126953775409949898e+00,7.303453228696447752e+00,-6.894262179046590333e+00
1.660318612811095829e+00,3.468340966403721470e+00,5.603957502245769717e+00,-5.374594031579471576e+00
2.410388757283159933e+00,5.911181141822774876e+00,8.658042317299427637e+00,-8.692458931898682906e+00
1.701059454572390273e+00,1.327935353134290342e+00,5.250032018310756499e+00,-6.182470583149517473e+00
-2.793392079999876820e-01,1.296120776767214045e+00,-2.751674188307411950e-01,-8.500175685447253215e-01
1.936426576435771318e+00,3.918171752480212877e+00,5.831251562248477960e+00,-5.365857771299300083e+00
1.497024143351886938e+00,3.334560179467633390e+00,4.280293007906099234e+00,-3.353710558137493525e+00
4.089305630354271859e-01,9.939179446316568356e-01,3.434886021075098661e+00,-3.467368062975078935e+00
-1.221134789261080211e+00,-1.143729769898583992e+00,-4.042819944338298832e+00,5.030886820480551691e+00
1.968054561169248817e+00,4.018621759796178416e+00,6.713457856969171189e+00,-6.799899846338775866e+00
5.341633696559524580e-01,-7.945311010200861723e-01,2.058110977754913584e+00,-4.178815671128930376e-01
3.246252006664249734e-01,-1.083517304717571905e+00,1.172671615834539383e+00,-1.707587377043420007e+00
1.074913277806584855e+00,1.330803755048266535e+00,3.994140010523577367e+00,-5.704609568584576351e+00
1.682658820873822680e+00,4.302935369731434534e+00,7.986504753166369319e+00,-8.459944052497370137e+00
1.548878226475880027e+00,3.273640959106086434e+00,6.433351961525573870e+00,-5.268891738905916000e+00
-1.873000804994486845e-01,-1.202789068925612437e+00,2.036284239129252605e+00,-1.270038602519065085e+00
6.610965931512489124e-01,2.505837784580486893e-01,3.374304448936417344e+00,-4.267737384904261688e+00
-1.920527077464786458e-01,-1.692298233008176833e+00,2.725753472667158395e-01,-1.696577218280180599e+00
1.117392541468283929e-01,1.065155549702883286e+00,1.185839684156860141e+00,-1.024141627904795238e+00
8.760104119124578759e-01,1.631173284751143093e+00,4.374035355756874743e+00,-5.023356015197407487e+00
8.119033885354053348e-01,1.674805454934251925e+00,3.127696472327806010e+00,-4.298743346650958586e+00
1.409856991216282829e+00,4.328600411839612860e+00,7.159547284204708539e+00,-8.396781269590499974e+00
-1.218940128617127971e+00,-3.897495824429093148e+00,-3.516053335719785178e+00,4.313665612383155157e+00
-5.001632675701626063e-01,-1.595674661765643432e+00,-3.954041495926633454e-01,4.002096803431063332e-01
2.511505818007192303e+00,5.175938041147881918e+00,6.282410392524264253e+00,-6.371895074852694130e+00
2.789225079087331860e-01,8.095026243455107906e-01,4.018628481857464685e-01,-2.712246222006423624e-01
1.814181682849590693e+00,2.867739062998718058e+00,5.986275184095878998e+00,-5.208094236614934758e+00
-7.999670961614739895e-01,-1.312119784704801617e+00,-2.953181392012597772e+00,3.123673849205986119e+00
5.325424312662740967e-02,6.465061103373187512e-01,3.924199079010213254e-01,6.225305147231423586e-01
3.621437773593505050e+00,5.112646806610140260e+00,1.198344342813070007e+01,-1.212770903107976572e+01
1.301205790070678825e+00,2.928460668712806303e+00,3.325238534946299396e+00,-4.040270365337264025e+00
9.985299850785542830e-01,2.551994319523932742e+00,3.282267378307432537e+00,-3.103023441991577425e+00
2.346751169324273523e+00,5.159747386344795572e+00,7.801669483556223916e+00,-8.273090475505290087e+00
1.736837868245955097e+00,2.477411981296977039e+00,6.055050870485623626e+00,-6.819072514373757166e+00
1.376921257376744645e+00,1.366827075477012876e+00,4.876931775876622410e+00,-4.708537939710797815e+00
1.871774334153867070e+00,2.644158676108553152e+00,7.682841653848327290e+00,-7.676795688604036272e+00
1.853616586037531988e+00,4.432355168139444856e+00,6.196455171693044051e+00,-5.239467344175344543e+00
3.510779767567290488e+00,5.566524982180579784e+00,1.063479162896839192e+01,-1.155183488515107193e+01
1.211332696084986837e+00,4.176005187613189840e-01,5.122766818168839720e+00,-5.533188060150699528e+00
4.444152233087911297e-01,3.048632933405586165e+00,2.759893809042020418e+00,-2.293613895299295269e+00
2.230195671220279729e-01,-1.101588593439041697e+00,3.143132589675230903e+00,-3.506531061808924488e+00
-1.063093333225070047e+00,-2.810704540720142752e+00,-2.241996596805067909e+00,2.870259932940797398e+00
2.279469633013948560e+00,3.084595140518794132e+00,9.849482897146772942e+00,-1.031822869669990261e+01
3.042507364207947429e+00,5.381472407594604768e+00,1.021359335278683211e+01,-1.072334671166420250e+01
2.536567232945603489e-01,4.319161893768200255e-01,1.877862789046097047e+00,3.772596742064113773e-01
1.601873307340614394e+00,4.300248987263974421e+00,5.564358589947753231e+00,-4.878689545508860803e+00
6.522809419112440832e-01,9.824773248296234662e-01,3.800334585679174371e+00,-4.183995651142347505e+00
1.321105537573599609e+00,2.915217811541376935e+00,4.143043399264289661e+00,-5.423626073367245226e+00
8.716439525084498374e-01,1.345617835022148823e+00,4.759773944852042860e+00,-4.164739060302053097e+00
8.968724729934148820e-01,1.748396801071792073e-01,5.624394185434130833e+00,-4.767812779253954858e+00
1.183009983848526403e+00,2.988568164670563299e+00,4.614218110392235950e+00,-4.342194804904926819e+00
-9.900379708252262656e-01,-1.653821478989773608e+00,-3.716011500882513197e+00,4.362728553931262354e+00
-1.101325962103571587e+00,-3.017280160334887107e+00,2.110066136369774803e-01,6.820549029951710196e-01
1.378887352643776154e+00,2.671941565871160496e+00,3.216926292720492242e+00,-3.545508275464352987e+00
-1.885302322617059545e-01,-1.364988251810698161e-01,3.783165834128984217e-01,-2.467869821160203259e+00
3.931717044155647045e-02,2.172538729160336524e-01,2.404462024849804536e+00,-1.920530831906425373e+00
1.555559079227631480e+00,2.926510125688069675e+00,6.380564362892587660e+00,-5.433525705815415385e+00
3.082042285242363455e-01,1.216662188219530982e+00,2.747657541165841710e+00,-3.495290950269701824e+00
1.988105724041773659e+00,4.499147133494899364e+00,6.819040541983079073e+00,-8.459806886168276918e+00
1.802371140082910106e+00,4.279006593745499742e+00,7.638934824397225043e+00,-6.649419809298072970e+00
9.357407400614441428e-01,2.116586519708596015e+00,2.760013112365664600e+00,-2.305435724628877914e+00
-8.469075727543926568e-01,8.074905138474073318e-01,-1.585451054064576537e+00,5.861015620271662341e-01
7.389097469157630549e-01,1.563941933025266851e+00,5.794509220631673507e+00,-6.145064795888046660e+00
6.995155503160612742e-01,2.341634768683066969e+00,1.977786889269085302e+00,-3.063200124604832375e+00
-5.838594424586625031e-01,-5.372545461989003401e-01,-1.351904300984402063e+00,2.644441910765113590e+00
2.805822159296192941e-01,2.022305623423218179e+00,9.407950459183230807e-01,-1.231332367737570488e+00
4.470695014854219052e-01,6.953967990916566366e-01,8.503172283090560946e-01,-1.980608837580956738e+00
1.867590822932004402e+00,4.808519865386051251e+00,7.087088365853799310e+00,-5.124769600109258860e+00
1.751201656066415424e+00,3.192610463439488733e+00,6.087039896350654011e+00,-6.003702069616668524e+00
1.305887967988039744e-02,2.187873628661209657e-01,8.163109613810057841e-01,-6.090657975131592572e-01
1.055329783894447093e+00,2.047341038768439869e+00,7.034334116648278012e+00,-8.651989538402537150e+00
1.945554153394629227e+00,2.904694144459103455e+00,6.744915090606259156e+00,-7.137674881947324579e+00
2.833476875085421121e+00,4.683965832042142452e+00,8.732231696805602184e+00,-8.344922613674171430e+00
-2.837005299468295938e-01,3.535608534045184825e-01,1.002563870305226423e+00,1.169370523721581900e+00
6.760225514096709354e-01,1.269143043308292640e+00,4.868889221812016999e+00,-5.581670506887888905e+00
2.142977409979846648e+00,4.888903202991427221e+00,6.510015117698586984e+00,-7.022460713194083937e+00
-4.749920542752652519e-01,-2.515664013422095113e+00,-5.598947042614066394e-01,8.452689163257864902e-02
1.822843995627003721e-01,-1.101024588776156499e+00,1.065144264970526278e+00,-1.822590817085705694e+00
5.522638597732287824e-01,1.922171274580350531e+00,1.587971406866037771e+00,-1.413916400784800631e+00
1.810266271768292023e+00,2.626160188588225086e+00,6.864305349383630350e+00,-7.151440936360390133e+00
1.971747414064091153e+00,3.755866687654260794e+00,6.684060273336765334e+00,-6.591100664152843791e+00
3.554430123624671145e-01,9.344680451303145619e-01,1.695620556179529670e+00,-1.682221917135223732e+00
3.367096475631614627e-02,-6.568338767496123554e-01,2.975576570561385026e+00,-2.635101313594552686e+00
4.667692115179322698e-01,-5.715551421574016633e-01,2.554302311222676369e+00,-2.870291287667892544e+00
1.044183523536669655e+00,1.317592884095843742e+00,2.838134750972159726e+00,-5.362021928485336097e+00
1.308415240799272627e+00,3.475659157388193421e+00,4.371292899911809471e+00,-4.084518740852633556e+00
1.592448990685083832e+00,3.770590813922951590e+00,5.445212387231497253e+00,-7.779414913414249177e+00
1.295514872161371844e-01,2.557881038368841620e-01,-3.181396892056509440e-01,6.236878244651261616e-01
2.183247871053070721e+00,5.202472814013704649e+00,1.096545827545661922e+01,-1.223716913205588064e+01
1.624321210077456668e+00,3.777757642209184308e+00,7.068827373700328209e+00,-8.372111193956662589e+00
6.111990999576180084e-01,1.319782831232474418e+00,3.627735464181980340e+00,-3.549626799311271341e+00
7.440349183416555823e-01,2.064581232099103048e+00,3.095973700779329985e+00,-3.244934392700483006e+00
1.811941389713864758e-01,1.769887156742386169e+00,1.505782442436549573e+00,-2.951495679914772463e+00
-7.089783608806086157e-01,-1.407071630336280688e+00,-9.202908088598862335e-01,1.014948584221962546e+00
5.506244582690028588e-01,1.008751013416770093e+00,4.204268525873432694e+00,-4.004210900090316549e+00
1.994577443518200432e+00,3.811799217303681431e+00,6.281678228323124280e+00,-7.688844579548371527e+00
2.240951546977862918e+00,4.002195991057846847e+00,7.595477807226613365e+00,-7.412880716038249496e+00
4.375908302396857019e-01,2.173068087315206398e-01,1.109803255998448090e+00,-1.028457673530256633e+00
8.116850759131535309e-01,2.357940215987023969e+00,3.185599382861440620e+00,-3.498052224732654203e+00
1.783036932622284798e+00,3.955836573793397370e+00,6.192456175856985823e+00,-7.031099045495262878e+00
1.197539688013962378e+00,2.131309498077303299e+00,3.819891866338072983e+00,-3.308406395593119775e+00
1.130792790268949188e+00,3.124971970289238676e-01,3.600578644307524723e+00,-3.650700959956720393e+00
7.121101129923574913e-01,2.809793720871524236e+00,3.717043635604646123e+00,-4.848280310110548719e+00
1.112974719332280538e+00,1.308007484300026446e+00,3.873329117151821155e+00,-4.517656592574531338e+00
6.126781086358119577e-01,1.021701782861064167e+00,3.081642485630887496e+00,-2.801183361402534988e+00
-1.841384937413470535e-01,-6.540640839855516031e-02,1.550857014407776013e-01,8.375816981874919520e-01
4.868856498299433122e-01,9.118054806022897196e-01,4.722687796437233132e+00,-4.102873475096685318e+00
4.989140199773703932e-01,-6.944461150140905925e-01,2.960000446429104315e+00,-3.887743911521256202e+00
-2.346100020227817051e-01,-6.438486241413303723e-01,-1.834730342672900583e-01,4.086458311704280755e-01
3.601532848345971871e-01,4.878001462751410111e-01,2.641987263646001338e+00,-2.399296339527289490e+00
-4.913900710678653638e-03,9.364004040522275751e-01,6.230770589720842079e-01,1.036334905811107765e+00
1.276602521831735837e+00,2.021345168413608118e+00,5.586846580526190209e+00,-5.893345173088398781e+00
7.835597137968330905e-03,8.788098878465638863e-01,5.897539024988485146e-01,-8.326925682300607701e-01
2.332249716324138689e+00,3.837498214224506654e+00,9.084981110373792745e+00,-9.556192253334559794e+00
1.551052894663464965e+00,2.962086341311812365e+00,4.061954476369047384e+00,-3.329036445122088406e+00
2.508965250156657500e+00,6.476580512098145448e+00,8.570933984634903524e+00,-8.930860975962712445e+00
5.138133902244923501e-02,-5.054946432734156447e-01,1.489907388048137493e+00,-1.854102884292298192e+00
1.447715443220023213e+00,3.683739200052712270e+00,6.243645413761615970e+00,-5.322929552751674898e+00
1.114496063195629549e+00,4.334245722860751826e+00,4.626520657099636225e+00,-4.700371964994070950e+00
9.985391287687461759e-01,9.433871764928043469e-01,4.734316508950469959e+00,-4.445944109194646998e+00
-1.159935829279332697e-01,-1.281655300123228702e+00,6.326016915580729982e-01,-1.005818355155420063e+00
2.722379735878496909e+00,4.417823783740212562e+00,8.846304822887420372e+00,-1.048832505090921963e+01
1.180901142230706968e+00,3.792152736868590779e+00,4.838799436403936838e+00,-5.333144112973564610e+00
2.808932288305679981e-01,2.944565995022465188e+00,1.793473920387174125e+00,-8.383091514638330022e-01
-3.136805763996390883e-01,-2.365682865120628531e-01,-9.983575947691223362e-01,7.578879298486005389e-01
-2.952319403104042284e-01,8.069493272541838902e-02,-1.991187450136571391e+00,3.265344882961701778e+00
1.726672661334293091e-01,1.371930330468547621e-01,8.643786457212538910e-01,-3.355866366387694200e-01
-3.012944691126622221e-01,-7.540370372706087787e-01,-2.244984932496774666e-01,-1.316466426741150997e+00
6.332298204546277232e-01,1.043136761646496602e+00,2.870145818087200595e+00,-4.405439486324199017e+00
1.361590726372353899e+00,2.502551321145991103e+00,6.667542733154802725e+00,-8.855485377464498598e+00
-2.744783739804304012e-01,-3.006712005313938452e-01,3.939920458794105018e-01,-1.325378614487220164e+00
2.215999178274725701e+00,4.691795680327061291e+00,7.363682208568271825e+00,-8.052516714729204494e+00
4.423323067683193610e-01,2.399635211693873948e+00,2.177592886039539266e+00,2.203426139330182387e-01
1.615773166963779595e+00,3.013816947871729823e+00,5.836969282197384423e+00,-5.673829427258176850e+00
-4.209188639714256386e-01,-6.160443549938765528e-02,6.008008443162226042e-01,-7.196647941778023805e-01
6.803995130549607140e-01,7.967117808873436235e-01,3.062474618872862653e+00,-3.950062314614326553e+00
1.335117115655431341e+00,3.474640118816384238e+00,6.433299439164620992e+00,-5.921871334548734822e+00
9.041356414536655395e-01,1.091234542947888908e+00,5.654812640043019201e+00,-5.347155787192399146e+00
1.836194620312309622e+00,5.427744281178116914e+00,5.947443330522166782e+00,-4.032910248924064689e+00
1.419525666316900914e+00,2.227526837013602989e+00,5.610397741335886757e+00,-5.976034511498860446e+00
3.235386524408165432e+00,5.058846419785385962e+00,1.090475637157031130e+01,-8.451060730236021001e+00
3.511028313745673257e-01,-8.425122196855712176e-01,1.571309019756500946e+00,-3.696218803318964241e+00
3.378492297240823561e+00,7.776582344869007457e+00,1.139018409407992749e+01,-1.123841923625692019e+01
1.512939821354862380e+00,2.792909625602232992e+00,4.483843145037976541e+00,-5.540740441645689351e+00
-3.324671772362279842e-01,-6.492228078770595490e-01,1.766710081107081554e-01,3.653878126110061686e-01
2.955245836251388702e+00,4.927695033225557353e+00,8.812385736689501314e+00,-7.395071551828420908e+00
4.288974046051388100e-01,4.463265145362699804e-01,2.786287891646901382e+00,-2.722053977883729381e+00
2.336338823307519963e+00,4.669459209367200714e+00,6.326259477147961441e+00,-5.539441838358837522e+00
-6.872163430636231141e-01,-3.443057478571527330e-01,1.294275759445517870e-02,-8.549135514560670668e-01
1.733657999463914523e-01,7.362854873612330042e-01,1.850424442594474694e+00,-2.309485248367827648e+00
1.918413483097536787e+00,3.831760799507718307e+00,5.045040923527459142e+00,-5.169104644523944359e+00
4.913606361669164979e-02,-1.247460372313935473e-04,9.412989278146514094e-01,-9.086882427808543605e-01
1.609388586323173609e+00,3.628005663263431213e+00,6.927661507613632530e+00,-8.463399114186936245e+00
4.504789850374367743e-01,3.675910238844661837e-01,2.851057150315908117e+00,-3.890256299439890597e+00
6.852176052403556872e-01,1.721819248692406656e+00,5.162799028864366591e+00,-6.538805567763589011e+00
1.906219370935118285e+00,3.673018708211881034e+00,5.627831026886849664e+00,-6.828478956471046857e+00
1.335231322883726257e+00,2.770823562112027183e+00,5.083875474206164036e+00,-4.504131166033670475e+00
-6.078335915826404978e-02,1.219027039106715948e+00,5.134082709556838653e-01,-1.431674771213430897e-01
-2.011661976408873898e-02,-3.695696803392167218e-01,5.218969919248727107e-01,5.468291120719418474e-01
1.879772400754545103e+00,2.935469616875583831e+00,7.250852331141606655e+00,-9.901024517644467338e+00
1.036672004698756089e+00,3.393395475197002575e+00,3.549384521890202926e+00,-4.391602622215662777e+00
-1.528361007546168437e-01,8.285218601271888694e-01,2.305850450271154983e+00,-2.109892238482780513e+00
1.053735884358848907e+00,2.430915078651092021e+00,4.519586278368521448e+00,-3.578127375902615093e+00
2.188204663021895868e+00,5.196699985757180507e+00,8.148294471364042835e+00,-8.577492915882396929e+00
9.538332559902745755e-01,1.216955566044294557e+00,3.826961499359920360e+00,-2.367745823950123896e+00
5.595156742505611458e-01,5.214790923102139431e-01,3.225864767408582523e+00,-1.897192797703558753e+00
-4.192270758559235588e-02,1.491505636438932303e+00,-3.664826629392581303e-01,-4.425190168327395313e-01
1.546024360194962366e+00,1.957802569031849682e+00,5.543513284134950148e+00,-6.348647654696396359e+00
1.753361472554338718e+00,4.016736687497827418e+00,6.679374008032429089e+00,-6.315615353842498614e+00
5.406171220352384843e-01,6.894095820956418486e-01,2.756325683317305764e+00,-2.921299023168863140e+00
2.761946421750741898e+00,4.717123352773865186e+00,9.003945195794702983e+00,-9.537281779128157666e+00
1.009021437807510413e+00,1.872188516410293602e+00,3.920950002010151092e+00,-4.337916513059387746e+00
2.315994202151387071e+00,6.208524889310227834e+00,8.508670814940090921e+00,-7.247412163789288542e+00
2.311099938225063877e+00,4.695231953871866537e+00,8.694977948755088448e+00,-9.593828322714696100e+00
8.132075678712562539e-01,3.506808282398464094e+00,4.972063147454513832e+00,-6.727380580962425860e+00
3.707079681140009075e+00,8.491353530372773406e+00,1.230576203208974917e+01,-1.391003430329443624e+01
5.247634445990843055e-01,2.420118626166166909e+00,2.804930459587861247e+00,-4.307718428650685105e+00
-1.249383087266577874e-01,2.299493328280998838e+00,-1.601133448192822772e+00,1.733663129033831796e+00
3.818513161037336845e-01,4.904294052481504296e-01,1.865479009756870532e+00,-1.015898348283396757e+00
1.187181883176236186e+00,1.656646259712302172e+00,3.924831682044521486e+00,-2.903664926404934121e+00
2.063958996630952392e+00,3.052402024819003579e+00,6.754297779830452875e+00,-6.415247651250957972e+00
1.119167033750315454e+00,1.922125996071494924e+00,5.394307348307437522e+00,-5.837237222699266148e+00
6.825410295777378789e-01,4.669947578013774470e-01,3.084393374043232772e+00,-3.269945330449999243e+00
2.793247422561009330e-01,-8.535192186807196713e-01,1.854374318978770253e+00,-2.592350865461051423e+00
5.437279075779100079e-02,-8.887062019153059156e-01,-4.865678532753152652e-01,4.158031040052691529e-01
1.565672208440886948e+00,4.603336924166999466e+00,6.281804554343913161e+00,-6.369393299687645893e+00
-1.127226992057329014e+00,-2.853046843398122423e+00,-1.706012530860240961e+00,2.535785541685000144e+00
-4.653265107399717770e-02,1.872396243422465023e-01,2.474785917357880116e-01,4.506198249850097426e-01
2.600732975953066184e-01,-5.180184374312346574e-01,1.707332694396562989e+00,-1.677383431484066323e+00
-1.579416783786443901e+00,-1.945030258701976766e+00,-3.096113264525269138e+00,2.027510876510433935e+00
2.133455355671627807e+00,1.344156888020538343e+00,7.439720602250567971e+00,-6.922121027237442270e+00
4.510758723381113056e-01,1.496273051840693924e+00,1.113611400651189909e+00,-8.091631707826864028e-01
1.070552241342594302e+00,2.883548926584424965e+00,4.527774272013393997e+00,-5.239062462031951029e+00
-2.852810534739991244e-01,-1.068867401060809019e+00,2.378839870944767509e-01,-8.134406166524921211e-01
8.617191915409572189e-02,9.384354917839810017e-01,-4.558713309653714685e-01,-6.501423449696475121e-01
3.073397034073255263e-01,6.888733173664585152e-02,4.421891928862029530e-01,-7.672386396542005826e-01
4.086480701628588674e-01,-9.320004314990915084e-01,2.276099161804434168e+00,-2.425907140173290344e+00
1.587834127023949327e+00,2.523010539538016239e+00,6.115559710817715100e+00,-4.877938730062984618e+00
1.972598886564266962e+00,4.014395385620439960e+00,7.845196612902780586e+00,-9.134421369906931432e+00
-2.568950979938122714e-01,-2.523653503589275426e-01,-7.541525295287365704e-01,1.378612078492623905e+00
6.171130165098026588e-01,7.310079289801899582e-01,2.003943109366968844e+00,-2.451487190148450956e+00
1.003473656967861505e+00,1.119059890856242134e+00,2.156220245700732008e+00,-1.653262778131311617e+00
-2.487031874819853883e-01,-2.335662232063902000e-01,1.682292009110983866e+00,-1.844576348279001188e+00
1.795110570694465224e+00,4.407684244461135492e+00,7.297493345783986562e+00,-6.580724166608590053e+00
-7.671866882494149387e-02,-4.218499932839379074e-01,1.329865476846859185e+00,-1.770251228764229356e+00
-2.112508717584653528e-01,-2.750548474433958113e-01,9.472053403363697166e-01,-3.353643635304930370e-01
1.180141271162624239e+00,1.346928720441901373e+00,6.362363174363089513e+00,-6.562056872485821479e+00
1.573307349195903981e+00,2.284712292541882572e+00,4.387803756187537374e+00,-4.336898173540279622e+00
1.532304303362726827e+00,3.429529270730463875e+00,3.992866442904381419e+00,-6.133998949472418971e+00
8.559458942485511646e-01,3.864920126218163166e+00,4.107588232907985137e+00,-4.319619440831694135e+00
1.710417250509171261e+00,3.330770548540013198e+00,6.546489454123999074e+00,-4.732303091966809205e+00
5.943071733155171898e-01,1.679329672826883835e+00,4.738706884429736199e+00,-4.225347438141030310e+00
6.445636988341729712e-02,6.829017943467442509e-01,2.479049949570256040e+00,-2.698003824634599646e+00
7.789801670955261992e-01,1.059076880865496451e+00,3.260588257718867844e+00,-2.639635912324869160e+00
1.727076046952735311e+00,4.095327545190652785e+00,5.881157241530790003e+00,-5.127072103036785400e+00
-2.803158689503264522e-01,-2.256055873479909657e-01,-8.555611129344524723e-01,3.184319668120950908e+00
2.648987454810691311e+00,4.067177188467103299e+00,9.363201011742461333e+00,-8.420683884534181374e+00
9.089204609026876325e-01,2.029117466900928424e+00,5.205687416518738786e+00,-4.944161967657438872e+00
1.399465058473530421e+00,3.865304557424021681e+00,6.077785423993129932e+00,-6.038319095097720357e+00
1.455424406486089506e+00,3.336288341553763193e+00,6.455627958186720861e+00,-5.753531307990291666e+00
1.860294529794664697e+00,6.307915710330195935e+00,6.946399723311317942e+00,-6.210620194193357868e+00
8.463320868057985225e-01,4.510273083508689052e-01,3.634967238191242789e+00,-2.893779834902144188e+00
1.293746378052544665e+00,2.486752090491951783e+00,5.904842885449022916e+00,-4.858270754381971201e+00
1.304476732917598802e+00,3.228548437211990585e+00,5.156365497661653308e+00,-6.644996015508247034e+00
9.957059406900297116e-01,2.181289792459114363e+00,4.463298235039136586e+00,-4.541546450883910957e+00
-2.977727647035677272e-02,3.699186854231250599e-01,1.248484647583383733e+00,-1.957050989991212075e+00
1.737947040041572633e+00,4.042610906520842207e+00,6.716415954208157402e+00,-7.561811840973606813e+00
1.361479553234594686e-01,-1.306913480671157424e-01,6.460240697690321499e-01,-1.439112990246247392e+00
5.702050390225835708e-01,1.197511770847859314e+00,3.350629243061444384e+00,-1.797145352129173590e+00
2.310517365904249942e-01,3.266292334374093498e-01,2.561506411077530743e+00,-3.347255110944409751e+00
6.298459517305992073e-01,-2.723821266555568332e-01,2.333482017539001419e+00,-2.756588521387390855e+00
2.877971168182678952e+00,4.326438166099654481e+00,1.028550035457553413e+01,-1.121055973977455089e+01
1.673733633439573154e+00,2.832934700538757955e+00,4.223301283936965689e+00,-3.022565441960344934e+00
7.240856550307177564e-01,1.209831048979312262e+00,3.105533157496801255e+00,-1.885729019286237040e+00
1.524124387918555090e+00,3.352657299449226969e+00,4.716563140844480806e+00,-5.274061001207667410e+00
1.148687038205153499e+00,1.713455122085647986e+00,5.022543989606208292e+00,-5.595572011423946890e+00
6.987995506181490235e-01,1.678424446013809579e+00,1.566944463409944310e+00,-1.694770905430790009e+00
4.450279959553373743e-01,-1.211088886206525217e+00,1.161501498867850035e+00,-4.234106181813488412e-01
-2.962845237752570249e+00,-5.233054193692780132e+00,-7.801164000762273787e+00,7.752553988979494548e+00
1.580206946755897679e-01,7.623402983056823956e-01,2.058321952540092425e+00,-3.156775229769273050e+00
1.370513345554480011e+00,3.608116416793561321e+00,4.684734504691331125e+00,-6.748612884250821509e+00
1.180457669059872261e-01,1.347286718312740716e-01,1.024021772266524577e+00,-8.093521088945158093e-01
-4.912764445603157171e-01,1.316071846503610310e-01,-7.668461806935087388e-01,1.181900307591739363e+00
-6.975061959867745465e-02,2.383911662840355827e+00,1.548601389355139801e-01,6.242169689865812998e-01
9.322763350955046713e-01,6.629849693356100193e-01,1.732925491127244033e+00,-3.012860896455363147e+00
1.619194464242914133e+00,5.344254119190170016e+00,4.914585566607165390e+00,-5.282542943242663824e+00
4.941492057353221723e-01,1.364472596103323943e+00,3.262621434981590074e+00,-4.474755503131129686e+00
1.753685613453972891e+00,3.695471093542104679e+00,4.848748881654911358e+00,-4.807329742534329320e+00
5.645345477045649041e-03,1.380627331839444416e+00,3.022039455636573724e+00,-2.597150608071108646e+00
1.549687357539178967e-01,8.367125901334253602e-01,3.894735893571471763e+00,-4.531465621722753134e+00
1.035303441290697180e+00,1.183052410361774776e+00,3.018805266252935660e+00,-3.091731236047510656e+00
2.065921555055337144e+00,4.685313235221755690e+00,7.762341336927018887e+00,-7.240600230466160525e+00
2.673248114984083657e-01,4.539668065555292342e-01,1.520945272920305680e+00,-2.418245967017999210e+00
1.541837032111675887e-01,-1.666328807437796211e+00,1.155811221133312694e+00,2.077301292455424608e-01
1.980307863120456258e-01,1.910089778991204357e+00,2.518221830248728033e+00,-2.794521790097216574e+00
3.179544384786483491e+00,4.445212499174512999e+00,9.490264235553205197e+00,-9.167595607158188997e+00
-8.699521434864787572e-02,5.554476980290745658e-01,1.423933277459229263e+00,-1.756911728108756288e+00
1.456460897042337832e+00,3.837718082937993103e+00,4.906665885177700304e+00,-5.508130330912798911e+00
9.560070267019038504e-02,7.986206524035918686e-02,1.684646410416921647e+00,-1.320307600450756569e+00
8.644369646409714170e-01,1.499819313862975401e+00,4.768103072561744149e+00,-4.025539786604968917e+00
2.140786968802213863e+00,5.761802204551522699e+00,7.868769691871388083e+00,-9.574287183613439112e+00
6.372767901189742012e-01,-4.901502810201143756e-01,2.903393659270356864e+00,-1.966368198870628525e+00
7.767389542664032698e-01,-1.087793389388285847e+00,2.469526592054264835e+00,-2.469439029761639315e+00
1.130490823865486494e+00,4.315389544108485520e-01,6.915767303864432947e+00,-7.583298357405898749e+00
1.435390079572254063e+00,4.344701868405501877e+00,5.662455185122867718e+00,-5.640925763455189035e+00
1.704171094599508107e-01,8.576835703603359340e-01,7.518909799641049219e-01,-4.552360708026270686e-01
1.638155029267276408e+00,4.446638471678273419e+00,3.416135455663936504e+00,-3.051602132107524401e+00
1.116187079675659666e+00,9.908974044097289546e-01,3.409858911337881437e+00,-2.552036299616485149e+00
1.133738266560984087e+00,3.829383708677148057e+00,5.843698930563244076e+00,-7.788431968960871643e+00
3.413426538063295101e+00,8.013171197292953352e+00,1.217013111650297041e+01,-1.184351561471915559e+01
4.411484018828177867e-01,1.097491080672462704e+00,2.824623414299541668e+00,-2.779580424108326842e+00
1.734456188612060856e+00,5.389589874419668192e+00,5.918824844784487560e+00,-7.157993148154137231e+00
1.386549570376477192e+00,3.734428873473757626e+00,6.542283709844570971e+00,-7.488248351679972714e+00
-5.871318215375780358e-01,-1.938175750402757469e+00,-3.219705421790137190e-01,1.041654460017364725e+00
-8.889138829829859034e-01,-1.197188444463373136e+00,-2.590458378423762920e+00,4.401586035144744002e+00
1.636727611708850727e+00,4.525532503113708138e+00,5.343273687174508346e+00,-5.253331889360768336e+00
2.549059644015343906e+00,4.814617079436527725e+00,8.387778312065288233e+00,-8.909582663813157666e+00
1.819867211829471421e+00,4.033846051506837505e+00,9.004199417916918691e+00,-9.725264074381779977e+00
1.603275988872139068e+00,3.148235548535832873e+00,4.012640767690068166e+00,-3.498118297152003731e+00
2.061528574789039503e+00,3.301935452151403272e+00,7.263837831450378424e+00,-7.858965301334365883e+00
1.080974148715816874e+00,3.374291983325826916e+00,3.840015413023075919e+00,-3.896106623027639326e+00
1.566512520059473168e+00,2.450592840560565477e+00,4.609613517411416339e+00,-2.488994329163045194e+00
-2.192406095635757168e-03,-1.050357558893122212e+00,-1.962115594228763804e-02,-3.411866020394660914e+00
2.900779560476790309e+00,5.251346296485571052e+00,8.700991416524136213e+00,-8.321668423626821465e+00
1.455150066432609801e+00,2.232885411463451764e+00,2.627324445726252122e+00,-9.688502729144896630e-01
1.201425875331131543e+00,2.599266379521444570e+00,3.358518115071566612e+00,-1.893531460984022141e+00
3.860626276655635403e-01,1.709093170108675785e+00,3.111121387586751386e+00,-4.064905345303942319e+00
5.334544264554985649e-02,1.369273589916937706e+00,1.881150630835607629e+00,-8.326296011107063855e-01
9.020821840325675689e-01,5.621034140863057083e-02,4.274026579030894446e+00,-3.805693935687163076e+00
4.159163405648819145e-01,-1.267643236698274611e+00,2.302207232847792273e+00,2.470630046126087720e-02
2.293711718250381892e-01,1.410897274395167544e+00,1.896453746642911442e+00,-7.156447929945048969e-01
3.082414156625612467e-02,5.902809695049846539e-01,1.105121835379808681e+00,-2.476297388993447868e+00
1.309484626625137205e+00,3.099868690387173942e+00,3.772075746966270238e+00,-3.653578359474284110e+00
1.936879042612672963e+00,2.951043000681581763e+00,6.655985620380069356e+00,-5.239007406786811316e+00
1.732174643939593528e+00,3.125191920254262179e+00,7.152655847899874075e+00,-6.960403212658818894e+00
1.486597954667137511e+00,2.129054386916575226e+00,5.776131224545900444e+00,-4.397635784723081365e+00
-1.106817137273684359e+00,-2.903485881718752992e+00,-1.752219319822303945e+00,2.555381918244874040e+00
-5.533092642688197671e-02,1.085707831893081288e+00,1.977186244994518782e+00,-2.359421638084000961e+00
-4.178967399947219885e-01,-3.089922258087389739e-01,9.667856228939326613e-01,-9.550451767771854783e-01
1.166219302258995505e+00,3.185505928101653339e+00,4.479885457557779560e+00,-4.977695614062398022e+00
1.574556326135670314e+00,4.246483757853575014e+00,6.147466597108611985e+00,-7.324867770638008757e+00
1.891972584779036737e+00,4.627658927574171521e+00,7.812697198819101629e+00,-9.150170341384454176e+00
1.264177804883097611e-01,6.400232528185256786e-01,3.071466548750276804e+00,-3.652138891412586741e+00
-7.382283883279310288e-01,-1.908458359284197492e-01,1.465207484257291526e-02,4.378368387250158866e-02
8.339093361668368232e-01,1.717576813824410742e+00,2.772107656237386752e+00,-1.967349190259578107e+00
9.687238942892018034e-01,2.859363210267051869e+00,4.044800885731615558e+00,-4.695704507627104007e+00
-9.472121735871867898e-01,-7.014647289530580032e-01,-1.395594979051804074e+00,2.445846345154472523e+00
2.121335965922029665e+00,4.489158618038141313e+00,4.584550355844184466e+00,-5.112812588293976113e+00
2.491505527178853985e+00,5.313987657838446843e+00,9.075451239664280578e+00,-9.047158943284552279e+00
5.039375570745725508e-01,1.557391807359409963e+00,1.050684853894510162e+00,-1.944350159571617054e+00
1.221960376559563910e+00,4.113393825898668865e+00,4.262851039532156605e+00,-4.923022185905232995e+00
-1.051136577590888521e+00,-2.081569585930060917e+00,-3.781126483604259292e+00,5.097858596154192234e+00
1.826249133984808815e+00,2.317809244428077342e+00,9.221608110728789498e+00,-8.409452801261096511e+00
1.422222291055508681e+00,3.610033550385773005e+00,4.250696477449091404e+00,-4.122473999928606858e+00
2.802890525916812425e+00,6.305955819675147289e+00,9.502586608953691893e+00,-8.440167153751236384e+00
3.580231595249939724e-01,7.873295482454398808e-01,6.240898923362154793e-01,-3.900963363226644942e-01
1.128563269144415848e-01,1.086041425879642919e+00,1.579139622794793807e+00,-2.198360468485177854e+00
8.525516751893040812e-01,2.912399399926036025e+00,3.101296404466990175e+00,-2.930254421392133768e+00
1.720230834425032107e+00,1.856646331252775672e+00,4.624096410219096676e+00,-4.298249087039988758e+00
-3.207109673403309991e-01,-3.600337857000724950e-01,4.371979043872823989e-01,-1.011323663966262609e+00
1.592685413307894482e+00,1.969826694252780896e+00,6.088850482226822791e+00,-5.066810644206144687e+00
1.008598633695992675e+00,3.179043179794542873e-01,4.593150607080973558e+00,-4.188203721406312141e+00
-1.121384995078149593e-01,-1.370718524336300481e+00,1.640922404804786350e+00,-2.258597262708796904e+00
-5.135548692380897950e-01,-1.960906077689549054e+00,1.655179123429756372e+00,-2.951556037610451710e+00
6.214141244355397831e-02,2.826934902380356385e-01,1.049294881783507716e+00,-2.665117655429063426e-01
1.615237477626572327e+00,3.320726419628132753e+00,5.372397217069707409e+00,-3.680032912665456735e+00
1.067837964933882944e+00,1.486252823064240225e+00,3.487598297389159274e+00,-2.142073658633202093e+00
1.136743655377028261e+00,2.382874178804746723e+00,5.292243203305150523e+00,-3.600053275545644471e+00
7.564875197876255175e-01,4.467828513890732545e-01,2.614485612371123313e+00,-2.033490084652631591e+00
5.958566095141546448e-01,3.622473488103405970e-03,2.159163105770587787e+00,-2.463566370731206767e+00
-3.645649681312204127e-01,1.083555099921640341e-02,-2.279280528469555811e-01,-3.996832301699689838e-01
1.148561574823792064e+00,1.324609604299661791e+00,5.325358297980138822e+00,-5.587191777261790726e+00
6.466358713143849357e-01,1.308302574315719502e+00,2.596581887753842466e+00,-3.116539253420274491e+00
1.393428720827943446e+00,2.839644419234072625e+00,3.941285567390502731e+00,-3.591229889802425301e+00
1.243471082700202901e+00,1.260961568573569558e+00,5.627991979481728357e+00,-5.462419709893453934e+00
-1.144455959065827422e+00,-2.363713170296180888e+00,-4.694531070389410310e+00,3.744589523354662219e+00
1.237887085765963846e+00,2.544239236459064468e+00,4.769859965302584826e+00,-3.751240493840509060e+00
1.463005168415151935e+00,2.477697358315389842e+00,6.704578282567211112e+00,-6.492092710323154492e+00
5.186754668733430940e-01,2.871147524655764283e+00,2.502597700456578256e+00,-3.240486146855117155e+00
1.906154884744327926e+00,2.182749693467507690e+00,6.602179386817256024e+00,-6.470458958894881540e+00
1.930268279253005037e+00,5.197426016079244704e+00,7.927573924401892569e+00,-6.399219270611261834e+00
2.248189517503626611e+00,3.266756229505514142e+00,8.230001880788590185e+00,-8.876931725702618792e+00
4.146886014206186966e-01,5.758887491932318525e-04,2.258023943152474455e+00,-1.970718732936854067e+00
1.716580640655387846e+00,3.739751784658269518e+00,7.928108379642433867e+00,-9.489378231973166322e+00
1.453584497743210857e+00,3.397667229918267751e+00,7.327057163288244190e+00,-9.387174474643416033e+00
8.874193708892905708e-01,3.095183967310707107e+00,4.705666960120300502e+00,-3.043464589321647651e+00
1.262148412675418108e+00,1.749242200556363258e+00,5.098731084664832380e+00,-3.912395080812180126e+00
1.379175505509399491e+00,3.696053059784019101e+00,5.002985413473414411e+00,-6.221295233282929438e+00
6.664901038340076411e-01,7.276643612818263218e-01,2.784077519328580941e+00,-3.379808545340498682e+00
1.862501039639626432e+00,3.531317644536652978e+00,5.378934867445479995e+00,-6.377357268420097647e+00
1.273863571621296709e+00,2.275399864697737140e+00,3.674595441404085783e+00,-3.622832220151219751e+00
1.308067653169778577e+00,2.485637589950219439e+00,5.521740707628154610e+00,-5.913456943912743569e+00
2.187203868131212481e+00,4.517288579879116028e+00,8.244420742070460051e+00,-6.732749150625065404e+00
1.711525539031299115e+00,4.083431898026057993e+00,5.664387015592907026e+00,-6.616756157917294878e+00
-1.406806928418127711e+00,-4.258164682231537768e+00,-2.334790511626071208e+00,1.330323323476929609e+00
-1.138080127021186438e+00,-3.212783227634835370e+00,-2.813555475318980648e+00,3.228535634990829184e+00
2.155440046867519666e+00,5.175701666759005448e+00,7.671633135169732221e+00,-7.404575244305397597e+00
1.967858851219540517e+00,4.605199355867864774e+00,7.295061052188461126e+00,-6.557169367109871416e+00
7.466885539071692612e-01,1.287001460592873014e+00,3.007428405833159957e+00,-1.517081094454976187e+00
7.563680805376024052e-01,2.688359835396498365e+00,4.252582053785830318e+00,-4.379879492565422083e+00
3.131790484485241777e-01,-7.458993964068694194e-01,2.700294306098804942e+00,-2.858552648108412253e+00
1.788924950081449250e+00,3.606933592584381731e+00,7.607520764830660198e+00,-9.005972078625985588e+00
2.089549360967597025e+00,4.286220343123241960e+00,7.608425567481625684e+00,-6.258235991064669435e+00
-7.508517660898679225e-01,9.357933347473705865e-01,1.698302037274490583e-01,-1.745217244414022373e-01
1.622467498884337278e+00,3.010706956559220160e+00,6.211550125665817212e+00,-6.314222323129753178e+00
7.340202740598437137e-01,-4.720312085185325301e-01,3.207887316936493427e+00,-3.437184922524000985e+00
1.336552809701359701e+00,2.298633321240376670e+00,3.197443878455074273e+00,-3.262729189631699001e+00
-3.239875657678321641e-01,9.599630693294149975e-01,1.125416655397375676e+00,-1.911051314403639623e+00
-5.855112377414508629e-01,-3.526820606888316778e-01,1.258922948866570746e+00,-2.044511651516268014e+00
1.090742571035270503e+00,1.426736298558649363e+00,6.704715604159354747e+00,-6.627501323449425108e+00
1.343122906541983408e+00,3.269142623196399366e+00,6.763217765530545655e+00,-6.339379328060866570e+00
-8.567573831274737373e-01,6.286436738841119087e-01,-2.858042458730857938e+00,3.140162163407332230e+00
2.558152806727492568e+00,6.003052311371709138e+00,8.076508751877618408e+00,-7.054503612693576287e+00
-7.170565438976244099e-01,-8.328538355718172470e-01,-1.409183638355369972e+00,1.640076530544405164e+00
2.466927558127778752e+00,4.644807324766553336e+00,9.851070290005090158e+00,-9.093921174265696905e+00
2.703982643282863751e+00,4.854348449697797996e+00,8.090877875594509661e+00,-7.534310049133971177e+00
-7.733450137644113376e-01,-2.396642528887516388e+00,-2.250835946932470577e+00,1.265263623787267200e+00
1.169992265331191605e+00,3.461442166141210031e+00,5.555905674167571640e+00,-4.964957509726674267e+00
1.186360426724223371e-01,2.775726064508627355e-01,1.610601247339073838e+00,-7.199458637073331557e-01
1.231360160638789614e+00,-7.272384927767427953e-02,3.946544859689315565e+00,-5.437691443821814019e+00
2.521175124125212719e+00,4.052126727032831610e+00,8.469508870146910340e+00,-8.685115527293758575e+00
2.095023546403540493e+00,4.207729237968133695e+00,7.901045828017147166e+00,-8.097647503315148043e+00
1.316865265036334609e+00,2.530089538821182593e+00,5.323217157153860235e+00,-5.188363063422112731e+00
4.999554746943393191e-01,2.515720379524717387e+00,3.864978512561810131e+00,-5.092732704380390274e+00
3.403272884622607464e+00,6.586036035038685732e+00,1.120701629497752982e+01,-1.265582764557053430e+01
1.683193241750433611e+00,4.263076235274866121e+00,6.139039702263891840e+00,-6.221821803368069226e+00
4.623412757887093161e-01,2.067216955880170737e+00,3.360763568278022806e+00,-3.362270429936923932e+00
-2.975163720824349767e-01,-1.566480603799120130e+00,1.285108271922580592e+00,-1.398031185921911224e+00
9.481553095673851406e-01,1.472639159512519225e+00,3.602806469585814853e+00,-3.735513610623239611e+00
1.792198645077965224e+00,3.536690589939751828e+00,7.504554574537277922e+00,-6.343512076991412840e+00
1.927927905927050212e+00,2.723557111438338119e+00,6.995521998106737804e+00,-6.342881509288929465e+00
1.572907292143854718e+00,3.108738323375447532e+00,7.081218892081337479e+00,-6.987668526629517096e+00
2.125388107566295037e+00,3.832628509716662357e+00,6.925111528086605794e+00,-6.772063726351455593e+00
2.679904368623820865e+00,5.919444515485304592e+00,8.885810256139237140e+00,-8.750515801136101501e+00
8.513744438391939173e-01,2.866293703405455418e+00,3.666841998406343617e+00,-5.249713910184967247e+00
9.553361521182268667e-01,3.408384175451437237e+00,3.537674999572994583e+00,-4.445882731866616311e+00
3.405577012905711687e-01,2.306681922827626074e+00,2.139969414305077589e+00,1.517992800100915307e+00
8.089744888247498711e-01,1.968980648996756067e+00,3.148602270229475142e+00,-3.343152015555569179e+00
1.668632802937804804e+00,2.841526677414768720e+00,4.881084800904065268e+00,-3.647989616881456953e+00
5.932901690042879927e-01,1.659956108325108426e+00,2.721165390369260084e+00,-2.787171374701681525e+00
3.899537395899406178e-01,3.045737856391195209e-02,4.935955089353392111e-01,9.475301362440873287e-01
2.523054723534740029e-01,7.444497298923928863e-01,2.498706588669982409e+00,-2.214250598546418036e+00
7.243491032227855619e-02,1.397338534035233115e+00,1.912385126125519141e+00,-1.944901314176689766e+00
2.115753219104616001e+00,2.289211698817259499e+00,6.014110029933260826e+00,-5.851915136609314949e+00
2.313244392071449163e+00,5.119925025118091888e+00,6.915408750036406538e+00,-5.767726782648988859e+00
1.285382637902055203e+00,3.198414751757164609e+00,4.839154648050793206e+00,-4.756020955188329680e+00
1.645894941152648894e+00,4.303322035852318095e+00,6.265432110026127432e+00,-8.174918218929505542e+00
1.170323847338160528e+00,2.540659877080752249e+00,4.554020543331653847e+00,-5.099445061205528873e+00
6.158044922692010870e-01,1.716019024651969316e+00,3.116447747159226900e+00,-2.892576643431528982e+00
8.960515094045062856e-01,2.473793678989677502e+00,4.875633946431237931e+00,-5.486341322483085037e+00
2.078486920178105546e+00,3.506097750835468041e+00,8.288689589298705584e+00,-1.023134465865750720e+01
2.032944714824670651e+00,4.158191481338729290e+00,6.229228997758712971e+00,-4.818815221682118732e+00
2.892330026943401577e-02,1.455738226373838762e+00,1.193569499343859253e+00,-1.417053952859436361e+00
6.378096446566703381e-01,1.584492012170147124e+00,2.740944726710145218e+00,-3.211529575685702742e+00
1.650209618629224773e+00,3.850354342373497829e+00,4.594508430898768481e+00,-4.644087737485356193e+00
2.000129532892537476e+00,1.061169824649286220e+00,6.659481168848241595e+00,-6.016658899840734875e+00
9.967293391881087983e-01,1.564732152698551149e+00,3.319592277346385067e+00,-3.866753734495676831e+00
1.736324603531334443e+00,3.471671189307133254e+00,6.273170566335545040e+00,-5.882381596592824557e+00
5.511146381780002157e-01,1.027848183401965487e+00,2.630757349031022763e+00,-1.992906368767496605e+00
-9.119341162140868207e-01,-1.606352187658529163e+00,-4.105968274338078761e-01,-5.968203839382213438e-02
1.534163300496088400e+00,2.567515513850362030e+00,4.635397135835754412e+00,-4.991865080175480252e+00
5.952152427236450105e-01,2.018244246539050657e+00,2.547890798310735505e+00,-3.570527365447932588e+00
1.435682089703661735e+00,1.999746898490609492e+00,4.477664312426202109e+00,-5.398749862624834250e+00
4.119408917151030636e-01,1.293316572240928553e+00,2.954375125308184913e+00,-4.144250729493237806e+00
1.339055076343726114e+00,1.584105167268139658e+00,6.414982402527551919e+00,-5.676797769198502763e+00
1.517401569542090822e+00,-3.999809803260068186e-01,3.712363940424125985e+00,-4.030597949596339546e+00
1.154159205513974884e+00,1.761573818645668421e+00,4.672103075918324855e+00,-6.765059285882371043e+00
8.380322729238169899e-01,2.242949300994307116e+00,2.594840939482445652e+00,-1.632446659369781727e+00
1.125384354867464687e-02,2.141142691252950314e+00,1.929126542343226447e+00,-2.841640612213462092e+00
4.557731156488004087e-01,-6.297194560893615289e-01,3.602600762094990472e+00,-3.550429522796757720e+00
8.336686794417612623e-01,1.841521795578525911e+00,4.472807910735956405e+00,-4.058428961679539704e+00
8.585133308619283810e-01,2.353625505121551775e+00,2.886937160844876171e+00,-4.724924176054326352e+00
8.517892040945316268e-01,1.919369414526687967e+00,2.730621355945538120e+00,-9.193958262444648089e-01
1.007982399108917626e+00,3.312143015806607416e+00,4.694445613674409046e+00,-4.631569638807138567e+00
1.335527615223912612e+00,3.191437527703841592e+00,6.219687604069055631e+00,-5.910510123999309862e+00
2.045483666855967719e+00,4.874105052986893227e+00,7.966046476020069989e+00,-6.145125965740408702e+00
7.425356813021144475e-01,1.435007699720464380e+00,2.690701490400243312e+00,-3.950954966892009423e+00
1.956482080260130152e-01,-2.123743935477379052e-02,1.213318404601053224e+00,-1.940124674998610077e+00
1.405574831246895862e+00,2.066462533365919008e+00,6.476976949004365380e+00,-6.805480068869036891e+00
3.720486090683483571e-01,1.836880731958837831e+00,2.351380709715921835e+00,-9.574000868889673832e-01
9.296270915397755186e-01,1.143294106217962458e-02,3.912981578390162252e+00,-3.803622015186053140e+00
1.048467232309697739e+00,1.863530451855026193e+00,4.666257996042545209e+00,-4.308043294485073282e+00
-1.905642679653762883e-04,1.754495415397448133e+00,1.387442820077287475e+00,-2.129044075034621564e+00
2.563526765328457024e+00,5.027878335863680270e+00,9.060725060847348189e+00,-8.166238654669504271e+00
1.490438747666069208e+00,3.152973443413435106e+00,5.248598528735711533e+00,-5.983487979050707395e+00
1.001867121169751185e+00,2.341807322298206095e-01,4.050753856240511652e+00,-4.127305573042901798e+00
1.391830989268395546e+00,2.647612157079350492e+00,4.801099204371665152e+00,-6.559998654975240484e+00
1.571659998002086223e+00,4.096489451180057806e+00,6.755150734827824799e+00,-6.049126192113018163e+00
6.183315979554548925e-01,2.872545159754809063e-01,4.833069385087202186e+00,-4.601158223004657266e+00
7.200037759133274262e-01,2.739753147644526265e+00,3.635250762253499968e+00,-3.412381327665635400e+00
-5.298064934369839385e-01,-9.787792602985996293e-01,-8.790308409246370136e-01,3.771003911645736117e-01
2.577999018896292238e+00,4.578698487691085894e+00,8.044568348252502332e+00,-7.516792607234235035e+00
2.000333737822371116e+00,5.056074833185058459e+00,7.576213171296396709e+00,-6.354200807786412497e+00
4.811073820103707321e-01,2.672405962816177372e+00,3.226227157603642315e+00,-2.902639440380558877e+00
1.452844209096044725e+00,2.146924769910933506e+00,3.828651366012612023e+00,-2.965419840144935648e+00
9.256577560094586543e-01,1.522698160662452782e+00,3.571751780061161785e+00,-5.162763906445597684e+00
8.499881819719530274e-01,9.772417779315609732e-01,2.776823185110864678e+00,-2.559750311342130935e+00
2.537477130977536799e-01,6.663332468471727665e-04,8.437107351028094726e-03,-4.828400618804843392e-01
1.175568921300971681e+00,2.843382706386750503e+00,2.534234270343818984e+00,-1.978548868592035603e+00
2.902557101332991163e+00,4.913557783115348521e+00,1.114642892174305011e+01,-1.077419073251110149e+01
3.066793754933638816e-01,7.582822177559643828e-01,1.682555495460903439e+00,-2.107401517558843640e+00
2.447094354704829833e+00,6.035286225972912533e+00,8.257930362512091449e+00,-9.318071326555248390e+00
1.076068671621598138e+00,1.702460807887161032e+00,2.407541607897714542e+00,-2.006053166025404177e+00
7.559681329973078068e-02,1.424053221234220068e+00,1.461045817888300347e+00,-1.165597588904647708e-01
1.076555435290447615e+00,2.661382370426502941e+00,5.459440909616622761e+00,-5.895367050094886707e+00
6.394642291960169755e-01,1.584047783649884966e+00,1.945737542783823049e+00,-1.886413584758188433e+00
1.330650159931784593e+00,1.113403253991201325e+00,3.328402463462944105e+00,-2.192931348142629577e+00
1.643959048322313432e+00,4.074150966073068147e+00,4.173085383935970505e+00,-4.165356355164949065e+00
9.989293202500482138e-02,2.008536764262707663e+00,1.232972462900199462e+00,-1.062558023309821298e+00
-1.230827035867655184e+00,-3.368145572458664638e+00,-3.080160668393487899e+00,3.337824343390342730e+00
-3.148950138170796276e-01,-8.011386497577805965e-01,-4.597328531131892326e-01,1.724744272730381334e-01
2.234197340518924157e-01,4.703232039035520895e-01,2.595642697506975960e+00,-2.132188739916780484e+00
5.272578249624886304e-01,1.138374487040263450e+00,3.358154334361138638e+00,-2.033842370647580111e+00
8.512995303390219481e-01,1.226773437801911948e+00,3.371175340305089918e+00,-2.752302195971277232e+00
1.396338200974553301e+00,2.604574371789135867e+00,7.376926207666149260e+00,-6.543137820093651413e+00
1.090222182414588348e+00,7.879280187326784812e-01,5.010169476943161726e+00,-5.416914728838833959e+00
6.985746109916546320e-01,2.426983707968703996e+00,2.901614980425121448e+00,-3.687815147320611331e+00
7.901231570808255888e-01,1.456824631372751089e+00,2.395718725472156141e+00,-3.879806334441600502e+00
-1.242557967573564959e+00,-3.026824446678183733e+00,-1.638533383166463686e+00,8.770852523845822368e-01
1.129115927624337878e+00,1.203055349356294101e+00,3.612533054788230391e+00,-3.174982355657292477e+00
9.713852555630505536e-01,6.309603083574186755e-01,5.219751696607282554e+00,-8.067669895028037885e+00
5.365576174489710137e-01,1.398409921566962977e+00,3.604727621326019094e+00,-3.189901857909544614e+00
3.005101826048191871e+00,6.436102398673596348e+00,1.046084462191388909e+01,-9.176195256604575690e+00
8.988503596389405548e-01,2.215170245754848555e+00,3.121922847685734581e+00,-2.504515483114782004e+00
2.672749529953084568e+00,5.219980773329499613e+00,9.431947915883398537e+00,-9.495523753008672685e+00
5.728084536183554176e-01,1.240029412850725876e+00,5.099934477536507416e+00,-4.543764401593389124e+00
1.272722427340349016e+00,3.985986282816836201e+00,4.993079669795155162e+00,-6.907365335286157482e+00
9.526217373071488304e-01,3.508142421047744541e+00,3.784840647812350412e+00,-4.612076655459929952e+00
1.445566924063685921e+00,4.692727181144265458e+00,6.546238149656456784e+00,-6.754153140192948435e+00
9.762486268944080559e-01,2.960133571280158193e+00,3.454310133476555578e+00,-3.143344335725563710e+00
1.060637534016068084e+00,2.937517592622494789e+00,4.245217089272825817e+00,-4.421674057398576885e+00
3.086732231652623781e+00,5.396247155056628664e+00,1.016318189928295368e+01,-1.111588603983516954e+01
2.907284129086036284e-01,1.360702680286158817e+00,4.451760110740687892e-01,-6.648989766363144760e-01
3.054622839551014657e+00,6.265185989211450313e+00,1.003876954575808789e+01,-8.990224534402161183e+00
2.552615196810560594e+00,5.781015563961610759e+00,8.644930850379795473e+00,-8.982844145352812504e+00
8.145304120398078052e-02,7.070037578908174858e-01,3.090670043071346740e+00,-4.646889917963429539e+00
1.203714352423437939e+00,5.048629520594072773e+00,4.861166567231857805e+00,-4.675519082389291370e+00
1.553566858293499831e+00,3.244964950913431956e+00,5.961652839538200688e+00,-5.862976754092897202e+00
8.268228333162643828e-01,1.119088787793378614e+00,4.120406501036996794e+00,-5.160206589330774030e+00
1.894611560847849763e+00,2.856364321964111941e+00,7.697356717613715205e+00,-7.417218359401416272e+00
1.782374733199615147e+00,4.100071929848272845e+00,5.662847034217891817e+00,-6.041005942558348885e+00
1.188188503150522379e-02,-8.902185781043673307e-01,1.023508214913182668e+00,1.988041715762600692e-01
3.045246479784073035e+00,4.879054681728760556e+00,9.630963256374654335e+00,-9.677185902026833375e+00
-5.796695199180228464e-01,5.018002599652751083e-01,-9.511804174023463787e-01,1.016305312533391403e+00
1.772585493231381815e+00,3.965898278017570888e+00,9.308049473516724959e+00,-9.546839047339942042e+00
1.442840399217390157e+00,1.987009141075491314e+00,4.473331893033373419e+00,-5.470092043062335208e+00
5.238333544653159812e-01,-8.232166142543850818e-02,3.000431692395004291e+00,-2.551252643354855465e+00
7.466005014589451871e-01,3.818849914013065394e+00,4.533827061098424593e+00,-5.527601045441477901e+00
2.046861757441856611e+00,3.322788003597003215e+00,7.463791793654699802e+00,-8.809448973683876360e+00
6.394782538517604920e-01,1.162417165493729199e+00,1.347513190368915925e+00,-1.937449288461078334e+00
1.155418350886478152e+00,2.742178954380728229e+00,4.841525186940117464e+00,-3.621553092060902479e+00
8.545453106674647525e-01,1.049331419123152642e+00,1.859453942175421925e+00,-1.692742491151049578e+00
1.318613577050548491e+00,4.759954807879316796e+00,5.273617523152311470e+00,-5.013723805485739149e+00
1.020040918124213380e+00,5.040078137731280883e-01,4.243312576653567980e+00,-4.990300438906071001e+00
5.181203765402955241e-01,2.378978410408091548e+00,2.612574149805711343e+00,-1.669975529485435040e+00
1.315223594315097833e+00,2.891715212773708465e+00,5.287507874926832052e+00,-5.466084873187695869e+00
4.876159766291111586e-01,2.001028565086139466e+00,3.057320471920224492e+00,-2.283676020733500067e+00
2.659093720120659476e+00,6.813515854912782110e+00,8.343468615964757973e+00,-1.002553148545398187e+01
1.264865066308392239e+00,3.362389460994246626e+00,5.416423204615137266e+00,-4.388566119750196393e+00
-2.010174150722234820e-01,1.310902696127609124e+00,2.237151372732242294e+00,-1.620930050085283902e+00
1.440768899108077150e+00,2.707775340929809538e+00,5.900610233423805973e+00,-3.766668326820838519e+00
1.700266943096634176e+00,3.085413667522717951e+00,7.005078000318430753e+00,-5.524142947172340001e+00
-5.830740560533691497e-01,-3.521906503729666404e+00,-1.285333284741291493e+00,2.178363515372499393e+00
1.821572064532831270e+00,4.067346567535462754e+00,6.364360626345727745e+00,-6.519874165213447093e+00
2.209729106024889145e-01,2.191058674994915023e+00,2.234593847492357899e+00,-3.133651108103202354e+00
-9.062228054796683807e-02,-1.853547882107382250e-01,1.030026561955637243e+00,-1.168000348275058276e+00
2.133543328462518929e+00,3.630184146017791047e+00,8.053693856460739653e+00,-6.959858500614737764e+00
1.759342858663026643e-02,-6.136946987192382075e-01,2.097020915406301089e+00,-1.208160172598278237e+00
-1.507929565456541887e+00,-4.508305296659743888e+00,-4.360693307761382975e+00,5.717094689316803979e+00
1.559472196143871559e+00,3.076561995374928138e+00,4.100926655320324521e+00,-2.615429315940303923e+00
1.926380289974323201e+00,2.464201711942624051e+00,7.773304405470079281e+00,-7.226075727483960875e+00
1.142957407048382779e+00,1.536039643733377424e+00,5.262013499685532558e+00,-6.223234025971899896e+00
1.893196294301976446e-01,6.651907312512685966e-01,1.706756023230282082e+00,-3.144261646775207808e+00
1.484565222070437507e+00,2.899950043463914717e+00,4.816320640755155758e+00,-4.801231503023942082e+00
1.639330313318273724e+00,3.182546132695269758e+00,7.237960203633392098e+00,-7.899312272676983326e+00
5.376282821250398802e-01,6.086483341212753917e-01,1.743268666291298841e+00,-9.402781949346865620e-01
2.342915539108156864e+00,5.817119411243730553e+00,8.466499501047930920e+00,-9.249994218984831207e+00
-2.576014662416004075e-01,-1.285461626703765958e+00,1.523128505465927596e+00,-2.743098975753260227e+00
2.046810631434320626e+00,4.427411284188472074e+00,7.668762581050486027e+00,-7.641699475121349394e+00
1.745484102298435092e+00,3.758094834450550259e+00,5.514125336721573234e+00,-5.321830398938635298e+00
2.102209223474467592e+00,3.964022079839628621e+00,6.735743999598224008e+00,-6.059317081323380982e+00
-2.311189933776074401e-01,-8.890568639466405187e-01,-7.613424075211121522e-01,1.193373904737276892e+00
1.746949234700804654e+00,3.002075296377232583e+00,5.667590079002327919e+00,-7.095254020869264266e+00
2.211075567709153589e+00,4.783668730121040547e+00,7.445198497129698723e+00,-5.084932018919744223e+00
1.678324057115087697e+00,3.326104321240061612e+00,5.752302104498442148e+00,-5.466323785838690164e+00
5.632697682602982869e-01,7.434048782532233224e-01,2.665467035679136121e+00,-3.651104662449813798e+00
1.229806146258488608e+00,4.260406868258658442e+00,5.740666361758805181e+00,-7.250508301020065716e+00
3.986864310260293642e+00,8.190931553649985375e+00,1.327828059179489451e+01,-1.305538781530055559e+01
-3.286231618946389155e-02,-1.395146964586024163e+00,1.597803089206518701e-01,-1.096684740235308819e+00
6.670351913580836456e-01,2.856957394248116344e+00,4.461670946764376033e+00,-5.175572335679447633e+00
1.653586380953655954e+00,3.750450463359762843e+00,4.882995212187692502e+00,-4.514699591681389457e+00
2.398608982880838347e+00,2.900993695903731684e+00,9.460319328214140455e+00,-9.084587850177234358e+00
-2.998545920934236886e-01,-6.893656934262859526e-02,-1.551090896957162957e-01,-2.775736100782099647e-01
1.642293006458269922e+00,4.641039384077008556e+00,5.188470343903441417e+00,-5.333602858083359877e+00
9.362223332299491885e-01,3.203150423657917578e+00,2.643218989513716810e+00,-3.590661202324833212e+00
5.590555873672886644e-02,-7.066471536300985568e-01,3.618261794815936794e-01,-7.084759803620140906e-01
1.735456618667319262e+00,4.459588307851627853e+00,4.272626159969663107e+00,-4.794670477347894533e+00
-2.178768929850769531e-01,3.339871243567741343e-01,6.823567036548341402e-01,-8.193916724418720543e-01
2.128271717242969263e+00,2.599691961985562294e+00,8.850488390222595925e+00,-9.476088875695673153e+00
-1.117122312896379199e-01,-4.635186433180719101e-01,-8.063377729394600735e-01,6.301373451552161331e-01
-7.222547439339044306e-01,2.970680586137994794e-01,-1.985120561796184013e+00,2.887463730602316758e+00
1.459259689080331990e+00,3.133562870580675952e+00,7.295971731975641639e+00,-7.886706465023478607e+00
3.263397400591350195e-02,4.868761785256766061e-01,2.523483971615318566e+00,-3.398092627468541238e+00
2.189276397006499231e+00,2.403499200474473962e+00,5.736396835159180085e+00,-4.400075277425579579e+00
1.297391010991429505e+00,1.669976589089333441e+00,5.177460171784869836e+00,-5.209915763960013102e+00
1.411570614292071202e+00,2.735711885921963127e+00,6.241345252812197764e+00,-6.212749218567245713e+00
9.274027813851033475e-01,1.874245879003388460e+00,4.123534819703951193e+00,-2.989064103356250612e+00
5.281370130025274667e-01,1.395111590390551326e+00,2.381287531315377848e+00,-1.835710424055543744e+00
-7.439400682698527056e-02,1.497068250538118317e+00,1.676880294436968066e+00,-1.668860227979797273e+00
1.389365276787076109e+00,2.782039111936438047e+00,4.931268941754724189e+00,-4.590791928131918276e+00
1.184546829963705417e+00,2.826208274480935589e+00,3.612378041524675787e+00,-4.979425938377676886e+00
2.327637277902154356e+00,2.517237959529353475e+00,8.588908686523554437e+00,-1.094019222390886092e+01
1.008002041648358160e+00,1.746770361480387779e+00,2.624437174422252106e+00,-1.726603667903318096e+00
7.556234354174092838e-01,2.145235740166012484e+00,2.045868267737330548e+00,-2.413030525518958580e+00
7.018879096344127211e-01,-7.651695015950399359e-02,2.905373058734185499e+00,-3.913536962532601748e+00
8.718773746479387965e-01,3.578336646018745348e+00,4.798335622240450071e+00,-3.772447468279990446e+00
1.654678634592927855e+00,2.610906020102608416e+00,7.228046514318291038e+00,-7.411950511892158922e+00
7.597458080699386329e-01,2.004511348977332297e+00,2.860205489205645879e+00,-2.291437627200048954e+00
2.037946722331061000e+00,3.740953615231400686e+00,8.886953281310248087e+00,-1.066193566809679005e+01
4.760057372285178001e-01,8.881303985764616993e-01,4.560743598897380124e+00,-3.577980953117562812e+00
3.353520536699556853e+00,8.542703668034109299e+00,1.126008025522981804e+01,-1.006158819125640136e+01
1.003842458696080353e+00,1.127666315609360481e+00,4.946864151045751612e+00,-4.161938152660241030e+00
9.493914663202177584e-01,2.832260311828025845e+00,4.166338966611584205e+00,-6.110559589613327347e+00
2.482886604661908025e-01,-1.682956438422480661e+00,1.065318852754381984e+00,3.235508691220716493e-01
1.612484714123625151e+00,2.243308533118254733e+00,6.450842112754883395e+00,-5.448073736621803498e+00
1.275071750621736388e+00,2.256025388473816840e+00,4.798551043158381546e+00,-3.850849240413313002e+00
4.203195684671133803e-01,1.326781132333226809e-01,2.556957093091548838e+00,-3.984131415414285726e+00
1.307134741476884576e+00,1.950937016110611877e+00,5.340836194948533233e+00,-5.294554142461229240e+00
6.446304057910747787e-01,8.356999875802705313e-01,3.096491679511398587e+00,-3.209192475675854972e+00
1.416614422418787100e+00,2.841759955097727719e+00,6.432236275410698312e+00,-5.340119332536067631e+00
1.691918862230081366e+00,3.319313682246969766e+00,4.292500666905677775e+00,-4.238496084255341856e+00
1.584911575399311712e+00,4.276720559391943510e+00,5.020937315813493562e+00,-6.417332618684350010e+00
1.888215426406106845e+00,3.372586101666828817e+00,5.258942635848891101e+00,-4.133896479845647676e+00
-3.447810803508750688e-01,5.057775719676167459e-01,-1.251045875603543855e+00,1.013700516571168331e+00
2.622952809039346356e+00,4.951558278190792528e+00,9.042604910509691507e+00,-7.181279337025820553e+00
1.439662534634297719e+00,3.060406007800406059e+00,4.974254789228729656e+00,-4.775031481052258719e+00
4.838627931036441066e-01,4.721269477349741561e-01,2.848576594594251610e+00,-2.462686415330892498e+00
-4.891140278917851525e-01,-2.108203665312379460e+00,-3.515098693331689672e-01,1.238180832690131350e+00
-7.279157889838794304e-02,-1.942532148204086262e+00,1.887641642187757762e+00,-1.566255984740447360e+00
1.532970301061717278e+00,3.303979765455114403e+00,5.079978687033948503e+00,-5.706494355156257470e+00
-5.192723142193611530e-02,8.643960371593252257e-01,8.801814542183290513e-01,-9.619885461334765075e-02
1.783635835705460471e-01,2.017885068339794863e+00,2.169174864248108570e+00,-2.802555838224748186e+00
-1.175541525373500207e+00,-2.206591215758114455e+00,-1.917127468121710088e+00,3.523303027499244955e+00
7.489055174281711302e-01,4.824132123038027409e-02,3.885675294382376244e+00,-2.429769600714233313e+00
-1.481635140927689331e+00,-3.720830380012889016e+00,-3.294164838734943146e+00,2.912138015700788785e+00
-4.562254830835599240e-01,4.592292152582888587e-01,-1.580356672249376704e+00,5.456096000704224736e-01
2.004209163802384452e+00,3.685863723441865414e+00,6.135786009424218257e+00,-6.250415721573729044e+00
3.370501823692384491e-02,-6.444647616518682787e-01,2.327352479438938637e+00,-2.090931514449863027e+00
1.232292909586912621e+00,3.237379313203093911e+00,3.935527738363387762e+00,-3.346322772650728972e+00
5.361234566009618341e-01,1.058762361563084786e-01,6.781686276058591645e-01,5.720397707589710556e-01
2.829805979559790519e+00,6.485866821479052469e+00,1.045302887696114169e+01,-1.189644101660058340e+01
1.057717729264582296e+00,9.647362341050889079e-01,6.303272918528209701e+00,-3.707608359886954030e+00
2.173443279150808927e+00,3.851819084855803155e+00,9.554442608449891239e+00,-9.396952406581227990e+00
1.909721639811819305e+00,5.173546426949878096e+00,8.508826488873715732e+00,-8.545951495747345916e+00
6.313992969503341435e-01,1.623495842288142921e+00,1.689359450671999996e+00,-9.192270438709126967e-01
-4.435314194291133383e-01,3.522938977001359717e-01,-3.549103164936542321e-01,1.308036356229335340e+00
7.991947747313959960e-01,7.522067353472263740e-01,8.511062900157293498e-01,-1.171132279808811294e+00
1.483531120189094832e+00,4.119436769401698228e+00,6.035221679361444380e+00,-6.154173872983929705e+00
2.626549580948399853e+00,4.957523398765878220e+00,9.365359548683036550e+00,-8.696745434481989889e+00
1.340218652262491261e+00,2.933231465435512053e+00,6.454070648820410483e+00,-5.348359630976914580e+00
1.345357650935186111e-01,1.032351489950982693e+00,1.612373663493307241e-01,-1.057371475741390121e+00
6.014559296149268874e-02,-1.160406653924563880e+00,5.500747775401919615e-01,-1.591279397157252085e+00
2.137305426778961071e+00,6.166536675108834409e+00,7.049423312572894673e+00,-6.001645023277235147e+00
1.944430434376235084e+00,5.542381039383387886e+00,8.709449374202680616e+00,-8.142516334566501257e+00
1.102454900775706736e+00,2.173005926969266977e+00,4.556992951462787822e+00,-4.319415219871418188e+00
3.578063290282704756e-01,9.309605730641620225e-01,2.927841149461311687e+00,-3.401931678259176639e+00
1.518107070779167511e+00,4.360092123476622561e+00,5.650805444888344908e+00,-7.188345067604048566e+00
-2.936921339291966859e-01,-1.426612104237951595e+00,-2.986584339686806921e-01,-8.006448841970643659e-01
-6.775556195831569095e-01,-1.666186631342783109e-01,-1.559020968753477732e+00,1.213266513746687369e+00
1.044914601200964688e+00,3.572918784718544849e+00,3.590862888998190172e+00,-3.946911644658007923e+00
9.517986114501639783e-01,2.421272972889669806e+00,1.007644059683363569e+00,2.052031570218872947e-01
1.665054912150377486e+00,2.197055683862093378e+00,5.992376378117480584e+00,-4.633473441268622040e+00
1.457606630617754417e+00,3.812376766180590515e+00,5.632339656867523914e+00,-6.569178900414082811e+00
2.195786722886003961e-01,1.444574281097040114e+00,1.332835743887853086e+00,-1.692040293458541678e+00
6.215260598726404240e-01,1.871939021213631538e+00,3.888971408127306795e+00,-3.726360399032246473e+00
2.564805614742508233e+00,5.524177893285753704e+00,7.223305550996021118e+00,-5.445691150228369359e+00
1.506764543506104559e+00,4.520158915688202939e+00,5.443606025301357398e+00,-3.929713337006264684e+00
-1.591329445293027778e+00,-4.490799469730459847e+00,-3.142179272641703047e+00,4.154259418398618564e+00
2.980544477235604450e+00,5.217945877265764310e+00,1.072814597085695354e+01,-1.015559647184812953e+01
5.086495404673150311e-01,1.041924533121155738e+00,1.890675582381410980e+00,-1.979499780486828175e+00
7.244917040625935556e-01,2.494977780076451879e+00,1.979632102142659944e+00,-2.265417216733546901e+00
1.539595968693252548e-01,1.062980374925661664e+00,1.643243472501164870e+00,-2.357245198482051940e-01
8.616921547269873471e-02,-4.212462661733037406e-01,2.110143471432636808e+00,-3.958530055098783862e+00
4.034662216181497119e-01,-1.077985670961588482e+00,1.143318495228460963e+00,-1.921659808555167714e+00
2.224977298820569160e+00,4.339116531728658188e+00,7.652425140356384325e+00,-9.269397076570278671e+00
8.176541994218775589e-01,1.104887869848314663e+00,5.219014079971508124e+00,-2.918663452892131804e+00
6.011279687927870707e-01,4.626241061051570291e-01,1.251811453713360223e+00,-1.039789286618012509e+00
-1.083190874581210217e-01,-1.307810860550585819e+00,2.006334624371886477e+00,-1.834356788757515622e+00
1.306380926282884047e+00,2.688018902717546510e+00,5.747717339760130884e+00,-6.509367050425570511e+00
2.561883193035784601e+00,4.648561346922337023e+00,8.624377161824304139e+00,-9.143018237130366543e+00
7.913609570184481079e-01,3.284403704809084612e-01,4.930154435199723295e+00,-3.599673386486315074e+00
1.079388831878238753e+00,2.106422833151652796e+00,4.168762448382306474e+00,-3.902393200343724722e+00
1.510425248258103981e+00,2.364449029345360387e+00,5.698722259758684849e+00,-4.609011824630798948e+00
-6.920186652534996430e-01,-2.768167249583417977e+00,3.879335945489756909e-01,-7.347768394733196207e-01
1.463525150394068275e+00,5.235231560811063112e+00,4.911068838850422225e+00,-5.404020113339316644e+00
8.412338827010018560e-01,1.363015501420662412e+00,3.525513143570601304e+00,-2.590657653316275955e+00
1.984477989562810851e+00,2.480931373917314442e+00,6.765349813534904833e+00,-7.992768225088684453e+00
1.346020691738893271e+00,1.841797594254997117e+00,5.643752645866643824e+00,-4.761387628546419393e+00
-5.688927696796257649e-01,-2.085153816567336005e+00,-1.002774931873863462e+00,1.911168660611294978e+00
4.629440730944254234e-01,1.329993657012965347e+00,2.818741408732892140e+00,-2.956553294768261786e+00
1.117232175747256306e+00,1.283718096329073077e+00,3.677904515844991451e+00,-4.475048876559749367e+00
1.385812298364221373e+00,1.648773436936721737e+00,4.074799835692540562e+00,-3.785491346463859763e+00
2.063788094477625901e+00,5.305322652105760817e+00,7.043695574641742674e+00,-7.118964902495310554e+00
1.234001527310209623e+00,2.587836619578966602e+00,5.032303891033401477e+00,-6.775267198700158922e+00
8.188062141702081576e-01,2.448488613120884949e+00,3.790597026940608405e+00,-4.770677643273643298e+00
4.221087586963758742e-01,1.505589898212660760e+00,1.425371994061502390e+00,-2.781162616022558876e-01
1.489437757729290990e+00,2.195238852958545372e+00,5.630500174232599520e+00,-5.338241246011842911e+00
8.370960348094969028e-01,3.299631963673742341e+00,3.857533540595752264e+00,-3.562215192812919984e+00
-1.193463728609585051e+00,-1.151131439428924708e+00,-1.953900926152355222e+00,9.948714561652717281e-01
6.751547481373919579e-01,1.289525141999934510e+00,2.918067757367379667e+00,-4.022924785207829146e+00
3.704925991804142615e+00,6.951980105047780967e+00,1.304231601223678894e+01,-1.206258576421492812e+01
1.574246182558205032e+00,3.316497023725542448e+00,5.309825773440090657e+00,-6.025692904209200229e+00
1.269748172940582842e+00,2.207927324861060470e+00,4.522699186378587477e+00,-3.798005499493746662e+00
2.271307126480825112e+00,4.321942806434300621e+00,8.134099755318821678e+00,-6.838578570839465520e+00
1.444950742533315013e+00,4.193387671170142994e+00,5.486319439723948754e+00,-6.092700167059647676e+00
1.222231087938331795e+00,3.989447315871031297e+00,5.541304435642492088e+00,-3.341178373378314248e+00
1.935885484557401615e+00,2.901327845899302371e+00,7.022053227313691970e+00,-7.439508809586493854e+00
1.054328160163166217e+00,1.519804164824854809e+00,4.437454670398971679e+00,-4.487032714331708583e+00
3.798275869489557977e+00,7.203855084289165767e+00,1.326770512222420173e+01,-1.184553697145491924e+01
-1.003176196810064980e-01,-1.390475331310146112e+00,-6.921079941932672952e-02,2.681356866430381070e-01
2.454118963192232883e+00,5.360952444169042153e+00,1.069454359249311182e+01,-1.258273985134655248e+01
1.504736808786295565e-01,1.004866745481178603e+00,1.838014746744785377e+00,-1.247387323930079672e+00
1.223617773740435899e+00,1.171525137576596931e+00,6.258732846614239342e+00,-7.107282422324962212e+00
7.890796526337701122e-01,3.248588058874914530e+00,2.680877463773418512e+00,-5.340180648940135555e+00
1.484875000091417485e+00,3.969232074112897912e+00,5.700582232980691444e+00,-3.257480528655954277e+00
3.317582458707803994e+00,4.972012627729093026e+00,8.385303146939127927e+00,-8.358419055153248678e+00
-8.658963999530260303e-01,-1.923492326552878273e+00,-1.757158538988266905e+00,5.502667816204214191e-01
2.060410518069768493e+00,3.276814888769757683e+00,7.651261407090811595e+00,-8.604551079739239938e+00
-8.385478238867047907e-01,-1.546993104550832943e+00,-1.947595253568899176e+00,2.921105986800229815e+00
9.372571410392812608e-01,6.548956799073979429e-01,2.522399744024978574e+00,-2.261590088956702438e+00
1.423383055582909673e+00,3.722856459008625052e+00,3.347311128500347621e+00,-1.670640724696056179e+00
-1.000721596072138286e+00,-1.302375792884263639e+00,-3.133285158309886853e+00,3.646925825984171698e+00
7.503435472617527857e-01,1.661497379972163735e+00,5.323088210028167566e+00,-5.667752625907752417e+00
2.291894655124890434e+00,3.249970579969258644e+00,6.020488879818128858e+00,-5.669125506466256681e+00
2.137416352009461340e-01,-1.479440581084787487e+00,1.939550224148439472e+00,-2.614036929930190212e+00
1.265018502589140281e+00,1.878458494958632485e+00,4.223923084562227537e+00,-6.035368480775993305e+00
5.652908658795552377e-01,7.151451733478122463e-01,2.827444781214556002e+00,-1.473949532846785981e+00
7.173722302805884965e-03,3.065851372829486721e-01,3.948214048419346200e-01,-6.719809914215917335e-01
2.391782800147892907e+00,3.896824792686555128e+00,9.850060327177642350e+00,-1.015029093120905657e+01
6.069601470450587399e-01,1.987734103135620156e+00,2.262567015110048096e+00,-2.110036321165297934e+00
-9.327132637271073889e-01,-2.874885712672021754e+00,-3.151783021655597317e+00,4.016440197751316887e+00
1.774764904718678871e+00,4.251400448703020807e+00,5.867929393609548683e+00,-7.389150956694320094e+00
-6.541972334073200557e-01,-2.170688830613770826e+00,-2.613474698806151908e-01,-2.762306855919579585e-01
2.443055945188200795e+00,3.051888904049834039e+00,7.667003248450306785e+00,-8.867366522862942801e+00
8.344041698892215031e-01,2.272545441723308635e+00,3.955276150310544914e+00,-5.001773976168582436e+00
5.748096015827850458e-01,-2.489307964102214221e-01,2.189912235478499447e+00,-3.322136917789040744e+00
9.676681330843240891e-01,1.709100884233734519e+00,4.108982227147888189e+00,-4.236628056938581466e+00
7.333580790350977541e-01,7.716147129754424849e-01,1.862601300301578888e+00,-2.312630727142912512e+00
2.299180709502411935e-01,-3.745455336069997143e-01,2.559699165151274158e+00,-2.509202356676174528e+00
1.765002300967366322e+00,4.168427396593223477e+00,4.843740348066232215e+00,-4.935958756294421157e+00
1.839212066338865803e+00,4.840006583894844283e+00,6.923750038359332670e+00,-5.732617548578905264e+00
1.998889946606850376e+00,3.749080572036124437e+00,8.021362758654719372e+00,-6.963229265953434499e+00
8.601568524940105265e-01,1.773829811337691797e+00,3.560715337304383610e+00,-2.696161481654058889e+00
1.531197867346995700e+00,2.021097932783852080e+00,5.468899789134071376e+00,-6.780457839597094249e+00
1.389189650989591795e+00,1.808478835362694603e+00,4.860862276340601973e+00,-6.965469176106516613e+00
4.896279357182783398e-01,1.220009834900115386e+00,2.561978078958841110e+00,-3.477858693262577461e+00
4.106746661207270055e-01,9.708934855714146384e-01,4.481152432385515638e+00,-3.725751284742751857e+00
4.530176929838413136e-01,4.283838367500459876e-01,8.589813461380575443e-01,-1.341913288752868416e-01
1.196274706441394997e+00,3.869140481805557918e+00,5.654427703894556956e+00,-5.243905685830556607e+00
1.577068514223670670e-01,6.341388104554245286e-01,2.271454280610951670e+00,-1.890474407723843564e+00
3.835562406197501328e-02,-4.970602995963548931e-01,2.046927285340413682e+00,-1.181603910731403140e+00
-5.054881725428128636e-01,-4.314300425027071118e-01,3.436974373544730010e-01,2.266266458635907810e+00
-1.343297314584250390e+00,-2.736744904424492031e+00,-2.912705645718995928e+00,3.867048779583853513e+00
3.595262444744938612e+00,7.107689127260158557e+00,1.219402208479233174e+01,-1.320382232240727127e+01
1.647639044322795954e+00,3.282872890734498394e+00,5.533309876492334745e+00,-6.527841461645121690e+00
1.201193329189570669e+00,-1.043601028784775231e-01,4.680569884836977224e+00,-4.241801033305863555e+00
-9.437925170881289461e-01,-2.008999474845852173e+00,-1.846704889427301932e+00,1.888941076518146467e+00
-1.381111076252433456e+00,-4.391862289172367539e+00,-4.008721771185169480e+00,4.507479694943180348e+00
7.827631342856223862e-01,1.845446634224438665e+00,3.603043835559513575e+00,-3.418918475578662797e+00
8.310004244200173140e-01,2.882904446573516744e+00,4.602240232332025727e+00,-4.389736300398544344e+00
5.417502803194278460e-01,2.949413219757661686e+00,2.585764850834434192e+00,-4.974671436889033238e-01
7.824245499695358097e-01,2.649848094001963084e+00,3.092909444775835848e+00,-4.396604850558678557e+00
1.991053852472082220e+00,5.424345375925714308e+00,6.670691090916887056e+00,-7.510438929036117983e+00
1.047182484584296303e+00,1.770082732113344104e+00,4.209364523014470727e+00,-5.024094185217872877e+00
1.569123365842423290e+00,3.365711036028598446e+00,6.482113676075552888e+00,-6.846601749994951192e+00
1.086716073722936660e+00,1.555817447484734384e+00,2.653183662138399512e+00,-2.685005302866401600e+00
1.643760941154002175e+00,2.323764042006152053e+00,4.342011221285083877e+00,-3.643836073724795455e+00
9.105846816165665825e-01,2.109849258217479484e+00,4.931313757636224260e+00,-3.587127972423020950e+00
6.054647118936542505e-01,5.994466544321899182e-01,8.886805398685069246e-01,-6.085482115663901626e-01
3.138248691462834916e-01,1.897312934048889899e+00,-5.429492468393859461e-02,-7.957256866564056397e-01
2.603471824857329642e-01,4.966981887352814873e-01,1.405518508405390055e+00,-8.554169284493668979e-01
1.253519472312588201e+00,2.236113315413794211e+00,3.922223824636460687e+00,-2.393459371294122118e+00
8.554823143374434835e-02,-7.305822552839642547e-01,1.078815579613392694e+00,-9.169280685162841671e-01
5.927097470326547768e-02,-9.753660091528699727e-01,1.100293760280351751e+00,-3.237921811761177882e+00
3.121095917460174896e-01,6.397446845536503002e-02,1.450482183590859009e+00,-5.918430575850843756e-01
9.181626188248952491e-01,1.140324382033473860e+00,5.151135186846603098e+00,-2.995360344663438923e+00
-3.532002377026053352e-01,-1.502935538752222744e+00,-5.424396107164257685e-01,7.925749125026521069e-02
4.766383474782458496e-01,1.271903542649563068e+00,2.269125913831122610e+00,-1.571164972600437082e+00
7.833155807923068981e-01,1.056561338668785099e+00,3.858218763425821152e+00,-2.701629565819620105e+00
1.298554772874849217e-01,4.748589539602513510e-01,5.805579650243792855e-01,-1.829453290092899698e+00
1.340054164794040936e+00,2.461823986102760209e+00,5.354727168110258617e+00,-3.761570695726322633e+00
1.120434921979317489e+00,3.280148075603762869e+00,4.111997288519447125e+00,-4.427422348462609847e+00
2.786587441129847464e-01,-1.462235116766855691e+00,2.800730732560466674e+00,-3.223886763067397521e+00
-3.178591534483028447e-01,6.170217344510278146e-01,-1.536910893549324086e+00,2.100538185925175494e+00
8.354515672154639860e-01,2.999291981862640011e+00,2.894974830989375469e+00,-3.024700283303676684e+00
1.051255936599490015e+00,1.651947933660479428e+00,5.691256501081118913e+00,-5.895773781774976463e+00
8.568675794387690114e-01,2.046658770652374670e+00,2.677062987780715275e+00,-3.373053221667915214e+00
8.649983005537613678e-01,7.447774125445847382e-01,4.229610994845223182e+00,-4.393045806201338443e+00
1.325415101553704345e+00,2.730110343836603892e+00,4.258805626374861930e+00,-6.494880045672740465e+00
-2.129684098880960885e+00,-3.231082381275776072e+00,-6.021498047590526426e+00,5.093512453359095637e+00
2.061326819885962447e-01,3.465590069315561683e-01,3.622434828753711145e-01,1.232698939327791843e+00
1.256990009401494079e+00,3.199307868508213026e+00,4.948985290846112051e+00,-5.278278556082420359e+00
1.770665368529430905e+00,5.583597175526808343e+00,6.274303230771364426e+00,-6.792753247521475579e+00
1.436953051426860473e+00,2.834603937995590961e+00,5.792356965104969113e+00,-5.628526508512418758e+00
1.383874222586843006e+00,3.255729856925029697e+00,4.007391514580927350e+00,-5.232797912159087517e+00
-2.165761968153784967e+00,-2.831642386902122333e+00,-5.845023260752716610e+00,5.074930428410040051e+00
3.858743489757668899e-01,3.656345211208176238e-01,1.865266779607670733e+00,-2.366174303890621555e+00
2.152133634838379717e+00,5.015693676606094442e+00,6.421287310398906101e+00,-7.877326013394669424e+00
1.768510652462482735e+00,3.811843826344950781e+00,7.314067548824770171e+00,-7.264388182412607087e+00
1.623624774375276969e+00,2.793034445395120802e+00,5.898819915245627321e+00,-4.986788726931749238e+00
1.962278605686768707e+00,2.460609924867366516e+00,6.215900972308075367e+00,-5.665079295665724324e+00
2.857883143294301043e+00,5.777053652813690654e+00,8.939381328226033929e+00,-9.846109979549765967e+00
-1.743782258826960252e+00,-3.919007063771964283e+00,-4.658387831677159419e+00,3.711932742485609449e+00
1.672155832230419303e+00,2.803919937675393381e+00,6.057877663812237579e+00,-5.420197738042271673e+00
4.798472163658786815e-01,5.603871446881009133e-01,2.855714179063718383e+00,-1.813316465458218563e+00
2.684431204702537155e+00,5.971105904679925303e+00,1.021462942946127050e+01,-1.011321986351686775e+01
2.504718240839479471e+00,2.902702744577267957e+00,8.568613188927660218e+00,-6.647316961056188411e+00
1.295406768090881844e+00,3.925280350660476980e+00,6.148055745809415384e+00,-5.222060818803818449e+00
1.356445307232051034e+00,3.578112239576626941e+00,5.386616159786740354e+00,-6.267327241660857418e+00
-7.626286215865629714e-01,-2.094952614207895358e+00,-1.436748359713356127e+00,1.856698641889519497e+00
2.618212175922698393e+00,5.922494649619888030e+00,8.421566454573033766e+00,-8.254839008436704262e+00
8.688417126785333844e-01,1.503913004277612320e+00,4.875405141512227480e+00,-4.082421852513039795e+00
2.920398982090318452e+00,5.147196470874674468e+00,1.042682157131005916e+01,-1.276329036434794872e+01
1.634591694143085139e+00,3.223727151139545999e+00,6.956495381890649199e+00,-6.624681116991252061e+00
1.664331900645904749e+00,3.808941074244663216e+00,7.419135168110562617e+00,-6.090945295796644565e+00
8.877206406702550234e-01,-3.862041510463432026e-02,2.706836094635006074e+00,-1.429620485526099660e+00
-7.710139124330805949e-02,-1.588813182091289633e+00,3.529701996728334956e-01,-1.706400702680940795e-01
4.964264804139152387e-01,8.768317230342674851e-01,1.849706216715073070e+00,-2.703937510545671774e+00
2.240604268553074707e+00,3.077972948842869982e+00,8.469930093116952108e+00,-8.714590288758778058e+00
9.289517400274842629e-01,2.717727382780562362e+00,3.423447829463852177e+00,-4.084529805372449474e+00
2.895421411659181432e-01,1.745983048176368957e+00,2.144600650330994007e+00,-1.613583616143351662e+00
2.161559734549322265e+00,3.685708810168786265e+00,7.943809935370792275e+00,-5.724656498298440255e+00
-2.513845391050777422e-01,2.428300742742430796e-01,6.547034196619546664e-01,-1.021912360291543864e+00
3.228901653637894942e+00,6.071711759762608018e+00,1.122205405384670129e+01,-1.231537991086599426e+01
1.878775262985740158e-01,-6.150222755033554201e-01,2.078762531637463162e+00,-1.408498665842168096e+00
2.004202481685441128e+00,4.295776963846489771e+00,7.450514654858809926e+00,-5.988311269030736739e+00
1.696685178098946256e+00,3.140607870380525135e+00,5.605730066072868389e+00,-6.073529901060097380e+00
-4.191125100453485519e-01,-3.055400165678300306e-01,1.893509712298919179e-01,1.567662118932080073e+00
2.417057172128010745e+00,3.876621795026012673e+00,8.653193773908876452e+00,-7.899874798748321325e+00
1.699852839997954890e+00,3.934205281987557257e+00,5.197777621756729971e+00,-4.146694926401318426e+00
-1.242926816926249067e+00,4.812961702429014998e-01,-2.851183127456066835e+00,2.567780315048825202e+00
4.299100185856248313e-01,3.714200606536148253e-01,6.370128538787267480e-01,8.631131450746292177e-01
1.352790329618730469e+00,4.095872550578933513e+00,5.849702473024329663e+00,-5.609577657846896770e+00
8.528248764485159006e-01,1.742082545588901965e+00,4.103518616728684343e+00,-2.951058057359774445e+00
2.212107008332765190e+00,4.725640200114216150e+00,6.931472680739085845e+00,-7.771565976984224022e+00
-1.344355149400969562e+00,-3.233898326070060669e+00,-2.089158597679212193e+00,6.925308289005678297e-01
1.348552078953979327e+00,3.115166011448875949e+00,5.397847009175833932e+00,-5.634790500603936714e+00
-1.261471130398365226e+00,-3.309424597370984600e+00,-2.079916126982669144e+00,1.063544270641001432e+00
1.228180805546270182e+00,2.802151526396410297e+00,4.122689841937781097e+00,-2.307398870221097020e+00
1.614261938063893620e+00,2.121122958864523067e+00,7.484871983871759227e+00,-6.011421243171938045e+00
1.838771560166535313e+00,3.573837795077878798e+00,6.327239228742609356e+00,-5.757538709718867054e+00
1.960599267432073356e+00,3.064061558064513413e+00,5.846663690381912915e+00,-5.555245727588264515e+00
1.498426407288349527e+00,1.731730734777058967e+00,5.862963632847032258e+00,-6.305004729732844204e+00
1.180473102006608821e+00,3.474123990606116319e+00,5.535275992308672954e+00,-4.476106103352284649e+00
1.829851329062040843e+00,4.036216733409970558e+00,7.484104002873855244e+00,-7.474002521396835519e+00
1.406389293690919695e+00,3.288510306348025658e+00,4.476683070168855139e+00,-4.152957947770573810e+00
-2.104556745416883423e-01,7.297446488798420283e-01,4.791169324539750196e-01,-6.713266668005879456e-02
6.176861960983841549e-01,1.917372981519759989e+00,1.610171331439068654e+00,-2.203064829247649126e+00
5.308248560447752507e-01,4.007645984690522134e-02,2.553292333363494482e+00,-2.350389597958207233e+00
1.379376705469907094e+00,3.463713662262516202e+00,6.367050047371813903e+00,-8.053212845738842773e+00
-5.658323604487038860e-01,-1.211164027342304328e+00,-1.712021325105619773e+00,1.725879804112401272e+00
-9.290721991429717885e-01,-8.631159506599804798e-01,-2.007164681527723094e+00,1.495124279578498250e+00
1.488965012238881780e+00,3.688942981711511138e+00,5.243648256797245999e+00,-3.967318110523284869e+00
4.893004028069471989e-01,2.710394249150279045e+00,2.616895942737760272e+00,-1.983584248231126113e+00
9.677984962731791541e-01,2.445910427797580500e+00,4.318046818198012282e+00,-4.590808714968318327e+00
3.215637505840645449e+00,6.431939615076976757e+00,1.118173266580401481e+01,-1.235775384257946641e+01
-1.346432574717621566e+00,-2.888159798447356152e+00,-3.478787315284359138e+00,2.956760406782729333e+00
-1.011485242608104240e+00,-3.115633473047100921e+00,-3.690966624906803606e+00,3.658578723832377477e+00
6.030345364459436253e-01,2.907211637510434876e+00,3.413054940844248986e+00,-3.940096980385148218e+00
1.939557364547001006e+00,2.864262484965589550e+00,6.582518140230488868e+00,-5.159469189078340179e+00
1.363519296532263558e+00,3.047369297354344475e+00,6.002863218460796624e+00,-7.332192673403980621e+00
5.304083206305880704e-01,5.892962852252658923e-01,2.809572698658846068e+00,-2.592945793584616077e+00
9.812237699884545084e-01,2.080749215932760077e+00,3.873900413559354217e+00,-3.644142883602336624e+00
-4.483176793627230428e-01,-6.051037369336138561e-01,3.727498264621272872e-01,-5.093239380151355356e-01
-4.967529811450954735e-01,2.994192690890089548e-01,1.421750197787348124e+00,-1.110614986140324500e+00
1.211256693337109391e+00,5.735525737977331673e-02,7.564131232004485561e+00,-8.085937420243585194e+00
3.740721675709807181e-01,9.949975816064001721e-01,2.269803403921063278e+00,-2.666342956367976136e+00
5.173693303586623937e-02,1.695678736072642412e+00,8.312943694284111729e-01,1.734891614562204865e+00
8.707047374143319640e-01,1.852588870333607751e+00,4.526235967012503636e+00,-4.457427236520477898e+00
1.938907978208737726e+00,2.195443588173963789e+00,6.935866958024024420e+00,-8.421199590186247974e+00
8.494977632956277613e-01,3.523987063421481825e+00,3.671953414001122962e+00,-4.487057585194004439e+00
2.885490670550074910e+00,5.039925133083756670e+00,1.030006166053588856e+01,-9.514066700202414850e+00
8.747031311851183322e-02,8.954460958552235006e-03,3.910134618260823203e-01,-1.725780478955818986e-01
2.469421949151634266e+00,6.864735399996682474e+00,7.107333117316209758e+00,-9.317558570708836641e+00
4.747480850964714838e-01,7.725808809846292924e-01,3.334707856688551963e+00,-3.852380647784917400e+00
1.866539626907458782e+00,4.820857063047387925e+00,5.921395079514406135e+00,-6.215768181514591539e+00
6.482160154836291710e-02,-3.154770971647525291e-01,9.829343784777879733e-01,-2.955858749129518515e-01
7.521366481868718701e-01,1.994565913255752942e+00,2.562263652975304673e+00,-1.792024474868454620e+00
1.732792890363086258e-01,9.848747671896623812e-01,4.179721027991934790e+00,-5.115833270481765283e+00
-2.226453921526891921e-01,3.678146595436615485e-01,8.610112069677158253e-01,1.199422503576972776e+00
1.299012421806559736e+00,2.287945517208394897e+00,2.997906375270067869e+00,-2.275518592929603123e+00
7.867052876348432644e-01,2.269485369651415230e+00,2.656612122769719253e+00,-2.779345824715734103e+00
2.476154040218390584e+00,3.712697651013813882e+00,1.036740744185572538e+01,-1.032121414918867153e+01
-5.513047820777718933e-01,-2.282043128911512397e+00,1.311358165717272595e+00,-2.449296359296922798e+00
-2.669019480926337895e-01,-2.452323407566504576e-01,-1.299413526287391152e+00,2.592289100075370722e+00
-4.067006625444131718e-01,-6.331779475071876995e-01,-1.593831733493837666e+00,1.083371693961611371e+00
1.065267327282087395e+00,2.484546159967611523e+00,3.087967396946664778e+00,-3.360893764497538960e+00
7.994419331354010172e-01,1.228201091504238951e+00,4.050345961129330874e+00,-3.254019787478133807e+00
1.322044932794134375e+00,3.814654058792996238e+00,4.424413466332683065e+00,-5.258348571203515398e+00
2.458989720984503080e+00,5.687756649209489979e+00,6.881377985479169901e+00,-7.271639373634722681e+00
-7.742810027098714354e-01,7.222208174359465715e-01,1.770022581604117295e+00,-2.821425423875620009e+00
1.293432498257293117e-01,-7.376545509873548845e-01,3.054147396441926787e+00,-2.414940182412682379e+00
1.720455583860323934e+00,3.278024289072572817e+00,5.322290906432671775e+00,-4.898607485368828840e+00
2.651513417010688656e+00,5.224342986377356723e+00,8.226419824627285493e+00,-7.104100913580653653e+00
4.171097780682571088e-01,1.304939627495561583e+00,1.668088727392948556e+00,-5.225393952400114728e-02
1.023930159544214735e+00,2.772314303485428510e+00,1.656043902132963375e+00,-6.902029812959962207e-01
2.332658505333521592e+00,6.518799477418450117e+00,5.940758991764788277e+00,-5.822796436122010810e+00
2.456284133833994687e-01,2.482381042959793949e-01,6.321735629315383687e-01,-8.855943352343852437e-01
2.060869040328747737e+00,4.327689853685574128e+00,6.105322914349493146e+00,-5.932860544021694160e+00
1.717836307455524292e+00,4.427145334950868261e+00,7.418442137219191324e+00,-7.112560354869475354e+00
7.397510556444477636e-01,1.543389934305594346e+00,2.920740480669510752e+00,-4.288663457281094438e+00
1.200242241898934914e+00,1.450969589879083088e+00,4.068163613532431278e+00,-4.487498279606832341e+00
4.677075771991203723e-01,-1.111073180195552013e+00,2.787552803275024971e+00,-3.151781766097114357e+00
1.221145243160586702e+00,3.740610312456307263e+00,3.804311732533494084e+00,-4.418154942301494081e+00
-1.364798589120763683e-01,5.314712979491553746e-01,6.788635027241287645e-01,-1.009402923449966405e+00
2.263225583905243532e+00,3.080940354680148818e+00,7.859129616270825736e+00,-9.654704640837573848e+00
-4.985958056261856619e-01,-2.069752251469636484e+00,-3.307152713361113938e-01,-2.818901463691945719e-01
7.008478880032974478e-01,3.152362930469875479e+00,-2.614866750314481791e-01,2.243420863439096635e+00
1.517769980706864974e+00,2.811745981684644402e+00,6.338142532440738997e+00,-5.596175262464226030e+00
1.695073562691506330e+00,4.387197355092384399e+00,7.682610851927014650e+00,-7.059321649657274378e+00
1.265354322253392949e+00,2.202206644008685377e+00,4.022103774516777364e+00,-4.186524074132394801e+00
2.113326006616716768e+00,2.624293528670391673e+00,5.794474599327108066e+00,-5.956832168123144200e+00
1.029145598093942127e+00,2.236244505547174466e+00,6.238312755900730089e+00,-4.722624732396009328e+00
2.308649724009119275e+00,3.987551016556604822e+00,6.808909599195501094e+00,-7.333049424679400019e+00
2.661019776112788282e+00,6.024918530232773684e+00,8.338008329003407937e+00,-5.995965543412090426e+00
1.140676279310243846e+00,2.694575473258854714e+00,4.668818723575570928e+00,-6.329030080768820454e+00
9.008656547163489403e-01,2.458773389691926159e-01,3.014041591408296750e+00,-1.998398296073329083e+00
-3.279724010136075840e-01,8.276610305176010929e-01,9.164713645549381615e-01,-1.533919449806053770e-01
8.875066238003881391e-01,1.022696437052698748e+00,2.824899336531617511e+00,-2.848229750393492576e+00
1.864821175209556703e+00,2.295889323703595331e+00,6.465729568256709747e+00,-7.077887549373305554e+00
1.204789855157998302e-01,1.359893442901036087e+00,1.529355863793202541e+00,-1.111556673694556130e+00
1.581026705262033261e+00,2.300412305802525204e+00,6.205801352535756266e+00,-7.189589078389834853e+00
1.565793350731362388e+00,5.631936345295246227e+00,5.340714344248508105e+00,-3.492075799629658306e+00
3.124346158364886827e-01,-2.031027228174847599e-01,2.221520692337204839e+00,-1.961340978416581171e+00
2.740021606880981286e-01,1.334454161676350781e+00,2.186671155885302475e+00,-1.406816646138895566e+00
2.790841831324600175e+00,6.236301014243543328e+00,1.126626213610077443e+01,-1.130970340655641770e+01
2.599442636986196042e+00,6.751410140932811110e+00,7.458816306282047393e+00,-6.005276220415814770e+00
6.201187615374812445e-01,1.370196183057514006e+00,2.211359924757121398e+00,-1.729397466257295735e+00
1.251900374079335743e+00,2.467371026758999442e+00,4.346253607340404557e+00,-2.981439970663458006e+00
2.185863224096440405e+00,5.403452169771142621e+00,7.323675940344235968e+00,-6.746662320908821009e+00
9.797222431673591192e-02,1.612906662755674736e+00,2.206186571235670080e+00,-2.660850297641099260e+00
-7.345395701736285865e-01,-2.478539798214559831e+00,4.958303719805148280e-01,-6.819929254958949638e-01
1.368380433425879783e-01,9.627098623143451883e-01,2.703890200980314074e+00,-2.018494605174114831e+00
-7.943174373465315963e-01,-7.309016779814331288e-01,-8.270482035776840490e-01,1.288202067014496244e+00
1.647755660153871204e-01,3.251518660220507617e-01,1.707634699595665273e+00,-4.019361861405110758e+00
8.824027634801124842e-01,2.554983316939647420e+00,4.059138236589981297e+00,-4.569257295300795718e+00
3.240812317771261108e-01,4.085133346427073930e-01,2.876106441084519627e+00,-3.565281552305225254e+00
8.669690564747312145e-01,2.476239433486552954e+00,5.024957707982173005e+00,-3.553991875455628779e+00
1.116455193926646494e+00,4.453575446023132045e+00,3.390095061057464498e+00,-2.924463038700969797e+00
-1.256761600278333280e-01,2.136711915358890490e+00,1.610793397864243914e+00,-6.248917048685906916e-01
6.240244007728166231e-01,5.607802022484194016e-01,3.719963722651343119e+00,-3.407423340358158637e+00
8.493901957136210656e-01,2.709616214593038031e+00,3.162249653825973450e+00,-1.358325828068666530e+00
1.278184394743160590e+00,2.875368994088555397e+00,6.426323485089137755e+00,-5.971735972859349317e+00
-8.087633999049814726e-02,-4.436090850591549173e-01,-5.115069960860296749e-02,8.399725939668024610e-01
1.984389781404683362e+00,2.665788850425429235e+00,6.584308750240059460e+00,-4.961760519589508256e+00
1.377653061662448275e+00,4.174531197938169846e+00,5.790632673302326339e+00,-3.852992177023823572e+00
1.822273072616100720e-01,1.234037563786567038e+00,6.467404196363487623e-01,-2.423930369099050797e+00
9.379953613443966498e-01,1.732145201553520364e+00,4.334016550453163141e+00,-4.935806624691714717e+00
8.295000804417271834e-01,1.208765274603611495e+00,3.959615575382545494e+00,-4.799809234482760090e+00
2.107765728544608308e-02,-4.130998443237273166e-01,3.220023710061692412e-01,-1.855086723152953532e+00
2.819423101366069773e+00,5.408273894622642963e+00,9.762847016221826379e+00,-1.079515994123477718e+01
1.431640864009575242e+00,2.877142642023074348e+00,5.654610909035278965e+00,-5.008664831512559701e+00
2.755542246434941056e+00,4.614396761395314961e+00,8.366869849376067592e+00,-9.029775521479527001e+00
1.103141384737924113e+00,1.719031783319355799e+00,4.471310469168095381e+00,-5.418916897281559564e+00
1.637976774974436056e+00,3.098599437784132160e+00,5.620955606109337310e+00,-4.857383741025584456e+00
2.580499129600978270e-01,-9.879787421057473207e-02,2.180688778647390969e+00,-1.462990878322851351e+00
-5.095775475176143043e-01,-4.478582910938235795e-01,1.719198462904006464e+00,-1.411631725682213956e+00
2.308071950640655956e+00,4.757272032764030989e+00,9.028089719078975506e+00,-8.570747788495989283e+00
4.391590593157731481e-01,6.060939918119034875e-01,2.281196056732567090e+00,-2.686164081905774381e+00
8.787367067809374044e-01,2.990002812189644033e+00,1.749488183310868639e+00,-1.307178170265372419e+00
2.368076354355950208e+00,4.496611074704046196e+00,8.901367691575389429e+00,-9.560551235088924571e+00
1.433132477040378605e+00,3.962680422588534590e+00,5.717327229161083935e+00,-5.308839328276510727e+00
-2.445552784693130199e-01,-1.421113390005232624e+00,-1.251684464777591765e+00,1.295644863259772572e+00
2.139389766943589066e-02,-1.346614610710409554e+00,6.783987783078428979e-01,-6.526823012641214117e-02
1.960201730707002543e+00,5.034805197722597825e+00,6.527569492718078514e+00,-5.216876187653044283e+00
2.075655079909495271e+00,4.135527720382839334e+00,7.954326773879271784e+00,-9.429975623734037526e+00
2.187900353295443967e+00,2.730977947551317175e+00,7.137953685186762876e+00,-7.269096146829486571e+00
1.709778585352497160e+00,2.220944728090406883e+00,6.165299581133074192e+00,-5.396921786069308169e+00
1.170307651426950368e+00,3.701335770119821955e+00,5.816182613687512770e+00,-5.365001486411401288e+00
6.641162526727187876e-01,1.544690408990081032e+00,3.161581461617570810e+00,-3.655292015414805196e+00
1.897064845763235086e+00,3.178173877929309832e+00,7.904034729213593735e+00,-9.782588008722358452e+00
-5.095212335474668119e-01,-1.370475323790794064e+00,-2.595363651566257701e+00,2.473341085552382523e+00
1.354804231387267466e+00,3.159618872395062006e+00,5.061664801325983731e+00,-5.484432184198396065e+00
2.510763387207312292e+00,7.533627956140424686e+00,7.682030646809542063e+00,-7.415653802761297264e+00
2.011276241748974236e+00,5.045742995874803682e+00,5.680372086876827709e+00,-5.789144682938379027e+00
-2.434571437557986329e-03,-1.113617572082132412e+00,1.738748791523648585e+00,-1.815750931918980848e+00
1.354957089649553525e+00,3.738935759016039029e+00,5.958083234285694196e+00,-5.777735737671675587e+00
3.877770066020702622e+00,7.826613863259622939e+00,1.250820741143207826e+01,-1.376151452536741893e+01
-1.867068676008556416e-01,-2.344404562517591550e+00,6.192572238666470552e-01,-1.580353946542978116e+00
4.601640416099219699e-01,1.225802859965069214e+00,-3.902074826320145462e-02,-7.483694419980777557e-01
-1.684156363876292861e+00,-2.528550028474574773e+00,-3.649025485116680123e+00,2.850462816031102520e+00
5.972089489562921738e-01,1.408662519013410996e+00,2.056825837560666947e+00,-1.554637927194167046e+00
5.434828690432071951e-01,2.992136005281783806e+00,1.341291731821642408e+00,-8.973399096471310621e-01
1.062965024734308539e+00,1.396697447453991492e+00,5.280465701996101657e+00,-5.080202641069902825e+00
1.381842971012973154e+00,2.649809909738840563e+00,3.845129620987010277e+00,-3.261357097831300678e+00
-5.232384992497669529e-01,-5.176054297994405751e-01,-1.093366197447394605e-01,7.113371975925339985e-01
-2.767868743109072049e-01,-1.195737978616387753e+00,-1.176891452358202361e+00,1.568162483244149419e+00
1.521978106659695129e+00,4.016472306020586913e+00,4.338745087529078504e+00,-5.778809977239660611e+00
1.252822541768441544e+00,2.212912737958850684e+00,4.267797944281014111e+00,-3.583034899287925512e+00
3.728248281573393053e-01,6.576734219006212800e-01,4.200210864800004273e+00,-4.923084779427825630e+00
1.764307804829804205e+00,4.369422082453174205e+00,7.483237439880605635e+00,-7.062009386795092603e+00
2.044075293574896701e+00,1.973355349994237784e+00,6.429033484897102468e+00,-6.134282845382228899e+00
2.228250112763452861e+00,5.330329305392816686e+00,7.414131308432438949e+00,-8.104118409663854550e+00
1.532624474380024804e+00,3.191142807397115089e+00,5.597181012934616895e+00,-3.734038597066856813e+00
1.567635307104672471e+00,2.519189845767836111e+00,6.958321879222244988e+00,-5.575840044169832588e+00
-4.799775775899586261e-01,-3.212728196861084351e-01,2.190998035528870513e-01,-4.026374845648476031e-01
1.524022968265470901e+00,2.922111250300160279e+00,5.013519191551016441e+00,-4.738612458019343165e+00
-5.865994950148809561e-01,-1.605730994859029481e+00,-8.619375664102524315e-01,-2.535509406884950412e-01
-7.439759408348711744e-02,-7.074232871782419885e-01,1.176689937387956908e-01,-6.365347008510380267e-01
-3.204844811535036975e-01,-1.910854121989755128e-01,-5.478737161310588411e-01,-6.155331351082901081e-01
-6.102093370096668412e-01,1.195221160699087015e-01,-3.223788578659367410e+00,2.470108035678022951e+00
1.026116129373864094e-01,4.379306849277506131e-02,7.591067947427903029e-01,-1.033687458004959314e+00
7.067684504699467407e-02,-7.094163849002218525e-01,7.253355849422368218e-01,2.696786152922548752e+00
1.417094020295754930e+00,3.830941220335453146e+00,5.990610950203208773e+00,-6.189892301083495418e+00
7.986257214290510831e-01,2.618797223750517489e+00,3.472071787890625316e+00,-3.175910280666405683e+00
1.115664060800718893e+00,3.210649136183181707e+00,5.279567076219810140e+00,-6.672485067931833491e+00
2.860045858410056319e+00,6.482916529066931943e+00,8.168719503736866727e+00,-8.784731428422622557e+00
1.027832167409641562e+00,2.998173911538845715e+00,5.987495674800680234e+00,-5.281505763023237598e+00
1.780774078216366130e+00,4.205674619546820203e+00,5.819942737186758031e+00,-6.222141238382736361e+00
9.812267444113470516e-01,1.414365496515103793e+00,5.175826618355675812e+00,-4.386586616985373333e+00
8.371255547923995843e-01,1.556728298260171339e+00,5.018007282647523937e+00,-4.852074114115155545e+00
6.341434224984365819e-01,1.894717257037594749e+00,1.898924303456496432e+00,-2.503936301357393646e+00
2.330012814952904243e+00,4.716628114686304052e+00,8.170360006035826572e+00,-8.588019885344440496e+00
3.685475503686711507e-01,1.194352598675065158e+00,1.301434512716122871e+00,2.794710533972004640e-01
8.525320961851112767e-01,1.776142719866641961e+00,3.144305166856251610e+00,-1.791441505680027468e+00
3.120775396899851950e-01,2.785305809315152259e-01,1.510401966157416176e+00,-1.362613715555831551e+00
5.151073740274330071e-01,6.294239435508162117e-01,2.618612753209976773e+00,-4.174109222479792436e+00
-2.283701238029525182e-01,1.587003018815726918e+00,1.906164112986740711e-01,1.266159294447741335e+00
1.372367444479579479e+00,3.097732309035603926e+00,5.971052979159060747e+00,-6.045173819132899418e+00
6.661980266909000026e-01,2.302474854293270923e+00,7.427727785080966427e-01,-1.127176643268432255e+00
1.160001864699465868e+00,3.131305057758345889e+00,5.802400309505503451e+00,-5.016557567565548048e+00
1.458352334215854196e+00,2.918552199161772887e+00,5.136298680409620232e+00,-4.337098603554241372e+00
2.522927068432260889e+00,3.861446874281750929e+00,8.384573305004618504e+00,-9.199300426108317552e+00
1.021887087231231117e+00,5.839254415168808610e-01,4.551473268608637213e+00,-3.889666001144871821e+00
-1.552475438137268515e-01,-1.045940834357646232e-01,-1.876012233834035703e-01,1.874512883700627519e+00
-4.313614248871273649e-01,-9.613061942814805638e-01,6.650077660482801578e-01,-1.533763749196158876e+00
1.864387807153062404e+00,3.268632774007697250e+00,6.545319884525341969e+00,-6.653483083903358519e+00
7.735256934094687509e-01,9.998982313359311425e-01,2.206728619569526373e+00,-9.670958068148556297e-01
8.214707296375207690e-01,2.396817574519092719e+00,3.850690395105577313e+00,-3.474244119852702983e+00
-1.172604224219304658e-01,-8.096760837642313913e-01,3.752733580730662766e-01,-1.249587702700932779e+00
9.009063094909876002e-01,2.789186034137184578e+00,4.182470503871190459e+00,-4.151689819318798769e+00
1.982330995387818540e+00,4.723215103703824802e+00,7.373258141313885794e+00,-9.337276749409687326e+00
1.845813946210401513e+00,4.963515305562292035e+00,7.137866122765287535e+00,-6.686928477969686035e+00
2.592873635049333103e-01,-3.761987329014027104e-01,2.826260237145179488e+00,-3.369275632184579816e+00
8.316305929988070389e-01,2.006301657275158856e+00,4.451112399655681173e+00,-3.506849947178257487e+00
-5.388990042291350591e-01,-3.052466622133465535e+00,-5.882339003455047122e-01,7.181178219787004435e-01
3.075996051024956657e+00,4.840820637365363943e+00,9.781381057047376260e+00,-1.024768101139044063e+01
6.920367434240650706e-01,-4.069796234703393356e-01,3.512959737731404353e+00,-3.950609466943930670e+00
1.224452311425836770e+00,2.674374856679348156e+00,5.747575643883368279e+00,-4.767139680556361725e+00
3.630318541403365629e-01,-1.759491334702388166e+00,1.908221959434041048e+00,-3.374166121384913897e+00
6.052064970653625586e-01,3.210670898458575229e-01,3.733259796254134510e+00,-3.214749976787605767e+00
3.951042628623017139e-01,1.009219926991572480e-01,1.434158141729164004e+00,-1.904969871634650147e+00
1.460427699431243287e+00,3.760852521467118237e+00,5.280318170674303424e+00,-6.878083031197590458e+00
1.397613959329532252e+00,4.336725951664685219e+00,6.093069305646229061e+00,-5.718678135882139912e+00
-2.407851707090074012e-01,-7.847212118930182445e-01,-1.039040005745458517e-01,3.446194618264449838e-01
1.796859517597582556e+00,3.479525078127815974e+00,7.791093063235906335e+00,-8.091363270158904442e+00
7.052456050940052457e-01,-8.422361073579289759e-01,2.309850191911958728e+00,-2.071990431916476361e+00
5.289600750960458120e-01,8.213598636633033800e-01,2.874670319076362723e+00,-3.381538864935166977e+00
1.089884212805441344e+00,1.363596252232047945e+00,4.843168967152386983e+00,-4.874680230468464437e+00
1.078117469233223158e+00,2.980168751946246974e+00,5.142746241683372688e+00,-4.991542628698590889e+00
2.526646805585972544e+00,6.262604307387436009e+00,7.686012829239031063e+00,-6.725947608135635747e+00
1.760377191349894455e-01,1.183827256280028273e+00,-5.070073388875351306e-01,2.440094889052645266e-01
7.865151383687558617e-01,2.538206194087009315e+00,4.017249375044055881e+00,-2.137091320408847750e+00
-9.194058234842561461e-02,-1.402434742813736257e+00,1.113686499855570666e+00,4.287044763186982355e-01
1.325760080914313077e+00,3.320000167421815807e+00,5.968505991689941226e+00,-5.645347048761383491e+00
1.970365369634439423e+00,4.108816260787548025e+00,5.965582290089163742e+00,-6.366555960433460726e+00
1.605195801136304334e-01,1.047844113396400267e+00,1.150731854334515747e+00,-1.523461207109699345e+00
1.648710784978549171e+00,2.631487437870591251e+00,6.644249402662091519e+00,-6.442261789621347212e+00
1.112148531737984225e-01,4.032704208634354526e-01,2.316986384068499660e+00,-5.998467740694286565e-01
-5.196999325704101391e-01,-1.126329813961354676e+00,-2.493194213174734664e+00,1.074468570697476810e+00
1.980339345288015807e+00,4.715119228214816438e+00,6.718260908779861040e+00,-7.851530907043779983e+00
5.296513949500170071e-01,1.223143602603369073e+00,4.659100019843362972e+00,-5.370219613383237167e+00
2.265544152992329252e-01,6.624615334138925782e-01,2.280238286936419723e+00,-3.733784501021916391e+00
3.252925816195241016e+00,6.424086174466478560e+00,1.058719438846058480e+01,-1.110835773867452403e+01
-6.788608828902511494e-01,-1.554970693384758684e+00,-2.162074556676081727e+00,1.380492325135341591e+00
1.171040939861428321e+00,2.673837421883915155e+00,5.148383714639313880e+00,-6.193856507376194642e+00
7.320338575570640716e-01,1.984979197713438781e+00,2.262841791097544686e+00,-2.366483434754127924e+00
2.014514496436105695e+00,4.531450110941775300e+00,6.499912373279358668e+00,-5.944792532480187575e+00
1.826937017268574603e+00,3.608402829079210505e+00,7.941821054837232552e+00,-8.151375311907946397e+00
7.506215845041486201e-02,-6.309456389003538224e-01,1.202193613111322446e+00,2.559766865587922435e-01
2.460401445217319960e+00,5.069182073730081228e+00,8.157511460851585738e+00,-6.220307989225910106e+00
8.768488728535392962e-01,-1.316796553158018579e+00,3.508220763923592056e+00,-2.072381682559802485e+00
1.850655249667477520e+00,3.397411641211216082e+00,6.249866140948055815e+00,-6.399349245644797790e+00
-3.899873767044339523e-01,-8.155429426101858947e-01,1.146761279356711238e+00,-9.445948156708714460e-01
-5.869012635886787788e-01,6.298267905772796382e-01,-1.274010134713845499e-01,8.076680882593690880e-01
1.668792985365343373e+00,3.478273955327995548e+00,5.477186624370673051e+00,-6.607427795864586173e+00
1.333773149505141031e+00,3.252938168543726860e+00,5.075834419398745467e+00,-6.294464673750497674e+00
2.566249881697051372e+00,4.891323426489461390e+00,6.896541441168265507e+00,-7.003815800692083648e+00
6.737035119539387384e-01,3.271274538518932573e+00,2.566218316747145956e+00,-2.248822893273257240e+00
1.734196843660224641e+00,3.707365901813379772e+00,6.032894296558490410e+00,-5.793380022777737004e+00
4.644797884307634295e-01,7.246190775468300815e-01,2.569410611984712656e+00,-2.937360800906918534e+00
9.249571656301535105e-01,9.657096295727732871e-01,4.841690342837955185e+00,-5.131047901013919166e+00
9.837731865796484065e-02,1.083232875225852709e-01,-1.586067437266851510e-01,-2.800245593286967982e-02
-6.355772488630728745e-02,-2.618154818788701599e-01,-4.690029862587452580e-02,-1.685189644660084696e+00
1.074605620032602626e+00,2.074351346928032136e+00,4.616066422500956890e+00,-5.720486238875516882e+00
9.883851576572804110e-01,1.384954792132915280e+00,4.756958558721414931e+00,-5.002253581716366249e+00
-5.503043458571335034e-01,1.117814035275944029e+00,-1.188022214377805419e+00,2.794716780878946594e+00
2.182347953384874195e+00,3.070202922765959741e+00,7.620936955796537404e+00,-6.700196616539601635e+00
1.322305427236263764e+00,3.197058718561911483e+00,4.301894923614475452e+00,-2.928604889828376301e+00
1.272418858206366687e+00,2.454966750199513381e+00,5.117365657960634806e+00,-4.634792283450315686e+00
9.902904507771026488e-01,2.629359434533765860e+00,4.599213478453938464e+00,-5.045448231718022036e+00
3.259624445762054901e-01,1.228197975398168662e+00,2.145891140410603803e+00,-3.419982181073110361e+00
2.207861319617935081e+00,4.653432472649930318e+00,6.795605145109393064e+00,-7.765733248204119477e+00
1.002411600378854573e+00,2.699670961635403543e+00,2.647551177144981338e+00,-1.959579392254266139e+00
2.981498250647698356e-01,5.066714570696335684e-01,3.628044841631254958e-01,2.072071578288530169e-01
3.035973785611539855e-01,-4.189400334305115603e-02,1.484265033427852210e+00,-5.558851929411011694e-01
3.436514743785639148e-01,6.915676495949331093e-01,3.287450943548146043e+00,-4.994398264384667385e+00
1.839792027760316362e+00,5.100072330306822721e+00,6.719042310616217151e+00,-5.371580891901848176e+00
1.099650139820240957e+00,2.265006731590861300e+00,4.609516426085204621e+00,-4.624292740306855443e+00
1.553627030793441666e+00,5.622523814907543382e+00,6.480446949241268406e+00,-6.992344224863831670e+00
4.777001554052197063e-01,5.799041497938328682e-01,2.028904534957955974e+00,-1.316594606726936956e+00
1.072046353277336106e+00,6.890171895687118298e-01,4.902147693445361831e+00,-4.382464185308812432e+00
1.011576361060203988e+00,2.332211328271845296e+00,3.094915596735944963e+00,-2.989793006392917452e+00
1.246626752475630262e+00,1.119074093973169592e+00,6.766999278082704627e+00,-6.484742657901015228e+00
1.118541340450791566e+00,1.834602961234135243e+00,5.919047337132969488e+00,-6.117873480876847125e+00
2.330209380952169562e-01,1.144052749634818511e-01,2.004614396644158081e+00,-5.823157713455346940e-01
6.773841654939412038e-01,1.232822835085977786e+00,3.080595056660896169e+00,-2.839540743986730842e+00
-1.512800252732659168e+00,-2.933544787585318225e+00,-3.402037701506208212e+00,2.512121047046850464e+00
1.519185840583516134e+00,2.669301739759446956e+00,3.799299386260164724e+00,-4.179535551494920398e+00
2.439610021219848157e+00,4.269496469456689702e+00,8.805730619933905601e+00,-9.603734130642493483e+00
7.579714990634824900e-01,2.705621283472033234e+00,3.929853954430396534e+00,-4.333047837363608323e+00
7.297559569770658561e-01,1.298463269760689487e+00,4.208395592621698711e+00,-5.004822586804335671e+00
7.377777388764922284e-01,1.327444920651941862e+00,3.770465777019893494e+00,-2.036954265917395368e+00
1.088091190543978515e+00,2.800488202474507027e+00,5.167714162609453155e+00,-5.305032048356666863e+00
2.765858793182178754e+00,4.626168987155191203e+00,6.982183447088610606e+00,-5.801390201725906692e+00
1.578027429235658197e+00,2.506358598478178212e+00,3.865989531358748010e+00,-3.213683059525964225e+00
1.304017462142780248e+00,3.997770657966091878e+00,5.014212102312851194e+00,-3.476282108801913573e+00
2.818481080556790808e+00,5.861878005153050353e+00,9.809751099373142935e+00,-1.020922700026991770e+01
1.613200553837108142e+00,4.042672577304496251e+00,6.402879902951247537e+00,-6.115062079232376213e+00
1.290171585268836907e+00,1.095561514113894352e+00,5.245298853138459449e+00,-5.570130254879663845e+00
1.408316275231029868e+00,4.844471395580953299e+00,7.171697600733541123e+00,-9.095535992874259179e+00
2.357721244432550378e+00,4.042305865682747523e+00,9.149486357053355334e+00,-9.543323684607274870e+00
2.151202721453744360e+00,4.499482008608792327e+00,6.887005254039110902e+00,-9.078451169802280063e+00
7.006534523352063726e-01,3.050754417611265534e+00,1.891063652238243797e+00,-2.805402473132089014e+00
1.186125715524952273e+00,2.798371352546774826e+00,4.138143995566857747e+00,-4.300037682965428765e+00
3.171803133181776424e-01,1.537987604907546046e+00,-9.858859419493448684e-02,-1.616417952991736628e+00
9.629665618604036359e-01,1.056789094913556548e+00,4.671830362345164467e+00,-4.198279183848132590e+00
1.027295229130293253e+00,2.433436978533469741e+00,5.223158398112417444e+00,-4.927334501976130987e+00
-4.342033310490587272e-01,-1.979955906085837380e+00,-5.083320073705971387e-02,-2.183563072753674783e-01
2.523240376124745499e+00,5.649208803877365348e+00,9.112765935386233807e+00,-9.342922767524381555e+00
7.018729839527284575e-01,2.089963927136417876e+00,2.747481582410017165e+00,-4.895156033283045716e+00
8.857954278109355650e-01,1.449478346631371206e+00,2.797127667756982738e+00,-2.410744075530736552e+00
1.385061097207379577e+00,4.203976970847000061e+00,6.232229752675365830e+00,-5.221829980635812163e+00
2.223357467988623881e+00,4.628145582140215986e+00,8.842610391086585864e+00,-1.022648408397159692e+01
8.064795935764679236e-01,2.243473982015639745e+00,3.474502524777681511e+00,-4.732834383569028525e+00
7.802235902436938098e-02,-1.725982582711150126e+00,1.144684983106982301e+00,-7.372534237460857121e-01
4.529656494037958003e-01,1.530432005666750417e+00,2.718280913437290724e+00,-2.501952357418389283e+00
2.409212923007963525e+00,5.135781386652249481e+00,7.275557030642717748e+00,-5.317228861574062826e+00
1.095582995163931761e+00,2.139231306141246236e+00,3.478378685381517066e+00,-4.167163828588742014e+00
1.165276629268592323e+00,1.895491752823100562e+00,3.130312143752603138e+00,-1.985937207835821061e+00
1.955401592687841639e+00,4.996190635996944351e+00,6.811184661298327114e+00,-8.270979176312286185e+00
1.090288449931589465e+00,3.249215484590406433e-02,3.931754053704304752e+00,-4.262646818835010620e+00
4.500337103122632465e-01,2.579114168853513966e+00,2.597807371062130777e+00,-1.348742437946552464e+00
5.750545389645527194e-01,8.442297984326583293e-01,2.958199047357357170e+00,-2.760161744076936152e+00
7.543518080290010364e-01,9.805841981695893050e-01,3.634006724994256032e+00,-4.086375951120096772e+00
1.860952824161403285e+00,3.476558268382010652e+00,6.970897606845388061e+00,-5.810537325754202342e+00
-1.815877532796927873e-02,-1.834689938627425576e+00,1.242045986442528394e+00,-2.437813991186191576e+00
1.408319834357955491e+00,3.373878747241287890e+00,6.557742327260091209e+00,-5.690992046264007342e+00
3.584837303236425576e-01,-8.166719163599192033e-01,2.236827483873678801e+00,-3.517298082462469999e+00
2.342148907564792992e+00,4.006735755241804142e+00,8.725574766145637540e+00,-9.165542750996747756e+00
2.111506107613978500e-01,2.929888195801372275e-01,5.821590707110817497e-01,-1.055815801053863634e+00
1.000332716122243282e+00,4.644897631884656874e-01,3.447486750916505471e+00,-2.740465391421643027e+00
5.993495610592813883e-03,-1.522600887013745852e-01,-6.235744131570213344e-01,1.441755019029397289e+00
4.018341898418009706e-01,-7.599643154035662374e-01,2.255531650749321049e+00,-1.102197175900761383e+00
-1.426998810767869941e-01,1.242014386677328330e+00,6.829853293387572188e-01,-6.159943832851171308e-01
-8.136291591053561589e-01,-3.347224965350553916e+00,-1.037839599046486150e-01,-8.252833734337803318e-01
1.627201725076658612e+00,3.959381111483477600e+00,7.406448189627349521e+00,-7.600656417639141793e+00
9.252132656442546566e-01,2.367235030132890383e-01,2.857271716942053175e+00,-6.032996312818118767e+00
3.544613385618688994e-01,1.732373308843544235e+00,1.413120443959729799e+00,-9.187884942897497353e-01
-3.948635123478760889e-01,2.857396166195633747e-01,1.073819132149990585e+00,-1.335424022571201297e+00
5.442862705801225776e-01,1.375394404259534076e+00,3.310423998701843118e+00,-1.878261114537323140e+00
9.296245145533008625e-01,1.578740346214518642e+00,5.005501008079163761e+00,-5.249931169064623759e+00
5.593759268962508191e-01,2.175291145889763911e+00,2.864465687413888517e+00,-3.455469232009592329e+00
9.577204119343585287e-01,3.053628456670737457e+00,3.198187983538713919e+00,-1.303412727479317468e+00
-8.229981427018491225e-01,-1.007966214083555911e+00,-1.192456766609159224e+00,6.235207787120308209e-01
2.258110235486213924e+00,6.155005737053083514e+00,8.948410452627301837e+00,-9.466425688692723384e+00
1.421716705239972178e+00,2.972256119006274400e+00,5.103433825047519079e+00,-5.818772092926793427e+00
1.060482123979069380e+00,1.901276168463605920e+00,2.296324195907896382e+00,-2.791053299433717605e+00
1.570973022408017616e+00,2.492489070399381390e+00,9.273319683273253844e+00,-1.081389529511996983e+01
1.324535306788815259e+00,3.245921633281541041e+00,6.141400641696361795e+00,-7.503290780196432586e+00
-2.186456366024569498e-02,-1.234156487301575067e-01,8.455960997034879245e-01,-3.527471296735129158e+00
7.742335229363175308e-01,2.247854837944871065e+00,1.951913841151695417e+00,-2.795625792784614205e+00
1.009974139625477996e+00,2.004936607370304991e+00,3.287274773711562847e+00,-3.287018400037040156e+00
1.649737977710300285e+00,5.872864827166490720e+00,5.648805253918104619e+00,-5.641245545333809730e+00
2.536778721640150280e+00,5.407010459534558500e+00,7.487654581866090453e+00,-8.300312808416698829e+00
9.508509550618540196e-01,9.845802504374192576e-01,2.583267486571426019e+00,-1.472809158933974460e+00
1.582085507035697391e+00,3.049925007546471889e+00,6.558500693405315829e+00,-6.666286087168391994e+00
1.036240147288357116e+00,1.434398513746663717e+00,3.214861889962030705e+00,-2.967997100801915700e+00
1.667444438687392561e+00,3.463114427503481974e+00,6.101256792688172226e+00,-6.497031105031141784e+00
9.542794670493494058e-01,1.175948369388244430e+00,5.382520539567488882e+00,-4.264723951726514528e+00
1.213360888959567729e+00,3.079586811439219751e+00,5.672214791624256236e+00,-5.960378248840787485e+00
9.281183486404507299e-01,3.694854468919296586e+00,2.843990169489990727e+00,-2.970689662765307215e+00
4.078471604166400422e-01,7.509155730948594565e-01,2.553587296438850185e+00,-2.922603928654331717e+00
3.850380352192058764e-01,1.103042652438537274e+00,3.652588015681966560e+00,-3.461635845159497737e+00
7.554005037813098511e-01,-2.684783386157032492e-01,3.016164361006529848e+00,-3.293131022009843090e+00
9.873671872170959318e-01,2.535263327022216906e+00,3.523246449007348513e+00,-3.249578350720058850e+00
8.048837342073112966e-01,5.308551873973472723e-01,2.961224399641911198e+00,-4.300564950328386260e+00
8.450243782738532383e-01,1.700406855484487778e+00,4.688351701870230315e+00,-4.725623749352640068e+00
1.400281748309781804e+00,3.169277115622256780e+00,5.237686545150194384e+00,-5.502938070878754750e+00
6.883816745749460342e-01,1.396005656808563034e+00,3.560077414863844325e+00,-2.697765540998451339e+00
3.228113190066896898e-01,2.799538377684147150e+00,8.277773517356776800e-01,-1.401035069589085635e+00
3.010841473191689488e+00,8.176100995221872836e+00,8.447043500579566100e+00,-8.485591064297819841e+00
-2.750858806080058727e-03,-4.575595878715860154e-01,1.628491173346683585e+00,-1.461846592312372017e+00
3.122429774514512868e+00,4.400314132530667166e+00,8.744074163717890258e+00,-8.727793467280735129e+00
1.052730911640260780e+00,1.748070065789392391e+00,3.720085288480524444e+00,-4.834274932690473037e+00
2.126949304527542495e+00,4.970272655948068774e+00,8.278802513841185373e+00,-8.604935597607150655e+00
1.655970890442891363e+00,2.631623034736684907e+00,5.767428649879551728e+00,-7.180919182752698582e+00
1.802101881553723306e+00,5.106196757635627748e+00,8.411397124913674972e+00,-8.197466023482315123e+00
-3.014971276343558770e-01,-1.351909366754549868e+00,5.872979266970312917e-01,1.719816571552263307e+00
-7.830553201209349279e-01,-1.195923648126167027e+00,-3.754525910606650640e+00,3.562811985776733525e+00
5.489478148203632557e-01,1.715320970380129761e+00,1.818298665617503307e+00,-2.014430820369658814e+00
1.048925938468351138e+00,3.735852009711990718e+00,3.599782748734984938e+00,-4.370396278607177720e+00
6.654226212632863291e-01,1.566625991136544327e+00,4.072485797021339060e+00,-5.047917253997905362e+00
2.628568635469858528e+00,6.298245379667174682e+00,6.967571400589942954e+00,-5.911176460627345364e+00
2.304100609326613647e+00,4.103841190015214302e+00,7.407089360696139657e+00,-5.700170951933220209e+00
-4.534774070164770965e-01,-1.689154741770591883e+00,-1.750010507133368254e+00,9.853779868637644324e-01
2.265702185715335881e-01,9.497774225238485579e-01,9.128815569117004758e-01,-1.452176774874705867e+00
4.850257938042505934e-01,-3.464345044032643983e-01,2.493364910716880711e+00,-1.689501559583274526e+00
2.318634097759310286e+00,5.721417746867703435e+00,7.832240134173482637e+00,-7.829909865118930057e+00
2.431219498975900617e-01,-6.613225042077832683e-01,3.041221910362867931e+00,-2.598567103173274440e+00
1.144885018873332605e+00,-3.249679791580106780e-01,4.758775896753637547e+00,-6.236698036241874021e+00
2.631521674982001402e-01,-6.956121957289460589e-01,1.230182724028976216e+00,-1.073398174893106516e+00
1.657279076208437729e+00,4.020875466327971104e+00,6.850819508601245111e+00,-8.123623274700708663e+00
5.411643055852236595e-01,1.041768346752740992e+00,1.010490413427892697e+00,-9.757645402580554794e-01
2.788838552992736197e-01,1.454105766392586041e+00,3.082980611346242128e+00,-4.077468301560753794e+00
1.374461964991925855e+00,2.535923908544142069e+00,5.786039704795854277e+00,-6.305851534014811577e+00
4.939105323296575367e-01,1.386169774789807629e+00,1.290967822665922471e+00,-1.038842715473485390e+00
2.127882156811231162e+00,5.303840723936353641e+00,9.106630239823283901e+00,-9.105328936401782869e+00
9.794399567729370482e-01,2.147641262069427626e+00,3.706528980353851921e+00,-3.353245734162103364e+00
1.900788173744719423e+00,4.394943341667584491e+00,5.013084869025577817e+00,-4.483676465753913654e+00
-7.195076064058316678e-01,-9.326811897255724570e-01,-3.485191719319776116e+00,3.366258034844859193e+00
1.934152295274609301e-01,-3.311244374094459708e-01,2.077168779244447538e+00,-9.157341683609154792e-02
2.916315201142861024e+00,5.617783737481031103e+00,8.923700772428603045e+00,-8.683782675705176146e+00
2.367023941277321963e-01,1.219449320828884797e+00,2.704293500421168783e+00,-3.308934114826624473e+00
4.741302494250073662e-01,-3.209465247859204506e-01,2.428801366979329579e+00,-2.657468103056545683e+00
1.225527450116299155e+00,2.346934751501051686e+00,3.364322377580271528e+00,-3.383828645068610363e+00
2.474878902293216498e+00,5.028360415132275385e+00,8.463299380055333998e+00,-9.157590520819441693e+00
2.621017998324871812e+00,5.801289465855603567e+00,8.007627750621669094e+00,-6.156047636071701135e+00
2.893815893110797788e+00,5.148432595751193830e+00,8.457097601726294656e+00,-8.774051428165593691e+00
1.856055950093552509e-01,-5.418477968762486219e-01,-9.024946967754141625e-01,1.137628596514449475e-01
5.476357051864559899e-01,2.489172654725603451e+00,2.628859123745572735e+00,-2.557925736719146137e+00
-2.035780473491766163e-01,-3.987505066804429288e-01,2.380610001409502186e-01,4.881667476107107717e-01
2.714992597975538935e+00,6.128208429584435457e+00,8.624628904319004974e+00,-1.005654719376845030e+01
1.673570694501495426e+00,3.412557869237859975e+00,7.408654505793633049e+00,-7.251660883775506328e+00
8.861589166358435632e-01,1.530452439477735682e+00,5.959613386104015476e+00,-5.675370989484840756e+00
1.872564740631270208e+00,3.390891643578327397e+00,7.359740554712349336e+00,-8.051635142195225470e+00
7.962387270680199025e-01,1.217741208845224410e+00,4.532550121452542768e+00,-3.721060646830485652e+00
2.202976715056394585e+00,3.837558276834016180e+00,6.558359081589371975e+00,-5.171404623000691814e+00
5.392797830190989572e-01,-1.404359920728881495e-01,3.190377410853780571e+00,-2.294606906350288966e+00
6.127416038765547412e-01,1.007731944899232568e+00,2.328449949842519739e+00,-2.828143541043451670e+00
1.992874198526565444e+00,5.693297620797518555e+00,7.813637749970347102e+00,-8.056793276249431202e+00
1.935570520986187315e+00,3.420019572759459336e+00,6.417107624802597776e+00,-6.266399034077221764e+00
2.725582998273217150e-01,-4.514388078742389565e-01,2.248491104430059728e+00,-1.164443976564803362e+00
1.770586944914039229e+00,3.024110791382463859e+00,5.935139196049726173e+00,-6.832608419466115635e+00
2.871975146358731745e+00,6.531372166105003707e+00,9.400132045221191390e+00,-1.077969449481095054e+01
2.142000284139966126e+00,4.196512805183464145e+00,7.046011713924091424e+00,-6.015389412374765321e+00
1.530875413569251720e+00,3.919903408497059871e+00,6.504449007764677049e+00,-6.293531425717207028e+00
-2.312213491878030158e-01,-1.195357880390425009e+00,2.492665566663215537e-01,-1.346921055210289264e+00
1.965585893186814648e+00,4.458282120900256551e+00,6.191179316285017720e+00,-6.077215040607747198e+00
1.845136913030928527e+00,3.473737513455443793e+00,7.285162775842218608e+00,-7.365236572683003580e+00
1.686900708221884759e+00,3.567853600570756178e+00,6.723363847353628131e+00,-8.155901688711990616e+00
1.021434153042537263e+00,1.711416949969129853e+00,3.147542422992425593e+00,-2.143561084807080519e+00
2.184756458976377047e+00,3.018809421906791357e+00,8.488358334564674479e+00,-7.254161985595064976e+00
6.970848403483329569e-01,1.987423604238495400e+00,2.842311282699109931e+00,-3.577269904768146880e+00
5.481808309413607194e-01,1.235545795909043010e+00,2.645175653048219111e+00,-3.368186085882281411e+00
1.468933171930006498e+00,1.966923880349650045e+00,4.643864421099102913e+00,-5.025789238705302253e+00
-5.859425862221687709e-01,-5.336969466041837640e-01,3.255118625740172078e-01,-1.454783391967693129e+00
1.782225844923792213e+00,2.528687240353306276e+00,5.441537727858060336e+00,-5.820772400982953343e+00
7.325084052357220266e-01,2.309421412234679227e+00,3.605012447581755541e+00,-4.643157049681734705e+00
-9.719176052187241677e-01,1.137772084196038147e+00,-2.266544669288553582e+00,1.970967718718082740e+00
2.462869560989057405e+00,5.123127938507237467e+00,9.947433281671630212e+00,-1.106768019596000130e+01
1.405148271528959603e+00,4.229744874023937840e+00,3.186221184593120981e+00,-2.996461553467642425e+00
1.358328632798750268e+00,2.225927742505530382e+00,5.208142951766119744e+00,-6.566315456919883609e+00
1.819586414283644871e-01,7.894907418743392080e-01,1.125004007226504621e+00,-5.594167117237358600e-01
2.423082854720844947e-01,1.274025944716862480e+00,2.706584729650507448e+00,-1.961655825056213942e+00
4.086244522819693081e-01,-9.044171983571980267e-02,2.422497181464311922e+00,-4.804028577413989254e+00
6.523260815299396498e-01,2.696250830156250444e+00,2.429034360177144691e+00,-3.245263822918821539e+00
1.511780551125659677e+00,1.712578272654868394e+00,5.975295219981672901e+00,-5.877172830443480045e+00
1.245699710465325127e+00,2.750299297456317849e+00,6.082768335125162906e+00,-6.115259971366524105e+00
8.514061945777392504e-01,1.724411039132576429e+00,2.299537178545103977e+00,-3.039598085587419618e+00
1.558155429305669637e+00,2.892090514455627481e+00,5.553806765877614460e+00,-4.542578401215262573e+00
4.383576624428118240e-01,1.453466850133639632e+00,2.038973237376986880e+00,-2.353988635676178109e+00
7.404691120512674196e-01,8.484678466310294764e-01,2.154188005891501057e+00,-3.172372467124683126e+00
3.237698454192776687e-01,2.428910492721949144e+00,1.174847162140179035e+00,-2.151490463782143259e+00
8.118703813090590860e-01,2.327139007496991319e+00,4.260049974156932429e+00,-5.496120431716910559e+00
1.320589183941800471e+00,2.711182634023478588e+00,5.596943889875621636e+00,-6.240495903591606996e+00
-6.861956812596936572e-03,7.896075617674918057e-01,-7.610844257542321856e-01,-8.397164965658932001e-02
2.373780910245216980e+00,5.432774469092461089e+00,9.078535133882169816e+00,-9.151103402622716487e+00
1.446498030778715416e+00,3.093960565986737965e+00,4.422555448209604556e+00,-4.534236944744566067e+00
-4.412116558283882828e-01,4.206058910414003371e-01,1.665019380139955318e+00,-1.768880250245805641e+00
1.573749994152680909e+00,3.820022544241411300e+00,5.400177692106360006e+00,-4.042046685840493758e+00
8.302494201455541400e-01,5.157392603528991870e-01,2.462978124143540892e+00,-1.160595722852417744e+00
1.105951220435059890e+00,1.167473998065815532e+00,5.494729777361353484e+00,-3.424013213552315804e+00
1.299393749904079076e+00,2.661687595001855922e+00,6.132548132813221642e+00,-6.640432877334109918e+00
3.351123911864170024e-01,1.551950954987304510e-01,1.422762661019408181e+00,2.726462353050753684e-01
5.995952602598506598e-01,7.883459847667038112e-01,2.492014973787876730e+00,-2.451849571965688757e+00
1.146133713518413311e+00,1.520676152520497926e+00,5.635094424267345303e+00,-4.416535422999575466e+00
2.561650499401419978e+00,5.320882617033192652e+00,8.645705224211827300e+00,-8.326611134658554292e+00
1.465170413860592102e+00,3.845938096594736066e+00,5.927810829617324195e+00,-4.889023495067674752e+00
3.820236081778058956e-01,-1.798684095749110146e-01,6.349591108675933793e-01,-7.574030840884969917e-01
-2.484214791975878356e-01,-2.095545923676266575e+00,1.609103471264953011e+00,-1.301367569650017542e+00
2.103073296593304775e+00,2.077310337062566514e+00,8.189733666517039268e+00,-8.915068460757083812e+00
6.342445833748839856e-01,1.487254075742113102e+00,3.492542717039951228e+00,-3.794009744914594862e+00
1.890829218291739000e+00,5.876832644919009141e+00,6.978146915170952980e+00,-7.801527351523130704e+00
1.093577810344633638e+00,1.915307405199808022e+00,2.377326255025835611e+00,-9.984600436434867277e-01
1.690691791836339553e+00,2.920957021043978141e+00,5.896474297599550773e+00,-5.714902017901732023e+00
1.056498422160866868e+00,2.385985191488901869e+00,3.290838223864781753e+00,-2.240579521648356387e+00
1.385245932838059302e+00,3.235763248299532879e+00,5.106249731349497445e+00,-4.558181143033889882e+00
1.491352800522826261e+00,2.456779698624225627e+00,4.856138664058896381e+00,-4.966329984462061198e+00
1.213215622158042351e+00,3.071394516552332643e+00,5.288145358731634715e+00,-4.325672299856595515e+00
7.518535969364159577e-02,-6.653275424379475611e-01,1.609480879274627130e+00,-4.248148117401027157e-01
1.543058240058894359e+00,3.016344460755785217e+00,5.513206346489147869e+00,-6.087243015433590365e+00
3.584625911443249935e-01,1.880460417557409114e+00,2.094302765190885207e+00,-1.619668004284494867e+00
-7.930662884280663683e-01,-4.145897574648035544e+00,-2.295416048273428267e+00,2.020542527044342673e+00
-2.400936667043320760e-01,-7.568519487599756346e-02,8.312282717237922114e-01,-1.378266550157535075e+00
2.184775870857522673e-01,7.648970510550212598e-01,6.698941689744548622e-01,4.466287379956035419e-02
1.047723947731113547e+00,8.147351601567860424e-01,1.461831112090661300e+00,2.309704864609318786e-01
-9.695402960994818908e-01,-4.122661210342082327e+00,-1.533596245772907318e+00,2.632415270298634979e+00
2.560695764392529661e+00,5.078703366685847875e+00,8.956012863442495586e+00,-9.792495782428074946e+00
1.478298178170054378e+00,1.994378310683839750e+00,5.098263941164171698e+00,-3.680666299829309374e+00
1.939707554786123556e+00,2.944143840418829594e+00,7.822985522095547317e+00,-7.621221817738056181e+00
6.774035718999502631e-01,7.766199822662281926e-01,2.935461070735917666e+00,-2.198588888405510033e+00
2.209074880298599330e-01,4.213615845468237087e-01,-3.517786685818422576e-01,1.363655650397968655e+00
1.739533333082784239e+00,2.184115269815657179e+00,7.091159586505087375e+00,-7.873901407404339636e+00
-3.292091630480533659e-01,2.869390091628495343e-01,-3.627394245974265297e-01,2.595727378030248111e-01
-1.918875633244110368e-02,-2.414323981123858598e+00,8.957578064936178031e-01,-8.363667987686163041e-01
4.870100539379257354e-01,-4.690825817392696440e-01,2.275620400325545134e+00,-3.223988118806547121e+00
3.019792867666291070e-01,2.023548107804444829e+00,1.072776162335734806e+00,-4.323584715955569591e-01
1.254675735197732678e+00,3.715629562978961964e+00,4.326389049131014630e+00,-5.856980284454555985e+00
5.903652152666971631e-01,3.621082605189358539e-01,3.047066193277449209e+00,-3.610812929554118700e+00
2.846596011906603163e+00,5.471231739726999166e+00,9.559607166975348846e+00,-1.135801056842550949e+01
8.161872890819894533e-01,1.037029632280910496e+00,2.515622297996808143e+00,-4.337891221931952757e+00
1.333960019892777016e-01,7.416448254526168959e-01,2.386054326989267338e+00,-2.312885236625227048e+00
1.204644289116880040e+00,1.708252908452692731e+00,5.671451479542112040e+00,-6.403745252006460831e+00
3.362625625363293569e+00,4.406329479245314928e+00,1.037485059464229131e+01,-1.006895907587888139e+01
7.058740428028618119e-01,4.743597934448814391e-01,3.534429709081730486e+00,-3.971428220062797276e+00
-1.502121568781364935e-01,4.056608648858472943e-02,2.023844314156176605e+00,-3.949205989397022165e-01
2.807995015298473618e+00,6.313482439819326331e+00,8.175257253734692142e+00,-5.265250119189120781e+00
-2.076968715793059417e-01,7.033830496852335745e-01,-1.402188422239439625e+00,5.807890930749249891e-01
1.547026865688853281e+00,3.396005929858027628e+00,6.265342428663791097e+00,-6.025135851207175541e+00
1.636984688758849948e+00,4.544370989454067811e+00,6.146477025625829427e+00,-6.669706700507376240e+00
1.274598069620722862e+00,2.865277275112454891e+00,4.709971328334935592e+00,-4.897026846507793074e+00
1.440798958247082595e+00,3.054336673608970099e+00,6.511478889779135137e+00,-7.817746145463663865e+00
-9.505604288848470418e-01,-3.115872967446341235e+00,4.249221006980272719e-01,2.156780859659267469e-01
-2.930022108395280434e-02,-5.564452036947333813e-01,1.279246303343610114e+00,9.530851357963843196e-01
4.564627217293734107e-01,1.549331977691676965e-01,1.384442327902735359e+00,-1.584253548233456765e+00
2.242056061957397262e+00,5.180283277081091597e+00,9.943200310388068175e+00,-1.001024138990391066e+01
1.762247369359696281e-01,5.186813813145403351e-01,9.578038067967413749e-01,6.833380775610533586e-01
-2.005911036628624800e-01,7.837666684083581803e-01,7.106092089244302468e-01,-7.478966614019617598e-01
-4.604904220969598949e-01,-1.255752719710778731e+00,3.048081646538027822e-01,1.094568302437207041e+00
5.845925493451320509e-02,-2.816084646777020084e-02,8.405350698920728281e-01,-1.717571735226586238e+00
3.036377945444136417e-01,1.479410624445989919e+00,4.038048693725555527e-01,8.283832092001754965e-01
-2.281365113201301309e-01,-1.120857652868492149e-01,-3.267641984968960855e-02,2.027274582949702142e-01
1.352251610241911095e+00,2.451059990382065568e+00,5.803548814415197654e+00,-5.572865748379154383e+00
3.980122290521387329e-01,1.124219514330058178e-01,3.097574971392409893e+00,-2.453487975396225540e+00
1.983023754478654865e+00,5.061475722860882875e+00,4.273392742532893251e+00,-5.443293089425138120e+00
-7.817055953043279271e-01,9.132260411847838988e-01,-1.007350903397007169e+00,1.867885792168935577e+00
2.125591815101186111e+00,5.126459772628336076e+00,7.131872516159448949e+00,-6.790006361963469850e+00
1.327191093986092030e+00,4.039763417639859355e+00,6.296955128489037712e+00,-6.240466261164493211e+00
1.154542920810655238e+00,2.485397129907566338e+00,3.467845495557013713e+00,-4.793662349031571068e+00
2.033946593607288023e+00,4.737241559422035841e+00,8.422877517436335282e+00,-8.192956984587359770e+00
1.714796045875600417e+00,2.065977938388159352e+00,4.700422599788128153e+00,-4.990582084973269161e+00
1.045306942887205492e+00,2.008372201321327211e+00,4.713905618940930964e+00,-4.869535628835689245e+00
1.437706613212739626e+00,2.733250626405324457e+00,6.558893479083107714e+00,-5.789057918498931699e+00
-1.063699468239454049e+00,-1.686609601188460594e+00,-2.065318125027865381e+00,1.036246925094085780e+00
9.025028508264699711e-01,2.208165308397348259e+00,2.861619662212066650e+00,-1.526981837893657268e+00
4.548102197504227950e-01,1.469358815792657813e+00,2.469355547724431776e+00,-2.261782710482597381e+00
7.953974183408767384e-01,8.420444289381028291e-01,2.376375917052254483e+00,-1.319297880733501849e+00
5.733953560939893945e-01,7.000656024636042751e-01,2.251390201832977667e+00,-4.575781898335635756e-01
5.905408423032456611e-01,5.151761345365948319e-01,4.563463780718435281e-01,-2.265646353053226036e+00
5.773391342710539886e-01,5.932960630457219109e-01,3.914018521908867676e+00,-3.419069341982089671e+00
5.867126173518488752e-01,1.195573171057596973e+00,2.524208562331931471e+00,-2.644907637866264594e+00
1.194278800607259994e+00,1.499461466262662857e+00,4.139682274366933257e+00,-2.563385057420455304e+00
1.184740442965327434e+00,5.675470293704276692e-01,3.917750959764658258e+00,-5.357064858522145201e+00
7.906648986781539268e-01,3.230527770514657337e-01,4.447812525257650584e+00,-5.308068246502048559e+00
2.998571633526277758e+00,5.954614992225542025e+00,1.044157778448649410e+01,-9.748947291696969941e+00
7.661137012540653046e-02,2.962362281052974833e-01,1.146819712721450779e+00,-4.390562153734012263e-02
1.919627803176557013e+00,4.451688367326002371e+00,7.788526919135732030e+00,-7.325922050562322596e+00
1.570544784569385399e-01,-8.924597256318005378e-01,1.389232570643064602e+00,4.843602045780270871e-02
1.008624990243996100e+00,3.301741245155119131e+00,4.777731457324783548e+00,-4.507089395571014734e+00
1.549418491974248191e-01,-4.005165397598063892e-01,5.969923209955917409e-01,4.451565565474854269e-01
1.491903644734997147e+00,3.585881628482731731e+00,5.898588462878709748e+00,-5.672820250952292476e+00
1.952883817717738335e+00,3.496313231312099479e+00,7.045072991418052766e+00,-7.516378258890200392e+00
1.096465915009115832e+00,3.358887910762553553e-01,5.853760423142611025e+00,-5.236625641542729248e+00
2.092979299329902787e+00,4.599486021571872030e+00,6.960085980628548441e+00,-4.875786586542904644e+00
-4.398005567319041020e-02,-1.653794665387411600e+00,5.049067749504385638e-01,-1.068282053357894945e+00
1.975377983375947721e-02,-1.660630646323697279e+00,1.980687123904737224e+00,-1.911033766188158012e+00
2.599360299159374943e+00,7.364153588054220378e+00,8.329606532835263977e+00,-9.414273526642878309e+00
-2.335965237713468756e-01,-9.437896244758393616e-01,-8.132933993325224264e-01,2.428371220100504768e-01
6.899819528188029238e-01,2.515790355213071372e+00,2.099815154210884049e+00,-2.145376519772408841e+00
-5.260633000820140737e-01,-2.162927161613081850e-01,6.036739746950199326e-01,-3.068823404375422004e-01
5.599475502137780669e-01,1.676237893521988376e+00,3.107912821903191958e+00,-5.180735246857048892e+00
2.027131725216924973e+00,5.982276310598702906e+00,7.739233541546818529e+00,-8.219897605561671483e+00
2.006001067169451701e+00,4.039935330337658392e+00,7.319254425394126073e+00,-6.232192465053683073e+00
1.101977854135083978e+00,1.060507604454924202e+00,6.108004249678243625e+00,-4.734108042250436910e+00
2.442547136636586735e+00,4.709412284811127059e+00,8.938012830489578064e+00,-1.136710958798215465e+01
6.753545202591003660e-01,1.804893341273411611e+00,3.838993745061737961e+00,-5.450146074509926386e+00
4.652876626855345643e-01,4.395409117336910865e-01,1.619581607645639520e+00,-1.684357031841046126e+00
3.635492748850792655e-01,-3.336833467303077505e-01,1.353365269598021836e+00,2.891536492780510947e-02
8.611143506012476356e-01,1.259132868236733760e+00,3.455107823254264687e+00,-2.899376438456309213e+00
8.427754680042882640e-01,2.460871010431536110e+00,3.899393685219108452e+00,-4.872613768266687018e+00
1.742709153964222324e+00,4.845156877884713609e+00,6.376223432856967577e+00,-5.549438150272195891e+00
5.364283627331527526e-01,2.538125135881706740e+00,3.831637709437729189e+00,-4.289653692578939470e+00
-2.248608453420521958e-01,-8.886763564132577065e-01,1.058239798010813804e+00,1.004597676705221154e-01
1.731102072637265454e+00,3.264258541297406779e+00,7.591604014932615385e+00,-4.239508711927433282e+00
1.052298643087893337e+00,2.147911291884239127e+00,4.152336850848273642e+00,-5.563694502934336761e+00
-1.628430550583737091e-01,6.804475571497076158e-02,1.636398895276363508e+00,8.168209680420881469e-01
8.127774714572655324e-02,2.595165102838130067e-01,1.531117793760482293e+00,-1.021298380234273662e+00
3.945303903136347934e-01,3.050816663560654618e+00,2.598625406614399225e+00,-1.679817665965869455e+00
5.676645809922999941e-01,-1.213182841599569350e+00,1.939846382660878721e+00,-3.051115238981974898e+00
1.822755615370576621e+00,2.546228432349646909e+00,6.355450956871461443e+00,-6.825431408451453130e+00
5.275395563939477839e-02,6.067551716179999666e-01,1.670605330586948378e-01,2.629720632534509606e-01
1.107016229608118296e+00,3.348811710835236433e+00,4.115443989293598115e+00,-4.014281220387646343e+00
4.291455478034511550e-01,2.180122508078382815e+00,7.009206605471753893e-01,-1.955953393873852919e+00
2.122917747520302045e-01,1.680752916104301997e+00,9.005788271431062197e-01,-2.028890297774047724e+00
2.740526638960627537e-01,-1.001523033015834896e+00,1.031248122777054466e+00,-5.867935435082409779e-01
-5.188823020371180483e-02,-9.852091346205342770e-01,7.243635015532706722e-01,-1.385091484056628630e-01
-7.481192198782316005e-02,9.227797944770976812e-02,9.274092341888469093e-01,-1.189894286070007468e+00
6.754292700745517797e-01,-9.172268735723212441e-01,1.810604506638223921e+00,-2.702537302914337580e+00
1.078039895734788978e+00,1.521103482683194841e+00,4.370227015096767254e+00,-4.468775404710705779e+00
7.172819252841564630e-01,8.420333412535878637e-01,4.028418297517365687e+00,-3.733227446878351508e+00
1.160245480448793387e+00,2.065738546662258202e+00,4.162047430791033342e+00,-5.710228242501257157e+00
3.999028043675859623e-01,8.157542068070604557e-01,4.017854131605269608e+00,-6.278024283575852849e+00
1.879018036000500658e+00,4.140165315422923875e+00,9.315155227324346754e+00,-9.827171039054389823e+00
6.609888891753378237e-01,1.807805031909041737e+00,2.843434227622279931e+00,-3.306753944165996106e+00
1.047409585050153691e+00,2.023459689349158097e+00,4.635836711097562457e+00,-5.940082508109775894e+00
1.044821293969787179e+00,1.188471781130868266e+00,5.491831947408723380e+00,-8.273664189868965124e+00
2.828319521948175819e+00,5.441074756737005025e+00,7.429544450420479507e+00,-7.704304797292411244e+00
2.876768820495180234e-01,1.302379637990447758e+00,2.666951314920096738e+00,-3.048876525165210793e+00
-7.425557174511667746e-01,-1.262418822089909742e+00,-2.632207804367672210e+00,3.290179276787474016e+00
1.959920728910735654e-02,2.055510664773561591e-01,-2.535710625347686875e-01,-9.861783714429799286e-01
5.798146326819865193e-01,8.423792888884257257e-01,1.885005467182648609e+00,-1.568147956399060128e+00
7.038571561837377866e-01,2.548193939430571042e+00,2.365342180818838180e+00,-1.617001302154908338e+00
1.860590831142241441e+00,2.852014601151720896e+00,5.944646618873962396e+00,-6.151080485898161143e+00
1.063171556242181071e+00,2.860420413266190121e+00,4.382145238851767211e+00,-3.795339683045466206e+00
1.262745292325717861e+00,1.658152913074855794e+00,3.384773773223609172e+00,-2.445775532834201904e+00
1.497522708433867145e+00,3.044110278315889762e+00,4.222224228833776571e+00,-4.060972755112563171e+00
7.637092122486655033e-01,1.816682169262796132e+00,4.300973912647705788e+00,-6.056108582357945913e+00
2.726554839659067753e-02,-1.096127751216782742e-02,1.008889006486202167e+00,-4.025675372064411173e-01
1.124701444768098080e+00,3.056381705294007212e+00,4.594318361450266508e+00,-5.961673652685908209e+00
1.680362523605329006e+00,4.159810442950619525e+00,4.423724470418404664e+00,-3.834234713221885471e+00
2.903330353368162031e-01,1.505044415438288596e-01,-1.772474098024749978e-01,5.090169392563320683e-01
-1.631208551926641714e-01,1.395039543330620635e+00,6.502653985741234655e-01,2.011250076647347340e-01
2.647729265513953933e+00,4.575704922318475809e+00,8.907375446101806205e+00,-9.386752270705347456e+00
2.731824091474511773e-01,-6.451781497337141236e-01,1.217828886191095972e+00,-3.469570854359893541e+00
2.930983088364431666e-01,8.879635463359795144e-01,-2.139962618007773543e-01,1.226699490384770996e+00
8.974546281997913821e-01,2.221168226804782986e+00,3.330187437377768678e+00,-2.102919258125182100e+00
7.202183729157829450e-01,1.838228373037108287e+00,2.946426024735002702e+00,-3.869217362916019365e+00
7.796925111980250733e-01,2.026339151419460194e+00,1.930314526721930601e+00,-2.156405740090804546e+00
7.003708641644509347e-01,-3.234930715734303242e-01,3.030572311146092268e+00,-4.188382773563682271e+00
-2.525342572315794065e-01,-1.315761146316899444e-01,-2.758294664365386062e-01,6.732164421115615083e-01
7.123759469961046253e-01,2.291957686566520103e+00,3.883437727760431724e+00,-2.882873359549309900e+00
-8.500560019180594118e-01,-2.674646930666146893e+00,-1.955030272641931965e+00,2.671461491861853332e+00
3.036109750093310300e+00,8.514663307795963476e+00,1.069340131856091602e+01,-1.159600839792626381e+01
1.548393036956754454e+00,3.555184695840692743e+00,6.520159706758471785e+00,-6.734790629659682892e+00
1.753694859148918983e+00,3.090801467654094914e+00,6.156750057796561038e+00,-6.707748169935584315e+00
1.222000975334685213e+00,2.325286224597878704e+00,3.476168977566630680e+00,-3.140905423682031294e+00
2.238353987845306037e+00,5.860652991321943617e+00,7.953564514886983794e+00,-8.996419203811100829e+00
2.128846384357607757e+00,4.088290647543540324e+00,6.640532447493331603e+00,-8.135419581244299536e+00
1.684019669916869688e+00,3.757895372894860753e+00,5.643188917215570477e+00,-6.707971317111801390e+00
2.630727872584876614e+00,4.546491137493143597e+00,8.855967905503343118e+00,-8.736609581537175373e+00
3.777854368005890695e-01,-1.980335585026798961e-01,2.762142498417172742e+00,-3.684484822251728797e+00
3.551609245869111753e-01,-5.000665703501743220e-01,3.087801791845267374e+00,-3.110199638270233713e+00
3.845197468551574405e-01,7.947997595560939432e-01,2.563560298617526545e-01,-1.786039993352132038e+00
5.220796874885248462e-01,2.248253198230565797e+00,3.743427640685160096e+00,-5.131549023615214367e+00
1.739503858265800673e+00,5.060276918974983218e+00,7.069137187175076775e+00,-8.156170321845522153e+00
5.042218038751542508e-01,1.106285365306032498e+00,2.865356802009276116e+00,-3.715730852733825529e+00
-7.871043175882201925e-01,-9.195060294842426485e-01,-3.949803277015471181e-01,-4.666505846827567749e-02
1.633871044096263603e+00,3.009878155778204611e+00,7.661274561904368952e+00,-7.505078828906916577e+00
2.670353825402146386e-01,-1.044777579990595617e+00,1.851919042157618600e+00,-2.611698316117469165e+00
1.859993140797307376e+00,4.318337597389293236e+00,6.273866055757457261e+00,-6.858418433968993533e+00
-3.661468920311405917e-02,3.138285142804335126e-01,1.241077531632667430e+00,-1.579572498776244505e+00
2.221000648273582456e+00,3.592093811096165545e+00,7.302278183573045922e+00,-6.702746075259202740e+00
1.280142629452520442e+00,2.612500281889590159e+00,4.429594929899163702e+00,-6.322714269000548448e+00
1.641574776532308322e+00,2.110319942385306735e+00,5.171508166334641388e+00,-6.814093273726907540e+00
1.356463482502841433e+00,2.527024489813764596e+00,5.681668732800877919e+00,-5.750493381325952669e+00
2.945787802237097575e-01,-9.466373336449191989e-01,1.851669562468325925e+00,-1.822918534294400317e+00
1.828430500795501512e+00,2.395844751951927698e+00,4.255292155945517685e+00,-5.119371834329258242e+00
-1.379888474122257236e-01,6.628932604700743525e-01,-2.372311755138863942e-01,6.439622269098410623e-01
7.042558422461325796e-01,3.402326023890188011e+00,1.484156981878809178e+00,-3.668451705081795744e+00
7.512290037398349218e-01,2.006628592638539654e+00,2.194826647197726466e+00,-1.510843973260008077e+00
1.847392277539982697e+00,3.272042335533992485e+00,7.225016431252750948e+00,-7.736644311258058515e+00
2.836059071374686269e+00,7.479645339489080946e+00,8.546411310229945713e+00,-9.988817756504900558e+00
4.717492113608574567e-01,4.271087551511609792e-02,2.818041335076153509e+00,-1.658580439033916498e+00
-1.141035090171937938e-01,1.587414842709254037e+00,-1.845242585905856325e-01,6.989199867996781501e-01
1.496170075014858991e+00,3.562777573535329978e+00,6.001945534193105836e+00,-4.779590237470859648e+00
8.306487480825854863e-01,2.726892440983263999e-01,3.341865211722284013e+00,-2.906230283783120427e+00
1.172018242600404436e+00,2.083586568959905350e+00,5.045376558841170755e+00,-4.039527424319928173e+00
-1.003436700970278039e+00,1.152432099224873774e-01,-8.951452468576732713e-01,2.694061794527508713e+00
1.541273693067108264e+00,1.211049106529966446e+00,5.963911434106925036e+00,-5.282057977225927736e+00
1.854825495367353305e+00,2.963581339775415380e+00,6.026073097557362424e+00,-7.544587111255621537e+00
5.738675591220481209e-01,2.565950929636832356e+00,3.003809387200165659e+00,-2.749003373150751717e+00
-1.013817065873864998e+00,-1.785658909494289848e+00,-1.754990742866768372e+00,1.605836509632438291e+00
2.196834416030000625e+00,4.150609790000626020e+00,7.350534981374694077e+00,-7.059405434178279926e+00
2.091458275130916977e+00,4.990275580524281551e+00,7.251059321058106910e+00,-7.269249773124760061e+00
2.858708526709745623e-01,8.471755412406709596e-01,1.096945279719958144e+00,6.586074246302664470e-02
2.073909173478089230e+00,3.667940176358539972e+00,7.689889034453949002e+00,-7.544953371101251527e+00
1.908498487108370334e+00,2.865599955237905672e+00,7.666123379314522701e+00,-8.260332144157471745e+00
1.649458977573033946e-01,1.010259896308518091e+00,-1.199388079452610167e-01,7.422738172336069695e-01
2.593118358837593007e+00,3.808118147644965035e+00,9.930492262323179276e+00,-8.393674759697882237e+00
8.238247609754224543e-01,1.532935125251294162e+00,5.019688880165094069e+00,-4.650160536285310897e+00
-4.923832947821225048e-01,3.942947048237961383e-01,-1.801757125546343374e+00,5.946587081689684862e-01
1.429503508068808548e+00,4.031466629097977261e+00,6.288125987480753132e+00,-7.714869289391766749e+00
1.566164921805195398e+00,1.518955611037616116e+00,6.471500945445670006e+00,-6.622312913270688384e+00
3.687154303234225772e-01,1.766756631814614176e+00,4.084847889874035687e+00,-2.832812873377138274e+00
-1.495375913738605789e-03,1.050819374741136070e+00,2.204682428095907198e+00,-2.840873611332010551e+00
2.195564753835737903e+00,5.055978706230401798e+00,7.683735844364504963e+00,-6.422465290709240548e+00
2.354153956676862114e-01,1.039746758478776290e+00,7.772990421656855720e-01,-8.743764712619009893e-01
1.052670440189691359e-01,6.371159007446139388e-02,1.769879275335298541e+00,-2.325329053083373232e+00
-3.264638963444366215e-01,9.273365788108876018e-01,7.811715402246033335e-02,-1.768641168498039373e-01
7.752754020620773456e-01,2.418349124805282635e+00,4.129775408288288929e+00,-3.132898125447476811e+00
-1.303852540838277285e-01,-8.358960105224184645e-01,-3.613495819300052148e-01,1.201675265133250958e+00
3.986036037927118691e-01,-4.118042169527225127e-01,3.110739360021714806e+00,-3.666011776537595246e+00
1.049241529011340601e+00,4.076001385783032394e-01,4.187044587063576628e+00,-4.983908742414770110e+00
9.640780298793857339e-01,2.568473659097731510e+00,4.519929343096951158e+00,-3.837334496155679453e+00
7.759214527420341678e-01,1.504259799245244000e+00,3.865050360224677739e+00,-4.907625334683086926e+00
5.367660588412310751e-01,6.826721791809425843e-01,1.372879802688825590e+00,-2.124629102875011277e+00
1.763095525803801689e+00,4.671442708240644670e+00,7.552900555589974196e+00,-7.480792151055923433e+00
1.141230336858868988e+00,2.959519778062533302e+00,4.152704746839003924e+00,-4.571343944738608833e+00
1.662991604136077939e+00,3.115840232795487275e+00,3.671449282726291674e+00,-4.594201832615240733e+00
-3.449724174103090402e-01,-1.459572744820521795e+00,-6.113966500773991841e-01,9.766706725267693123e-03
2.139588759617406577e+00,2.200836374627452408e+00,6.882099890534604469e+00,-3.741882431275838528e+00
1.579376459215076078e+00,3.115027094067131852e+00,5.109257072463515570e+00,-5.096658940408909544e+00
2.136544985975050270e+00,4.536348299282514596e+00,8.282737068975540851e+00,-8.965967782561826027e+00
1.313117270446244600e+00,2.640649484987886098e+00,4.087384293389798806e+00,-4.726737600920007942e+00
1.909873585809062302e+00,2.645537157291487418e+00,6.880505337950326705e+00,-7.134650555562582319e+00
8.040372278211813661e-01,1.151943474193204420e+00,4.213490905937751663e+00,-4.823919784189305560e+00
9.230890669452502806e-01,2.855097989031173622e+00,4.454270449689398781e+00,-3.406956096162081948e+00
1.460631717859101952e+00,2.592821231375054936e+00,7.622864077591430920e+00,-9.743493970736361476e+00
6.417623497243103436e-01,9.608032295155166658e-01,2.117892508380515793e+00,-6.653500853049498787e-01
5.606718082538816317e-01,6.228323860237972021e-01,3.092065664466055352e+00,-2.559272901849877435e+00
1.038578878927741922e+00,2.452938864859231405e+00,4.884838949795118346e+00,-5.427720431377477617e+00
1.315896919881308635e-01,-7.312460292142619611e-02,3.189871822525272016e-01,-1.378600671769061592e-01
-2.804948352536904554e-01,-1.797655911295696463e+00,8.485099864594655150e-01,-5.783357050432784696e-01
8.853337627306135937e-01,1.751494410227409482e+00,2.647372224460335488e+00,-3.233341548828832401e+00
2.694505206258346330e-02,5.287481234369357797e-01,1.486601190143747475e+00,-1.901507463280768917e+00
1.699105589919824411e+00,4.471291106610001620e+00,4.732061556185875872e+00,-3.677377967960190563e+00
1.487155183763197996e+00,3.019428571158081720e+00,5.523653826634893349e+00,-6.234076750620753060e+00
-1.415291618254571837e+00,-3.175350468619445365e+00,-2.593655676554918799e+00,3.012651681580400975e+00
1.579335643279176971e+00,3.657039916078970165e+00,7.540762801265323390e+00,-8.063691357751789468e+00
1.917440132494885319e-02,-1.040540014852556094e+00,3.975505960958448659e-01,1.214965193317595560e+00
7.414411888708742904e-01,1.974076818260217303e+00,5.243149427724084433e+00,-5.556390654217596037e+00
6.607057371151244807e-01,6.158758795483978421e-01,2.734450945462457483e+00,-4.727580545530377876e+00
4.425612947250846529e-01,-8.024350507150441736e-01,4.760159169146489511e-01,7.715911795334711165e-01
1.322350120982764832e-01,-4.438347800219092365e-01,2.481689985912852059e+00,-3.616221847603059203e+00
1.554727663757429656e+00,3.466385840877835189e+00,3.681529245652505722e+00,-4.324553324040019575e+00
5.834215955631527617e-02,-6.971825300417187066e-01,2.654780567641719990e+00,-1.099161879950296683e+00
-2.104039593662536678e-01,-6.595701689167385862e-01,7.343333432757115364e-01,-1.031685620185884167e+00
5.699378024172924162e-01,7.788294600101864917e-01,3.276793793609871663e+00,-3.993719768510200385e+00
7.655051312127725271e-01,2.232947579419497508e+00,3.918873758384588957e+00,-5.212978975114819669e+00
2.889378549642371397e+00,4.920504360274032152e+00,1.074925510913477744e+01,-1.104664110839709856e+01
4.166682599221595007e-01,1.057639835379928561e+00,2.650682764329649999e+00,-6.358680878964957373e-01
1.840856233916194018e+00,8.663376536847606779e-01,5.685494431689381400e+00,-5.180016102062436900e+00
8.269372810848709676e-01,1.257007855149118170e+00,4.102657767741449746e+00,-6.428353063310119353e+00
2.226297780023723805e-01,1.116853491045888269e-01,1.668210175224795533e+00,-2.257910229333907282e+00
8.160953852396113373e-01,1.674082148715524410e+00,3.013240847304728298e+00,-3.026713155964173119e+00
1.400043610335399924e+00,3.681835200434144362e+00,5.604645710057512886e+00,-5.479761439058059125e+00
1.907091735806718757e+00,4.325498111036687021e+00,5.868896579761059051e+00,-7.221074636396787483e+00
1.760210522212537487e-01,-6.291972462042255687e-02,1.495108778769578484e+00,-2.511710576435849607e+00
1.095255666997708044e+00,3.500154661492988595e+00,4.379841769080127456e+00,-5.454630471935260516e+00
3.792573863268113410e+00,6.637611267767977274e+00,1.240627157951179171e+01,-1.172903389645271233e+01
1.263280560368033711e+00,2.823625630816613441e+00,3.438056250296596339e+00,-2.222672892901903730e+00
2.208532623596837219e+00,4.468860305376878728e+00,6.064559753387975150e+00,-5.215421040050787660e+00
1.453389208861020965e+00,1.888386490168718401e+00,5.219890739107840183e+00,-4.638943039872645002e+00
1.789332070329717972e+00,2.848713792607812323e+00,8.023523091561722609e+00,-9.271185586687325397e+00
1.078993455740790308e+00,2.704034311643287225e+00,5.068785978178237173e+00,-6.213738097918030334e+00
1.400278633116691207e+00,2.695757525897327866e+00,4.424255042478606903e+00,-4.320191763461878942e+00
2.008556378636583428e+00,2.940183316247378276e+00,8.063947228371187492e+00,-1.043494898260081349e+01
1.045691634747540233e+00,-3.429070790176949046e-01,4.565102069512451344e+00,-4.679266761767637561e+00
1.650114065060020785e+00,2.656821018756700958e+00,6.557297095471957604e+00,-5.778514423993652116e+00
2.184978785070346152e+00,4.493229611927560541e+00,1.053242528277268342e+01,-1.080331404277494478e+01
1.403097527760861496e+00,-6.575432174703976784e-02,4.836493252086373040e+00,-4.660864911116561871e+00
1.109099559116478950e+00,3.016723668606312359e+00,3.049954490985224975e+00,-4.095380882283404134e+00
-8.371636989926005690e-01,-1.023412573253767333e+00,-2.477821162696165480e+00,1.492232080954857931e+00
-8.622744971179412410e-01,-1.771893079740686439e+00,-1.543070568259300890e+00,2.569061208978024702e+00
1.326828232925999052e+00,3.580108565258478315e+00,5.225553285770462963e+00,-2.508148999372290522e+00
2.077779968384163123e+00,5.254686125921606887e+00,4.657462408004668930e+00,-4.437870483613683525e+00
9.641087218501749323e-01,2.348181492168258888e+00,4.378613287230068707e+00,-4.361136579623420495e+00
3.222185396165774041e+00,6.733066374490585204e+00,1.037748173007052799e+01,-9.412137614659984663e+00
5.495848197559406456e-01,1.790394031220407633e+00,3.817781731844832827e+00,-2.550569284873032139e+00
1.574351808743386760e+00,4.451356761941172913e+00,5.719541389249194197e+00,-5.013792182736439784e+00
1.054972430909775660e+00,1.054252007678999847e+00,3.893007994552387885e+00,-2.411949940315933905e+00
7.391339561340324327e-01,1.176192555867259681e+00,2.945701532694461999e+00,-2.837206760969717134e+00
1.497972230679788241e+00,2.226475439552769497e+00,3.410999163396263523e+00,-4.353625762107123265e+00
-2.828581184434395546e-01,4.683664329350516464e-01,-2.731765924578811733e-01,-7.516988090038984049e-01
1.282573972399145612e+00,2.739458924464623912e+00,3.908344613394509004e+00,-5.204072440092568641e+00
1.705678358691524732e-01,1.312581957913460329e+00,-7.111360283928178649e-01,-4.175691195664352762e-01
2.569561622034821635e+00,5.589222653174525490e+00,6.759976642336013697e+00,-8.563129390883183589e+00
6.088265581642053892e-01,-3.000493086480411353e-01,3.587716048015106018e+00,-2.869107976836312801e+00
-3.788217474121802208e-01,6.112005385386121148e-01,-1.472329745571880899e+00,1.515212469919728466e+00
1.193427325837976838e-01,1.306563168597442370e+00,2.628706579848147928e-01,6.956592719308634098e-01
-6.162011848205606324e-01,-1.075173864381415934e+00,-1.196581518299323355e+00,1.623510853564250622e+00
9.646939167578918450e-01,1.250707955139801264e+00,1.061434747526391664e+00,-4.230907467473613570e-01
9.415650765683023504e-01,8.211294176835735037e-01,2.627704930474654699e+00,-3.085928788402574785e+00
1.733728780616706100e+00,3.347543646110081816e+00,6.248452864703505583e+00,-6.652580660785462285e+00
3.035336680426233835e-01,1.284624755423845022e+00,2.716503312185183816e+00,-2.482588757077843766e+00
5.076153211014258204e-01,8.210182473326739228e-01,3.075094214427169792e+00,-2.163896070912072478e+00
5.488504625399843739e-01,1.980556137238174141e+00,1.806058944137226563e+00,-2.464631637342629134e-01
8.125208957644934893e-01,2.480627240407817347e+00,2.450924690602100497e+00,-2.303814658452871811e+00
2.340613098752639232e+00,4.345157817076454876e+00,7.980022029837742892e+00,-8.509538688675682749e+00
-1.466542670921312297e+00,-2.385569532112849167e+00,-1.964035798387541387e+00,2.944632417464145835e+00
9.395450144404757786e-01,-1.681538509325939401e-01,3.227538216967898776e+00,-1.849506414818476108e+00
1.814829084597638698e+00,3.689599303805286556e+00,7.149218094273805058e+00,-8.018373885604848539e+00
5.822995980859109189e-01,3.150563023672576346e+00,3.129037018581752427e+00,-4.158961570620284043e+00
3.545180902611277940e-01,-1.013833387568541244e+00,2.913439799571253097e+00,-2.565568944972502319e+00
1.110135385853842305e+00,2.833912169550992566e+00,4.077658031599306732e+00,-2.280413859851872616e+00
1.499785952569124614e+00,2.263273602760879299e+00,4.656534585527558612e+00,-4.791277803782683975e+00
-1.938187099096022603e-01,-1.628970044949888119e-01,3.871123177799188908e-01,-1.046038771454718130e+00
4.274029489450171804e-01,1.005071827396325057e+00,2.141201669866739099e+00,-2.788411902408658438e+00
1.046130290872723467e+00,3.880473233881629014e+00,5.611727643689789602e+00,-4.497144474023573757e+00
1.120161725108226758e+00,3.156922015539214144e+00,2.768467659273854853e+00,-3.150243737513569453e+00
4.948319475099807185e-01,4.930516780563986012e-01,4.444807811676152909e+00,-3.554916551097716759e+00
-8.428011423518544376e-02,-1.887130333666845017e+00,1.562900268634337841e+00,-9.137530171825951619e-01
2.075221980558583645e+00,2.012060108917820056e+00,7.481179829493427746e+00,-8.234382286939771589e+00
-1.814819684241881781e-01,-1.601633255979993509e+00,-6.130801897864868177e-02,-1.576720591794412041e+00
-6.426383131202477728e-01,-1.688320207695001018e+00,-1.222834871451174532e+00,7.130784479624749927e-01
1.768771919395787151e+00,5.894618883436821832e+00,5.545469557549669304e+00,-4.730557894584469736e+00
1.103762219376049014e+00,2.597747529593973148e+00,2.844539441235277799e+00,-3.471330678376222778e+00
2.266333809973811952e+00,5.820779214515050981e+00,6.113219057871962292e+00,-6.554072344681446616e+00
1.421449326101325905e+00,1.586412376018558890e+00,3.803583959613980880e+00,-2.437449303346430618e+00
1.942945171595701792e+00,6.355518942502657254e+00,5.740649004812550693e+00,-7.376368958135810061e+00
1.705677043201964116e-01,-4.513255477619815270e-01,1.208326184582547036e+00,-1.018741127749431818e+00
-1.353720735545078213e+00,-4.572631079998073389e+00,-2.690745808836040087e+00,2.605317390926339627e+00
1.992206025500081967e+00,3.276192293215226758e+00,6.877246936998865579e+00,-7.793311499426787137e+00
-1.334512421930182935e+00,-3.424671267894072280e+00,-3.039936807332179747e+00,3.258714763235238454e+00
1.401956095069984531e+00,2.769897706476432298e+00,6.227109110574236439e+00,-6.173276564382415899e+00
2.764084884573639878e-01,1.612035583760605739e+00,1.774169965172145647e+00,-1.379939067188582946e+00
-6.482317554496310752e-01,-1.096923190607734355e+00,-2.052078473838828465e+00,1.659354781441217064e+00
-3.712407387655614066e-02,1.899431179558253246e+00,2.832765331516493568e+00,-3.807134673603140396e+00
1.259155770236656258e+00,1.987519020054963725e+00,4.863210415307303691e+00,-6.115327517412060487e+00
3.759539012506377675e-01,-1.803105094210145642e-01,9.372633555146852036e-01,-2.390168455823782789e+00
2.324639877316173386e+00,6.165095800884998312e+00,6.700512549961544551e+00,-7.870616916226373050e+00
1.892053620818038961e+00,3.547842708088663422e+00,6.613555547275650426e+00,-4.618414390608133857e+00
1.382376933665124152e+00,3.083468480919190569e+00,5.505821346876418332e+00,-5.526034252082904885e+00
2.936389930379036173e+00,7.296961693473487109e+00,1.081225169865423652e+01,-1.142266602941290188e+01
1.489076777842267774e+00,5.106299939031496038e+00,7.136915189358193246e+00,-7.692223766984200850e+00
-3.902673573151693720e-01,-2.320152619746512102e+00,1.047080102767790954e+00,-3.621892772308995534e-01
7.308551926075013139e-01,1.454201835345207972e+00,4.021543554927107245e+00,-4.729261563631929732e+00
1.911702876696358633e+00,3.127644429820777283e+00,6.757861419993435703e+00,-8.034650697202094349e+00
2.145189715280372944e+00,3.699872544672619501e+00,7.125072198939569112e+00,-6.189238090986155072e+00
1.516462082839805658e-01,-1.054552963909776819e+00,1.457481555001113982e+00,-1.520755881571588031e+00
5.616755373627457804e-01,1.682013551792979733e+00,2.318681400196951792e+00,-1.215182850498215616e+00
-3.572519089645478374e-01,-1.109745848683164615e+00,-7.234373008718681941e-01,1.150035304856596330e+00
1.354305904943674310e+00,1.853222079080727669e+00,6.344011887527686078e+00,-7.611834682330601787e+00
1.158755933820982298e+00,2.451561599928086199e+00,2.793066564035756372e+00,-2.200075600261651054e+00
1.935081110032640161e+00,5.317680990359288096e+00,7.102790374889504044e+00,-7.841293912477418360e+00
1.369379180633703230e+00,9.171456064843959144e-01,2.094842394137754304e+00,-4.523289924589722233e+00
1.330744420409063711e+00,2.617860882386826571e+00,6.468026379910286394e+00,-5.592637519608406826e+00
1.797783781370661416e+00,3.848442643012173647e+00,7.796675270784749756e+00,-8.209778693141794648e+00
1.610255850954429580e-01,1.140929686040789148e+00,8.662048182399038065e-01,1.201530092411658535e+00
-9.411202915297061100e-01,-1.392658814441285253e+00,-5.792341050494713706e-01,5.855170498454670414e-01
7.274551082534873592e-01,8.752628725975193369e-01,3.707596901676380785e+00,-4.219825422987511843e+00
-1.302902824961379213e+00,-3.787135543580353758e+00,-1.763524610659766623e+00,2.264973886466760344e+00
7.707214471307842762e-01,9.441940629089254911e-01,1.495742072603798878e+00,1.825629681457350273e-01
1.474913122983430025e+00,3.113345791389433792e+00,5.254884513219033160e+00,-5.503476696928171208e+00
2.681033289184932666e+00,4.642566243742543897e+00,8.306573146444597100e+00,-7.694903139703607842e+00
1.409177554957415479e+00,4.238638945914817491e+00,6.747273211192766240e+00,-5.503427080080282252e+00
1.416764415056886328e+00,3.480260529752313925e+00,4.618209584841703297e+00,-2.445559133931694884e+00
2.938401481164225171e+00,7.344377751175077407e+00,9.673754165264458749e+00,-1.108881603416804218e+01
2.661987066548389791e+00,4.416599691931129001e+00,7.698117200754244216e+00,-7.969228240137284480e+00
2.014247907997601228e+00,2.440357936640491943e+00,7.716232872967774270e+00,-7.553623701698056969e+00
1.727793206196274189e+00,2.791604643068781755e+00,6.366027276298970250e+00,-6.769936968065153771e+00
1.514148240552018798e+00,3.770482451858927497e+00,3.687022481920563255e+00,-4.686709161393856959e+00
-1.526500085941755458e-01,2.401006821901330746e+00,1.408112359148357307e+00,-7.420275956824999852e-01
4.016269995951906591e-01,9.956704481738556378e-01,2.931283549044239489e+00,-3.217815570368008249e+00
2.143254576098121866e+00,5.239206813725527212e+00,8.717279715448151833e+00,-8.451674051568128121e+00
1.728955024685647324e+00,2.178885302886347297e+00,6.508013984623246095e+00,-6.793328654233922848e+00
3.394319848828995845e+00,5.941870768402061742e+00,9.695375815228484129e+00,-1.060717726155919749e+01
2.022878307275286502e+00,2.864254528616910545e+00,7.298003115275189856e+00,-7.578741375682248815e+00
2.221116961253438049e+00,4.662468931021765961e+00,7.169160915247768884e+00,-7.865152064118682063e+00
2.616842650114043600e+00,5.578632451479997201e+00,9.250693946970237391e+00,-7.410915676652511053e+00
-5.786186270784623442e-01,-9.539502110649616951e-01,-2.083799252320432505e+00,9.190317823691933619e-01
1.448307046441921209e-02,-1.312109738866529707e+00,1.269172203161040180e+00,-1.122067015257704581e+00
-8.611384403223771855e-01,-2.206189509081280420e+00,-1.903120932921620989e+00,2.644803249438083981e+00
1.607473539122613815e+00,5.038471686836190067e+00,6.389855286152513969e+00,-5.841349559102062550e+00
5.348654517751624260e-01,2.471034866108224648e+00,5.718489013456643733e+00,-5.804241793505195091e+00
5.402726496890291052e-01,3.595148028869000978e+00,3.986402459714292412e+00,-2.901973205908754849e+00
1.956201082327079455e+00,4.199029925856494927e+00,7.011309492944706179e+00,-7.754043167325505692e+00
1.334319745347972486e+00,3.807559315478813655e+00,4.158536747573705838e+00,-3.207509060813678925e+00
2.051508264006074889e+00,4.984091296628803569e+00,5.689832711787278896e+00,-7.050134180829886965e+00
2.973667489598688096e+00,6.542206218298638021e+00,1.109045773349977182e+01,-1.232906491881319688e+01
1.417789262681101947e+00,2.148182588044719843e+00,6.440144755819244615e+00,-7.198797967906694240e+00
1.309896401191720239e+00,1.876177766387764567e+00,5.404986284479431191e+00,-6.296764456016315847e+00
1.650878152010815558e+00,3.307834934648298475e+00,7.207106731814052480e+00,-8.562635433681144548e+00
5.275996840877192895e-01,1.254421252149324539e+00,2.425208030174804463e+00,-1.748570947517735785e+00
9.568805194187055552e-01,2.827970037278843662e+00,5.213066667833680334e+00,-4.715680096051447556e+00
4.302742138381371317e-01,-2.055626017795035843e-01,2.692814143497797907e+00,-2.252901232660736941e+00
1.624426427450708754e+00,3.129330617742723142e+00,5.187029890214384764e+00,-5.996632177545822451e+00
2.257427919526430848e+00,4.951816288578683611e+00,6.230046628790155694e+00,-3.659766407852548920e+00
1.009172297937646734e+00,9.947278019111585046e-01,3.281961654715837895e+00,-3.420682605553582611e+00
-3.128996397292782561e-02,2.616396176024114784e+00,2.348572855879668353e+00,-3.348165907992382895e+00
1.560556908953010247e-01,-6.635131259244414492e-01,1.559323350138428044e+00,-8.258476637954582644e-01
9.154186789387441792e-01,4.294297487286032222e+00,2.850876267868362124e+00,-2.892807958522041201e+00
2.415318415644188033e+00,3.811669575515561625e+00,9.178805022451866691e+00,-7.954784631775986270e+00
1.862532942227029586e+00,3.980684769703909609e+00,7.580101346731365375e+00,-7.983930331958950966e+00
-9.383803143405138325e-01,-4.386842327106227124e+00,-2.009946262745551770e+00,2.857384285133958812e+00
1.416083020240381574e+00,2.497462138381157715e+00,6.476894330890311302e+00,-5.892841357548612713e+00
1.182028562691892049e+00,1.977927955955133932e+00,3.070642068391264523e+00,-3.155194878360277233e+00
3.176612608151321293e+00,6.122287022105454390e+00,9.856878172509214053e+00,-8.911237617899232077e+00
1.414064994272903331e-01,-6.188338285664317651e-01,2.058524353639805238e+00,-1.270085130437526022e+00
1.554114965207809007e-01,-2.591243333312158725e-01,2.056708779877937765e+00,-2.975406605672866966e+00
3.370527542770845875e-01,1.519724741251701872e+00,1.821516982553163411e+00,-1.602054851184149031e+00
-1.713203665229356965e-01,-4.099310072113346859e-01,1.077366672148431848e+00,-5.991138056335701956e-01
1.102945126940604315e-01,-2.094161790011020430e-01,1.295300315213757436e+00,-1.514835628050253513e+00
-1.053299963357605673e-01,-1.172052644791890669e-01,4.142262175853633210e-01,-2.966287248841017465e+00
2.665304944355251671e+00,6.005386363300472929e+00,8.570206529150736330e+00,-7.779135656366046092e+00
1.448828280646351940e+00,4.868952705381428103e+00,3.873308020397635776e+00,-4.600289186681623121e+00
1.206576823480178140e+00,3.125836979133193694e+00,4.642731187280611849e+00,-3.796782428079068517e+00
1.964701691927157379e+00,1.674985447090086677e+00,7.610187762343257667e+00,-7.406998869579761724e+00
1.139427632829987935e+00,1.851406935022438471e+00,4.121292157549071078e+00,-4.333155601622288522e+00
-2.732377140210762168e-01,-2.070432340224003909e+00,1.205510212427080674e+00,-1.384137124880517877e-01
1.951068179405925918e+00,3.620050246170546160e+00,7.813377769505919446e+00,-8.641164383919063496e+00
2.077239654425580007e+00,2.595639664452659368e+00,7.046768160908917444e+00,-7.812079952504794811e+00
5.350510327895058316e-01,2.527058669477693087e-01,3.772621924781632607e+00,-5.478444970257186242e+00
3.819714648495809994e-01,8.039410517265346279e-01,1.752116336094349247e+00,-2.128116867584178618e+00
1.774005017219728586e+00,4.500506461598925867e+00,6.890882381512009047e+00,-8.774548493950549144e+00
-1.736871382645440942e+00,-1.296683013521873207e+00,-4.079164762458282745e+00,3.264068350503730453e+00
-9.645061996361223855e-01,-7.270393744897380994e-01,-5.321482025143329686e+00,4.195942285885931433e+00
3.037891229958590955e+00,6.478062561673341158e+00,1.049939702024879473e+01,-9.572044780840938571e+00
1.427873697772333195e+00,3.459856894973083463e+00,5.259243456195357602e+00,-6.408922144617041461e+00
7.585997058609039723e-02,-1.665090186298310515e+00,1.236704633990925117e+00,-1.834069857852283381e+00
-4.083930877056431985e-01,4.433996657658809681e-01,-1.299163563992784098e+00,1.891890896282439005e+00
1.017819642074657471e+00,2.738762882162548706e-01,3.064125406014505781e+00,-3.001310619844356431e+00
-4.458991495850985753e-01,7.069637521974694305e-01,-1.528266825450947719e+00,1.718493298176918316e+00
9.439735533419213453e-01,1.830279102467674779e+00,2.987364539734512991e+00,-1.313592952182625062e+00
8.179083680061189909e-01,2.755868460245033180e+00,2.160679073306122966e+00,-3.317064980253154882e+00
1.620229662980227303e+00,1.921225320459265085e+00,5.353561575968260655e+00,-5.785892639073568766e+00
1.477354479720925706e+00,3.408523995567454001e+00,3.973842922170748082e+00,-5.073141792885813572e+00
2.465786651207845459e+00,4.695281897259406811e+00,8.555270401258201929e+00,-8.520249954952053173e+00
9.625958551187234757e-01,2.128368100311461841e+00,2.213391561647644501e+00,-4.427756462915739988e+00
-2.820040013632849618e-01,1.247457236154115856e+00,5.154937492773042917e-01,-1.691989310193734664e+00
1.535109453078917330e+00,2.395958832038641351e+00,5.907946450417669304e+00,-8.316492671674913240e+00
1.032702137107705642e+00,1.641819821393138978e+00,5.848396232875259670e+00,-5.540621263830951548e+00
2.203440018406114032e+00,3.225379064000650775e+00,8.356275783938572843e+00,-8.480832000067060505e+00
1.985697569438747534e+00,3.698089925727458205e+00,6.800468185582968950e+00,-6.722277111862401178e+00
4.896032357178861094e-01,1.620624336148086542e+00,1.403135306054689613e+00,-1.154161246358488047e+00
1.263963865552294896e+00,2.077219627773152055e+00,2.812561671519020923e+00,-4.630469617961004758e+00
2.281792058984901228e+00,2.769839724383165169e+00,7.668440885928310635e+00,-7.476461424465132843e+00
6.597759174845658769e-01,1.651304976119430057e+00,2.980921747093992824e+00,-4.476003999668477285e+00
8.183266498186814175e-02,2.813503200784941982e-02,1.671543965542368726e+00,-3.199600760114838849e+00
5.631345197747765763e-01,2.031686751367872468e+00,3.016013009485294383e+00,-2.791499429485628792e+00
7.119784029025918448e-01,1.245934472307899110e+00,2.144568450807254223e+00,-1.768059093258266934e+00
5.110460715317153291e-01,8.099530211506176247e-01,2.704175456353484996e+00,-2.804956544838551835e+00
1.978206499602227275e+00,4.800203147004293847e+00,7.564868213894268223e+00,-8.083526910732956594e+00
1.820807653982253527e+00,4.374506696486491819e+00,4.735375055748558992e+00,-4.653468881756140263e+00
3.903164756071425767e+00,7.740128127482862830e+00,1.373880585938793963e+01,-1.411093389959954791e+01
2.044046541982865062e+00,3.136987668555995423e+00,6.797014368296773412e+00,-6.681068384091403800e+00
1.196065775739926895e+00,2.056187293741793543e+00,4.892769820480526555e+00,-5.290931577074987402e+00
1.538949666428971907e+00,1.541911471124170818e+00,3.966393646048014254e+00,-4.576502581293725669e+00
9.612714535204660571e-01,1.281289516528345551e-01,2.959362786840452841e+00,-2.524621426907580624e+00
1.421170081111261529e-01,3.383390401749793441e-01,1.552276583329530446e+00,-5.928136821944003376e-01
1.439666742601833915e+00,2.934898885548552272e+00,5.378209355352935539e+00,-4.962611587960156889e+00
-6.825613094410778459e-01,-1.831858516694193195e+00,-2.032328266137882755e-01,-6.508313337120840147e-01
6.331413289177179049e-02,-3.721765709586397075e-01,3.015154570491261232e+00,-3.884182518982879806e+00
1.167775141623099699e+00,5.316907638444750006e+00,4.233980440625359165e+00,-4.262380185412693478e+00
2.661212455939121924e+00,5.412935722703359431e+00,9.193244348624102003e+00,-8.658569319549561882e+00
1.092753652139745402e+00,-1.540841521814959147e+00,4.626073582309122578e+00,-5.336922554763668280e+00
1.005464134609680205e+00,1.511882067302076527e+00,3.080001796153311933e+00,-2.555486172083769603e+00
2.671171480125880127e-01,-1.111277750116256735e+00,2.703346388525089239e+00,-4.063106468797430537e+00
2.570036686010451765e-01,-2.293643747076357098e-01,2.444576292317860222e+00,-3.243318536730069201e+00
6.919816428409633069e-01,2.367404356592375692e+00,2.875888701303758399e+00,-3.068976198622419993e+00
2.171660028014757993e-01,-1.051642481624645464e+00,1.840856003144841768e+00,-1.762490843021607079e+00
2.659819508762114371e+00,5.402386366104868110e+00,9.333530752909990014e+00,-1.038663302608680183e+01
-9.478067290830465286e-01,-2.515759435846486092e+00,-3.118489997199416663e+00,3.390445115431286904e+00
-3.008726006644448780e-01,-1.773164908758797731e+00,5.988149532194213531e-01,1.482176288365227856e-01
-1.024293860820782331e+00,-2.096093771954023577e+00,-2.455163191644775367e+00,1.184164661895264370e+00
1.490567098515431343e+00,3.328987584649264697e+00,5.091962163824717891e+00,-6.494999656754243844e+00
3.847372364328813799e-01,1.929360914373432712e+00,2.479519533006443233e+00,-2.258039420002716291e+00
9.368246799053470131e-01,2.896433954360365881e+00,4.775990286659679285e+00,-3.467567526953551749e+00
9.552563201449694175e-01,2.490461488770609133e+00,4.697460239871921850e+00,-3.933046801722397401e+00
6.183135677091942117e-01,1.475286696019483923e+00,2.563195853161762017e+00,-2.106462249763877193e+00
1.405976907814746601e-01,7.374457838655608111e-01,1.781554041842653202e+00,-2.247801905052196680e+00
2.016242991232427340e+00,4.202026753447086094e+00,7.099282170282741333e+00,-6.799722691876563196e+00
1.483763811102011276e-01,4.282832803574451175e-01,1.886599934947515100e+00,2.036808660080338118e-01
1.178041069567701049e+00,2.806266540663053810e+00,4.941413424491281070e+00,-3.818065178161293538e+00
9.250268533993285525e-01,9.854859698832144632e-01,3.542423736221664399e+00,-4.386376605265514428e+00
8.301305551509122749e-01,8.498411645737623532e-01,2.858004363915340740e+00,-3.999779788699532102e+00
8.883427229268412439e-01,1.975408301641351505e+00,3.676619110304119253e+00,-2.669682494153529539e+00
3.656683761164847279e-02,1.362574801146717363e+00,-8.179418113494474341e-02,-8.079921499024551590e-01
5.874403581958003162e-01,2.433779870354483288e-01,3.215798876442367060e+00,-2.221164409010236707e+00
2.386664623070394953e+00,5.858073008090696199e+00,5.572544837173955656e+00,-4.929557961835774549e+00
1.238411505474445118e+00,1.153160325382470708e+00,5.658229257703782267e+00,-6.399433885129321098e+00
1.133198282408071300e+00,1.597433601203797071e+00,3.692898294143535765e+00,-2.208098581201560329e+00
7.094741309538324936e-01,8.593613791597642937e-02,3.742617409934365647e+00,-2.832430021746821680e+00
1.273464226122362097e+00,3.463641641687062123e+00,6.157964459535034685e+00,-8.810777444991881424e+00
9.377781894267198659e-01,1.453299139184447419e-01,3.080022625018182136e+00,-2.298817330424737015e+00
1.621699816854128118e+00,4.602363059137718260e+00,6.750634993726535527e+00,-7.817917311698692195e+00
3.800642968799454735e-01,-3.786147620962845295e-01,1.229528248250797429e+00,-2.005074564320637798e+00
2.291334178036048996e+00,4.956901247574807989e+00,6.076324164068982014e+00,-6.798595222549883133e+00
4.325836851472906197e-01,9.111690128331019212e-01,1.441170701104122376e+00,-2.648820286058550799e+00
1.146680925370537896e+00,9.825606191688200930e-01,4.250496550474813340e+00,-5.232391744294621283e+00
1.865199364014799910e+00,3.340124573282051479e+00,5.961171145937540494e+00,-5.809388520359730634e+00
1.553251132533410850e+00,3.531988986153063337e+00,4.691189389673093402e+00,-3.966281617618158784e+00
2.903643351285237095e+00,4.829805777343713302e+00,8.893434111451172797e+00,-6.941478571418846499e+00
-2.514568134444419290e-01,-1.902748524641564520e+00,-7.762844587720307832e-01,7.092039660692430747e-01
-1.613707641682398108e-01,4.744152486619079845e-01,-4.817936882212962013e-01,8.898539250887353980e-01
5.668575783333893447e-01,1.850140046800269555e+00,4.090640929314323770e+00,-2.986427541613379866e+00
-1.259345416691167063e+00,-2.904195677146533594e+00,-2.185716039564614022e+00,3.126983820912112577e+00
2.005862255083491696e+00,3.020400383577340087e+00,5.353991520409486782e+00,-4.421619258800237873e+00
6.786915960569455120e-01,3.357461777559584082e+00,2.449478812000825734e+00,-4.008695235818079183e+00
1.168793875111781455e+00,2.786285446140380095e+00,5.226018945800484872e+00,-3.446112308273231228e+00
8.417820083905647177e-01,8.651744446386320231e-01,3.824383757579962406e+00,-3.464140877258730988e+00
1.346841677984424113e+00,4.097363536338766821e+00,5.148614535071928344e+00,-5.223701130613183530e+00
9.594194471807310221e-01,2.998652538009389801e+00,5.074790718020335767e+00,-5.268784366773414440e+00
7.497270383811905914e-01,8.836352777350090504e-01,4.775002792798412443e+00,-4.992427038099883418e+00
1.344277961242203556e+00,2.972375982261492577e+00,5.240004680467414744e+00,-6.575711917305329557e+00
1.294469825024400667e+00,3.721447278015316051e+00,3.338725396108045196e+00,-2.857500291469198039e+00
-6.556154456462506275e-01,-2.554537934992515247e+00,-1.796166999236776807e+00,-4.430349211308106661e-01
9.176788894403302699e-01,3.499562633285110635e+00,2.983152038157622421e+00,-4.557038418290394688e+00
1.898916539285804284e+00,3.877894745566882406e+00,6.627828866909736938e+00,-6.329750828856750999e+00
1.297095526296357271e+00,1.454188238065419858e+00,3.232220681203910040e+00,-2.685823063560347723e+00
-2.782429284556875437e-02,1.373966520481208375e+00,-4.659872803230147298e-01,1.392628993336250121e+00
2.372851915448375593e+00,6.034178100615158691e+00,9.353422544137677264e+00,-9.638279751503660009e+00
3.365550654969277744e+00,7.725783463229296544e+00,1.258155363022724238e+01,-1.151933505972627536e+01
2.484829972700367540e-01,1.919267622436927168e+00,1.670201663374806245e+00,-1.318909123534222294e+00
6.405092758003878561e-01,2.583362236237994658e+00,3.709780744530533081e+00,-2.649532420975750036e+00
9.676497497331437714e-01,1.674973139190468530e+00,3.077244457941217703e+00,-1.981421649680984887e+00
-8.938483767004128389e-01,-1.764568508811359404e+00,-9.182616748335798995e-01,1.042751814269962995e+00
2.989879635636433441e+00,3.526182854346454398e+00,1.049814939285985993e+01,-1.123721312859676047e+01
2.108469057207640773e+00,5.163412201138172009e+00,9.761034847064557596e+00,-1.096840166469478106e+01
2.385178735934863958e+00,6.625153094443655633e+00,8.144785421002330494e+00,-5.619012945502555922e+00
4.752834466637538835e-01,2.348608551032831837e+00,2.586573242823827723e+00,-3.819459876808633858e+00
1.780167059640762606e+00,2.788566124695395221e+00,5.616617774692962861e+00,-4.920090082774332352e+00
3.684976565999512621e-01,-1.212849812972528696e+00,1.955255256747373549e+00,-1.356662673746010572e+00
1.469787162204140296e-01,-5.374950299926350983e-01,-1.918630209409055709e-01,-6.747545817559551518e-01
6.372677611631379913e-01,1.091488415274462609e+00,1.776874083562433482e+00,-3.659708045391771414e+00
8.410838438241949877e-01,6.481244420623173408e-01,4.129670844838431165e+00,-5.982822317934252787e+00
5.436354387048428771e-01,7.907655275267999606e-01,1.142689600477679202e+00,-1.819498545375658471e+00
7.976031515605321864e-01,2.607041306472583919e+00,2.765390499021031179e+00,-3.013797526528419812e+00
4.920046101738797084e+00,1.159330609162392989e+01,1.569202334544591793e+01,-1.743943611366075430e+01
-3.382910093063307144e-02,1.462920578775127600e+00,2.046146266500058486e-01,-3.382167285623635777e+00
2.399505874545086570e+00,2.465097954467039720e+00,8.095707978980701824e+00,-8.595693241010707197e+00
4.095650094326774848e-01,9.752686539455190928e-01,1.567747808298623813e+00,-1.550354370062554388e+00
5.864436858117889617e-01,2.255787021579398477e+00,2.141514309129346483e+00,-2.076022447696915574e+00
-2.775765269074628172e-01,-6.561550687747297328e-01,1.009748405516431025e-01,-8.512541867593144129e-01
1.143305913314436317e+00,1.628669055153956435e+00,5.675456292650981283e+00,-7.179432191401774688e+00
9.470737266610498306e-01,1.544369110983246252e+00,4.702072291741867360e+00,-5.202794462836670242e+00
1.782901994522412270e-01,1.166491767793117251e+00,9.979855446067813496e-01,-2.291759218996506142e+00
-6.096888767254138308e-02,-1.478357673351561596e-01,-1.116341613897124940e-01,-3.052940917434943668e-01
6.519467828605147730e-01,8.419253962285180304e-01,2.466454176994688829e+00,-3.189713971863195496e+00
1.639124542442778498e+00,2.652400221772510669e+00,6.081592203960354936e+00,-6.568347864240623224e+00
2.428836271095469179e-03,4.257136667746404535e-01,-2.455570201055889967e-01,2.219221575071977259e+00
7.477416002035210951e-01,1.406913561486418551e+00,3.320984239540369032e+00,-3.873630972750678580e+00
4.544902815552600561e-01,1.404563494639794241e+00,9.265707227053683326e-01,7.687993268996584639e-02
-8.052767661689019807e-01,-2.003739788630749530e+00,-1.743661342609366116e+00,1.413969600429476170e+00
-9.113227594087902617e-02,4.042664504848589857e-01,1.121039906525576724e+00,-2.342813494934433027e+00
1.162619918873717406e+00,2.495954341298457280e+00,6.140224879236333422e+00,-5.489437469680846782e+00
2.625987358020872797e+00,4.523858930074958096e+00,8.360648528685315384e+00,-8.280006222155108730e+00
-1.416621441021839178e-01,-1.136514415719305005e+00,7.521742088642771051e-01,-3.025583727535038348e-01
1.466427564766041858e+00,2.903973920083070759e+00,6.606579773115067056e+00,-7.449733794762190442e+00
9.646730748886360729e-01,2.284419518632370583e+00,5.571639215856254879e+00,-3.570789934730594695e+00
3.000683132160064659e+00,4.634673997144015622e+00,9.336625842367137551e+00,-9.690129705375142066e+00
2.048434376619717945e+00,4.717366915314177511e+00,9.221743821996376766e+00,-9.906876898751121985e+00
4.905874505323620793e-01,-7.347916682822219769e-02,3.166980991767944786e-01,4.442977107066150566e-01
5.662559301539471512e-01,1.829543916134305448e+00,6.326574598495238178e-01,-1.112212037421404620e+00
-2.976219031719367081e-01,-1.171883308732960538e+00,3.957775409841017278e-01,-6.408229952844090027e-01
1.743399180080429822e+00,4.600587570224266010e+00,7.607327233285691825e+00,-7.273420611259438395e+00
2.251292922817616393e+00,5.304295434644362039e+00,9.003898796649473013e+00,-1.085666882499976005e+01
-5.613956734181084762e-01,-3.753388451040635676e-01,-1.017797739533752521e+00,1.731020371840140015e+00
2.945785666037227246e-01,1.077596285075309357e+00,3.333698641874161872e+00,-3.975588974098052120e+00
1.967052671843602774e+00,4.455845556306343269e+00,6.281977052460550048e+00,-4.871146226577796057e+00
8.277337033166413116e-01,2.778090815437168182e+00,5.137717335841954558e+00,-4.757164333215781582e+00
9.583193119709548791e-01,1.828470987274351645e+00,3.297302247161729483e+00,-5.157288671013947834e+00
-5.027402524530970584e-01,-1.413257813206121760e+00,-1.564662501023213470e-01,3.925568932130063526e-01
3.898560524075223022e-03,-1.417975540180075100e+00,2.524108411242961481e+00,-1.206679791774066590e+00
1.198137466221320890e+00,3.404961189404275057e+00,6.453693520103570336e+00,-5.877748460232353089e+00
6.699289084008400730e-01,1.802865087922744358e+00,2.894813218721184800e+00,-1.467536293302053485e+00
2.336079876512732412e+00,3.019940859180885617e+00,6.945809693763616899e+00,-6.530838585529830098e+00
-1.139648704395570533e-01,8.615131210298889730e-01,1.205835496611721958e+00,-1.170544250316725599e+00
2.181057056872253153e+00,4.309682081985707569e+00,7.844532353108682798e+00,-6.017888382697569760e+00
1.652083574724129145e-01,-1.789853640866618800e-01,1.620367596432198187e+00,-2.415557801100130408e+00
2.107864136181047954e+00,5.539095865916092265e+00,7.192259107159912901e+00,-6.642948685295809064e+00
2.151707094440186374e+00,5.302559384247602203e+00,7.377552541535215447e+00,-7.688565726145062840e+00
2.300783966924697665e-01,1.092830525049647505e+00,2.492132722665857170e+00,-9.521763742871902636e-01
5.999881577354080342e-01,1.333417293409076887e+00,2.103161342753633534e+00,-1.871878564000149403e+00
2.137391254167945842e+00,3.727751072059758197e+00,7.086753839883265904e+00,-7.485216740566671412e+00
1.709563093999135752e+00,3.459702681910442834e+00,4.222301967609433326e+00,-5.667156178654897403e+00
9.945594220107348837e-01,2.676110968322775729e+00,2.765900649447290860e+00,-3.060846191077371881e+00
5.206536176548893780e-01,-1.731260971010235572e-01,2.209326393393828969e+00,-1.915023033843083589e+00
7.407478697150706726e-01,6.594922455618417167e-01,2.867916702907016724e+00,-2.083004018471560137e+00
9.252576500223658185e-01,6.807261756851155088e-01,4.302080125099503327e+00,-5.181382495564540669e+00
8.299130980183151429e-01,3.543064308281471675e+00,2.307174398094599788e+00,-3.458937574475601018e+00
1.811057161701412621e+00,3.604356225103652278e+00,4.852265726300839077e+00,-3.487355998746962449e+00
1.990467111894733243e+00,4.605205063536396359e+00,7.279957302211676584e+00,-7.182215282055650185e+00
4.515492530808880023e-01,1.293692346871095689e+00,2.547268943293698573e+00,-3.955500360368587209e+00
7.524869330548780155e-01,1.207063077873905765e+00,2.100968810472147119e+00,-3.108299263181511840e+00
4.014703664734723176e+00,8.877437740723182813e+00,1.265711163778966686e+01,-1.321683663007220311e+01
-2.137740792564244430e-01,-7.348284196491617903e-01,6.085269964061361669e-01,-7.620997401139990579e-01
1.131973460950368660e+00,2.634514344315067369e+00,5.308010802121533978e+00,-7.271754151114428133e+00
-2.730189923092254389e-01,-7.521011369955444836e-01,-6.527075518823103328e-01,5.940506451686864420e-01
1.594115855616305311e+00,1.909264917437743625e+00,7.465158537246941783e+00,-8.411922555097424592e+00
1.436722120962595772e-01,1.068756765642059792e+00,2.556452981879011155e+00,-1.408799091675537518e+00
1.527414632667397631e+00,4.486302044540256162e+00,4.250867547992030815e+00,-5.257252345588439901e+00
-9.477209805679454035e-04,4.234100203479319036e-01,-2.394120890869060325e-01,-1.098826478072314039e+00
3.790660084752909276e-01,1.024747944378299191e+00,2.271524446477337644e+00,-2.144957894897457251e+00
8.039423074811731240e-01,1.628321755609220878e+00,3.442756460298458165e+00,-1.889616411014382491e+00
3.455792943594780953e-01,9.652965901830748985e-01,8.836368518341262135e-01,-1.140614188102604842e+00
7.423121319091419146e-02,7.767672209544554951e-01,3.187675134433591850e+00,-2.483436459951366526e+00
1.231316776636676158e-01,-3.260140618518545530e-01,1.363226908866974396e+00,-1.117297171585105886e+00
-8.183331848572776845e-01,-1.602280811481599621e+00,-1.084018973522972829e+00,-6.057450735037861467e-01
1.141274930312965230e+00,1.112707080142119498e+00,5.056679897937685908e+00,-3.441314131913896013e+00
1.642089548416400202e+00,3.764554563874155324e+00,5.578435231413194195e+00,-4.905418578091998327e+00
2.043833425076552857e+00,3.372229250621537222e+00,6.947210858871673445e+00,-7.861785873882282338e+00
1.690519862303062393e+00,3.822746027787103706e+00,6.530854612679120486e+00,-6.847220434055652838e+00
6.460986815349114565e-01,6.883980998785212968e-01,3.357182198242672833e+00,-4.894354139856703867e+00
-3.768784676246532683e-01,-4.920851160902873778e-01,3.796521017660219321e-01,-3.839933764594908316e-01
3.292739988556132591e-01,4.317239617306804500e-01,9.395471235272578880e-01,-4.723488156485455836e-02
1.459295511299943948e+00,3.312561272756882502e+00,4.827413709515515627e+00,-5.064135741093856780e+00
1.290896496112311720e+00,2.193190705010317210e-01,4.569234418925288921e+00,-4.603092715046140704e+00
2.031091426121978127e+00,3.753527395046073689e+00,6.252901977571596603e+00,-6.855165921989491373e+00
1.863869300139203711e-01,-9.519624121498315716e-03,8.705119629379968194e-01,-8.431894161047355229e-01
1.979354429869612186e+00,4.183903875534343619e+00,7.084929647670080932e+00,-7.822924173229030664e+00
1.273030636325107823e+00,8.855373526174954435e-01,4.875019561192062589e+00,-4.648432731929099226e+00
8.113599106458180277e-01,1.699746795386299469e+00,4.568105850734227147e+00,-4.816092979671510399e+00
2.568454651200216876e+00,7.276661290237113278e+00,8.903327764356969709e+00,-9.270153186140717594e+00
1.351911218071663034e+00,2.245126314457947636e+00,4.544222102784766903e+00,-6.143158329076150004e+00
6.655826421792470082e-01,8.396482752643517067e-01,2.497671549139679481e+00,-1.127897805502549922e+00
1.209664570707723596e-01,-8.471526260957087384e-01,9.663689342499248713e-01,-1.402316876067466023e+00
6.510938812280746557e-01,1.655059468917305709e+00,1.759314866518685738e+00,-3.257013086372925414e+00
1.011284146244671112e+00,1.702531257933075137e+00,4.015648862082631609e+00,-3.151016199163522824e+00
8.761438988414487206e-01,2.059664188765218285e+00,2.671006441062370840e+00,-2.111061030623198498e+00
1.690353718419650431e+00,9.847161625455904677e-01,7.675778165282462595e+00,-7.395989642227297267e+00
5.981108398550694094e-01,1.449715539139668774e+00,3.776570101388021961e+00,-3.925183245302462431e+00
8.006157456702441833e-01,2.841300041595223647e+00,4.438445434634243014e+00,-3.734933500343144974e+00
3.064387922435011014e+00,5.371504468689250800e+00,1.083445202368304372e+01,-1.234596163515852574e+01
-1.103183726201241388e+00,-2.315817239354456714e+00,-3.968923302799356012e+00,5.071253803572624008e+00
9.348203788584389384e-01,8.848311122240738458e-01,4.378744960709061829e+00,-4.056432149999906756e+00
1.356087486613480886e+00,2.194782293764665049e+00,2.497588753341584145e+00,-3.284863406768207206e+00
7.923938188577869246e-01,9.890030227754913472e-01,5.719175161805056362e+00,-5.043777169457004383e+00
1.298370702439556101e+00,3.637850682758153820e+00,5.136792534926740927e+00,-6.549433048618203301e+00
9.222006236765407650e-01,-3.186082766881748185e-01,2.251546036328011979e+00,-3.838322182325861753e+00
2.027331269901109678e+00,5.564619997051298839e+00,8.114925825078461941e+00,-6.185554137560254517e+00
2.252565582057528104e+00,4.586964959255324104e+00,6.604500957179944898e+00,-7.975067177930715623e+00
3.439759831672647650e+00,6.316459379462985524e+00,1.056428191407841943e+01,-1.091091171468926291e+01
8.168639945885437514e-01,2.198329136053889687e+00,3.833699677377089721e+00,-4.538944117519102761e+00
2.238627794946651761e+00,4.572320214067390864e+00,6.167834184360684979e+00,-6.421293721790286568e+00
2.522277605911328102e+00,6.088113718573037403e+00,9.902102443404832144e+00,-1.034933704259639953e+01
1.240823058290666081e+00,2.956220605461206130e+00,4.754614663587400258e+00,-5.128002476885242800e+00
3.652690607756960972e-01,4.878286327004961453e-01,3.644203626243574856e+00,-3.505977390324183762e+00
2.126689377212349630e+00,5.551253241309407116e+00,7.486064387994350255e+00,-8.257952891137444240e+00
-2.005319177218973792e-01,-7.224068140662738280e-01,-3.810698460568473500e-01,1.371121252637528487e+00
-1.263447980092817780e+00,-1.127955468812755324e+00,-3.057789544632911305e+00,2.964296921700200649e+00
2.504765753875348722e+00,3.965180384762742705e+00,8.444118160632248404e+00,-8.968216684126543825e+00
-2.896729889408928837e-01,-2.750201321566047574e-01,1.165083931201819911e-01,-3.722386774345017857e-01
8.146837516949678726e-01,1.272876215223588403e+00,3.783050378353202348e+00,-4.386865699569455046e+00
1.006158578922834446e+00,2.472686423536283762e+00,4.937346762050164095e+00,-4.438494469339826942e+00
1.587979543891353984e+00,2.509289608266454863e+00,6.042875554934251880e+00,-5.855696733714707669e+00
-9.110178052221737932e-01,-3.212430923016142081e+00,-6.833094141946896016e-01,1.441305703919664616e+00
-8.456419610765708583e-02,-9.291074691484688675e-01,1.464946367467283572e+00,-9.205394303514708998e-01
9.209430356436416609e-01,1.738602369904717060e+00,1.970025351806765412e+00,-3.554711536641859126e+00
1.937719805968480813e+00,1.391495422832237594e+00,7.656492127475429399e+00,-6.765062497153452092e+00
8.571665718251155752e-01,7.521594828202359251e-01,4.716689633770161372e+00,-6.478853676058808020e+00
1.588633253055273808e+00,5.195265065444936603e+00,7.205959324663882448e+00,-6.743505010502571118e+00
1.928656882006843931e+00,2.127412221635104572e+00,7.000109192965899396e+00,-6.414196225466041845e+00
2.071452810035367520e+00,4.054792411752432990e+00,8.451929563981634530e+00,-7.410030050476043684e+00
1.203959028375732432e+00,1.711061359833725426e+00,5.017896820202933483e+00,-6.742481123604664006e+00
1.306702538912678957e+00,2.433483891465813453e+00,5.228443091191890879e+00,-7.505982485866852016e+00
1.331378152395472858e+00,3.753134765454412047e+00,6.014300151376670733e+00,-5.900977744302761785e+00
2.051171768921136618e+00,6.746145021520264962e+00,8.060860239882138956e+00,-9.107436749437113122e+00
8.301540384295148511e-01,9.430038842586618841e-01,3.287737364389577088e+00,-3.018513822877475938e+00
-1.809809260030776912e-01,-1.267252517685259594e+00,6.306675394510793398e-01,-2.181217680473988452e+00
5.940227810452016755e-01,2.036374014213265582e+00,3.613171765657819723e+00,-4.004639825662035690e+00
-1.822493313210933330e-01,-6.055612718484478796e-01,-8.656145250576932071e-01,8.133380369918897790e-01
1.170358509149588722e+00,1.889953984417491295e+00,4.990823884329025795e+00,-5.862272126186193866e+00
8.784639362446253763e-01,9.818051912203175080e-01,2.037885919769599319e+00,-2.341726014638522813e+00
-9.374669644362798593e-02,1.403076707331330497e-01,-8.595520803577334501e-01,2.329558019014008607e+00
2.247560599902270084e+00,5.996088822562700926e+00,6.760999100910213500e+00,-6.936568051012764968e+00
1.201493116860857135e+00,3.315118613939060044e+00,2.916445158326662401e+00,-3.574447272963078071e+00
2.278913147541289597e+00,6.326851930850254213e+00,6.406040097449150927e+00,-7.881077874802548067e+00
1.675536095712458096e+00,1.756103545654865039e+00,5.028805857137526480e+00,-7.572820736345583725e+00
-1.699038695802037591e-01,-1.438551317116910200e+00,2.242852068078707184e+00,-2.090143698146874840e+00
3.467607689370244550e-02,-5.570294578051491197e-01,1.193955060550249136e+00,-1.431894832400734563e+00
3.801565573977985224e-01,-4.618799618956968001e-01,3.320091762372647359e+00,-3.699732280043926735e+00
1.619487799451797327e+00,4.548541261395598667e+00,5.801455522028338585e+00,-7.055786177382577407e+00
-4.562371939265552623e-01,-9.889037265717156577e-01,1.631683523428504978e+00,-1.843642923641645393e+00
9.072578538142885840e-01,2.051722524712590534e+00,1.607086962332143987e+00,-2.008105780206841384e+00
2.601386511753595698e+00,3.669614097159113797e+00,8.350121384984770856e+00,-7.226695146137368297e+00
1.120302068184743760e+00,1.120477600540294327e+00,3.227914834759929352e+00,-5.246281255288895551e+00
2.765480716118865701e+00,5.567181469343951861e+00,9.379030470318173940e+00,-1.053530815547766863e+01
1.072672191269947950e+00,2.802717818410554340e+00,6.121557909970748668e+00,-6.720465075614204586e+00
2.478360921521233218e-01,-1.305914531482166741e+00,2.708691212451022068e+00,-1.150774813532721152e+00
-4.330012846838282581e-01,-3.521613645520474956e-01,-1.654921390665264447e+00,8.936118675638663467e-01
1.928212512764837960e+00,4.362021149952504118e+00,8.144492817094869608e+00,-8.816440651367251746e+00
1.413194495506881809e+00,2.912109672298651919e+00,5.149307436743113975e+00,-4.231002528589367984e+00
1.108714259725096518e+00,1.940617992187226637e+00,4.737261643813464929e+00,-5.671483018596580550e+00
-1.666713460304692251e+00,-3.305480128301145459e+00,-3.943723168427899051e+00,5.128940215523446255e+00
1.956402869741940442e+00,5.104556969104755204e+00,7.139082411114909377e+00,-6.813969690396415757e+00
4.157525129307101608e+00,1.012129168133248136e+01,1.268803637820138341e+01,-1.314365412721413229e+01
1.008968414624967114e+00,3.132914607192184953e+00,4.699277462312457132e+00,-4.303323324228460756e+00
1.483315351522461301e+00,1.785747158488355746e+00,7.266952578016697473e+00,-6.829688727508501422e+00
-2.119229439461021158e-01,-1.793099804250272822e+00,-3.127799530163248853e-01,6.529129707377971936e-01
1.504088987873900773e+00,1.169578373721689379e+00,4.067103827943356897e+00,-3.831676894949812784e+00
-3.937364905392524150e-01,-1.412586873908164842e-01,-1.654374599234033738e+00,-5.208529097526923834e-01
6.027633482753723682e-01,1.132675888243579676e+00,3.050366270642820954e+00,-1.290603255941597638e+00
1.761668956068807468e+00,1.906381584897215653e+00,7.102730485470734934e+00,-6.491879036162568894e+00
9.250440751057171784e-01,1.064338743422795108e+00,3.110094877645178002e+00,-2.010573544473922780e+00
6.372913364699381855e-01,2.560335218131666757e+00,2.223690395318409951e+00,-2.047070297519768989e+00
8.617183366260570132e-01,1.319589745319300844e+00,4.645664861297543524e+00,-3.237321099995345453e+00
1.222502276523156794e+00,3.391688288197465262e+00,4.082270620667669547e+00,-4.460888622192723751e+00
5.241494240680589778e-01,-1.123830497906443293e+00,2.661610894435645136e+00,-3.841781246466021926e+00
4.843434505920257704e-01,1.727498826288583977e+00,-2.803669129469152921e-01,2.359295575620314445e+00
2.367507434454494852e+00,5.399546810578777389e+00,9.225131757341868521e+00,-8.889511520236183628e+00
-1.048255682029901603e-01,-1.431100469044246593e+00,-7.325234589063061019e-01,8.215076592952557100e-01
-2.195054698907079604e-01,-2.020309614680880550e+00,-1.894737118784279417e+00,3.431241037370885927e+00
1.318332972832158667e+00,3.997611920651438666e+00,4.173851644118715676e+00,-3.436919339790494021e+00
-2.784424735959889485e-01,-1.206282557354391827e+00,1.120988185019020644e+00,-1.503389646403552327e+00
1.620829821200759024e+00,5.227018814816123182e+00,8.771863571225612333e+00,-1.061081863851341112e+01
4.103074790472996725e+00,8.312840798559964384e+00,1.264634856359136350e+01,-1.283961160243642041e+01
9.830833185074048242e-01,1.329569370019109797e+00,2.487063025062554722e+00,-3.158878107519402789e+00
1.922050810312170288e-02,-1.117645915318742134e+00,2.644788490257256264e+00,-2.891727082874468557e+00
2.074441848274481970e+00,4.016439203389558621e+00,7.539917484324181629e+00,-8.581731034967422289e+00
-1.220809185115953710e+00,-3.734637527868626350e+00,-2.653170529724318882e+00,3.334226378729070461e+00
1.039192184371470651e+00,1.410231214808011169e+00,3.714849384409894206e+00,-3.485282746317408087e+00
9.804259553684706585e-01,1.452161113249871072e+00,3.711696813359209202e+00,-4.345804423388162974e+00
2.305073981354579971e+00,3.445945565837440050e+00,8.563628094279451375e+00,-9.140983593700973131e+00
-9.628359192484490237e-01,-2.547987742813674128e+00,-2.968183387836450748e+00,4.236077118294881316e+00
1.628161333312613257e-01,1.767638915774796926e+00,1.667887950465752223e+00,-2.978499198725249819e+00
9.292457902177660989e-01,9.778012794705641664e-01,3.610505640730335308e+00,-4.329200014712322186e+00
8.383609116144479234e-01,2.993264788232883333e-01,3.647955542904133264e+00,-3.630648648010461610e+00
1.082973830198969534e+00,2.471892649347508630e+00,4.968527341511692619e+00,-4.165225962558266382e+00
-3.062517000247000354e-01,2.316628000309585156e-01,4.602766424874074613e-01,-8.044816646126677906e-01
2.715282100134976062e+00,4.363049685674512013e+00,9.823560730089100801e+00,-9.773518787317286183e+00
-4.516695781379882479e-01,-7.925429577638332113e-02,4.940524169060299675e-01,-1.154678083083189977e+00
7.513507824300303950e-01,1.529414847744309691e+00,4.575480049005427929e+00,-4.507103263577652008e+00
-6.039339800382175216e-01,-5.557058482641532571e-01,-6.909903526294582932e-01,-1.364381230339035689e-01
-1.279997327626277048e+00,-8.317573451390298800e-01,-4.553931253562923942e+00,4.577714108572457974e+00
1.384534662819601580e+00,4.612846137707225402e+00,5.951297710836298549e+00,-5.829506284890481282e+00
1.569063059825076323e+00,4.064917703656252712e+00,3.481881182389682916e+00,-3.510094079290844160e+00
1.306696332066710653e+00,2.555265665769602901e+00,4.732167701772133306e+00,-4.976613926971436896e+00
2.412713079037611230e+00,4.644192981789215580e+00,8.021888660922794401e+00,-7.865094345940550902e+00
1.704841295613473307e+00,2.380470271551201833e+00,5.723244533331025785e+00,-5.949439981007690115e+00
6.357744578479527231e-01,2.730011594975913614e+00,3.504476685573749251e+00,-3.561568574319785796e+00
-1.145326135151203850e+00,-1.585769674806697394e+00,-3.168498162668222928e+00,2.868619651440905471e+00
1.787782601507350577e+00,1.632029237782661069e+00,5.156156981037039344e+00,-2.773562628308543054e+00
1.512848304500803209e+00,1.701315372038378237e+00,4.741528588012993595e+00,-4.692737765349771273e+00
1.638027148280620571e+00,1.916925294700382087e+00,7.937429902240220159e+00,-8.288754640851886180e+00
2.486187293059494152e-01,1.499258664228513949e+00,4.263809982570061496e-01,-1.917699959956509215e-02
3.090472354394925292e-01,-4.376370806578011585e-01,2.248416000238220747e+00,-2.231595780518690120e+00
1.882608669217145980e+00,6.197007332899085341e+00,6.284695088287304721e+00,-5.836838849043703092e+00
8.723416954548028901e-01,1.141606925040449250e+00,4.582446399104822099e+00,-6.090420753848761137e+00
1.472378861054131516e+00,4.149960328666493226e+00,5.875472912743417098e+00,-7.158198465872228411e+00
2.448221007341290445e+00,5.637237897813904830e+00,8.165509537290148501e+00,-8.058068495011998067e+00
9.312963212446776495e-01,2.231515767443129405e+00,4.575156756095453581e+00,-6.399084270575867706e+00
1.559170681677349624e+00,3.817821326715199692e+00,6.144521701721114226e+00,-5.811921810536539112e+00
1.451630063008117810e+00,2.827039817216589590e+00,4.766041574544884973e+00,-4.713578376910585455e+00
1.454438612922366092e+00,3.983878583632606496e+00,4.056135093751560561e+00,-4.962597881656732213e+00
-2.197657940157410561e+00,-4.122443172355763963e+00,-5.431813724251135511e+00,5.226357632352598870e+00
2.976472006056913866e-01,7.014925625369343720e-01,1.232174679640224424e+00,-1.098044876315369622e+00
3.062075896151412735e-01,4.930546033400680095e-01,2.744299440062549778e+00,-2.812002599279273873e+00
1.550706899848431686e+00,4.602466260207672910e+00,4.601363204348728253e+00,-4.881199207293791531e+00
8.524923995546431765e-01,2.023952425230767460e+00,3.188820428252722827e+00,-2.593957830649556318e+00
2.757453946929747879e+00,5.085100743990036420e+00,8.072741728774847303e+00,-9.200384645569545938e+00
6.020169807072286439e-01,8.974346484663406898e-01,3.712062349398057570e+00,-4.247314978606639535e+00
2.128426461509748790e+00,3.753010383833145891e+00,8.126890091436624886e+00,-7.807068984975611414e+00
1.978657828983210187e-03,6.302866191342751945e-01,1.277249642793516937e+00,-2.947029261941118250e+00
1.300448773045943529e+00,3.110825930216166935e+00,3.885706082166121789e+00,-4.118239592764021850e+00
-7.952178623103463018e-01,-1.702133607453077513e+00,-1.918749674545601414e+00,3.080686788404459975e+00
-1.308129620811888216e+00,-2.376714264474117932e+00,-3.022901815202114317e+00,2.263755216118333191e+00
5.387320098456914730e-01,1.662463896247485362e+00,1.914188970786300459e+00,2.110434272144003920e-01
5.180520540027837573e-01,1.989043210510217596e+00,2.607610616855491781e+00,-2.299561293639568405e+00
2.234704402329299455e-01,-5.955643380422137589e-02,1.884969819442325889e+00,-3.536582298371075961e+00
3.864325722379112760e-01,1.217148501609100819e+00,2.360331015154216061e+00,-3.474572791466512989e+00
2.076432437766673189e-01,4.232903762107897983e-02,1.929349097984076167e+00,-3.204200929175177848e+00
2.063113029434227030e+00,4.891960723272387845e+00,6.902076403719418884e+00,-8.262841180005917607e+00
1.024024840307066642e+00,2.883807933809999113e+00,2.710100374716073013e+00,-2.558348102220384668e+00
1.366535545642629357e+00,3.617551757612823327e+00,3.200122601621602225e+00,-1.342826489320391614e+00
1.374171101488487867e+00,2.884092766004470398e+00,5.128440337461987575e+00,-4.849792853692225236e+00
1.374240232682881313e+00,1.519626755681815489e+00,5.082348468072618530e+00,-5.137943836360329364e+00
6.074663568686196058e-01,-1.178897772088408846e+00,3.282157997968706553e+00,-3.769251136608718245e+00
7.675729149226013792e-01,4.950531173464960411e-01,2.887224466936653577e+00,-9.727059136620308522e-03
1.790589671251035853e+00,2.460788671684111417e+00,6.178498615489489865e+00,-6.506004759231010404e+00
1.361231454696817389e+00,2.044622667960911411e+00,3.829770058272774058e+00,-3.337352264482559505e+00
4.270419416084280106e-01,1.303124314376133075e+00,3.060502858464566600e+00,-5.435150552289352177e+00
1.383400069650587927e+00,3.173705421807641258e+00,4.417713097065522732e+00,-4.996074183362629206e+00
2.109846809407994961e+00,4.657217918373297572e+00,7.888095309391633059e+00,-7.269024266751655361e+00
1.661121154300849057e+00,3.694696623879945907e+00,6.009938272797731074e+00,-4.714945953851985117e+00
2.837339126650283205e+00,4.572252320307756079e+00,9.051410504259592926e+00,-8.734272544531286542e+00
9.793434287296514107e-01,1.754466296951106230e+00,4.490185803935661468e+00,-4.057190480989812720e+00
-3.886253528496808052e-02,-2.790371154756574601e-01,1.029218735460622147e+00,-1.278812201441118734e+00
2.129322230901077084e+00,4.531106406356490091e+00,4.907635506099170541e+00,-4.502871061972379074e+00
5.846313222814571997e-01,-9.316074734448474004e-01,2.434714770441281928e+00,-3.015235887409814630e+00
1.093086478311531495e+00,2.512720423400447878e+00,2.699527944176715266e+00,-2.896965071886936638e+00
1.536214699459960364e+00,3.325233692163603649e+00,6.992720994849375593e+00,-7.087025170121944662e+00
1.145020291141700230e+00,2.159492838776387202e+00,2.785436952778224118e+00,-1.754298337615429082e+00
6.699546907995828082e-01,6.538386274279874844e-01,3.317809993566514848e+00,-4.196880111195544494e+00
1.339243104045361843e+00,2.029028845283084248e+00,6.296439400039473888e+00,-5.174144865553527595e+00
7.371774868208990084e-01,9.118665749303043189e-01,4.753258824381206615e+00,-4.646504943134815768e+00
8.858228327155005521e-01,1.696137311056417518e+00,3.938889174179530883e+00,-5.238980603204879571e+00
1.235378852481429091e-01,-1.729178544984605326e-02,1.770759685294496233e+00,-3.607871172605325860e-01
1.061918469614185012e+00,2.052644774017119644e+00,3.144210378399981298e+00,-1.503294965584146770e+00
5.865795698831455240e-02,7.067262375397627139e-01,2.088717792918551197e+00,-1.600170622003667331e+00
1.684207520784545054e+00,4.392492860654673592e+00,5.728500806035015103e+00,-6.396103997198916424e+00
2.323333002096799937e+00,5.401428249794174796e+00,8.677643528621516111e+00,-6.693586342868454331e+00
1.654166423506482797e+00,3.970019528418037957e+00,3.945960659440645557e+00,-4.149696756104793494e+00
8.229580427870071269e-01,9.637089548191727362e-01,3.590714812067168360e+00,-2.888976641843143067e+00
1.809893549952896752e+00,4.922395578174976194e+00,6.876374226787080879e+00,-7.914018089019270619e+00
2.390946285474425670e-01,-1.003835814621318878e+00,1.111729449355557175e+00,-2.175027253836389729e+00
1.534559931002047239e+00,4.598228750294986789e+00,5.540018102894797458e+00,-5.442180431561038922e+00
6.724510983485103566e-01,2.711307788294696319e+00,3.167359171908234572e+00,-3.265470608116066931e+00
-8.722289523111839138e-01,-2.342306975328876106e+00,-3.891502133525611473e+00,3.854141175495814142e+00
5.541746527138453615e-01,1.672623901754019649e+00,2.043694670313430439e+00,-1.049615663795665288e+00
1.755752515092484423e+00,1.970666194228912982e+00,4.671837896051934003e+00,-4.190397163495167554e+00
1.116808740107177789e+00,5.886567756990592759e-01,2.640604854400416812e+00,-2.802590526623479850e+00
1.372991941769603041e+00,3.481695986728314818e+00,3.106725359584313839e+00,-2.889085598754710382e+00
9.835221409988490482e-01,2.127261173859249954e+00,3.221669721833963607e+00,-2.719487985165129906e+00
7.382322764134874316e-01,7.469694171072336353e-01,2.268014355785616054e+00,-2.148312857562391986e+00
1.973099767712477082e+00,3.546185023331958508e+00,7.492964197016059202e+00,-6.594005632546272366e+00
1.379849038495870595e+00,4.953301308102687095e+00,2.702961005533345507e+00,-3.437277843932774246e+00
8.146099522116241332e-01,6.670917623757395276e-01,2.539967136164779760e+00,-1.753116404968389386e+00
2.232295725427346778e-01,6.308708930522038960e-02,1.869506019706248079e+00,-1.602502120765165738e+00
1.190052641675642509e+00,3.065367550274413766e+00,5.859900337249264624e+00,-7.832410219314226651e+00
2.566629607398493107e+00,5.274073813404855038e+00,1.018604708802160452e+01,-9.160607218887177439e+00
8.312880575276467843e-01,4.228600737462497428e+00,5.770230040886551670e+00,-4.885266727105701534e+00
1.923487122407943062e+00,4.844495353098592361e+00,5.480920724271346245e+00,-4.373155376763895319e+00
6.459284197153392082e-02,-8.130771457442298455e-01,1.542733355824601693e+00,-1.430111581298430856e+00
8.781690946576202750e-01,1.611732562958496429e+00,3.853097342254207192e+00,-4.507254590385898041e+00
3.721260220053048684e-01,3.380434214644187918e-01,-5.907153408372027847e-01,1.333422324387649294e+00
1.565848454171571813e+00,3.633089776009013949e+00,6.309379138343399696e+00,-5.686768930605238914e+00
2.835832902817454482e+00,7.360565773491900110e+00,8.053724680108272693e+00,-7.929749793722885798e+00
8.730581984078567004e-02,1.179579556790387285e+00,1.673515413339235813e+00,-1.878026873463594093e+00
-7.098202681483738452e-01,-2.960590456370161494e+00,-2.203212984499693050e+00,2.139602234610286757e+00
1.897536412896097646e+00,4.900980909268735530e+00,5.022229374278073699e+00,-4.077577837644400738e+00
1.102258244163661249e+00,1.493107935607616898e+00,4.363860212970003261e+00,-4.386798830987692632e+00
2.120761877315707977e+00,4.491277518194907614e+00,6.489100224658091776e+00,-5.239660670297353384e+00
1.663053029943650341e+00,2.912548135774142288e+00,5.927953126592661270e+00,-4.851144313074511771e+00
-1.756789980865845813e+00,-2.787595806255436681e+00,-4.289355169570693072e+00,4.370289107458515510e+00
-1.570808599389665883e-01,4.804163918641762843e-01,2.709598986335380322e-01,-1.290552643870544802e+00
1.447871896183176688e+00,4.108274476802657560e+00,6.871052255591114211e+00,-6.977829722312677063e+00
1.379642325590522356e+00,3.059872905811433341e+00,5.733136736565986880e+00,-5.782397626458227968e+00
5.061682124562962848e-01,-3.925872956220342047e-01,2.383029275152009685e+00,-2.425439356187070405e+00
-9.459848212186214855e-01,-1.240827824384662659e-01,-5.561546122524478886e-01,9.558136441700615382e-02
1.856678094287893543e-01,-5.475476372549473725e-01,1.363534672633966993e+00,-3.338780247974422188e+00
3.120007961791258833e+00,7.666189605671969609e+00,1.111476348784916368e+01,-1.141179149183105146e+01
8.967695894291072278e-02,-1.610832318835195287e-02,1.176499730444900527e+00,-1.447510253908433908e+00
1.662771515372858833e+00,3.745643578213638580e+00,7.362430433474059122e+00,-7.851485127614596493e+00
6.887439155903585242e-01,1.135527268186179217e+00,3.415558297214164263e+00,-3.636963729587877836e+00
1.252481999516152689e+00,1.483479485764366057e+00,4.531972372190314680e+00,-5.571128951434229037e+00
1.651006475210559099e-02,-5.022478414729799612e-01,9.548214589665737773e-02,2.329291491534377645e-01
4.351021426561018091e-01,4.531990184938597954e-01,2.613097107925330231e+00,-1.620247849812979757e+00
1.062567277697467283e+00,2.010243318750219998e+00,4.652972887157863724e+00,-4.869067703646869028e+00
6.055051517571131692e-01,-9.099201737162432302e-02,2.893595645583537213e+00,-2.892584564257284274e+00
1.548073709911678142e+00,4.008834620130588888e+00,5.286476118849653183e+00,-4.546612801191173503e+00
3.391051553211201774e-01,1.592621171007888803e+00,2.445712991373262479e+00,-3.520894868581692538e+00
2.849043834467057668e-02,-8.636375741419558549e-01,7.924194980544692068e-01,-4.620100245633060876e-01
-3.464232004834095768e-01,-1.233658341472166686e+00,-1.477603143307535616e+00,1.278186112929358131e-01
1.659182909244669268e+00,1.076000189573786070e+00,7.094291827261248962e+00,-8.777714383762409867e+00
8.949044172707292244e-01,1.300668906372068001e+00,3.483838683897407584e+00,-2.962544812187949184e+00
1.252570411203323353e+00,1.000116048328699936e+00,4.257955771650351551e+00,-4.829399382504744764e+00
-7.749396193589819237e-01,-1.836033264758800021e+00,-7.090797382736467869e-01,-1.500395942339727284e-02
2.067600853319137233e+00,3.041389020797055309e+00,7.367968926089160320e+00,-6.020223704058510705e+00
1.417793859209297125e+00,4.422327715733899822e+00,5.301455286583601989e+00,-3.600550831206792424e+00
-1.084599990864407726e-01,1.650022494752128033e+00,2.497915828966965179e+00,-2.957830761743315939e+00
2.668842533670784167e+00,5.910651830354657577e+00,1.067786159809859647e+01,-1.234695785439381943e+01
2.015327209708838829e+00,4.619725228632319158e+00,7.430220023058783596e+00,-6.396279843884652649e+00
1.430436099267031302e+00,3.927726336414138153e+00,4.864314490162695570e+00,-5.854281938151887132e+00
2.148828094120382115e+00,4.154738163261398221e+00,7.574081759279016168e+00,-7.205234564481920678e+00
-5.237065040238286784e-02,-3.325254460966531322e-01,-9.561605713369829562e-01,7.564035603765417726e-01
3.031266301607871139e-01,-5.890508560462652810e-01,2.573675157851086137e+00,-2.015016825310550708e+00
2.168797303166992041e+00,3.182219351247152161e+00,8.472986944702949330e+00,-1.005550758595496319e+01
-1.140452988723822170e+00,-1.365265089519765329e+00,-2.736124649414154675e+00,3.586966119926159102e+00
3.249112767384092493e-01,1.114666785471931876e+00,2.469934347739404235e+00,-2.763754613946772132e+00
4.941614832386665990e-01,-1.154878437886772691e-01,2.248408378418153664e+00,-1.422657664092205954e+00
1.450871989802159367e+00,3.454069482630961918e+00,5.380196750105993964e+00,-6.959015183779033720e+00
1.103717517526149550e+00,3.903863685204063572e+00,2.881702708903253196e+00,-3.671641168772369124e+00
2.685233634891152299e+00,3.914589031259098739e+00,1.028201707479687954e+01,-1.116220043030797449e+01
2.828248263420398700e+00,7.477660200138952717e+00,8.839510488315129422e+00,-9.382840551757704262e+00
-5.266828568328516536e-01,-1.761044254607299964e+00,-5.602826012715294013e-01,-5.697908708151491197e-01
1.418022576454883055e+00,3.050079372336422789e+00,5.710818313553603254e+00,-4.450833866986080523e+00
9.639421838521591290e-01,-3.285399396472650224e-01,5.999009337212841686e+00,-5.943819945983185526e+00
1.914692340163924422e+00,4.505301598079865855e+00,7.878668895008113182e+00,-7.834486091594809132e+00
2.502867015928722516e-03,6.760895098669299497e-01,1.002295903789896414e+00,-2.054503758870904306e+00
1.727904309385621673e-01,1.034419694867689365e+00,5.094232590474565558e-01,5.091430523453934764e-01
4.899552578333480346e-01,2.711438304246385655e+00,1.299932550695220401e+00,-2.221650044430565796e+00
3.940336779056883287e-01,3.410295989972860764e-01,1.560460836851063071e+00,-2.332219175641731645e+00
2.419608902074230627e-01,5.291685248963757804e-01,2.949207098925423765e+00,-2.788292047803185181e+00
-1.011705332454445827e+00,-3.497176673701688721e+00,-1.545495069547249134e+00,1.642076132737528615e+00
-1.163975495574522956e-01,-1.101343698675007143e+00,3.813204406137520874e-01,1.388032806916194573e-01
-2.414112676649713407e-01,9.449739679456599095e-01,-3.051228653355941844e-03,1.620816662534363961e-01
2.939193678228665396e-01,1.221814755704157429e+00,1.722682188440037176e+00,-2.786478221005516787e+00
2.602119872623916308e+00,5.387482363826700649e+00,8.960682322948418488e+00,-8.484021365472996123e+00
1.490959274215571284e+00,2.614174748593677489e+00,5.827427626264729987e+00,-7.221031277455463915e+00
2.024324142437572860e+00,3.815834518866678682e+00,6.503161710355946923e+00,-8.074608296955553044e+00
3.358932364295982298e-01,6.439435262519649372e-01,2.220112486511398142e+00,-2.071209599205192653e+00
3.132494078362170420e+00,6.067508030401222996e+00,1.128861777386610399e+01,-1.270515649295052896e+01
8.969908972068336706e-01,1.641439200954014854e+00,3.755560136567187790e+00,-4.106444937093511882e+00
1.264918488717449607e+00,2.528845247266757301e+00,4.761621807588879207e+00,-3.743638583870946501e+00
7.573228413978139173e-02,-1.023739284227428437e-01,6.365353306724115257e-01,-2.007415088202271769e-01
1.578836556629255039e+00,3.418485784937481675e+00,5.468382141839678745e+00,-5.369095082005782338e+00
9.246120356628702019e-01,1.951826284189635885e+00,4.720914245288182265e+00,-5.048887897355661458e+00
2.069142401202641590e-01,7.252613068843198896e-01,2.137187679798958406e+00,-1.004276295587445134e+00
1.265762896880449295e+00,1.844253891372776843e+00,4.400896498674673474e+00,-3.869138214647268370e+00
3.652643064860761069e-01,1.354793414632458282e+00,1.366828997947788782e+00,-2.398969014746240802e+00
1.341384803246432611e+00,2.645074028029485547e+00,5.010769727542220942e+00,-5.288298583293553179e+00
2.850319672515191805e+00,6.463276532436017519e+00,7.545657839884007956e+00,-7.219173502713966961e+00
2.170226880848943107e+00,5.656360141479200188e+00,8.597009802754225660e+00,-7.651908243447907765e+00
-8.681438671501480187e-01,-2.019443755804907870e+00,-1.227288242771101379e+00,2.856335999829261674e+00
1.044244039789677059e+00,1.962490580751733216e+00,6.353235749349964046e+00,-8.236501540982271052e+00
1.959402680961800591e+00,4.409059327137923923e+00,9.002521015228760248e+00,-9.257570378938694944e+00
2.100085997228060997e+00,4.186337150396846063e+00,7.226229289357228858e+00,-4.694899204334088694e+00
2.607404989071931745e+00,5.279159196584446434e+00,8.840629903746645368e+00,-8.750567765266520581e+00
-3.474224339899081304e-01,-5.252412792433751587e-01,2.529724563521814074e-01,-1.705062055993381120e+00
-1.283708966569552246e+00,-3.249409155663022020e+00,-2.738962859710158515e+00,5.242112000480908307e+00
8.414853852085666386e-01,1.159478500043678917e+00,4.548040047277923215e+00,-6.298134397998534695e+00
1.256065771469065062e+00,2.615276012845363596e+00,3.191867428598869516e+00,-3.669752132836094471e+00
2.318293142075865454e+00,5.856526027471107732e+00,8.261029442259332001e+00,-7.886200253144892258e+00
2.445608363087926618e-01,-6.087172251856149963e-01,1.038007019297160438e+00,-5.646830744413813274e-01
1.314221970435409226e+00,3.820148516425035723e+00,5.640669094564590758e+00,-4.872840769050346132e+00
6.136996504714158363e-01,-5.625092752210505420e-01,3.166789871378216326e+00,-3.557709856508600055e+00
9.566502075231928526e-01,2.426044150735656046e+00,4.655885851984963963e+00,-4.509486409058210299e+00
1.172590301186421824e+00,2.297852523539499092e+00,6.366094380636884154e+00,-6.676472215558439061e+00
1.431236741778755261e+00,2.431620698096050415e+00,5.167418188133842349e+00,-3.026863147179468694e+00
1.586177592221871269e+00,3.995741867813543902e+00,5.156527090301063154e+00,-6.340117898092611171e+00
-2.870706961659874601e-02,-9.875078269534515174e-02,9.595157971844481271e-01,-1.828723474790991954e+00
1.386596461932474433e+00,2.990001959363048023e+00,6.748133201115516400e+00,-6.299128966994149259e+00
2.228053907284607504e+00,5.422952168337687340e+00,7.403931246484867224e+00,-7.064533350055936189e+00
1.543491114460506797e+00,5.240058348826283741e+00,6.503429337755305184e+00,-6.670096565145160028e+00
1.172600475337509440e+00,2.113478370876966217e+00,3.587630640015044392e+00,-2.564211694321265611e+00
3.818123448193639025e+00,8.399061859853530265e+00,1.302883140619136171e+01,-1.375837078766710597e+01
-4.244596837218581609e-01,-7.943445812563478814e-01,-4.478311308329685492e-01,1.500138233085763773e+00
4.864614312813323460e-01,2.671848303395800706e-01,2.740929842580500431e+00,-3.678034147407835963e+00
4.792887706248082358e-01,1.016902849620594962e+00,2.981601951881332813e+00,-2.847121697301226106e+00
1.776203822893538398e-01,2.959190922113393185e+00,4.430192284453204898e-01,-5.994078136176759219e-01
3.187645478384836251e-01,8.018620747553130146e-01,3.999253899659103162e+00,-5.181263365188550907e+00
1.164559426988303059e-01,-6.695237435542162885e-01,9.229908930346086837e-01,-8.253622551954908904e-01
1.750319932368511910e+00,1.810641110513504071e+00,5.419024339494136200e+00,-7.065119357101480091e+00
2.684896792387930775e-01,-1.935239445880756470e-01,5.539700189577083655e-01,-1.851552083707037055e-01
-7.596168125256783643e-01,-9.027223687109175998e-02,-1.884571720851481391e+00,2.403684336608382210e+00
1.527706079168581477e+00,4.188838823679281731e-01,4.505946832823015669e+00,-2.110001420800254213e+00
2.313593026658683272e+00,5.263883884299461080e+00,8.467396435987469161e+00,-6.806965341564516159e+00
2.810932470681303919e+00,6.498806418531151152e+00,1.065423415064910628e+01,-1.017354464118022861e+01
5.492485743040649293e-01,1.290178334969114937e+00,3.099125292428019929e+00,-3.431691492381780506e+00
-4.705965715524407234e-01,-2.036619980631653615e+00,-1.435815497141988528e+00,1.155363314577565248e+00
-6.368461108325982334e-01,-1.175322829168454764e+00,-7.298288627856206467e-01,4.403681709504845276e-01
-1.229579928850261794e-01,-1.475699169515908293e+00,2.337088785325834195e+00,-3.514786331762127514e+00
2.013675011182296970e+00,5.584783785505799791e+00,9.336179979857718081e+00,-7.894832707846215492e+00
-3.513625742073582803e-01,4.887691144528987230e-01,8.638395964448303266e-01,-1.448315424115403038e+00
1.542931111041390579e+00,3.966810510231874698e+00,7.377439601055095331e+00,-7.549543674132213944e+00
1.337376836235381505e+00,1.237952953353608443e+00,5.737782167543668876e+00,-5.671559444954541007e+00
3.738720696497399576e-01,2.436470077452556282e+00,1.122992823056440770e+00,-9.221532332684237998e-01
1.017499190815423837e+00,3.351458045514699613e+00,4.884151771622225802e+00,-6.381654505179261250e+00
2.879887182419839098e-01,1.143126027904745712e+00,2.133107441286100414e+00,-2.194340113355732313e+00
1.165283088895003871e+00,3.769780335557278761e+00,4.354843028678484274e+00,-5.513664144887540530e+00
4.018712514480035081e-01,1.122778977010526313e+00,8.170810603332301358e-01,-8.412899219700062936e-01
1.704244435072495234e+00,3.265580075072746613e+00,6.080931011013939624e+00,-5.428551291744378560e+00
1.272105168692473587e+00,2.095416209756646886e+00,3.596320630606577140e+00,-3.735625541050253240e+00
-5.540386539500579133e-01,-1.785375222647213045e-01,-9.898804388506484697e-01,3.290528348426614569e-01
1.552409715747479435e+00,3.794521032741672517e+00,4.979873166133982565e+00,-3.592968714447291489e+00
2.798820478272999068e+00,6.300017212241057152e+00,8.333645741673727514e+00,-9.175571159890635542e+00
1.899373370287272822e-01,-3.707843897459599525e-01,1.112151994483645101e+00,-9.633626719831126506e-01
2.326158535775368907e-01,-8.549071980390250403e-01,2.890127350061930667e-01,-1.139367202007658675e-01
-4.329507637497647110e-01,-2.540878665259242108e+00,-7.381043828907533078e-01,-6.175322346433479437e-01
9.019913026422863300e-01,2.568833608413698677e+00,4.126330464318505697e+00,-4.434501877876305898e+00
2.232790473978906842e+00,3.010161041419995520e+00,8.128307363270188546e+00,-8.644875781797020764e+00
4.142581559316642625e-01,1.639898874103117965e+00,3.274609805566885079e+00,-3.381223922560588235e+00
9.922173746598547117e-01,-1.945682566861897111e-01,3.487952768155770933e+00,-4.194645309043071535e+00
3.062869136995718833e+00,4.756060706230297974e+00,1.002851707909712609e+01,-8.833371644348297025e+00
2.677893545216565307e+00,6.469370503394777927e+00,9.031658257587347194e+00,-9.777306221726137281e+00
9.298414282585407697e-01,-6.585229276054849201e-01,1.400519106154292537e+00,-2.362629410490986182e+00
2.052864472504156712e+00,3.136237509786582223e+00,8.621612285487012528e+00,-1.043385626372063157e+01
1.096814861264135299e+00,1.250390958193469348e+00,4.371205635494550990e+00,-4.665014752872242099e+00
-8.574836436602484291e-02,-2.251176986294947113e-01,1.468708468819287072e+00,-2.734976643009649155e+00
2.757033745801400926e+00,4.630300393775427459e+00,7.752252299321395590e+00,-8.342178550601198950e+00
1.782780546666940635e+00,4.734480313534346507e+00,5.962276939901027362e+00,-6.088855028043315798e+00
-4.260732192544474106e-01,-1.119499805964510042e+00,2.549769058969709734e-01,-1.235120355636053269e+00
8.479260070588537923e-01,7.537452999967161338e-01,3.562687702979609572e+00,-3.691704781759350684e+00
1.536623594756034272e+00,3.920981619329029666e+00,5.382856262413032944e+00,-5.377065389360012659e+00
5.612842241374508268e-01,-6.249450586886029502e-01,3.726039662519572637e+00,-4.794903144254026195e+00
-6.760567866058271314e-01,-5.380205525792357557e-01,-1.205751234888909229e+00,1.463153766797467892e+00
1.287776718196627090e+00,1.830408777342125148e+00,4.668820780648452740e+00,-4.749966758704438519e+00
3.011503885702568883e-01,8.196224387359146712e-01,2.151408798885577678e+00,-1.588604327359631530e+00
8.447420043121240951e-01,1.713072659164717182e+00,2.705000632582029496e+00,-3.736253914099289197e+00
1.540522324941537846e+00,3.585438991301945322e+00,7.182147324031225466e+00,-8.515852629930311224e+00
3.841195218753922891e+00,8.353436179231222170e+00,1.289990844393161318e+01,-1.383315395360498279e+01
1.701910823387601024e+00,3.856335701586921072e+00,7.744961746565811822e+00,-8.464582674144940810e+00
9.864628198038731810e-01,-3.541222382123674350e-01,4.553907533766247795e+00,-4.959149337830242033e+00
2.153252850252168393e+00,4.970330543028818049e+00,6.473008456965989588e+00,-5.805321090064210487e+00
1.058049453075803115e+00,2.749088410471486554e+00,3.507160117388600895e+00,-5.802311757731958508e+00
-8.357263413504045779e-02,8.644486630403813709e-02,-7.158247163070845520e-01,-3.008790432372590029e-01
8.700646327739836039e-01,-9.126788447699589746e-01,3.472053673738869417e+00,-4.626315614721198344e+00
1.054820812768812788e+00,2.898406347422813667e+00,4.937934934127391706e+00,-4.331503721054112077e+00
5.386139106534130194e-01,2.163462537783227280e-01,1.575745585824922967e+00,-1.892887460984860715e+00
5.568847095064887176e-01,5.793507860627755690e-02,1.950626546210634471e+00,-2.082121297081521050e+00
8.590936348140901790e-01,1.793285105109796662e+00,5.435178962398427238e+00,-6.550440407622341255e+00
7.515083655477363678e-01,5.042934827237457451e-01,4.809510517985956746e+00,-6.378627545731067272e+00
1.196425084454219245e+00,3.201909134479449470e+00,2.117410947611199301e+00,-9.784834339826495864e-01
6.944584316415342018e-01,-5.280763615970427427e-01,1.665878760435180128e+00,-2.296094157589903872e+00
1.201548400112650850e-01,8.408301380321409058e-01,1.411590987043447321e+00,-9.854897168795055951e-01
1.627571218842033263e-01,3.940061707519202927e-01,6.180496191104700721e-01,1.258664258094633892e+00
2.779361820365044977e+00,7.027440120852768146e+00,8.998173387236118259e+00,-7.143946680177839070e+00
8.581819588709330704e-01,1.422478020912124386e+00,4.350777407115614004e+00,-3.286454658969637510e+00
1.135362516668451782e+00,2.973212424536644694e+00,5.305120477046075145e+00,-5.801099018426477016e+00
1.392120243658756529e-01,3.321514128634867058e-01,2.938994007646451578e+00,-4.014951372572633126e+00
1.489156448734883176e+00,2.346533880066584477e+00,5.490507547874408090e+00,-3.988997137992043029e+00
9.251044535304172589e-01,2.905674100524401560e+00,2.032488669715341700e+00,-1.309669365617508241e+00
1.280906369563474367e+00,3.066601839051677381e+00,4.326136586498579462e+00,-5.220699737603636592e+00
9.171354942719396330e-01,2.149666137954949097e+00,4.336563214143318135e+00,-2.985154788281143112e+00
1.618097894185296370e-01,-2.455129070352440657e+00,2.080720075595907659e+00,-1.522801113234136361e+00
3.135936709881197437e-01,1.196842358957296071e+00,2.095326084563441160e+00,-2.451116627100604184e+00
1.981267725508557342e+00,4.841661901682407176e+00,8.219960185503492056e+00,-8.612714060220877599e+00
8.319966143445001183e-02,-9.059005835043920651e-01,2.982692736815929724e+00,-4.174096672403520003e+00
1.259131401444604448e+00,1.932493728673091660e+00,2.761073214740731530e+00,-3.545948200828311414e+00
6.568824249662441606e-01,1.907712826402260919e+00,3.435997446131866973e+00,-4.957741285803242803e+00
8.481851483691706939e-01,2.971189752798830241e+00,5.124069144906963302e+00,-4.645570217938716162e+00
1.628275780322465893e+00,3.310175292891814891e+00,5.289475914143524804e+00,-3.954864409028385985e+00
6.312779438355593520e-01,4.198505479135064000e-01,1.996009332892128008e-01,-5.658095125579543083e-01
1.747986915431078314e+00,2.917046942534416765e+00,6.643185412360912423e+00,-7.280961585720255869e+00
1.879078455312169993e+00,3.921360344098496320e+00,6.140949806583372528e+00,-6.200889328782660748e+00
3.628868521339806197e+00,6.517745060873182616e+00,1.110468135052197525e+01,-1.409202628851648598e+01
2.691956790971493430e+00,6.590637164883344390e+00,1.043686871150893225e+01,-8.564693344066332870e+00
8.565400408582081182e-01,7.601800177846365081e-01,2.874489993014044398e+00,-2.981076788215595297e+00
9.027220204921548863e-02,-2.253940667789818608e+00,4.540557811057965854e-01,8.604089908883618687e-01
-8.312831549853516577e-03,-2.901856164206139121e-01,6.257481576138308466e-01,-2.478484519565586908e+00
5.727558913097445803e-01,8.458120519722870378e-01,4.211855411236221869e+00,-5.841053274952566099e+00
1.213550232377910154e+00,2.240868600565771196e+00,4.403325236012229915e+00,-3.128365913762577222e+00
-1.292558390803463464e+00,-1.828596621981759096e+00,-8.643186163477580841e-01,1.726862104497572048e+00
4.953437486992173788e-03,5.763807413333069674e-01,-1.305120700923811938e-01,1.338645812620413267e+00
-8.324514111267722338e-01,-2.797121025555009854e+00,-2.326387814851698543e+00,2.145463670895567887e+00
2.539475772437602252e+00,4.303440705423874135e+00,7.130364057016740809e+00,-6.330413127167071607e+00
8.153071514260952224e-01,2.358588745199472037e+00,1.290201882953872836e+00,4.778900429112626913e-01
8.316149995194725975e-01,3.753838701504109476e+00,3.366567361599309471e+00,-2.438279842376843476e+00
5.875873433555949266e-01,9.741973583704293116e-01,3.102264659419359027e+00,-2.769660712372060907e+00
9.380971019237083208e-01,1.471232837656293535e+00,4.418986593098405358e+00,-3.099223711651322599e+00
8.522316969554980526e-01,3.617291644337926382e+00,3.840511078217063279e+00,-3.721962898730255098e+00
1.604739599042567910e+00,3.261588794154964166e+00,5.882323914853618163e+00,-7.594791533742927037e+00
2.249301967661550883e+00,4.375326574381746880e+00,6.323314685163262894e+00,-5.681551693269090819e+00
-4.934852180674909050e-01,-1.305379755899404914e+00,-1.088562036347955786e+00,2.769033943383489849e+00
-4.313425475757335370e-01,1.020670148363365781e+00,-1.001852636531518570e+00,6.465270210386276917e-01
2.784929772052813224e-01,1.736357264643326959e+00,2.101215622943846117e+00,-2.592878628874555336e+00
1.139463879256930934e+00,-9.710257186304684929e-01,4.451442110312586742e+00,-5.263102159915163725e+00
2.568804971458287234e+00,5.360292968010972103e+00,8.312589274049306809e+00,-7.574816992877158484e+00
-9.126909051424019204e-01,-1.938692500567089860e+00,-2.239331524264616124e+00,2.188039268035943063e+00
2.813571088297712297e+00,5.584209601705651060e+00,9.988505143931027064e+00,-1.187103781426288407e+01
1.964822859230957341e+00,4.818054275444377588e+00,7.031243496153668282e+00,-9.070860563508963637e+00
2.715595987764017671e+00,5.023937044939332353e+00,1.005401663185536520e+01,-1.048883113558902913e+01
1.476979710700531356e+00,3.381388791264240634e+00,4.707349378734666523e+00,-4.343007789249822892e+00
1.159333228265410076e+00,1.031137314206589828e+00,3.633099659978205054e+00,-5.867557986050137231e+00
-1.038587823996417470e-01,9.197302035243903884e-01,1.323743983984842387e+00,-1.440861769478656074e+00
8.436540713344826692e-01,2.432721310670027837e+00,4.963481098064098873e+00,-4.047249162941148448e+00
1.518517997675244757e+00,2.744996915745308019e+00,5.037495138111369286e+00,-5.872436298345012240e+00
2.169434190599688339e-01,-5.137638002013298344e-01,1.717054377874599247e+00,-1.089604608678963027e+00
3.541556900372646588e+00,6.817967884802070166e+00,1.027955280433876872e+01,-1.074157532744576393e+01
1.362619565692378965e+00,2.865575307599609989e+00,4.668148325304096957e+00,-4.251293868538734699e+00
1.498455208532828209e+00,2.312772353066542941e+00,4.113549107403569494e+00,-4.288158446116756117e+00
1.655575458227938501e+00,2.896053906560104974e+00,7.348441256251325271e+00,-7.332790929167807725e+00
-2.527875008183722016e-02,-3.191218292439004234e-01,1.550494823093658603e+00,-1.547453351228633700e+00
1.468044952290661787e+00,1.909281245308835251e+00,4.993190055443662345e+00,-5.463007937323601126e+00
1.049662726499823950e+00,1.139240459462278254e+00,5.569428722633382733e+00,-5.212225483285260808e+00
1.716431091293634914e+00,4.314136355112941246e+00,4.917070990226798166e+00,-4.931734070845610773e+00
1.361234721120795799e+00,5.284096650916755067e+00,5.051292519707566875e+00,-5.220381830921775546e+00
7.672226613227872694e-02,2.935097185577921763e-01,2.464496892084940605e+00,-1.188164394529550805e+00
1.295139933767835760e+00,2.858949217672491105e+00,4.321520738583163102e+00,-4.952708210952970980e+00
-7.088576384710958411e-01,-8.603352774452449614e-01,-1.418531960050905205e+00,2.923056428108849580e+00
1.688822582723988441e+00,3.363257172315543109e+00,6.751854775016679966e+00,-6.346504984317468789e+00
3.082574307590745022e+00,8.798335371063661370e+00,1.004467624175135931e+01,-8.577389545423850237e+00
1.554953565460045706e+00,1.708305775636894230e+00,4.607997761276556581e+00,-3.998774058485903282e+00
-6.600884385628025264e-02,-2.886561837784744622e-01,3.356870779997311871e-02,-1.208389601310717376e+00
6.686530528647487426e-01,1.563710197651559719e+00,2.231656203231877633e+00,-1.704717737925740328e+00
9.055483449565738807e-01,1.133264977166595688e+00,4.360223024451919116e+00,-4.027119797396707668e+00
1.499542484224942518e+00,4.801614578179073334e+00,4.717345260125569872e+00,-4.258632147364239451e+00
-3.136304923174648707e-02,-1.374136584283167789e-02,1.667269250094177924e+00,-9.699956237646527590e-01
5.639787698302929364e-01,1.817954197887236001e+00,2.518749677010184040e+00,-1.593047093658560343e+00
7.986104447227404535e-02,4.262847411414618093e-01,9.211876130253910944e-01,-8.043385395735296317e-01
9.733051633325756624e-01,8.968201287157293589e-01,3.883097270336990370e+00,-4.925419626610935353e+00
1.738793100793152524e+00,3.509816931787979488e+00,7.236637848956175567e+00,-7.869906064167354387e+00
3.330013341551002704e+00,7.417637140185608047e+00,1.111807858211694011e+01,-1.031838870121031526e+01
1.609160341810634609e+00,4.364207880617676949e+00,4.779912770641766784e+00,-2.263335216922648829e+00
-9.449379529221866303e-01,-3.599806325662702200e+00,-2.047006729037089467e+00,2.542553982393944700e+00
9.420140458493007074e-01,2.815694884969690559e+00,5.747270341534549409e+00,-5.427041588506751779e+00
1.196353377240018112e+00,3.886762063252157340e+00,4.099976595320939943e+00,-4.953384658736482038e+00
2.852958568270914652e-01,9.133750699510294613e-01,1.787754916479801892e+00,-2.954230005346345944e+00
1.277288405940400384e+00,2.088366973072699473e+00,5.074708461694178219e+00,-4.219416845295494767e+00
1.294828925865163516e+00,2.400204162383945405e+00,3.821144853949692610e+00,-4.522629398413664070e+00
1.002667336590430613e+00,2.396046457358228299e+00,2.889749340605168637e+00,-2.515197463812059109e+00
8.281777844187199200e-02,1.653969158624464919e+00,8.200730911801793477e-01,-1.321349167430954541e+00
5.292692569926860102e-02,1.151190780544779357e-01,6.952461707818704539e-01,-2.236253222538796770e+00
1.654333296415926302e+00,5.749461818382801681e-01,5.970800591057924933e+00,-4.479302415592917086e+00
4.036631313599270410e-02,5.991093452173819334e-02,1.394285963956210406e+00,-1.344714658556107834e+00
1.723110949708911654e+00,2.590380722711706607e+00,6.491959012213396996e+00,-5.639327697260589467e+00
-3.413235521223030311e-01,-5.799589965108266076e-01,-1.909449490986697695e+00,2.210722386516019267e+00
1.344357874482188020e+00,2.170409774569738381e+00,4.535745904933585315e+00,-5.920729723459441374e+00
-1.040394857863214284e+00,-2.182657836838097776e+00,-3.930934016989882096e+00,3.920442534650001587e+00
2.251663368522615727e+00,3.057977094294500375e+00,7.371267711386058075e+00,-7.273741319086652446e+00
1.623883069068988494e+00,2.306626994541419950e+00,5.636449012811048043e+00,-6.851204436017702015e+00
1.354259050138479914e+00,2.709986446986015984e+00,4.725794403519922859e+00,-4.083215385557255495e+00
9.427953412611270734e-01,1.229641630196737889e+00,4.203914526248773598e+00,-3.411290352088677480e+00
1.894804605108066919e+00,4.099401456101282371e+00,6.510466241708051882e+00,-6.849569979676373599e+00
7.601883348114609751e-01,3.380228466818868682e-01,3.779842221615458353e+00,-3.584074371388512148e+00
-2.833070814877107768e-01,9.950548749179148889e-01,-6.138265388374032350e-01,1.154724274148783758e+00
6.157667133531525838e-01,7.402989948358968952e-01,2.766410112842326186e+00,-2.033963755014477570e+00
2.186357746147624681e+00,4.736579052914038357e+00,7.441429946834213105e+00,-6.554354704713144741e+00
1.384674175278573838e+00,1.950652012857337025e+00,5.035265552426459124e+00,-4.655999839493504489e+00
1.621537473590015654e-01,3.888120279330112283e-01,2.185183001105219791e+00,-3.854403792980534149e+00
2.783073049726861870e-01,-9.926511201919510086e-01,1.242209165337906374e+00,6.779688068828579883e-01
1.471132407704218492e+00,3.411000183428392063e+00,5.318529245085851009e+00,-6.498957902435160250e+00
2.729474817212929061e+00,4.879712669838549566e+00,9.104905646264654706e+00,-9.373698678864824885e+00
-1.504199152820466789e-01,1.831386670289896657e+00,1.018806796882217869e+00,-4.121940355588775695e-01
7.263835988737140648e-01,2.559705735577445296e+00,3.629434299842598133e+00,-4.342254581960147242e+00
8.865647512230532268e-01,1.658118627460358541e+00,4.144428235968394603e+00,-3.748455173089487946e+00
2.199979838572078350e+00,5.073234569324839960e+00,8.436927370239049040e+00,-8.642647216969404411e+00
3.360588424453433642e+00,8.621741823494168955e+00,1.191579992789199416e+01,-1.148847071677317544e+01
6.801824634662234637e-01,6.964412657097995840e-01,1.195641035414624964e+00,-1.305526399669580284e+00
1.530212512746667475e+00,2.232909022348487316e+00,4.844084373193648041e+00,-5.958819360472078941e+00
1.828862822320437287e+00,4.939461221965808946e+00,6.100322315863722089e+00,-6.834582571645016813e+00
2.247630276711090502e+00,5.472646725340226226e+00,5.593998806660017920e+00,-6.181833434437698394e+00
7.746149642586768191e-01,1.858604915248119438e+00,3.498676499188323241e+00,-2.867389781192589915e+00
1.775589456237077757e-01,-3.650169639626376084e-01,2.515733605721163002e+00,-2.051067789524052554e+00
1.453802177168976417e+00,1.945690520781618194e+00,5.434704067324022780e+00,-5.323127174243071025e+00
1.215088224231350322e+00,3.819537275686092137e+00,4.387770404429983451e+00,-3.214307440349124079e+00
1.225075997688257257e+00,2.860086980981718430e+00,4.799318522032273826e+00,-3.398153875006850289e+00
-8.364962668798321399e-01,-1.399153644768921234e+00,-8.300688427214196752e-01,1.580328779114107629e+00
2.047918073210949430e+00,3.195516845576608311e+00,7.829129979756241475e+00,-8.049439388804822570e+00
2.419145481852367219e+00,4.435446486503400010e+00,8.264571611414289976e+00,-9.281056893608074176e+00
3.141220231951523667e-01,1.058219556947634477e+00,1.165204190378279492e-01,1.389074904928435439e+00
1.905244904788160998e+00,4.927407785101203253e+00,6.402097757444368931e+00,-4.967662355590702461e+00
2.027476687306468239e+00,3.426411510261877513e+00,8.639310531509881486e+00,-7.525965508999627573e+00
1.743096900296052132e+00,3.114142864350850193e+00,6.785471607545569661e+00,-7.315199174929309045e+00
1.234646132123498496e+00,2.080274552052630899e+00,3.979225637272903349e+00,-3.790586631702628218e+00
1.027515865939982564e+00,1.991290527474558480e+00,5.319808574936115697e+00,-3.965366103276737775e+00
9.015282954602954479e-02,-8.860501012158241707e-01,9.229309328507824262e-01,-1.023036799198790536e+00
7.540111551965293923e-01,2.867463218891785459e+00,1.690035084281839683e+00,-1.615658293486125441e+00
2.524271183944576613e+00,5.259135253849835934e+00,6.695480514642877523e+00,-7.563569399480090993e+00
6.528777619195531567e-01,1.902927780977557326e+00,4.095796954511115473e+00,-4.575295761161732422e+00
7.528694292059356918e-01,1.757935514921067366e-01,4.838429161199652384e+00,-4.866001165225930514e+00
3.091810217814635831e+00,7.209553900145734495e+00,9.959792492680394460e+00,-1.207373694867292890e+01
1.783115818981054090e+00,6.217952572829517521e+00,5.025695884130524149e+00,-4.312982133636627857e+00
1.085087216655697073e+00,3.986851473587686101e+00,3.466483118824645882e+00,-2.653428926141790711e+00
2.250171744355623282e+00,3.489519575915464689e+00,7.328013735092507197e+00,-7.343253650766181195e+00
1.409585205591605828e+00,2.287661005471955278e+00,4.795715909194757209e+00,-5.028425692833669913e+00
1.166468418467259571e+00,3.265219613111730812e+00,4.741066501735287986e+00,-1.006095051246349126e+00
1.441577860688190382e+00,2.752761296507403532e+00,4.603877621249281127e+00,-5.236606533437423217e+00
3.055214680364696234e-01,1.634157974327691276e+00,1.508073856365205856e+00,4.055223780940280243e-01
1.179075170276688844e+00,1.659813413851052744e+00,5.335941787728936347e+00,-6.474729639662265335e+00
1.349255082413457263e+00,2.745772006028782908e+00,5.374520935718549275e+00,-7.515754505394312446e+00
1.850462938339436425e+00,2.860474856105199581e+00,7.736761005240297528e+00,-7.778897918917516030e+00
9.389130835894805571e-01,1.602361653682404796e-01,3.680816776699576298e+00,-5.214336241185993259e+00
1.390401474858806496e+00,1.722828857430733107e+00,4.440627791261915647e+00,-2.437301393893634760e+00
2.959632627019052720e+00,5.104332086702523696e+00,1.088840872270712623e+01,-9.354478355070517281e+00
-1.284111672677956228e+00,-2.481714864245307073e+00,-1.413843997479309555e+00,8.536145364336346075e-01
1.393209645401370711e+00,1.173534322907353822e+00,5.871567051510578672e+00,-4.084870613067800527e+00
1.047008617733391711e+00,2.900778860854136276e+00,3.227401361518597689e+00,-4.291338277506749677e+00
-1.900690703906704471e-02,-8.607584179443299455e-01,-2.263330090424411356e-01,-1.988584589491549925e+00
-2.737889649668263647e-01,7.621127931773092890e-01,-4.664356890314510506e-01,2.688341155984257380e-01
1.787164407174560932e+00,4.684531968995974793e+00,6.734561954850630805e+00,-6.577428058527036825e+00
1.843531680816745233e+00,4.554098965891657080e+00,7.972192861195462221e+00,-8.397003208516737871e+00
2.254834017938430968e+00,4.344977949062669431e+00,8.696670488958346823e+00,-9.433106996234808861e+00
1.940412930143010861e+00,4.165760830053119257e+00,4.849198475410870124e+00,-5.088893665444607528e+00
1.449260476928609487e+00,1.826642900460386132e+00,6.000629005088540247e+00,-8.050319236434946291e+00
1.770086877157553307e+00,3.966119941684698613e+00,7.508925608476790359e+00,-7.085837805100306142e+00
8.790311668626515917e-01,2.810399617488266166e+00,4.581021441342268297e+00,-5.285664073488226755e+00
1.958166281254089425e+00,4.888820781314211494e+00,7.529940184918547885e+00,-6.373544349682928711e+00
-1.657687670474722985e+00,-4.843814272382465980e+00,-4.452117601837567662e+00,4.881755883433907428e+00
1.967252180744019974e+00,3.904838985071326540e+00,5.722706511541220564e+00,-5.943925229138682376e+00
1.692144039971172909e+00,4.252529281262228622e+00,4.148753239876795007e+00,-4.539934569648695017e+00
-1.402774645772327577e+00,-4.102739394067066669e+00,-2.419243829720700401e+00,3.300845909738538531e+00
4.918282157589671799e-01,2.293715014449781542e+00,1.775012974291865220e+00,-1.917136777829923311e+00
2.172626970775573874e+00,6.531150308876426891e+00,6.332541284535266435e+00,-6.986505064823313127e+00
1.410698592784156880e+00,2.954558688653583953e+00,5.398262532278412351e+00,-5.149934662578098177e+00
8.269638394516167779e-01,2.825665303373650517e+00,2.425679481853925346e+00,-1.025209455573697026e+00
2.466077863788207480e+00,6.885403298391320703e+00,9.388070186627574643e+00,-1.017558328540193813e+01
1.799337346570878182e+00,1.721253041265469630e+00,7.015603850537015518e+00,-7.519347944422077212e+00
1.864005287909092035e+00,3.027589420733932446e+00,7.494572530768480512e+00,-8.573960935822235285e+00
-2.637937263773315610e-01,4.782419347983835056e-02,1.559533223895593679e+00,-2.353904251642233270e+00
2.006130854573621392e+00,3.549914231744541127e+00,8.860172992837554773e+00,-8.713852850042631104e+00
6.325970039628479036e-01,1.585540369145003181e+00,2.468035555132204184e+00,-2.471091969439270120e+00
1.304999579884058569e-03,-6.799349908657489339e-01,2.279621304760562239e+00,-2.317217674710535302e+00
5.274270182149592978e-01,-1.278824765724368318e+00,4.187632953923226431e+00,-2.941872923940615614e+00
1.049976698897413518e+00,1.483049620467995489e+00,4.540182023430952896e+00,-3.089333754054170988e+00
2.135159163370582647e+00,3.492490136673401580e+00,8.625337149781328705e+00,-8.688019906698038142e+00
1.508558828675167884e+00,2.314567439587921438e+00,6.755085691981656204e+00,-8.566799106919329887e+00
2.638377964125030450e-01,7.503400456196811508e-01,2.988877238746688647e+00,-3.008261892976944907e+00
-1.547944666120539825e-01,-5.106492461414514628e-01,2.303931353688995487e-01,6.485730623287971897e-02
1.170495902575626301e+00,1.212508860043890024e+00,5.388135351534045547e+00,-4.991170125931057910e+00
1.359417167907052137e+00,2.343599998821540797e+00,5.163802378479421584e+00,-5.143044172915398171e+00
1.032910957488147208e+00,1.712297190273409431e+00,3.823323712498179816e+00,-3.445117922442974212e+00
9.365028569260298585e-01,1.086107449185591545e-01,4.543110919622890265e+00,-3.478214602410446332e+00
3.793253191025462989e-01,6.323407474417097607e-01,2.901396784602917833e+00,-2.738284066291893026e+00
-1.218799104386243393e-01,-5.573962611486098506e-01,1.329718347057099681e+00,-2.030845388685499131e+00
-4.022826969602302238e-01,-1.459976559227058601e-01,5.830718345413911097e-01,3.868238089909423749e-01
-6.396439076612967511e-01,-6.838674608641601704e-01,-1.077802432767324126e+00,9.526396373458809741e-01
1.250736790165375201e+00,2.736958255421551911e+00,4.972886300021046146e+00,-4.908360368830313902e+00
1.029443112671368787e+00,2.368139615987199686e+00,3.375580673719438707e+00,-3.528062050779974701e+00
3.040006641831741740e-01,1.883237893478547087e-01,1.854817433603598520e+00,-4.166548918635177401e+00
1.328955962038522731e+00,2.341419855139738715e+00,3.844476182678205234e+00,-1.988564834369117795e+00
1.747915255250013455e+00,3.076247598270099193e+00,5.482054258515350220e+00,-5.337049516173415498e+00
1.297727719999118623e+00,3.650762874653121326e+00,5.570273932561257801e+00,-5.259979661634273995e+00
1.111806941384636538e+00,2.111838187212444762e+00,3.736766765393733536e+00,-2.695594170894204833e+00
-2.591755805053523876e-01,-1.083871888348040491e+00,-4.212068003870477195e-01,1.302575809784069616e+00
-2.827856737389684572e-01,-3.298054865571363958e+00,1.055236242793951673e+00,-2.441926904958887867e+00
2.864429151188249811e+00,6.573937451975331747e+00,9.051683604988491894e+00,-7.490322844343918263e+00
1.399301599522164263e+00,3.848646370627200053e+00,5.059790828984768396e+00,-4.771503505496895059e+00
1.980585436573915059e-01,2.661963740135614431e-01,2.771917642472870646e+00,-1.991043377192186714e+00
2.377654827680611316e+00,3.699275864780850132e+00,7.366321212048859479e+00,-5.014640751832496690e+00
1.717856495107898507e+00,4.445082354224739518e+00,4.004739141863824514e+00,-4.014837648017756777e+00
1.363595170537277301e+00,3.940438083540585446e+00,4.135409150993081262e+00,-6.228985660086610920e+00
1.175107699939144767e+00,2.294524233036088212e+00,4.871117053286401877e+00,-5.287434649021848010e+00
1.861681286133247015e+00,3.724347006341198973e+00,6.484415303411427800e+00,-6.885132207790407577e+00
2.348604365382161996e-01,2.746378062609872162e-01,2.266922261957337703e+00,-1.896043468864044179e+00
2.259700750464836094e+00,3.608762489460354050e+00,6.496883509049748540e+00,-6.201178445290840280e+00
2.357456242540962421e+00,4.015926911318498327e+00,7.414038733309901374e+00,-6.807120345306423737e+00
1.876649057348599658e+00,4.786116283709787034e+00,7.282734678012657170e+00,-8.306004508718865864e+00
-2.327519260508024157e-01,2.779784477728394210e-01,7.843572995497027911e-01,6.269693643470839461e-01
2.434450812930391450e+00,5.098744579018920753e+00,8.475901154246828995e+00,-8.107938676179539783e+00
-2.745580584273303870e-01,-2.702616147256999390e+00,1.367636417362535717e+00,-1.142013032449428200e+00
2.965879875279388012e-01,2.512120134957929185e-01,2.656498259221091729e+00,-1.001158676297995820e+00
1.677755882051879865e+00,2.921954540703681769e+00,7.080390440730166546e+00,-6.518921672065295603e+00
1.997686020448692146e+00,4.970427623265484485e+00,6.545684788127507758e+00,-6.980639779358680741e+00
8.087517457429531653e-01,1.330832874514897846e+00,3.860434732095206378e+00,-4.826916607806884585e+00
1.647906089064428148e+00,1.287549130062215497e+00,5.272964491764741801e+00,-5.556260307762759254e+00
6.662580491303029540e-01,3.767735189035088528e-01,5.340207079950191726e+00,-4.558933587513291030e+00
1.056108804989582151e+00,2.161955733252841849e+00,3.898581115149310605e+00,-2.575816061637782095e+00
-9.191970609824147154e-01,-2.002410009424180792e+00,-1.815422347313350837e+00,2.755369880741826982e+00
2.143702364383398340e+00,5.246788572037875298e+00,6.235048383241105441e+00,-6.432301183244002907e+00
-3.192819400495083837e-01,-1.149178665834942770e+00,1.942845815209501281e-01,8.293362938606785306e-01
-5.574894984139744381e-01,-2.388502536789394171e+00,2.492169494793594620e-01,-4.864286828135860885e-01
-1.038838358381700910e+00,-1.391086398793292656e+00,-2.742322391235241241e+00,2.937326076587559953e+00
1.412731811787286240e+00,3.076768842381436553e+00,5.179623161461564429e+00,-5.175371893598330608e+00
1.222937261161446187e+00,4.180806316605631068e+00,4.994665289855984902e+00,-5.347394338824917881e+00
1.721074259307012300e+00,3.988435831801635523e+00,6.227553417558394422e+00,-7.102845956604944888e+00
1.565418502446958016e-02,3.434381390545253598e-01,1.836099667205426389e+00,-2.272693836288807834e+00
2.625981069366768672e+00,4.319702879161316567e+00,9.039994253231249388e+00,-8.798411725316828580e+00
1.735760814845467959e+00,4.168818442621273768e+00,5.966942102368136602e+00,-3.013151794360513058e+00
1.616604611317209894e+00,1.691954858429182140e+00,5.809602537661462840e+00,-3.819034525439990446e+00
7.479123299485439524e-01,4.420692970166451019e-01,3.879023392558961447e+00,-5.122613645819228623e+00
2.732571825224598960e+00,6.544073056712329972e+00,8.628854164916567981e+00,-9.347762831153247021e+00
1.053733961960058974e+00,3.502625826272342202e+00,3.716588809215293665e+00,-2.414131773439417650e+00
8.939217704595108227e-01,-6.012894919299553997e-01,4.073477945469379691e+00,-4.395414484120083287e+00
-1.060781402372064530e+00,-8.916275975133185483e-01,-1.800618224003013301e+00,1.991224023013523192e+00
7.573059762273868234e-01,2.461716842230756264e+00,3.645791824695456818e+00,-3.965267588332207715e+00
6.474007888063015859e-01,1.129349358313625373e+00,2.892824489112492792e+00,-1.675400129373612046e+00
2.615479901177025113e+00,4.202393954086407035e+00,7.855986735677566557e+00,-7.732598668047409696e+00
-8.162537624178811679e-01,-9.577111339416344293e-01,-5.137682859992095397e-01,1.545121805942023530e-01
1.475692128452655627e+00,3.356228358713990723e+00,5.069880680283112007e+00,-5.005189028873250123e+00
4.644334470291560102e-01,-1.664292113727834366e-01,3.174377019915026299e+00,-3.999502686746162272e+00
1.379980026680489580e+00,1.291279462464695715e+00,5.643877832711015508e+00,-4.617828947177676113e+00
2.289706472192396980e+00,5.026556685890313680e+00,8.296115525420438175e+00,-1.006194495963348956e+01
9.626098020388111909e-01,1.976682138869596317e+00,3.985167547515190645e+00,-4.051715102105776900e+00
1.031495919732657196e+00,-5.627483974818447976e-01,3.672861568471800897e+00,-2.207144194569888196e+00
-1.892330654004958923e-01,1.061872998075731989e+00,9.181986508827364446e-01,-1.675858700616174257e+00
1.829018887505403868e+00,2.621088695234699006e+00,8.541059935093093358e+00,-7.438479701912192432e+00
2.285846790219191682e+00,4.556365974133603558e+00,7.385745139874368981e+00,-7.492629169624903440e+00
1.995408592622056387e+00,3.656740646032682562e+00,5.464885811590538545e+00,-4.972608077131213555e+00
1.103321555908831186e+00,6.461138494210070249e-01,4.330895284035107373e+00,-4.496635305249878201e+00
3.004625536014599030e-01,7.431512022899471326e-01,2.293602067553276225e+00,-6.194805194961066075e-01
2.375957724129353021e+00,4.839918029064532057e+00,8.768109760577750933e+00,-8.072364073799841222e+00
8.865613224171415840e-01,8.589359574366174366e-01,3.962763925638904450e+00,-4.848307534188411871e+00
1.672616811958075544e+00,3.973225915895599591e+00,6.377201740629797833e+00,-7.204010071822241734e+00
2.087064923763938928e+00,4.120296591472698111e+00,9.530700217070600999e+00,-9.139463612309928209e+00
9.777147914158588193e-01,1.332519121755298297e+00,2.588279869648485221e+00,-2.112048637971436271e+00
1.477553441756629615e+00,2.407923260171511259e+00,5.467276987595756310e+00,-3.707253759731697684e+00
-1.147887810212264714e-01,-1.720691968377819903e+00,1.418561898101455165e+00,-1.993254669635155629e+00
1.143842286170748679e+00,1.460636353314884506e+00,4.666552916863788703e+00,-4.199636345502921309e+00
1.248300396703734494e+00,6.013952402415205789e-01,3.338404030457162719e+00,-3.554757201504105790e+00
1.330195821383036270e+00,3.022374369690615126e+00,5.096003101393582035e+00,-3.450951927881385384e+00
-2.696852762629131650e-01,-2.747429434648641866e+00,2.350074612557472575e-01,4.375802674762491185e-01
5.424670440312540087e-01,2.531116011876653804e+00,2.391012855665224812e+00,-1.493360502270433043e+00
1.319118488294451996e+00,3.753509780044121058e+00,4.455941304981442919e+00,-5.157635154321709159e+00
2.521864145697023218e+00,3.416575386797768843e+00,8.638649580839068420e+00,-8.781658526668302045e+00
2.031396947216322246e+00,2.899192342767265451e+00,6.761107854398581196e+00,-6.119188939283056961e+00
7.363309163808590130e-01,1.265238293623921928e+00,4.192060459999249922e+00,-7.512159317360580069e+00
3.141107519872731180e-01,2.332441978914320924e+00,1.470944909490409458e+00,-1.046530852976424564e+00
-1.349628412655006215e+00,-2.270529549717272833e+00,-2.424360090966820813e+00,3.670020853695894480e+00
-1.590800783644835015e+00,-3.276520042074195338e+00,-2.351572325257435647e+00,5.875676636385518403e-01
-1.047002368969474073e-01,-1.105730507848857513e+00,-1.167410879692918790e+00,1.402214084218764256e+00
4.798857339712205849e-01,1.301908291729154454e+00,2.656029161575494513e+00,-3.412082490690607539e+00
2.043542905067585735e+00,3.455057157034036042e+00,6.114354624680115258e+00,-6.774998075662883146e+00
4.580579981110799448e-02,9.209128699844498778e-03,-9.920896788084685447e-01,2.023123593729194702e-01
1.906238556084589364e+00,3.246372287588878081e+00,6.408300361870520767e+00,-6.223478276976559975e+00
2.324752231768854482e+00,4.307818710081527058e+00,5.731753007675865597e+00,-6.464817281099715984e+00
3.881158326383016277e-01,-1.341794501628238434e-01,1.922609717429055287e+00,-2.809733332928680216e+00
7.696904472202183989e-01,2.341441571709413694e+00,2.874095409114059585e+00,-3.175804868794932290e+00
1.444906426333710137e+00,4.069328597315497120e+00,6.595601771135022773e+00,-7.178302743920358608e+00
2.409032112050923935e-02,-3.943650504469673468e-01,4.810428611711367042e-01,1.017105461470346750e+00
8.650606475563054065e-01,3.592219278902194723e+00,3.082870280136734031e+00,-2.965591954463557833e+00
-6.741331361442939318e-01,-6.359155535865975706e-01,-1.467356053411230654e+00,2.355319673030972893e+00
2.336550026862671547e-02,-3.826297880924888761e-01,1.185187516099264204e+00,-6.685116510727988626e-01
-6.338584512523259828e-01,-2.029630756082765330e-01,-1.743367906873211970e+00,2.786202790935736751e+00
1.261959005909361275e+00,2.653246440308968168e+00,2.522508514501046850e+00,-3.023813660704059103e+00
2.078474974255642316e+00,3.813159527973623675e+00,7.825613075914522376e+00,-8.714985743161916432e+00
2.054813646364246349e+00,3.825148856176309398e+00,7.560429791220628637e+00,-7.258268547035209295e+00
3.847654584312779624e-01,-1.916743215102037601e+00,2.460570643241550393e+00,-2.045556695222830790e+00
1.434969459702600370e+00,1.401394812127078282e+00,4.528752387133045509e+00,-5.788293542406233172e+00
9.436679267971971319e-01,1.838505148169446990e-01,4.003336732102474649e+00,-2.668913166117519609e+00
1.904020865662814144e+00,3.826291679542670021e+00,6.958037518663354959e+00,-6.782676889532478270e+00
1.041451630643285498e+00,1.719744568072619550e+00,5.282558720702670740e+00,-4.101435310869757878e+00
-1.706519112464124355e-01,4.666535569947917184e-01,1.335725315508777156e+00,-2.258756393320313194e+00
1.142430901832796497e+00,1.824154731329014512e+00,3.032206582502904091e+00,-3.278907071143960739e+00
1.150430132391679461e+00,3.366620747025613536e+00,3.413720845851940133e+00,-5.321575106788516862e+00
4.411498274798885122e-01,5.803457507956844008e-01,2.897962687993537401e+00,-2.357151459719053044e+00
9.488211475516812321e-01,4.030250161331081493e-01,3.701113539661140983e+00,-3.916194785089359254e+00
-4.490286766817352948e-02,-2.680659278378325183e+00,2.675382326140608669e+00,-1.345563198492063073e+00
9.505098974962307157e-01,3.388284149465358386e+00,3.251649794670764759e+00,-3.339335006127929439e+00
-1.650828120030953805e-01,1.668714356189368919e+00,2.344118154301753520e+00,-2.038938218963160409e+00
2.885196290856666401e-01,5.321945072603067040e-01,1.393051307889258572e+00,-1.564820059899145299e+00
2.164777079748111399e-01,2.758467326234504413e-01,5.570727831773709671e-01,6.152667714326518489e-01
6.075238073980160358e-01,2.751373853115445245e-01,3.438627864110336496e+00,-1.977366364202039373e+00
-4.419194139719158088e-01,-4.542368576640122946e+00,-8.625551458021858409e-01,7.992885646303248270e-01
2.115648176459406393e+00,3.622306631420417311e+00,6.992675711079788137e+00,-8.465888886516202305e+00
2.158313618563528991e+00,4.516080654141796380e+00,7.503919305722710931e+00,-4.895591281050407417e+00
3.565416941102292903e-01,1.218957735104583717e+00,1.080325740738025786e+00,-5.326732645478577943e-01
6.256310909716070734e-01,1.046130048494615661e+00,2.091168322986463046e+00,-2.849098675629849087e+00
1.706129824180064425e+00,3.036880281850365293e+00,6.231729734779726471e+00,-6.913360400158614638e+00
7.822293207586938912e-01,1.922111968419456307e+00,1.832661241400747709e+00,-1.553672917851633306e+00
1.134915910152021201e+00,1.172657874770299147e+00,5.602855187522557401e+00,-7.749583285065071436e+00
6.590658568925013006e-01,1.432406049086894173e+00,2.687711890139817150e+00,-3.505334280590270968e+00
1.631276752452505807e+00,4.843715706781745567e+00,6.068166105748372452e+00,-6.690220622447347942e+00
2.826560292006517816e+00,4.212447376985148928e+00,7.793940458604890154e+00,-1.016545081332473544e+01
2.058488267897724988e+00,4.376130759852758345e+00,8.110965141528787115e+00,-6.919970199174604986e+00
6.974578397848900657e-01,2.235677031544140103e+00,1.948311932246988620e+00,-1.005061966956976693e+00
2.961260917233297096e+00,4.663375855038599305e+00,9.802705333496113838e+00,-8.546229229901431523e+00
4.535783491790937871e-01,-7.523404559147877091e-01,-3.398056232992097137e-01,2.939136419005651035e+00
1.337780856788535200e+00,1.427978809415244577e+00,7.112199626924482487e+00,-7.114415877466838012e+00
6.150082945440105142e-01,3.666984966247956557e+00,1.933618828964516423e+00,-5.844723915027580929e-01
2.859277944865794563e-01,8.772434531176438455e-01,1.507309969217998979e+00,-6.432069661905180924e-01
6.844742590214600853e-01,1.901715979665583367e+00,3.451192032973402046e+00,-3.467427729789484214e+00
1.485593350386558154e-01,1.396174843336002835e+00,1.497038675592784918e+00,-2.532358236651766958e+00
-3.469707917994517832e-01,-1.271879245955678028e+00,-5.558994414113725968e-01,1.418042425499710601e+00
2.905225388990499980e-01,2.412535751387547833e+00,1.325737947358652580e+00,-1.379247482124348334e-01
-4.213467983139913553e-01,1.766719876823201751e-01,-2.266960952628192416e+00,2.140886564086488253e+00
5.152603720210439109e-01,1.548613535388654316e-01,9.855256873325701772e-01,-1.687494070744855801e+00
1.118084854034024023e+00,1.574150493746073742e+00,3.662051599601888974e+00,-4.122197355991922940e+00
1.784170465672329176e+00,2.810360977973351382e+00,6.586019215367651114e+00,-6.830195597200902746e+00
5.420801651092270745e-01,-1.375054406335904922e-01,3.576283270156258798e+00,-1.997994650928726301e+00
1.004919910140280370e+00,2.860334074300900031e+00,4.077829805890676340e+00,-3.900137136677230387e+00
1.689868254944961734e-01,3.542674149859454946e-01,2.656086900451559263e+00,-2.295696507664567232e+00
1.750792892389842370e+00,4.299014942951264295e+00,7.924879840383466600e+00,-9.372540127851946679e+00
1.847350965866076056e+00,4.919535618145736144e+00,4.733884093501547596e+00,-4.447533162707641097e+00
2.049339220772236736e+00,3.721424584929760027e+00,7.827302128381981916e+00,-7.893425030617566840e+00
1.017445029629722386e+00,1.134778111597422923e+00,4.553125324875920477e+00,-3.546316170172042703e+00
2.064226926306805598e+00,3.667141865580626714e+00,5.835194180150614862e+00,-5.314335462335829874e+00
9.987094531995144298e-02,-1.520625545571815951e-01,3.181903445030243027e+00,-2.621309118218325906e+00
4.804260921757355085e-01,3.331522256582912789e-01,4.517637792883711256e+00,-6.517894681421578795e+00
1.148066376959125279e+00,2.126617640109556895e+00,3.777790294821803840e+00,-4.361826291173138692e+00
2.064154005564940997e-01,-4.848003720739831879e-01,1.272169298434867812e+00,-3.172221552463619254e+00
3.667567719973745533e-01,3.003329854925753106e-01,3.026718944054830995e+00,-3.363026613167055423e+00
-1.325291384746416057e+00,-1.825702268867227751e+00,-1.606829641350031368e+00,1.075970838301338883e-01
1.598251178125634553e+00,4.319785712044943438e+00,4.423548485657569529e+00,-2.966578413838045769e+00
4.552334150434483862e-01,2.034072065825447417e+00,8.683315336735395462e-01,7.805110364738194750e-01
6.076349439988224521e-01,8.988520418767322884e-01,2.805040397812745834e+00,-2.666249452212260174e+00
1.441951413098722545e+00,1.471068802545987264e+00,6.204653412264587331e+00,-5.228716419123928816e+00
2.225698905964415886e+00,4.058452695035536628e+00,6.022889050497457930e+00,-6.831351616854575148e+00
2.661300037747171832e-01,8.660674848112955848e-01,-7.635617959903486796e-01,1.575251840568451467e+00
1.511835804377272829e+00,3.204135606383387458e+00,7.283769378123205129e+00,-7.866735471157310755e+00
1.665974117750429695e+00,3.191403303241808764e+00,6.886638567222520990e+00,-6.616205098877443902e+00
1.549695375350772508e+00,4.846628401130386621e+00,5.282184069392112491e+00,-5.125964714896948493e+00
2.383587158632466618e+00,3.785647959017862441e+00,9.432480340863040880e+00,-9.586729655137490980e+00
-7.486931798059841547e-01,-2.159761891984262494e+00,-3.098799532158607484e+00,3.074525653358415322e+00
4.447474806309492656e-01,3.599178751921140451e-01,2.809280399351202107e+00,-3.059009641419863534e+00
9.114599291850662421e-01,1.216250525111662650e+00,4.225393813766514128e+00,-5.089844170730267514e+00
3.287875317661494545e+00,5.145381343105661642e+00,1.315603186878633757e+01,-1.171248019228480963e+01
2.290679042969871126e+00,3.285277174455898397e+00,1.062882795496707544e+01,-1.121812937969893831e+01
1.263104970219449452e+00,7.843376619011905859e-01,6.392716041630442270e+00,-7.420981520320975022e+00
1.710951442827283397e+00,1.972729572588912461e+00,7.019686052580439650e+00,-5.492933937686093948e+00
6.688331950711097207e-01,1.544014030279454719e-01,2.527282285707097120e+00,-2.324668091491954858e+00
1.712746255036191600e-01,1.654955924636066222e-01,1.915172677206337326e+00,-1.412964860017249968e+00
2.561654034116752854e+00,4.609322033337442726e+00,9.487382514174253600e+00,-9.598011995948901642e+00
5.839730097380958496e-01,-3.674533829096153781e-01,1.736483340236198991e+00,-4.566246774653499596e-01
1.048072435960075710e+00,2.452010461396811891e-01,5.940531070085490306e+00,-6.410786663647957795e+00
1.061908080810687105e+00,9.854627848035650839e-01,3.630539125352306939e+00,-5.151624576434869596e+00
3.433739695261618374e-01,7.627344854789717132e-01,1.025058715543700316e+00,-3.288709858671386987e-01
1.132203527813739674e+00,1.220033463204602819e+00,3.572007294868133620e+00,-3.547769164051857160e+00
1.377977524054137870e+00,4.533518611365042084e+00,5.462493188988959858e+00,-6.025929591198885937e+00
3.225402730322727285e-01,-8.950613613150983916e-01,1.422570489099876934e+00,-2.424994908575845098e+00
-2.808116526249462286e-01,-3.030817923770943723e-01,6.139049800679855506e-01,-5.423033401373116291e-01
3.249033267999406505e+00,5.845730392577531020e+00,1.074899049065011880e+01,-1.022039715358624790e+01
-9.281963171049345540e-01,-2.473367868930423263e+00,-2.374715399703246632e+00,3.325530151914935395e+00
2.637579235360906438e+00,4.857813960789910901e+00,9.539704434397199506e+00,-1.026324043216561854e+01
-2.399308476740655838e+00,-4.544112573252080622e+00,-6.568016020266715493e+00,7.009996484763044933e+00
-1.166248274180643474e-01,-2.069434620150749637e+00,1.580341054896055253e+00,-1.306888228311975819e+00
5.215686303059996476e-01,-2.300075025974401832e-01,1.374339158334680899e+00,-1.417910291945769563e+00
6.489360011874745204e-01,2.256079604894316581e+00,1.820994263841185568e+00,-2.112879292604806558e+00
2.497016258797497557e+00,5.168711383304310125e+00,6.721211999259459446e+00,-6.872803383562851032e+00
2.195469952877668884e-01,-4.817025504532238545e-01,1.802351004990090599e+00,-3.429951797876975128e+00
6.632074759223249849e-01,2.216800194225637011e+00,3.907843292501046228e+00,-5.867618833851661719e+00
-2.750960070275261238e-01,-2.391502702736227892e+00,1.693807165395080361e-01,-1.012772004343342136e+00
2.459378534020413287e-01,8.526486147669840587e-01,2.072099957793959835e+00,-2.455896903402123854e-01
6.141875825115898913e-01,1.092368232116184945e+00,3.256772136471378865e+00,-1.820293875641390224e+00
2.181084856622127255e+00,3.682825653423126955e+00,7.720817917290403010e+00,-8.516121417255279269e+00
-5.465132995476562616e-01,4.877863049217665559e-01,-1.695221277136161886e+00,1.001661639911052948e+00
-5.664132526420746494e-01,-1.343873027046595281e+00,1.000809778078895595e+00,-2.186132554117201643e+00
1.296451692304291470e+00,2.122833563697733350e+00,5.445062883238180440e+00,-6.217338977377703912e+00
6.074239775515797302e-01,4.911563268589738129e-01,2.276810522129118830e+00,-2.200411790839834403e+00
-4.494069058713123788e-01,-5.469500996045068009e-01,-1.156262187728031021e+00,1.364362539246925410e+00
2.402900406066941663e+00,4.705216228864166794e+00,9.305428607056311918e+00,-1.016848852562650052e+01
-3.773589928707155039e-02,2.076909257011599896e-01,6.628917767523538895e-01,-2.859163106897206763e-01
1.384829143128996964e+00,3.096389787118671855e+00,4.572639668578321270e+00,-3.924619534199786486e+00
4.263308743239979659e-01,1.021768640786628435e+00,2.367240558512959669e+00,-3.493250328777241620e+00
6.222648671266266529e-01,1.320142809221547697e+00,4.152750004374491155e+00,-5.627341876116651598e+00
1.181831096250532065e+00,2.416140589046226861e+00,4.138549684924912597e+00,-4.371933181952504022e+00
1.819639063317362249e+00,3.804157633574997366e+00,6.384013371148523852e+00,-7.063741809278028860e+00
-6.054977043142710791e-01,-1.882589884300389205e+00,-3.519690173473053019e+00,4.547614929469411038e+00
8.479780127924354538e-01,1.990231339558623080e+00,2.494408745350145562e+00,-3.983984290451671129e+00
1.947157005550337772e+00,2.325200870345067727e+00,5.443378808941236713e+00,-4.622297374422972283e+00
1.251923789840401646e+00,1.600096785286636569e+00,6.523283267493844129e+00,-7.039565189299437975e+00
-1.514062213578528659e+00,-4.017746790800712731e+00,-4.252180816460807478e+00,3.744304479739216429e+00
1.098077432490449201e+00,2.360311379663821096e+00,4.504059927265666730e+00,-3.883047712222736259e+00
-4.519835949032233735e-01,2.211086700009646577e+00,-2.943814073813008081e-01,-1.411822530212937465e+00
6.487866194074853876e-01,1.687907044404837187e-01,2.316543303393909792e+00,-3.324472378227887326e+00
-2.811025988389515007e-02,-3.335111613857014157e-01,1.082395311229677581e+00,-8.238263820835760587e-01
-4.784179408562008184e-01,-2.576723881897444279e+00,-2.357477478711150987e+00,1.524966518320174380e+00
1.984057226727874212e+00,3.777679001397040270e+00,8.269781221878389488e+00,-8.576768864037726203e+00
6.534035165715310622e-01,7.831166731144892923e-01,2.181036568775815532e+00,-1.314665039131711621e+00
6.509277512141605770e-01,1.070347574749905162e+00,3.596320895840918741e+00,-3.587429363348795697e+00
1.090756404935919299e+00,2.761041881631400852e-01,2.244026444406591381e+00,-2.879855586327733974e+00
1.419235947850931323e+00,3.089455830768682798e+00,5.036929441021622544e+00,-5.992263479034866336e+00
1.894864022159255867e+00,3.004219638891992616e+00,5.677227267732799731e+00,-5.897997569579090715e+00
1.468557438276143934e+00,1.447102658388352392e+00,4.684209980851560928e+00,-5.055696695275543995e+00
8.611173458783583090e-01,1.153682682846291385e+00,3.709705442068313541e+00,-3.559524113000635204e+00
-7.149463579001584801e-01,3.975872464160028485e-01,-1.824761676369171415e+00,3.142487643671452169e-01
1.112977035191540676e+00,1.224214761809444774e+00,3.086134496170636066e+00,-4.551343958900076814e+00
-1.485059778539405517e+00,-3.686641086399245815e+00,-2.568066702707632487e+00,4.163410255869128385e+00
1.728791931889232192e+00,2.418897392582664896e+00,5.105173549162789648e+00,-3.836929070398242381e+00
5.407124650897574547e-01,6.317007876173172942e-01,3.117912210624052882e+00,-2.464108894624468693e+00
-4.109778093139637711e-02,-6.142074380070815520e-01,1.215501151057474472e+00,-1.467396968413149594e+00
4.379408705610324803e-01,6.231984355574120560e-01,1.867964194438546777e+00,-2.898122463393671744e+00
1.523825364322349607e+00,5.130785495276451336e+00,5.270249027110012641e+00,-4.951391218894529267e+00
1.475702019004698773e+00,1.801624780624094813e+00,6.045310026907732670e+00,-6.527999064645295668e+00
8.583889895750876908e-01,2.230502379160187676e+00,2.784345325233751556e+00,-2.566581253472831392e+00
2.273004620174527979e+00,3.416874069090009236e+00,7.345842645807818094e+00,-7.544229569880476660e+00
1.330749280673275248e+00,9.585660903009793898e-01,5.145038629479318892e+00,-5.644839774065500748e+00
-2.544022664903915487e-01,-5.814213992802402808e-01,3.760657659097019767e-01,1.178505404261159795e-02
1.412791903362377033e+00,4.161394204586095213e+00,5.571762764876179830e+00,-6.104494769907455876e+00
-2.777051666545962139e-01,-1.111331852675620402e+00,1.279500193976526035e+00,-8.502951464262311632e-01
-1.907126910205925174e-01,2.382799092062677371e-01,-6.134582099199648031e-02,5.453883894663731358e-01
1.835705289735133139e+00,5.518839862274035113e+00,5.611370619432825890e+00,-7.426435474925147773e+00
1.831143186793214195e+00,4.451620671054562273e+00,4.690569898697072304e+00,-4.415998844514438026e+00
2.082208602668498720e+00,5.706959966187654665e+00,7.657510969041899429e+00,-6.825488737934361616e+00
7.345794304665460572e-01,8.355877617395019996e-01,4.682370935060266248e+00,-5.407708292717137155e+00
2.136885192958082769e+00,4.170471375941867898e+00,8.854361790488779249e+00,-7.177217724791643327e+00
1.143980960791495249e+00,3.251866448267728416e+00,5.816150378541896870e+00,-7.274564998666802396e+00
7.390622067675344242e-01,-4.603048032222289976e-02,3.569511789345952479e+00,-3.180220760737973329e+00
5.859092987149189247e-01,-1.080822035744686271e-01,2.345129499437517140e+00,-3.837961749003757639e-01
6.080630719646011872e-01,6.259438183736566463e-01,2.113971640556751908e+00,-1.385476240834390360e+00
4.896780605869859304e-01,1.718061383211134885e+00,4.887351516417695940e+00,-5.042420897045994721e+00
6.439336131763584437e-01,8.922645723995621392e-01,2.592304923924168669e+00,-3.054613025600275478e+00
1.138582529862900428e+00,3.075178699659131709e+00,4.819515527188952042e+00,-5.082284563983490600e+00
2.106291324754915095e+00,4.241410234781139543e+00,5.558780202380959601e+00,-4.449067914286484182e+00
1.283782456858434617e+00,1.846634119771973115e+00,6.226453899698494610e+00,-5.815040828852391819e+00
-3.819571293675427803e-01,1.361246835743451511e-01,-1.312028043133250055e+00,1.831582003485545229e+00
1.877258093986214682e+00,3.581058719365256326e+00,8.181758811350672289e+00,-8.015931732205833882e+00
1.578743079222793888e+00,3.615787701911628904e+00,7.109005273122859236e+00,-6.003559815081423778e+00
1.009409439369390205e+00,1.783857890834144255e+00,4.605553460690507528e+00,-4.608800806338678058e+00
1.628751760460286580e+00,4.188799080797083185e+00,7.330748018894045259e+00,-7.137725935735106830e+00
1.298708794342380735e+00,3.005728827927152125e+00,4.049765733356272435e+00,-3.340469102195065432e+00
7.844368608831766565e-01,2.995145187452560975e+00,4.467483848771920840e+00,-3.764154187626430392e+00
1.159566513615106320e+00,1.281873341253398912e+00,4.840342934966864519e+00,-5.868168795406376148e+00
-7.561370087772134596e-03,7.433895539519630447e-01,8.587072255954295574e-01,-5.238833687556376795e-01
1.359196528933803272e+00,2.754162687625997030e+00,4.594366284677174228e+00,-4.468221613533379433e+00
1.287279346839982130e+00,1.717905670216536507e+00,3.995888471952710574e+00,-3.408249432604646856e+00
-6.339301081592783049e-01,-4.926297848153505798e-01,-2.912649367215455865e+00,3.103628029592024884e+00
1.092232754003071848e+00,1.315729415102037780e+00,3.987330988227766326e+00,-4.819180201875886027e+00
7.808916219534569603e-01,1.226819003912362538e+00,3.188194941459518983e+00,-4.671563965832627119e+00
1.706849743892469018e+00,1.712101526305654264e+00,3.828558670749029780e+00,-3.005327672501175051e+00
-2.023640005823796884e-01,-2.467157446135288534e+00,-2.541366032450098622e-01,-1.544298078610063518e-01
2.116522524441102782e+00,3.173785475739382633e+00,7.683503767016135022e+00,-8.910391253890828978e+00
-7.133823305225797107e-01,-1.761518793560502782e+00,-2.528873544292402631e-01,-1.818980122677627209e+00
1.080429256523961046e+00,1.644969536301574164e+00,3.586786004464374233e+00,-3.412972473741527235e+00
1.855717120279969379e+00,4.501654595071893361e+00,6.762642520226934906e+00,-6.615455729589168499e+00
-2.450424993300694965e-01,-9.173795131609396858e-01,1.347768438341034047e-01,4.042597274012140751e-01
2.581490247662182602e-01,1.228720830135119346e+00,3.168858791221367266e-01,1.428276413169800030e-01
9.001403822540399169e-01,2.820597295129994464e+00,3.330488172925937018e+00,-3.305166493463642219e+00
2.681906095435622639e+00,5.646737251347922815e+00,1.091411533319571348e+01,-1.079407962968702073e+01
7.283265203603217497e-02,-2.456251191483940222e-01,1.699283748111437786e+00,-2.381031915208275507e+00
8.168392717407668702e-01,1.667221153502255193e+00,2.373625336825597287e+00,-2.301528579824698717e+00
5.905737930908374622e-01,-8.295775581901638773e-01,2.732581224592812053e+00,-2.987292062162492101e-01
2.579875969038894823e+00,4.909899779361095007e+00,9.294820146535133887e+00,-1.021833351001429335e+01
2.348694006948578661e+00,4.227868568308106312e+00,7.485462637108448725e+00,-7.699943767704668041e+00
1.578138751568999298e+00,1.813967022682479557e+00,3.858185578219789136e+00,-5.151017535489723187e+00
2.345478871978265545e+00,4.755124976739800502e+00,7.524868930730515437e+00,-7.397283053211199721e+00
1.373261305254668052e+00,2.937838575681345876e+00,4.504942809538062143e+00,-3.823199595553173680e+00
-9.205001657435230022e-02,-1.298561115136343203e+00,-4.491506280835733111e-01,-4.893847253305656508e-01
-3.279715386067987293e-01,-9.194788017370454369e-01,-5.627972669852141507e-01,1.667645594567461087e+00
3.288054709927057395e-01,-8.735461647045226208e-01,2.291557293660083428e+00,-3.980678317885360418e+00
1.953308492159134380e+00,4.245682336503763032e+00,6.667206516901485358e+00,-5.637381894320439457e+00
9.346994731560674952e-01,2.591195564058716094e+00,2.581751149759798025e+00,-4.153914583062229937e+00
4.505332929904104500e-01,8.597289416624122049e-01,3.625173660169485057e+00,-2.405172112309752919e+00
1.339405432878403746e+00,2.238205371335405758e+00,3.990553139295707208e+00,-4.290337556744137082e+00
1.854239073213708178e-01,1.003087162232404239e+00,9.142193173397371586e-01,3.517949449083525026e-01
-9.324373191248673809e-01,-2.598937266705280358e+00,-1.405106429042404681e+00,7.688670620569144631e-01
1.553295724191240401e+00,1.106417813124071614e+00,5.990316216430703555e+00,-4.944065828670179741e+00
2.309391246143167820e+00,4.982965608493885590e+00,7.326258664024232203e+00,-7.513202033252851741e+00
1.255665314214445161e+00,2.586038161164437188e+00,6.043314624579528171e+00,-6.206364644184766632e+00
3.856903584835815746e-01,2.715333334077868699e+00,2.167201494709087850e+00,-2.517234698032631002e+00
1.169962722539198419e-01,2.504710101724356708e-01,-9.828348136507796262e-01,1.293455186337800100e+00
1.498399093180099007e+00,4.567330085245359328e+00,4.562700310464316900e+00,-6.920573845691320614e+00
-1.802905441207172110e-01,-5.264295939367037436e-01,2.237128487809194322e-01,-1.860816449614042523e-01
2.564074071800787280e+00,3.673050418436754505e+00,8.368622765535922881e+00,-9.980113755785803065e+00
1.690942784951864342e+00,4.274938570374148483e+00,6.290748789263420626e+00,-6.968875292434866253e+00
1.659691106132843208e+00,2.151161262007849295e+00,4.541445044310559176e+00,-4.255678040198826118e+00
-3.505191026984646463e-01,-2.105905329071187992e+00,-1.531346885039487127e+00,1.221785865886697575e-01
1.416843952451186439e+00,6.889163166719383113e-01,4.492331465314703287e+00,-4.656999867734545440e+00
1.554736141966579499e+00,3.037836757050994319e+00,3.855254943106607435e+00,-3.604975408842553630e+00
2.091186011445299808e+00,4.627141999669471595e+00,7.076060084678677420e+00,-6.138977708829588487e+00
2.584888016219129447e+00,5.252814475619158152e+00,8.463303122278716728e+00,-6.872833230180695807e+00
1.467987351794750150e+00,2.420378867890575325e+00,6.625543260522592348e+00,-6.481186137564860950e+00
1.222392726353462855e-01,9.668958041920381330e-01,1.712741421761747596e+00,-3.767164583711060111e-01
1.602385371642727652e+00,2.881434355294714589e+00,7.323247335398699320e+00,-5.892458176790384528e+00
1.699093977405456979e+00,4.525792833691081540e+00,6.085356157190661364e+00,-6.764328758086492144e+00
6.691520783391682325e-01,1.731352786622835316e+00,3.708235361486085679e+00,-3.334912763354594745e+00
2.228089106518448936e+00,4.512954821858732757e+00,6.912116591340439875e+00,-5.243804002399317099e+00
1.699941705741947473e-01,-6.481467795148856403e-01,2.614432295755636293e+00,-2.608026399555092745e+00
-4.836836936312141066e-01,-1.419425623437954531e+00,-1.894782773953739952e+00,2.403655941143451269e+00
6.572987215768391067e-01,1.307043697877763755e+00,1.895210094976065740e+00,-1.478804660537832216e+00
-9.832755895385849598e-01,-1.913282329071670729e+00,-2.554113310503000278e+00,3.448081751270153816e+00
1.493073238754565990e+00,1.891059046092079532e+00,5.113795546632093014e+00,-4.211718328643629050e+00
2.059730043921631726e+00,4.103220724827504107e+00,7.880031812419545645e+00,-9.462550567810051660e+00
6.175545231783855504e-01,1.102002934387328770e+00,3.893267517610671469e+00,-1.662305185720310163e+00
1.351544534678506437e+00,3.679980492082349564e+00,4.830100224816433752e+00,-3.196792818219388987e+00
-6.963427648200684050e-01,-3.556959892161789760e+00,-3.812423783818307266e-01,6.454936904692217814e-01
1.679250944298407600e+00,2.397616441671951204e+00,6.514686634415789435e+00,-6.218240874402781060e+00
1.708671684128063362e+00,3.097252458412643072e+00,6.794966196722139529e+00,-7.033010604586406700e+00
7.178197960577119563e-01,2.127680482288760722e+00,4.214282426565627127e+00,-4.237157405406745347e+00
1.051006617838209145e+00,4.494496007297572593e-01,2.913685194976634030e+00,-2.485324880441527995e+00
2.380498126997682817e+00,5.761378636361698113e+00,8.333741591043491326e+00,-9.003304968472495062e+00
2.096134739129535518e+00,2.776678405223135915e+00,6.587426791087019673e+00,-8.053230212658100129e+00
8.408018163599064732e-01,1.787675322910573295e+00,3.890955070612643230e+00,-4.753617697204330916e+00
1.927530751769141570e+00,4.381076818806598716e+00,8.201599098146667544e+00,-6.926125763942311053e+00
1.376521519727425202e+00,1.217988697879291760e+00,6.885940890807464854e+00,-8.127707270731004741e+00
-3.298671860311472859e-01,1.563308076379327227e-01,1.003339828797764621e+00,-1.504244135899354573e+00
-4.988468916104493722e-02,5.244231774389849221e-01,1.861492394307056042e-01,-8.162677079523934787e-02
3.676857562742690710e+00,8.639660461940268377e+00,1.061070881434307012e+01,-1.015246891342421520e+01
3.247733774058068068e+00,5.637649623529902065e+00,1.104125418377840617e+01,-1.039231527098004193e+01
9.821704856281411322e-01,1.006658316998636726e+00,2.773451019284165930e+00,-3.943971706480454920e+00
1.340639461614617556e+00,1.773793682117179138e+00,5.153933970397239328e+00,-6.144980295742277221e+00
1.270214864506125085e-02,-6.931373962860224447e-01,-4.687497770603510361e-04,3.374627401908855684e-01
-9.936690795183644731e-02,-2.675778551438122710e-01,6.153301610723249659e-03,-5.037105483081321111e-01
1.781219843792917867e+00,4.399114992531631962e+00,5.142893370114431484e+00,-4.344860282495259796e+00
2.272958196841720069e-01,-5.308318487752039516e-03,1.584275070513801786e+00,6.700231547166075607e-01
5.803555468951826501e-02,6.677749314969879668e-01,8.076910073983761817e-01,-1.698518522569690603e+00
1.408398059265586477e-01,-1.800628787483509186e-01,2.070104527486647861e+00,-1.130935195988673758e+00
-9.016107530859984731e-01,-2.154860732197272366e+00,-2.124312477894788831e+00,1.720569180085262273e+00
-3.361625639455725345e-01,-1.126173385312391417e+00,-9.016988324046008030e-01,2.410660513045550069e+00
6.160140885119924636e-01,1.961124677028692753e+00,2.626181715763353353e+00,-3.509706859086417108e+00
2.255920749793093982e+00,4.426232295283909046e+00,6.947654187023136529e+00,-7.141940448055251522e+00
2.680079016140056725e-01,7.816155157913957652e-01,1.262636897798154134e+00,-2.967225289136697919e-01
8.594570691241621985e-01,3.128126303081278259e+00,3.334257472141557432e+00,-3.560536438431767703e+00
5.656482493786102461e-01,-2.182206623221316644e-01,2.570747494655902354e+00,-1.604303884148122972e+00
-1.239386531272435032e+00,-9.689790273305265433e-01,-2.088226139670000148e+00,1.945550226610786915e+00
1.557939203550016583e+00,4.647844833187693148e+00,5.397502267613432991e+00,-6.300234105281874442e+00
1.865427454654799977e+00,2.583745187253939868e+00,7.050940415522323867e+00,-7.077525706776579995e+00
-1.759658030653604044e+00,-2.592526511080231799e+00,-4.304594869892443221e+00,3.257352935683060835e+00
5.905571763588591816e-01,9.751198231185210785e-01,1.963653266025026767e+00,-2.875876999949722457e+00
-4.746989523673095235e-02,2.784570040475262132e-01,1.139338153714608559e-02,8.788440132804770100e-01
1.024145352958029775e+00,3.074887666090822425e+00,4.291917050687869661e+00,-3.052185366073700834e+00
1.162753721413081198e+00,2.018211511917261891e+00,4.559328358555777783e+00,-5.295440195393044114e+00
1.733543637943860016e+00,4.777222898845972843e+00,5.879772096476045817e+00,-4.403861816269688312e+00
1.076200253691262931e-01,6.220524469860482242e-01,3.214459823486789602e+00,-2.124111360697895634e+00
-1.489592164159643239e-01,1.420612467345205299e-01,1.129424949905371900e+00,-5.415970795438407315e-01
9.729364284166628352e-01,8.447265177736893449e-01,2.101059041146406070e+00,-7.606495809449838053e-01
1.646816499265969957e+00,3.129461527227093143e+00,6.387694585553160387e+00,-7.325489624972575164e+00
6.393519035087322777e-01,-1.798094557451066500e-01,5.013214759122297082e+00,-5.860181232879743796e+00
2.183824954023113607e-01,-3.359443623290048198e-01,1.494991688056848789e+00,-1.086753576748220596e+00
5.178326212110193616e-01,3.178463862092040237e-01,2.735259034480248985e+00,-2.453720602335805356e+00
1.766888450400770694e+00,4.255875466959801123e+00,6.543980739859199147e+00,-5.582162349915407162e+00
1.636755989052177895e+00,2.968006908005328626e+00,6.402535909029731798e+00,-7.322554998895741463e+00
5.824989098426458511e-01,5.908817347242122375e-01,9.625802713879689776e-01,-1.895469532991492123e+00
1.723832803706896843e+00,2.461770627937919009e+00,5.113471857867190273e+00,-6.077245707064939495e+00
8.441913202740747302e-02,9.434709265348197871e-01,2.652222917024600335e+00,-3.482113339256400319e+00
1.330066040991246368e+00,1.280273022768451785e+00,4.383515157441651766e+00,-4.256726382125325614e+00
8.450638908197862786e-01,1.699752350610743923e+00,1.665589980075478316e+00,-1.355072085907086166e+00
8.080235714604843134e-01,1.611241378970483140e+00,5.316814503172631490e+00,-4.936317911893764787e+00
1.171472924931332482e+00,4.517044232180392527e+00,4.282570540570929118e+00,-3.680948990573972512e+00
2.101160930420156170e+00,3.150579138226705656e+00,8.598154273599888597e+00,-7.209369971678126099e+00
1.198861780377008524e+00,1.434383128764340931e+00,5.010645109764446659e+00,-2.953231331784905933e+00
9.208251379984235818e-01,3.114693979566230286e+00,2.419996994666135937e+00,-2.910838390753631710e+00
5.058288648644120311e-01,5.266163235473262372e-01,1.070777186170785766e+00,-3.009558660029612476e+00
1.669327540702702173e+00,3.115704294248553996e+00,4.410628346781419573e+00,-4.650312100057196751e+00
1.484722252190890268e+00,2.727965257658758080e+00,3.591730921017579625e+00,-5.959516588767984402e+00
1.360114264702573683e+00,2.124609645097624622e+00,3.840485150295014805e+00,-3.952873314834654650e+00
4.083096190112890378e-01,-6.175086287514164329e-02,2.159251553664092604e+00,-1.176026356361087322e+00
-4.864153795545944625e-01,-1.651220014327503982e+00,-3.834342711185018127e-02,7.603379322994630041e-01
7.741213926410805968e-01,2.970241065099552991e+00,3.205370699756940223e+00,-3.898644797823748842e+00
1.159330398851446287e+00,2.872629462444789894e+00,4.108437122247237561e+00,-4.004467322131816331e+00
6.845391329337442432e-01,4.015006231038493745e+00,2.399186991199976582e+00,-1.089367951598686046e+00
1.294232773918712720e+00,3.225529783106847237e+00,5.875890644805524587e+00,-3.643433091413260883e+00
2.264742441015189511e-01,-7.882484457676577350e-01,9.791594023109656542e-01,-2.497622824787566032e+00
2.453351969045241887e+00,6.552814827355827099e+00,9.624911863846866922e+00,-1.051667708090090869e+01
5.543853833620866478e-01,2.976251685824963245e-01,3.724981079120435190e+00,-4.638340855494453407e+00
2.043993553529624752e+00,2.791948347085134507e+00,6.712100152232101991e+00,-6.202556294890246846e+00
1.663104972125470926e+00,4.361455787854574773e+00,5.129247391828099190e+00,-5.021199029586850493e+00
1.976947660828594300e+00,3.341738440728791559e+00,6.592632000337214748e+00,-6.977854721700722074e+00
1.859342581304307407e-01,7.013587194468815511e-01,8.216984512876729374e-01,-1.058685103630962354e+00
1.492065261952300492e+00,2.584313878419885135e+00,6.182561326365817678e+00,-5.961460452327024484e+00
8.403341906440385811e-01,3.255258291247574043e+00,3.417416765275539614e+00,-2.785906594244558665e+00
4.957063504434091605e-01,-3.332146726375748713e-01,1.533754944446182655e+00,-2.978705514359192286e-01
2.197146006322058476e+00,3.453737926439511163e+00,7.393439585689145055e+00,-6.451367870483720068e+00
8.957336285845214352e-01,2.450408816748138374e+00,5.005211281590898231e+00,-4.130461538788196663e+00
1.445070786519892625e+00,8.042321541748567171e-01,4.733465117139937561e+00,-4.653917234047930229e+00
2.333245218299617729e-01,-1.094754487173227320e-01,3.602527199150895143e+00,-3.521497859236187189e+00
1.243068807901660522e+00,3.243409207430094199e+00,4.165846894663669531e+00,-4.129690292349476266e+00
2.653103614121141707e-01,1.876928483495083899e+00,7.229973048471036723e-01,-1.124295418108117950e+00
1.699157340863287402e+00,4.924698985422146791e+00,7.388168787357802358e+00,-5.192476044641982647e+00
1.265543360517396909e+00,2.764673919948128500e+00,4.032936301114053101e+00,-3.701426672610219626e+00
-1.928483945780390396e-01,-1.353793523731358528e+00,1.596823765371742532e+00,-1.695274217620888813e+00
-1.549725877813329600e+00,-3.392993759856236302e+00,-5.313768768296815992e+00,5.357542704061535765e+00
1.152707784960878001e+00,2.643286489977852760e+00,2.382947010426480272e+00,-2.757685539272757502e+00
1.295940857508045774e+00,3.403927849704748709e+00,5.780316580053980857e+00,-5.142694188097799213e+00
2.428864819396526542e+00,4.821650286432567434e+00,8.567217844173415031e+00,-7.925378988811607073e+00
2.179633021940620807e+00,5.151985156675308986e+00,5.813825265448659962e+00,-6.341444806012051849e+00
3.126600524613845966e+00,6.343090007815298748e+00,8.603271834517684624e+00,-7.784472316010853987e+00
2.728232770970830945e-01,-5.175231727281606187e-01,1.255504524617827578e-01,3.229544100786218563e-01
2.234611224433264098e+00,3.331322059977932959e+00,9.947479009355770785e+00,-1.041426988605583048e+01
1.749481349489064863e+00,2.858938846371642306e+00,5.334450506940058290e+00,-4.268360190927068309e+00
1.288889380521526018e+00,1.148792365152277783e+00,4.604191269120502916e+00,-4.032154020932198435e+00
2.966295294061105814e+00,3.833412416896852193e+00,1.019748242205892375e+01,-9.849672173039847323e+00
1.654209356686550780e+00,2.906964724933303934e+00,7.167224428367235944e+00,-7.669262924737079601e+00
3.396877543172955427e+00,6.501136001657507713e+00,9.431943420898809549e+00,-8.323765940209856495e+00
1.996789295323353475e-02,-1.288398089892836884e+00,2.036920651509223301e+00,-1.557865685409008272e+00
9.116413111009961101e-01,2.628108452667972550e+00,2.580527051409968742e+00,-1.222539088077672309e+00
9.583936754558974869e-01,3.447428647184440198e+00,2.808385103060601296e+00,-6.643974798020808592e-01
-2.059038321751274214e-01,-5.697641401634181424e-01,8.217016633775710011e-01,3.974744614052440062e-01
3.066223478966959792e+00,7.578879762114845597e+00,1.003816754127845989e+01,-1.092539544375020810e+01
-2.024617903006902253e-01,1.254264159811201429e-01,1.512034329031251234e+00,-2.833187706315967169e+00
7.167961885924996057e-01,7.687623419001700098e-01,3.054656897774286950e+00,-3.637356842828809889e+00
1.668502930741278867e+00,2.727788925187964786e+00,6.514170894018642244e+00,-7.276135121447677712e+00
2.895899818461280084e+00,6.670148761422561634e+00,8.027342131676325820e+00,-8.917647671424314026e+00
2.683595308359275400e+00,5.902784865991696606e+00,9.760416364883656826e+00,-9.535512786367155158e+00
2.459088247122175552e+00,4.154369812735290601e+00,9.025583189113465465e+00,-8.341066017375403874e+00
1.734881805569786550e+00,3.144815062229107117e+00,7.413456818409346560e+00,-7.708190710721238403e+00
2.590905827576248655e+00,5.396762782395429170e+00,7.397456409679504574e+00,-7.039453662260357625e+00
2.490478058943542905e+00,4.983582185671813214e+00,9.589829905598858062e+00,-8.379111647925430617e+00
6.134299337369213401e-01,1.059475735566371313e+00,3.145681241324000954e+00,-3.858546847408469205e+00
-1.375292764423825531e-01,8.312749714534284351e-01,1.116593271196043569e+00,-1.637768690959609419e+00
3.125091672440937218e-01,3.179997401768032139e-01,2.659497326906381964e+00,-4.033890786400712081e+00
1.148855991952663302e+00,2.494030565456881732e+00,5.406280436729351102e+00,-6.087751149694599739e+00
-9.752285982161179589e-02,-4.537477782564416917e-01,1.138524115356658539e+00,-1.471052324121391086e+00
2.641966256522894074e+00,4.813021612503217028e+00,9.326411304698531524e+00,-9.225176963153323584e+00
3.815974386001917962e-01,1.204300043569734857e+00,1.995690714878458838e+00,-1.360527468079363089e+00
1.313126220908948261e+00,3.534032088158462592e+00,4.221167982551587983e+00,-4.352762976992590183e+00
2.338356308133656913e+00,4.777309275692435797e+00,7.455340177649214972e+00,-5.880351735527746371e+00
1.284160051067226638e+00,1.863358037396144695e+00,5.736726675562088928e+00,-5.490828753841521248e+00
3.259261571096101928e+00,5.653002032242381958e+00,1.033357365635344038e+01,-1.101466377786884188e+01
1.606307138276616309e+00,2.641337531642299119e+00,5.555177881934790562e+00,-5.951210695756468994e+00
1.593365983457984303e+00,4.099825198037001961e+00,5.481115180312989388e+00,-5.711274956101304312e+00
8.967825695647588802e-01,2.419506108502254005e+00,4.432551338687973796e+00,-3.796915350439247661e+00
1.212921160045068225e+00,2.659415662063618679e+00,5.696451497087490878e+00,-3.346928030254479047e+00
5.497912198529275596e-02,1.863902368351772809e+00,1.304096563091392103e+00,-2.037365512468923168e+00
7.489616329784321014e-01,1.380197853698872157e+00,3.225492230243491854e+00,-3.558298292632489979e+00
1.849145006125931356e+00,3.362294253836839886e+00,5.879265611817903192e+00,-7.565920610589961903e+00
3.239460928437373211e-01,1.543934906270466811e+00,9.258253589453941945e-01,-1.708718763619573977e+00
5.646498800431807297e-01,1.721385127834474948e+00,2.981104164729484030e+00,-1.702894920268085421e+00
-4.072750878852628986e-01,-1.103197736975169985e-02,2.450502724406777855e-01,2.159513917677030603e-02
1.322849562785822553e+00,3.036152872572029704e+00,6.270328793613818341e+00,-8.459202930208856941e+00
1.763311769145061714e+00,4.313241419272528354e+00,5.910450283057783416e+00,-7.116282396039162350e+00
5.921599127950447627e-01,2.818401347948791269e+00,3.439573848121703747e+00,-3.912299408088496744e+00
7.415361015482893059e-01,3.615483047267726846e-01,2.998083897675376974e+00,-2.635865887997450585e+00
1.645173909437786630e+00,2.094860688106622071e+00,5.752618603197213965e+00,-5.232295452545788095e+00
2.483259576293857407e+00,3.589930665443577418e+00,1.001094150152251494e+01,-1.171089223034131521e+01
-1.875042265485640236e-01,6.215380305953972506e-01,6.496559353109965240e-02,-6.267166621259032122e-02
6.458281630617883629e-01,9.509646866131404863e-01,1.643341344030959439e+00,-1.215286802434261126e+00
2.532573354251224096e-01,1.648881592200291735e+00,2.312739548289310498e+00,-3.059128520081536795e+00
4.754077880223074315e-01,1.552195955939000838e+00,3.246239323927340159e+00,-3.790821526185593981e+00
1.743493044373538803e+00,4.188747204223846943e+00,7.302160831939156438e+00,-6.319614932580266853e+00
2.252611594795133065e+00,6.131332544432913423e+00,8.652493761394868699e+00,-8.232633538810445017e+00
2.466458626966335110e+00,5.768832248887341585e+00,9.101198617606490515e+00,-9.370469163891479880e+00
1.776299750479684469e+00,2.280734143759807875e+00,6.903031246759364414e+00,-5.715152376126858336e+00
1.683441406741180479e+00,4.121100927593477792e+00,4.799368420704734461e+00,-4.370437586978723310e+00
6.555035505872670587e-01,2.143290132623639099e+00,3.786684082011504859e+00,-1.663315934413024166e+00
-5.642028548617314954e-01,-1.149252208628279259e+00,-1.078555972490923498e+00,8.420375908267521137e-01
1.550437921572820343e+00,2.465271573166792241e+00,5.950367965709776996e+00,-6.229817036962312926e+00
2.200921069340947334e+00,5.760773096031583052e+00,7.380020210821887972e+00,-8.487110914936510042e+00
7.581219276653541339e-01,1.036424985212928362e+00,2.910441474453530741e+00,-2.540168839018687841e+00
8.332773767315393432e-01,4.852153397440817084e-01,2.524632890565694510e+00,-2.178397250384391803e+00
8.417831703300980850e-01,1.808094084621140185e+00,2.500170547883888261e+00,-1.494212255598121208e+00
1.735242736675548070e+00,2.176578139227891562e+00,5.516223680933348916e+00,-6.620577211419398367e+00
1.220106413001801782e+00,2.466315077337616568e+00,4.325932487627758505e+00,-5.611119076864860666e+00
2.041189647781896710e+00,1.428033689773758663e+00,7.992875910008653051e+00,-5.669363101413345873e+00
2.219195444213929225e+00,5.944953779584888132e+00,7.003882508598061385e+00,-7.870755492574524226e+00
1.228083428783617981e+00,1.978337847491983936e+00,4.496554863561862625e+00,-5.232822610385778006e+00
1.025145613270077138e+00,1.895904063919792604e+00,4.567359795516479082e+00,-3.890434894655329323e+00
-2.170711936627101046e-02,-1.284804096695502551e+00,1.904716081257249449e-01,5.839072655928903011e-01
4.942333665373799256e-02,4.767779769451458427e-01,9.884890421837105867e-01,-1.206104182532835134e+00
5.555306054366586643e-01,6.431838327179275616e-01,3.760457530989681718e+00,-4.414370672122183592e+00
7.273811029726351407e-01,1.605832042086221545e+00,1.203236281963326215e+00,-1.955203320676039080e+00
2.101428639909449281e+00,4.403536285331058231e+00,7.397065779914639094e+00,-9.348620205959562668e+00
8.435420380572132837e-01,1.206976174348329822e+00,3.392887767242114716e+00,-4.893654378799432436e+00
1.274661933922297097e+00,2.763113142536594680e+00,5.504095063327897108e+00,-6.034024646993872310e+00
2.521005407074910387e+00,3.549430209165743477e+00,8.310379974340612819e+00,-8.541502396984803624e+00
3.404333105121943870e-01,1.792966021837532065e-01,1.609651281211155638e+00,-2.052710198399513963e+00
2.333166430017225679e+00,5.112295024233477037e+00,6.571873098975024696e+00,-6.575889684597496121e+00
-7.485659889875835304e-01,-2.367293021445282530e-01,-1.047430093700956188e+00,1.030317790415241630e-01
1.929866004492644116e+00,3.407246446200191681e+00,3.840499057074422851e+00,-3.940503092870909274e+00
1.749938944229466165e+00,3.441654487811141472e+00,5.247212463602252797e+00,-5.539102081975196157e+00
1.418692746628224199e+00,4.525965575695919618e+00,5.253091156742883072e+00,-6.030329472696487336e+00
8.718096704524991303e-02,1.408481891048519508e+00,1.361144632659766263e+00,-1.238618956560889828e+00
1.456249793630416178e+00,3.017202977731435087e+00,5.115690597408047324e+00,-5.284644923504982827e+00
-5.119807445421808989e-01,-2.593462148778812981e+00,-4.227714713099978150e-01,1.172302305958006663e+00
1.381277524437359627e+00,3.204768319367320206e+00,4.216727863164416945e+00,-5.779917656376841961e+00
1.944643123657324058e+00,4.760905328845383089e+00,6.058552074493132267e+00,-6.197514340647818365e+00
8.268271460151122021e-02,9.654808527374116878e-01,2.075258833642051215e+00,-1.684909412702439102e+00
1.172454413533598583e+00,3.887548131364999104e+00,6.476437053209952666e+00,-6.099789262256078537e+00
-2.740073983871202934e-01,4.266407417961824988e-01,2.435708546037525513e-01,5.014006446867840250e-01
7.522010111421473244e-01,1.909453927386120853e+00,4.216642539633763676e+00,-5.056282705111866171e+00
1.669534097630122949e+00,1.892598749523409341e+00,6.111721284871452831e+00,-7.327624406631947807e+00
1.070705878375023179e+00,2.355007737110447419e+00,3.274187593515873296e+00,-4.426178919637413500e+00
2.653713024571183077e+00,5.123683994010453269e+00,7.665547668124673919e+00,-7.593992663924043818e+00
1.972491916811633939e+00,5.080136693217278676e+00,6.404279489545088744e+00,-5.152680629914377697e+00
1.408971119896149649e+00,1.346980967729505485e+00,5.020953332339844088e+00,-3.605460669687001740e+00
2.048332749982896051e+00,4.126723329232973470e+00,9.593881614747200359e+00,-1.073728712573060129e+01
8.815799124817225163e-01,3.428165787563812295e+00,2.229195741764847138e+00,-2.115805337753674298e+00
1.415699720505942283e+00,3.370244311372703638e+00,4.869628831014195747e+00,-4.204600598486531560e+00
-3.913997992299247386e-01,-2.175115124647004183e+00,-1.894561117270041173e+00,1.818469691119407372e+00
4.585678724481289104e-01,9.484048478408265703e-01,2.720213213568449806e+00,-3.526778887177605792e+00
1.002956623465305785e+00,2.480903174164623692e+00,3.946908514851006355e+00,-2.549883549906619695e+00
7.885107667670515630e-01,2.949524643019116432e+00,3.214256255139679830e+00,-3.118011077047477375e+00
9.233992215396618075e-01,1.295984654781705103e+00,1.785879403186780179e+00,-2.128967546697941859e-01
1.104055697065916553e-01,9.900902562601707757e-01,1.370360391983612924e+00,-2.656395437112481162e+00
1.956653457241099403e+00,3.353351959072290889e+00,6.321921995574639297e+00,-6.165119297970237611e+00
-3.682549220710613636e-01,-9.716994412231537703e-01,-8.790905518455802703e-01,-1.671290905925706394e-01
8.343643908295259592e-01,2.100415142855924788e+00,4.306995873177541512e+00,-6.021967146988684405e+00
2.437254880652732325e+00,3.777059635684874905e+00,9.929718878155275874e+00,-1.044631139271105269e+01
2.052611737003519288e+00,4.890933384230074843e+00,7.856224259270624621e+00,-9.336540814330124505e+00
1.051348692787664962e+00,2.110704966928013349e+00,3.992250345997184091e+00,-4.135297338539855261e+00
-2.182844523495768296e-01,-1.519665184258658819e+00,2.058135253302542100e+00,-2.804928079977819344e+00
1.954021689085683633e+00,4.104173798107971116e+00,6.852680602034265434e+00,-5.072962109287161958e+00
-2.008713874440914982e-01,-4.398954378441866098e-01,5.967796206567448358e-01,1.316048682747649412e+00
1.918595933952815802e-01,9.693157331665720466e-01,1.569042372121756568e+00,-1.972489242698609591e-01
1.622599199306594020e+00,3.040022038746448274e+00,7.941104827816186429e+00,-9.523936974006675271e+00
1.495019500578545824e+00,2.442916954836867660e+00,4.980834238079875576e+00,-2.883152396803586814e+00
1.351066429578058559e+00,2.443102946088705707e+00,5.112073689972210566e+00,-3.811354510439759924e+00
-4.934996392494683803e-01,-1.821321373051343784e+00,1.255542647388153910e+00,-1.250413847572489745e+00
5.222378170263308750e-02,6.713664321030973214e-01,9.689455311618808686e-01,1.884737215458378579e-01
2.991583912278011681e+00,5.028042390157944297e+00,1.033637269553186577e+01,-1.099694851394041706e+01
1.152091394155276394e+00,2.768585784717020104e+00,3.051474048067029265e+00,-3.613763578514089581e+00
-4.029484684629403013e-02,8.016394314654307074e-01,1.377032433261985434e+00,-1.781718656002050372e+00
-1.353202149744460847e+00,-2.812918197187131764e+00,-1.435264386631324829e+00,2.983635900049392831e-01
7.886053106333406060e-01,1.674110612242282858e+00,3.099048319907037996e+00,-4.690463774635443173e+00
-8.909844721321125149e-02,-6.817536860965175416e-01,-2.097015393008856421e-01,-1.666558643811987706e+00
3.925101792661263023e-01,1.065389585270394290e+00,1.583457831780642477e+00,-2.731756146026513843e+00
1.280442380167646110e+00,2.104341446950278804e+00,3.786669581344357383e+00,-4.325697769859675468e+00
2.566180338756815171e+00,5.407779613075813785e+00,8.625184957541645048e+00,-7.125493975702083205e+00
1.717846095844345111e+00,5.333851350585145035e+00,5.265388924712688379e+00,-2.884225065841393043e+00
1.172350712135951101e+00,2.336119965779609675e+00,3.666785627389164581e+00,-3.849423333248242152e+00
-7.026525583670037989e-01,-1.140597484974362086e+00,-6.348878408062665901e-01,-5.709991363781841134e-01
-1.056245746795648088e+00,-3.501959969155160834e+00,-1.627566966909946178e+00,3.344412902522801545e+00
8.658793436903294838e-01,1.355705749491865397e+00,3.511849265215299276e+00,-3.769167808975871559e+00
3.548745124837925369e-01,-4.942214182299276004e-02,4.819614984826382731e+00,-5.008206998824475065e+00
1.661110405470612950e+00,4.228771799687863542e+00,6.631835232443224371e+00,-4.859355728716488798e+00
1.291015917242947619e+00,1.828109118970886238e+00,5.051816306263217982e+00,-4.316616210497114636e+00
9.723373185206724001e-01,3.102814443657764709e+00,2.618377148304741997e+00,-2.128884242555812545e+00
1.343978427919170882e+00,3.374926726882263139e+00,5.240633339786104017e+00,-5.819128198326641410e+00
3.950214497553398152e-01,1.002959094714745536e+00,2.832903018682412011e+00,-2.401175327423041406e+00
2.658562550947269898e+00,4.966340724096746762e+00,9.698831442881308718e+00,-9.477662081494017343e+00
1.475319103178436286e+00,2.562953923322497829e+00,4.601269537291334366e+00,-3.835567984911555151e+00
1.449557992454686639e+00,3.451378577535243686e+00,2.989896113174046910e+00,-2.771285145848716436e+00
2.056163389793979945e+00,3.788771791712482795e+00,6.558371812649215649e+00,-7.007112420955676768e+00
2.045217156167128181e+00,4.828337584704824437e+00,5.457333902294343453e+00,-4.849485595468586041e+00
9.124713179653259898e-01,1.633252952927083834e+00,3.396687722283073807e+00,-3.047768027881009090e+00
-5.943959638621867381e-01,-7.257717140963880764e-01,-1.302843760773372495e+00,2.290742128511854325e+00
2.899743359298483369e-01,1.771005423567401094e-01,2.146294010627654902e+00,-3.739464808758357961e+00
1.129562315686443608e+00,2.580730830826459155e+00,2.334590198294542507e+00,-1.821665482183067120e+00
2.982394766339121706e+00,6.901654468238042739e+00,9.109437230466799207e+00,-8.159461038816187894e+00
1.127748199603506141e+00,1.181862185349274563e+00,3.524807925724980695e+00,-4.359159473476446500e+00
1.667435825173880559e+00,4.088137593209386189e+00,5.962587887015767585e+00,-7.114745453505132211e+00
2.332181268561818843e+00,4.036363663629839671e+00,8.824054433041263579e+00,-9.761298595382953636e+00
1.435787275186820366e+00,4.103490067707364020e+00,6.274685201978033255e+00,-4.221610465676899793e+00
6.305099026601717060e-01,3.068517094508411702e-01,2.779992856614299512e+00,-2.917677674155211065e+00
1.605813931128191818e+00,4.605416983682427912e+00,5.946178028451745590e+00,-5.787129724346113946e+00
1.193836959855058666e+00,1.752063449638933790e+00,5.480131500912946763e+00,-5.167604927858404196e+00
2.393423324444930778e+00,3.513607147090841210e+00,9.017140885710679399e+00,-8.863874840912439268e+00
5.523075946523758883e-02,2.401234282235573114e-01,2.264743909755847717e+00,-1.643523412586776367e+00
