8.112194380417171446e-01,-1.263472104219190761e+00,-1.335114119184237280e+00,-5.989083016762053902e+00
-6.468034027253555251e-02,1.313634263789516643e+00,8.370263197703331493e-02,6.143029833835450759e+00
3.442989028373516502e-01,1.342302868387563297e+00,5.605970253895556921e-01,4.703254982759641933e+00
-6.489461382983312543e-01,-4.039832444355077712e+00,-8.970853311572641875e-01,-1.942470550499431070e+01
9.423802822841634841e-01,2.292772702985548250e+00,-4.052253181657016756e-01,9.747356715737353738e+00
1.702786984318956254e+00,5.633828555500458357e+00,8.151928309716662824e-01,2.772668795354885418e+01
1.901107688265767148e+00,-6.250220080201396300e-02,-1.643334925509402078e+00,8.078474679601601594e-01
4.608713054409847576e-01,1.394449681768166638e+00,-2.203985871987661216e-01,6.258867898173070543e+00
2.661632550575804057e+00,6.942145807489504605e+00,2.332670369683765288e-01,3.514882236967852691e+01
9.764998003594402842e-01,4.122616537890097632e+00,1.190389747264358533e+00,1.862698685937791510e+01
5.980884401301853615e-01,1.136704665496206523e+00,-2.958112721668251233e-01,6.835723660904314158e+00
4.859709919053721849e-01,3.147370763182452680e-01,-1.747393039701823914e-01,7.487614693541241317e-01
1.795377526778462407e+00,2.487849623102399654e+00,-5.538011104274018770e-01,1.275996866882806913e+01
1.646104080323696373e+00,2.049761645477842453e+00,-4.656850023806203831e-01,1.020918285227692657e+01
1.098094121857934757e+00,2.369301971380683103e+00,-3.434105419221014643e-01,1.141877903824216034e+01
2.427134934399745703e+00,6.478330665337922234e+00,6.743238105388278392e-01,3.149771034052149687e+01
9.299425731393391459e-01,-2.926073026397480792e+00,-1.454647497681664570e+00,-1.258453315793623517e+01
4.197290381042522167e-01,1.603522668415089170e+00,1.517596199851115046e-01,8.163602047347163548e+00
3.365683862911141855e-01,-2.239824610681115935e+00,-5.522973399972869180e-01,-8.692995221219478097e+00
4.387240202424625979e-01,6.913885676546982495e-01,-1.139284903350007705e-01,2.314148367972686415e+00
3.599356034908094415e+00,8.594159924804237960e+00,5.124899422120358095e-01,4.240579316609518656e+01
2.414609136552173574e+00,7.829155668056500872e+00,3.711875123442641700e-01,3.907138874025451258e+01
9.585620287414894358e-01,-6.637402603196664863e-01,-3.119615395788570278e-01,-5.156855234487123241e+00
8.153485608977808496e-01,-5.201571732409599136e+00,-2.003903317336464429e+00,-2.381154418319391297e+01
2.577342835275575617e-01,-6.180508373282253665e+00,-2.021877044560735026e+00,-2.692730174322330683e+01
4.884934524795216948e-01,-8.913881044450155944e-01,-8.001234610661495106e-01,-3.851748241209915324e+00
1.347783157366397422e+00,5.813080106636309807e+00,8.500297229687018286e-01,2.809689523589170790e+01
-1.064920014424983741e-01,-7.065716770596241147e+00,-2.466759508058619321e+00,-3.327346364896520470e+01
1.079411718205422810e+00,1.671078456187124583e+00,3.270703738732287369e-01,7.818897563294616937e+00
2.972133507241684347e-01,4.869254367329934330e-01,3.567397781319138223e-03,1.675207923062020265e+00
6.536115729906895044e-01,3.545186093897449986e-01,4.539930024879322845e-01,3.194221662068471801e+00
-3.884646162317015872e-01,3.487810256724581670e+00,8.502383376160715933e-01,1.631853952372735961e+01
-5.659551437601162416e-01,3.370460376059736696e+00,9.551523701244386544e-01,1.575597436778103422e+01
2.471923773776858457e-01,1.973375320738766314e+00,3.908871827849605407e-01,9.393921384325974344e+00
5.724527859679883202e-01,1.448855518898898520e+00,-2.173190263237126663e-01,6.097482574277000467e+00
3.279457267493004480e-01,4.808251262441556761e+00,8.257710540176436131e-01,2.286669418113986652e+01
7.384715824599059619e-01,4.002356281876966015e+00,3.830544755796323475e-01,1.889866112764297768e+01
7.178954168754472231e-01,-9.540701447284498649e-01,-4.075001451801358310e-01,-4.662637652097972207e+00
2.773301729761989520e+00,4.165874480452325557e+00,-9.497644925835012630e-01,2.166859180455310607e+01
1.893261127516057130e+00,-1.575810813918093301e+00,-1.137412043339343093e+00,-7.421406803676615205e+00
1.233260906459874739e+00,5.766994764112902239e+00,1.108417855463681656e+00,2.629793117522654100e+01
4.595711786879584926e-01,1.473080887196363209e+00,4.290508464756016549e-01,7.216341614952802352e+00
1.218695121024675254e+00,3.792128476788894531e+00,2.840063640954939017e-01,1.754794334935229472e+01
1.832175164213975194e+00,3.818494225098279404e+00,5.543759869882317753e-02,1.987458910374314414e+01
1.722593777563373729e-01,4.954945133454248030e+00,1.676359590150892087e+00,2.190418625411408371e+01
2.947137733299668660e+00,6.604319118135464350e+00,-7.111813124233251626e-02,3.448482600331608694e+01
2.597491937069562606e-01,-1.494077014911472379e+00,-6.662305778665759126e-01,-8.640803535942939817e+00
-2.397978613691607030e-01,2.484548507029895603e-01,1.074205150069150322e-01,9.331642813669331904e-01
-6.460454005931690613e-01,-8.453178798705978103e-01,1.272165491214855004e-01,-4.074121833894709610e+00
1.474233593003675402e+00,3.147215352028604585e+00,-9.661045755712045768e-02,1.650654933195667695e+01
-1.274369085692508285e-01,1.428881504080816711e+00,7.484568610597447380e-01,6.342553597535965260e+00
1.343850416675520520e+00,2.100584673551677106e+00,2.347412049934601286e-01,9.628481730500634939e+00
1.840705069127067439e+00,4.238528823830653991e+00,5.666024702828678095e-01,1.987885049279928751e+01
1.015853105608936602e+00,-1.381188251511070275e+00,-1.105319172678641992e+00,-6.679848343598106197e+00
2.168481053184320828e+00,4.529258926898973137e+00,4.537818105215082193e-02,2.168474792142965057e+01
1.894760142549551496e+00,3.586506700440182271e+00,1.385686652146626008e-01,1.646704925362074690e+01
-3.175794729558436558e-01,8.979425441979030920e-01,7.588980391241043622e-01,1.074336019024529687e+00
1.554033300863806311e-01,-4.661931942228021430e-01,3.474205182123628055e-01,-2.261471815364524129e+00
4.073533149424821698e-01,-3.005530865051848632e-01,-1.871964152856161190e-01,-1.709981126856479516e+00
-9.604981446433535908e-02,1.460366824521583951e-01,-6.339108898484142607e-01,-3.085029572429998090e-02
1.863598128958385614e+00,5.837836285258984903e-01,-1.121950994359889764e+00,5.808777978207297465e+00
3.442804281698734759e-01,1.712671487079766131e+00,6.305162553759059429e-01,9.422173432925593062e+00
8.498813290456013192e-01,1.710279695674135070e+00,1.599190577723063056e-01,1.006847937909100388e+01
6.720854980483752517e-01,2.397921355537315335e+00,2.072379873277906959e-01,1.143212323835261657e+01
8.936137251999304310e-01,3.859785261549425694e+00,6.504137163835688185e-01,2.039320655405035509e+01
1.041010795426143387e+00,-2.477268887407015896e+00,-1.599912593705647978e+00,-1.284576436860681170e+01
1.793630954584341852e+00,1.482537823716489234e+00,-2.705236217084007744e-01,8.750033600607430628e+00
1.874179672746529413e+00,9.445215817660212565e+00,1.557812047975109415e+00,4.505418344119595275e+01
2.106910096282915479e+00,8.727313380099168683e-01,-1.192676239684925754e+00,6.003055732309512393e+00
5.676536536972155433e-01,4.452032035972376178e+00,7.482502312099422737e-01,2.218077579135372090e+01
2.564051744594075366e+00,5.967574273781164784e+00,-8.550617069275893989e-02,2.893313686461959833e+01
1.131714473675172306e+00,1.512032107201024100e+00,-1.624216111697203146e-01,7.967518998760864335e+00
1.039557872341811740e+00,7.796790891449243865e+00,1.337356115358984132e+00,3.881951250562367051e+01
2.737236140841856624e+00,-1.728978048325529038e+00,-1.224559190862734237e+00,-6.800494048882306686e+00
-1.192194570738012160e+00,-6.479439565157045777e-01,3.353545522092943876e-01,-4.981166279640325101e+00
1.231554430772595854e+00,1.970434483859055508e+00,2.477461497329116469e-01,9.704429549211713635e+00
2.661748074349521431e+00,7.099538876963674028e+00,8.159599051633333877e-01,3.409433645566774373e+01
1.273219768809465080e+00,2.140307140403998609e+00,-9.957628556332291658e-02,1.060185147876299361e+01
2.464563432340081128e+00,3.098228671813693769e+00,2.068371446474944197e-01,1.568901368410113939e+01
1.395872484998003316e+00,5.777503616999390523e+00,6.786165499327280193e-01,2.783087285627545882e+01
2.506212156622287246e-01,4.194347064120116375e-01,2.353480981840464226e-01,2.302144399208671199e+00
1.941979774281810123e+00,6.657026056196778896e+00,5.794638369990290361e-01,3.422322935645743058e+01
8.035064829350304638e-01,5.918995604652519837e+00,1.109683567991564423e+00,2.804097289471610210e+01
2.865735305976719438e+00,9.746971334402205756e+00,1.799501548298012787e+00,4.642184228582668482e+01
2.197549959899625982e+00,5.288533960379176335e+00,1.560006172511505806e-01,2.697605560084947385e+01
8.042194741624645316e-01,1.279385399003148294e+00,-5.350268100476245348e-01,6.972562188568127262e+00
2.478870227826070582e+00,3.985993654593119828e+00,-2.031201140985450584e-02,1.978324706708414382e+01
1.189625222872926491e+00,1.628805324757168105e+00,-3.513556206000972848e-02,9.003908260549335907e+00
1.386429822449952276e+00,1.374483390300126562e+00,-6.611473037123646312e-01,7.829796646936388882e+00
2.184334878436771099e+00,8.167779350760980606e+00,1.538297423384960005e+00,3.948136939432584569e+01
4.249734177267568969e-01,-7.725060432990700221e+00,-2.184628234853183137e+00,-3.839362727396495245e+01
-3.156781587019734658e-01,1.260225025793897391e+00,6.947525789399944252e-01,6.776355342012841732e+00
-5.628540636770804628e-01,-2.183514138869695920e+00,-3.859096292796905248e-01,-1.109466333356181522e+01
1.974713747983436019e+00,1.512825053754301763e+00,-2.219207524244315999e-01,9.143553587350128353e+00
1.531526939292128464e+00,2.250238315576628789e+00,-1.888486451148758682e-01,1.133242046224770583e+01
-2.902728209256200120e-01,3.123193188148373434e+00,9.698083319321643136e-01,1.562120663543788623e+01
3.449182383632081184e+00,3.583399695020012210e+00,-5.154819567652613177e-01,1.797047907222321683e+01
2.141343897162287124e+00,3.642413824417182422e+00,2.305077823262981773e-01,1.885690684271507322e+01
4.720895793374085825e-01,2.436201466294279250e+00,4.062263623947152680e-01,1.099192369148483728e+01
1.432327408008898573e+00,2.565310849832738604e+00,-3.220654050968151383e-01,1.337800790196645195e+01
1.170005324883437225e+00,-3.018414853677519716e+00,-1.796027915809758069e+00,-1.316541477066515498e+01
1.425510138428220941e+00,1.508061024143596551e+00,-8.101079678193038314e-01,8.925064947979143071e+00
3.431274012698820819e+00,3.495763798002641476e+00,-1.260434514654050320e+00,1.797980996857931046e+01
2.600489651898927335e+00,5.028440541065717362e+00,-3.100283221346317730e-01,2.609975708170214759e+01
2.702825879086271588e+00,4.074784409441624788e+00,-3.353141707596339338e-01,2.090786474566935382e+01
6.593957396214488176e-01,2.706524763940930667e-01,-2.698664532172066477e-01,6.067292891724909154e-01
1.811954232175145840e-01,5.152751134763992269e+00,1.564659704008825258e+00,2.424751959289138625e+01
-1.530336077523279936e-01,1.331285231129806235e+00,7.403749312834931873e-01,5.967809343302573843e+00
8.049719451270458404e-01,-1.493264080864799226e+00,-9.292536629612748733e-01,-6.322134861203619671e+00
2.037064571120172030e+00,1.617502246248489151e+00,-1.501256698939551715e+00,1.002834413484321985e+01
5.054754977654853931e-01,4.304376266924170302e+00,9.704846257126313880e-01,1.921474563136331426e+01
1.945970395110089513e+00,5.430667595664221636e+00,6.251218337858311935e-01,2.669985793878253943e+01
1.459976324718375462e+00,7.929594698152131471e-02,-3.830963154291384121e-01,1.263351887145164998e+00
1.413967288349873730e+00,3.868795053100801962e+00,6.415169921688022858e-02,2.031732146996360910e+01
1.495252504875320021e+00,3.152695373964485626e+00,-1.398749820266600719e-01,1.718269754592859755e+01
-2.678250814600515728e-01,9.232981413385540348e-01,2.401485165347299333e-01,3.658312554919923798e+00
-3.238732891159481486e-01,-2.668585813590183875e+00,-1.003738731610227752e+00,-1.363386507867683761e+01
6.079745502255664569e-01,3.988342312903780940e+00,1.136657057120582515e+00,1.887175096577601607e+01
1.376216088945757532e+00,5.160058303059965823e+00,4.820199179131671174e-01,2.319673158945223790e+01
2.663043197531161255e+00,7.187460337354526274e+00,4.038071785184838558e-01,3.728906009993462334e+01
2.653241520789456853e+00,2.502075814577392698e+00,-7.567027162253952000e-01,1.299754519735487968e+01
2.268179615453211007e+00,4.895627841024990268e+00,-3.000852049995072351e-02,2.466653113850054169e+01
9.545249811175707810e-01,-6.855846380701754450e-01,-8.087682627275595282e-01,-2.750077959297160035e+00
2.425365626582058898e-01,-1.445125220729114535e+00,-5.017779858387794167e-01,-7.795764079065667040e+00
3.642434551237039297e-01,3.809173986211077612e+00,5.013808979112003295e-01,1.791583020604420540e+01
2.570567939668379154e+00,1.096677523234088847e+00,-8.982925325341575284e-01,6.449644688821443594e+00
1.984860855781896083e+00,-1.859026509478626465e+00,-1.720788322209217291e+00,-8.272628502952073859e+00
2.614722250857312025e-01,4.480255798047720894e-01,-6.271952894737732320e-01,-2.562145251156566772e-02
2.636859100413396995e+00,9.191419728890952712e+00,1.328730846562764523e+00,4.323346606438557416e+01
1.635465695350803994e+00,7.785548632877308250e-01,-3.148057932968116313e-01,4.927095476736790047e+00
1.802652857536297670e-01,-6.305257896278669172e+00,-2.277078605970221048e+00,-2.764665772235105123e+01
1.989295212664289991e+00,3.490994564191249427e+00,2.134330566373468796e-01,1.750806622306993887e+01
2.557707532457976107e+00,9.738233809249905448e+00,1.771263799599351874e+00,4.699350058431257793e+01
2.868384664998385070e+00,6.345268040608006643e+00,3.197058293175736865e-01,3.032358766514328252e+01
2.409350521558784486e+00,8.044222712213555226e+00,1.053004621060307011e+00,3.915925880161280048e+01
1.056060054530130410e+00,-3.753259190871000683e+00,-1.796313455024241224e+00,-1.655890367155374676e+01
7.464785697376687956e-01,7.912523238154931526e+00,2.204131259960152356e+00,3.711010940689913440e+01
4.635500077540991581e-01,4.186661669976579070e+00,9.529639976761020703e-01,2.067618869762340950e+01
1.270085314567822588e-01,-3.737524803842349641e+00,-1.290161114701251277e+00,-1.728015756148118953e+01
-1.261377664455531900e-02,2.978302443344957418e+00,1.281060254619812655e+00,1.350266404711634216e+01
4.583686518015630540e-01,-2.097796446698701356e+00,-1.039621298539576522e+00,-7.523128586963541586e+00
-5.149656972438494407e-01,2.024423945945874159e+00,2.445997658530970065e-01,9.371888050660642122e+00
1.411636402984077776e+00,2.079510675541574649e+00,-4.587510470568108012e-01,1.028155016445988323e+01
7.349429328471457357e-02,-5.405749463831895696e+00,-1.218493883609000461e+00,-2.663017459957033140e+01
1.276125948102650343e+00,-3.101898068201864311e-01,-1.079701621554208124e+00,-7.219258771517089723e-02
3.304996416234620149e-01,-7.238754216773640060e+00,-2.610038180480954484e+00,-3.256269724365586171e+01
1.125515384483974923e+00,3.172095046929016005e-01,-8.068237913522549043e-01,1.994639114258650814e+00
2.924814875137494719e-01,1.333718314464059862e+00,3.645656228845089442e-01,5.950261984296404627e+00
1.778858726155368775e+00,1.363593784427928224e+00,-5.985063744987387940e-02,5.997577836555049835e+00
2.137924867122535488e+00,9.055842754494063840e+00,9.867717383984245805e-01,4.471733733342127692e+01
1.114833349259285900e+00,-7.808053742577361067e-01,-1.584036643769921371e+00,-2.431402571067081464e+00
-6.680047138821045838e-01,3.152939212593473428e+00,1.770780952933258767e+00,1.326361375903040241e+01
1.325507030228590954e+00,8.413000975363519984e+00,1.859725209204334151e+00,3.876218602178997230e+01
2.222713277321679115e+00,3.098200054074005116e+00,-2.025543136912386910e-01,1.633251366448473973e+01
1.519251303359662852e+00,5.650340609120160451e+00,3.777237427806984793e-01,2.680805797735015972e+01
-2.304770770815560699e-01,3.810756491095415477e+00,1.018593546492577051e+00,1.832334061214447374e+01
2.764891061361629543e-02,-1.193525720898999332e+00,-4.854770071101170981e-01,-7.279416032043313223e+00
2.668868804641200132e-02,2.219022341564224288e+00,9.428296865088650058e-01,9.320404137810374579e+00
4.104911789320248028e-01,2.034966003355771491e+00,9.272663435932121390e-01,9.105585608120401631e+00
2.543883956572170035e+00,2.105591626670071825e+00,-1.197661456267281155e+00,1.228478005385652594e+01
9.699403375312775077e-01,-2.432783535076294079e+00,-1.123326882479640521e+00,-1.182437150535077031e+01
1.491442799377247441e+00,8.119072467163443996e-01,-3.849863499221113372e-01,6.424308155187427261e+00
1.753769593877561705e+00,1.062130914263637571e+01,2.177048435193184694e+00,5.251650107849791738e+01
5.378388720626410269e-01,6.139942166802949686e-01,-4.974304490644571725e-02,3.101500753684958589e+00
7.884024802480809058e-01,-2.863600611044003319e+00,-1.423291749585862354e+00,-1.237397782437300897e+01
2.157717599751204585e+00,5.761707252613428309e+00,1.804548384123160210e-01,2.829672070280468077e+01
5.847998414727795247e-01,5.325668834877814728e-01,1.525319667745574570e-03,3.133203216346347020e+00
2.689531569449155057e-01,-2.730331077144406926e+00,-7.169277257006511084e-01,-1.208997905243555593e+01
2.172951134164518461e+00,3.549245552352597421e+00,-1.280122110021989501e+00,2.027340457919793693e+01
1.233768579222249029e+00,-2.166155241552569777e-02,-1.192491561402203137e+00,6.693276395190503880e-01
-7.795982620750296910e-02,2.511362237943415288e-02,-3.497203611386701105e-01,6.000944039325804003e-01
1.248036698294397784e+00,5.038258708632159077e+00,7.480865757671789629e-01,2.700251980081233683e+01
1.559745155426632390e+00,1.392525219455685859e+00,-4.196439862322622338e-01,7.373779815852738118e+00
2.821302539271917098e-01,-1.198792909585780220e-02,-2.698645130504904177e-01,7.329099908207208358e-01
1.053530847384936742e+00,5.969534115413820397e-01,-4.341908330338131727e-01,3.386992610732600273e+00
2.936080090773467433e+00,7.325971473419643054e+00,3.456068062252385942e-01,3.692661182684519616e+01
1.253908303449084993e+00,1.298744792441444140e+00,-1.018694143020667076e+00,6.522990343971809324e+00
1.421884163183529282e+00,3.123334568577493808e-01,-7.593308830302714085e-01,3.444126513005309143e+00
-7.703315955052583153e-01,-3.351234932518005749e+00,-6.480252802255149769e-01,-1.380472254928976916e+01
9.007884453159126226e-01,3.729242192470748840e+00,2.407722006601758225e-01,1.728117204241504368e+01
2.168333714211482466e+00,7.622126562641534875e+00,8.861344111361149078e-01,3.764469392719212948e+01
2.572962153548546294e+00,8.383459186386136963e+00,9.574696786958090122e-01,4.135947497551386220e+01
2.563142995869411855e+00,6.625081428981399512e+00,5.705564951140132957e-01,3.192756550715828112e+01
2.948241822234914933e-01,2.357000612965316932e+00,-3.451852621681310573e-01,1.371133569942707986e+01
4.151304040294344633e-01,4.591593426197144723e-01,1.637297634696994464e-01,2.919287950345992311e+00
1.950036858413561669e+00,4.998337743854796678e+00,3.649549191309506835e-01,2.494530878685174002e+01
1.239840243435859524e+00,5.145863925097527769e+00,3.580889370565174534e-01,2.418905596525637947e+01
1.523270566429298478e+00,1.090192876529161747e+00,-4.144063666651281452e-01,7.017159427410065931e+00
1.825442428217362689e+00,1.168689272985793082e+01,2.412964798042102288e+00,5.552453627175761142e+01
1.409798091814692622e+00,1.290449018050744634e+00,-2.442764316146416870e-01,8.576227456723591658e+00
9.515184038434815195e-01,1.265530970252624066e+00,-4.180888648498719551e-01,5.465854590399356283e+00
7.297356408114511472e-01,-9.409193386379777202e-01,-4.077576918674810091e-01,-3.390463603302198425e+00
-2.493328471865613682e+00,-6.369381595223891246e+00,-5.860634669559704468e-01,-2.941112323390384731e+01
1.468536414797513290e+00,4.052238042445740263e+00,5.762839848150100863e-01,1.820937133541815101e+01
2.434767956098533581e+00,7.692768089139725873e+00,5.457302007168184366e-01,3.824237322488533408e+01
1.114957616728340817e+00,5.244603425468193691e+00,1.098119441362737314e+00,2.627442736330489481e+01
2.741814170822307162e+00,1.187877469627092397e+00,-1.500884298567314312e+00,6.739849301702176554e+00
-1.086744763603659791e-01,3.320237508058057951e+00,1.199535968188056190e+00,1.605763704477799081e+01
-5.689580201295569850e-01,2.822143813317764760e+00,8.901437697185131670e-01,1.295833979302167904e+01
5.852713731208550874e-01,2.970629859643461046e+00,3.293468629276264936e-01,1.572012404646619466e+01
7.773507030420411246e-01,6.549792974918855482e-02,-5.170139424501005720e-01,5.066688074611422898e-01
3.647386320802186166e-01,1.904152747974614091e+00,4.272866410241639157e-01,1.012634008991787304e+01
2.620864279293161125e+00,6.311905331493160354e+00,2.111008437909544511e-01,3.207923609894506001e+01
9.713787676430913898e-01,4.198835088608340982e+00,2.900231452521717657e-01,2.102584998782228354e+01
7.181234306927355426e-01,5.215133948083041204e+00,9.559138411578756989e-01,2.290249133284662619e+01
7.455157228239197575e-01,-2.912109752060303425e+00,-1.151453735999465655e+00,-1.331562627873087479e+01
3.979352948929614220e-01,2.214110020838770509e+00,6.537633629549671754e-01,1.191509368235963784e+01
2.528033479370607850e+00,2.718785991498646304e+00,-1.892934692232049187e-01,1.464429082395691495e+01
1.949375835482682229e+00,7.313483445696369323e+00,7.285814578696216959e-01,3.732879674174319007e+01
1.174620284125304615e+00,-2.355361596506422739e+00,-1.345774981099532308e+00,-1.226022587746323289e+01
1.411816335797979827e+00,2.635574374583395496e+00,-3.511818915394812057e-01,1.364416624587589766e+01
1.457267338500328746e+00,1.934997120615753019e+00,-2.882404913132341484e-01,9.011733754519255513e+00
-5.544992595975506422e-01,1.819101691606342941e+00,6.414278626303023811e-01,7.455723463388079786e+00
-2.111291646028456981e-02,2.639436484744625666e+00,1.017318512188266633e+00,1.341475727022463893e+01
1.129016220113749691e+00,8.064118358391381136e+00,1.998749591877400755e+00,3.746796077000951186e+01
2.024419624793013517e-01,-1.036807498766087132e+00,-6.632280602739372144e-01,-4.960168213456412012e+00
8.650471025313293261e-01,-5.315844456316516364e+00,-2.757142180264874121e+00,-2.377419179275270622e+01
-8.730122965214293096e-02,3.950687204459511825e+00,1.281211041427171793e+00,2.083407996860916356e+01
-2.605359499534907197e-01,-8.336127097853129442e+00,-2.504524901517910518e+00,-4.061960776279004648e+01
2.121239507491006204e-01,3.072317927205506560e+00,8.858778378306233492e-01,1.383403370877573657e+01
8.049249890586113176e-01,6.081188069119798811e+00,9.949325746778332480e-01,3.038362967925910851e+01
4.768466250093660319e-01,1.704706532215813031e+00,-7.104045698142057164e-02,8.073357664157422064e+00
1.988972208421871946e+00,2.407833097273015532e+00,-5.931805226026443112e-01,1.276828324218598709e+01
-4.060364764866009057e-01,-5.623955032994744307e+00,-1.522792536161091892e+00,-2.651441936892678086e+01
8.979277307674307096e-01,5.186606776576410116e-01,-9.175430649269251671e-01,2.634171915641717376e+00
6.959688964977929215e-01,5.399455491151058162e+00,9.688203730881167486e-01,2.616069940138866556e+01
1.009870918020215225e+00,3.448488858047344507e+00,5.323702459273077503e-01,1.464643300019254113e+01
8.850390309208286954e-01,-3.615377467858648775e+00,-1.648236414804780336e+00,-1.642883152550275483e+01
7.912457313621654720e-01,4.131661844356688817e+00,4.984702704776192705e-01,1.765465269221760636e+01
7.122960139484277864e-01,1.867637439257823440e+00,1.340191242901605240e-01,1.088044275849232179e+01
1.876159646327821839e+00,-6.412110869574157990e-01,-1.403892093808782437e+00,2.858638561008230994e-02
9.202361574665858246e-01,3.107095301966540823e+00,5.914980455828610095e-01,1.553039611452095414e+01
4.693977583724321390e-01,2.337324615123141491e+00,9.574482193323303747e-01,1.086283322051110467e+01
8.107958244570502293e-01,3.566124980019422797e+00,8.206559081627993191e-01,1.769628421993453316e+01
3.247816460610329914e-01,-3.780467512692792020e+00,-4.090270999136428887e-01,-1.964629355051421911e+01
8.229211304359805856e-01,-2.805008704896853056e-01,-8.257015446917631563e-01,-2.398449802864428992e+00
2.297675102512771073e+00,2.885852799080615760e+00,-6.460933387646758952e-01,1.725993765714251893e+01
-5.667728034549026628e-01,7.776830365528079270e+00,3.029012969663609667e+00,3.578736036885269556e+01
3.276490618722485149e-01,2.038885938014476373e-01,2.995357972369592781e-01,8.583592746881005819e-01
5.058539448220383816e-01,-1.473834459968179633e+00,-6.722183039784939140e-01,-6.694110184754563875e+00
-9.231160473420716439e-01,1.119010497027896234e+00,7.527300162321344246e-01,5.103638536848083440e+00
2.594807570310879274e+00,2.278502106836947760e+00,-1.131512788532893499e+00,1.274189595023821653e+01
6.680583157569315311e-01,2.684552517528693283e+00,4.532001475541195257e-01,1.382105287316750442e+01
1.991152885410540030e+00,5.626972724596444486e+00,5.708983679965753399e-01,2.659062895567691953e+01
-2.214292826546790938e-01,-7.807625547487991646e+00,-2.614035633198960262e+00,-3.533110808406269854e+01
-1.496327590639345839e-01,-3.894182556045363564e-01,1.260070566700980110e-01,-3.004578936460403860e+00
-6.886821436957113463e-02,6.027236015267948277e-01,5.095004105114635529e-01,2.685774295684261848e+00
1.303222989141707089e+00,2.417029653043943682e+00,-3.503663524055494749e-01,1.240555312810127297e+01
2.889544215929141124e+00,5.390550553615884866e-01,-1.473739529993439712e+00,4.119756072495015964e+00
1.010093936192766106e+00,4.914585101072951545e+00,8.476426852497096487e-01,2.447199387881469335e+01
2.737044984214819010e+00,8.431164631985401670e+00,4.493507518338284434e-01,4.164530347363679397e+01
2.008383525617340126e+00,6.930014173117909237e+00,1.381033036539724534e+00,3.118719787244485531e+01
7.299833145844797366e-01,6.873126715673003595e+00,1.730530814440313980e+00,3.341285795020389315e+01
1.136662601343086942e+00,5.595270089792056534e-02,-7.584890372338992659e-01,1.045986437638806388e+00
-1.143515695903571494e+00,-1.429912672838555165e+00,1.802832547554432119e-01,-7.152151855933439606e+00
3.500849821163587450e-02,3.457837185956263326e+00,1.438422009405632807e+00,1.665710196324113213e+01
2.326943625552426287e+00,7.560886771651658123e+00,7.382891145417326273e-01,3.730578807778272221e+01
1.560896270211852732e+00,1.343126385745997853e+00,-6.799190928016680679e-01,6.728660357583572171e+00
-2.143192989882058974e-02,3.412577577332609913e+00,1.414747420671934819e+00,1.636365916930023445e+01
4.989609419032682291e-01,3.936946818984627505e+00,4.723202192441431913e-01,1.926860816202370330e+01
-1.226667836166734471e+00,-4.180439198659632538e+00,-4.200198316350321481e-01,-2.048989617411434594e+01
6.300689859031693985e-02,8.888061900831163431e-01,-2.250321255704260115e-01,5.200924269236487874e+00
-3.379819822052241296e-01,2.881521457413199538e+00,5.315439264997485758e-01,1.426334018387607827e+01
4.274519234758695774e-01,5.217204105499581246e+00,1.253541070927110868e+00,2.424243648744095836e+01
8.112270792847930956e-02,-5.483364200833401370e+00,-1.590548775833891204e+00,-2.628702684745209339e+01
3.144010171525039254e+00,7.497510224885447272e+00,1.166096732007813885e-01,3.701162374703417868e+01
1.961594021496699369e+00,1.674627043849745034e+00,-3.900113533734171356e-01,9.097490974707001854e+00
4.462122640351414704e-01,-1.496072872329100356e+00,-8.829921843944001925e-01,-7.512357929657608402e+00
7.966884723675382585e-01,-2.407791660543870393e-01,-7.102626968475285185e-01,1.391894556984905273e+00
-6.436185784053249925e-02,-4.793870414221522047e+00,-1.409468722521019846e+00,-2.207073644455416428e+01
2.234190409636628960e+00,6.093910793741759591e+00,1.080759130992785089e+00,2.978852790213768031e+01
1.317381033521033418e+00,3.786203589904014066e+00,4.754510458576471366e-01,1.845884933423491248e+01
2.838222143147082654e+00,9.434767115186863506e+00,7.707395735913297186e-01,4.747591468871886633e+01
2.374772606523273266e-01,2.082139389085035930e-01,-3.661200476514867574e-01,1.865843632354588832e+00
1.408057886190505315e+00,3.677215946232298194e+00,6.372795074533688098e-01,1.781535946067073439e+01
4.727707608079386725e-01,2.396722954017306506e+00,8.662586518199723029e-01,1.171455689860037630e+01
5.874236323024439876e-02,-2.561991255821283620e+00,-7.334238689969143632e-01,-1.287640691077923627e+01
4.591394285161989330e-01,-1.000869384597667805e-01,-3.483233529111360860e-01,-7.047464188016334674e-01
2.822476087834311365e-01,-1.171698429580083189e+00,-1.779377764097716530e-01,-5.960016316078360354e+00
1.976953583246481072e+00,1.476509265100415691e+00,-1.106712239373564222e+00,7.981459991561848710e+00
2.077696919511605955e+00,4.208429504847674529e+00,3.886271270473395933e-01,2.016101788809123363e+01
1.736358196657591169e+00,5.042087498852669825e+00,5.574265695895206374e-01,2.500935100007048817e+01
1.887298936176266873e+00,7.662980675431795063e+00,1.081609642984803221e+00,3.747982795530552380e+01
1.544272141182871483e+00,4.420948353028130384e+00,4.026626577356003378e-01,2.140348526785601280e+01
2.048923236161459549e+00,3.404616161853546985e-01,-1.246189686178148515e+00,3.586920842940448217e+00
1.728114984019472500e+00,4.853723383024632021e+00,3.768675084237931849e-01,2.446602136794096793e+01
2.209219107162916362e+00,1.028382838664321453e+00,-1.281727033701318463e+00,6.551653666260529363e+00
4.470051582471449292e-01,-1.992861873388177552e-01,-5.844255674291150005e-01,-2.076575734896942915e+00
6.932667932822933476e-01,8.384273855155616184e-01,-2.167954750333788427e-01,4.821684670478353141e+00
-4.473938602341780424e-01,-2.242293453647228318e+00,-2.049197406828509316e-01,-1.172758627138574816e+01
1.505682893973034897e+00,7.417301003180294394e+00,1.116789276147936771e+00,3.728114785696228495e+01
2.305077764140048835e+00,-7.351828398130438869e-01,-1.594235419566323086e+00,-2.590844689864788553e+00
2.763332500457983620e+00,4.389606404016692665e-01,-2.313994405289271139e+00,5.482039377261737734e+00
7.259110386252761726e-01,-1.508418161662788304e+00,-1.276358435696909988e+00,-6.106001545413771936e+00
-6.414391029353214702e-01,5.869264043313426882e-02,-1.235115604181762916e-01,7.119712058933602705e-01
7.048532375249761950e-01,-1.099478322539579223e+00,-2.748274294516086513e-01,-5.175420201911120621e+00
1.644696781112835904e+00,-3.667710904286465734e+00,-2.036964702105124037e+00,-1.718650816553380523e+01
1.065287509936182930e+00,4.032506868259151389e+00,5.306867236972815371e-01,2.031908144242515490e+01
-2.847439712930737166e-01,1.706570408049612464e+00,8.521232374520356645e-01,6.515727257160631503e+00
6.521106130403202528e-01,5.921425155609538749e-01,1.049931198850557468e-01,4.131965549583933139e+00
1.407960997630893774e+00,8.961465018687151396e-01,-2.441727681300042141e-01,4.024546494289809928e+00
5.371520345657274653e-01,-1.451275120110882000e-01,-6.780398816696588948e-01,-3.735127600469648756e-01
1.642136010254162670e+00,4.973724031116651290e+00,9.699684431742704449e-01,2.509627629328070242e+01
1.653323709440472689e+00,7.581405715203677786e+00,1.192736715749636689e+00,3.595021829744224817e+01
8.381489656754304018e-01,2.069178473126993545e+00,5.436741714168703554e-01,1.049046449100923795e+01
2.229480384751094668e+00,4.393660065797737602e+00,-7.669254858324314750e-02,2.178352554253413942e+01
1.141774255996663712e+00,-3.772835577785347727e+00,-2.125231237574807253e+00,-1.603802031683081353e+01
-2.428580772983677249e-01,1.208711360889432873e+00,4.412520893442533065e-01,4.859066842231295702e+00
1.308441238943441665e+00,1.154683110884956232e+00,-1.282261668970739732e-01,3.344363518955554060e+00
4.301697207864635386e-01,1.815245478544103452e+00,4.631192009400637022e-01,8.042532540796157647e+00
1.903431950765189562e+00,8.545131140282554938e+00,1.037627888445044722e+00,4.155074858329853527e+01
5.995808590677274008e-01,1.363211239703183919e+00,4.359964474561468795e-02,6.801033729155140151e+00
1.145822210167988464e+00,7.541089422412103005e+00,1.186562112516444278e+00,3.643799210924223075e+01
1.483310207997331709e+00,-6.947041249642960103e-01,-1.088855000231397252e+00,-2.966021297086314679e+00
1.306906998634728811e+00,1.026725465390852499e+01,2.243095908196150567e+00,4.774015956575798469e+01
1.992994409977286718e-01,-2.160310895106144269e+00,-6.108327544880033377e-01,-1.068677143524491235e+01
1.208132608795630336e+00,7.637524875802957247e+00,1.534113343038526978e+00,3.648417444717347990e+01
2.760169919410737638e-02,-4.078958956699325622e-01,3.160964783753980045e-01,-2.053558039897233289e+00
1.336540735932060908e+00,3.463968352001736140e+00,-1.725838700773159318e-01,1.748723806031419770e+01
1.986290698381505404e+00,3.712652199240496387e+00,2.779471030945907528e-01,1.860428475996079456e+01
2.778804891515845199e+00,7.203986300694824152e+00,7.857245909752982316e-01,3.494252742664018285e+01
3.707621383847339747e+00,5.445344566760961236e+00,-9.984980269615330029e-01,2.872337458613220207e+01
1.778993080236100255e+00,-4.215355996949888606e+00,-1.733007894492818002e+00,-1.940478518696510335e+01
5.945481343141172381e-01,4.214499524647628448e+00,6.032152531318337729e-01,1.923211122402280893e+01
1.530066512753457841e+00,3.637486755023738194e+00,-4.527403279033262451e-02,1.913652955584401383e+01
1.026011547244672917e-01,-1.221408905345914064e+00,-7.583188069909950757e-01,-5.874262872468070995e+00
1.840838305742805048e+00,5.258353049130579215e+00,6.222041906789462784e-01,2.560514983904715436e+01
-1.308970861498842897e+00,-7.228650567789445702e+00,-9.379788022200756803e-01,-3.538252978444157293e+01
1.331455789286069891e+00,1.682291089828643171e+00,-6.103927213303681487e-01,1.053619147716120708e+01
-4.663352967194578369e-02,-1.933966645333140333e+00,-5.053970573143993228e-01,-1.014818101955078866e+01
1.162416294148709950e+00,1.522729658605616487e+00,-3.496979635669753561e-01,8.817292750619834862e+00
1.502946266579529677e+00,-5.611199693591222282e-01,-7.606366953403657094e-01,-9.173577967417578805e-03
1.419610611209167983e+00,3.324527887131041748e+00,-5.457949136873037344e-02,1.653290357145404244e+01
8.027594019790016411e-01,4.143409282734997312e+00,5.725319549368375061e-01,2.018079629487440485e+01
-2.668221375253858607e-01,9.449730305623891269e-01,-2.693855545585156497e-01,5.660718604090979156e+00
1.415972268775310461e+00,-5.621901440505443492e-01,-1.166679485393117055e+00,-5.655148740291102705e-01
4.579495211047643899e-01,4.156253454327551111e+00,1.635557092957841796e+00,1.955520353161895741e+01
6.397503385674416787e-01,4.201318227237864633e+00,1.177604785850102642e+00,1.959105028067935805e+01
1.075863183796960554e+00,2.341682684511220636e+00,-2.705174362190690962e-01,1.161479203007487904e+01
1.017364006562608392e+00,-2.798690072872831891e+00,-1.508074721137440122e+00,-1.132468045897605080e+01
2.354790803859222237e+00,5.980952099455281612e+00,3.830330715562532129e-01,3.036783862603517292e+01
9.260796182870431048e-01,-1.979913092681598319e-01,-8.077468655602361158e-01,-7.846932508267600026e-01
1.465270804498095547e-01,-1.383680750955835315e+00,-6.437381150368771676e-01,-7.257948321445028661e+00
6.307364968396981242e-01,-4.282368011801306329e-01,-3.908892157687802738e-01,-1.013615338957561729e+00
8.220444897533820683e-01,4.788298995871254071e-01,-6.770437464620333856e-02,2.051596770397910330e+00
4.806099287667439102e-01,-2.601996668887822217e+00,-1.408041330232490340e+00,-1.286540128620349144e+01
4.955244267889596932e-01,2.099210194473926983e+00,8.987534418946022674e-01,1.003397446567815443e+01
-1.235526699381900961e+00,-5.303925837863163295e+00,-3.197289986792616889e-01,-2.567134025276434173e+01
-4.918136035676068385e-01,-2.478051351343370623e+00,-5.208468675605852916e-01,-1.181096781226879422e+01
1.522123132229506792e+00,7.864412809064199372e+00,1.461909572413653935e+00,3.859921218716460345e+01
1.057630052057590753e+00,-2.305255673856679621e+00,-8.547944266506982691e-01,-1.102708089268113945e+01
9.669432063563595525e-01,5.914426879323943176e+00,1.336993987164659003e+00,3.012844931301878759e+01
1.768591234157484093e+00,4.576265698672155935e+00,1.873882246056822465e-01,2.137264890347490365e+01
-8.687202090692118794e-01,-4.031118016415691230e-02,1.115397483750080188e+00,-1.857159749513432878e+00
-4.951488322472386017e-03,9.920313707881603937e-01,-3.841421407288569956e-02,2.795845774562238262e+00
7.560647164915912377e-01,8.779323411718510384e-01,8.538926613368780227e-02,3.451738976538569315e+00
-1.163026475250550362e-01,-2.871794043851259026e-01,2.191066446479764951e-01,-3.101158885944848898e+00
-6.351855303454927437e-01,-2.859247677564330292e+00,-8.418213743401271598e-01,-1.490203662784398198e+01
2.541401846712820767e-02,-4.023865849656262483e+00,-1.021264887270942445e+00,-1.934035800846596231e+01
-1.299213890553185813e-01,-1.702805763894721380e-02,1.016406460382615284e+00,-3.671527923683820527e-01
8.430513521266764787e-01,4.856769300829888003e+00,1.329226767465460757e+00,2.278362472507143366e+01
6.560971281733677385e-01,1.646993735309302931e+00,2.383682491124962943e-01,9.944822374691645095e+00
2.664378981924234724e-01,1.802496955998291517e+00,1.609969107661311516e-01,8.903727022652743628e+00
2.825858898234546501e+00,2.495001701506259550e+00,-1.176073846237095433e+00,1.421160483850379919e+01
1.625008927040428652e+00,1.654906475655590903e+00,-1.495699106896227482e-01,9.963895962244642135e+00
1.988169077871416945e+00,5.182199050110850358e+00,1.958002187106667180e-01,2.651909102775501736e+01
1.225224021781896822e+00,-7.863776123399195406e-01,-9.444358057619798297e-01,-3.613006670578490009e+00
4.756364731082023400e-01,-1.805215319968015653e+00,-1.059393626086215567e+00,-7.267538954114214356e+00
1.319658674250705488e+00,3.983437037042751427e+00,4.372991969581995764e-01,2.037970987910370724e+01
1.194931349764562167e+00,2.474919962486548997e+00,1.605275750980379446e-01,1.292445368436521136e+01
5.755776709914506295e-01,1.260404195701925190e+00,-9.865455310327113370e-02,7.145183984777709441e+00
-5.436772944984413769e-02,-6.926445135992182145e+00,-2.641116144750818684e+00,-3.301629445077231395e+01
3.305825993593696221e-01,-1.065340551841614136e+00,-1.264868801034245926e+00,-3.496665814880994816e+00
1.891714750919757604e+00,4.224776184931355871e+00,-3.963576336791065358e-01,2.149754140752483877e+01
2.332671599040709864e-01,-2.636134020833704739e-01,-1.008228004923798604e+00,3.510276264958134274e-02
-7.251487594206298404e-01,2.134210009057254886e+00,1.044853183022521836e+00,1.050575507369584116e+01
1.349897507899743276e+00,-4.444042011969641104e-01,-1.191404332969703495e+00,-2.434254795829631668e+00
1.747669466096050783e+00,-3.938760045156617817e+00,-2.203720220525184903e+00,-1.691489158160620576e+01
1.634869366750707265e+00,2.140386875396654620e+00,-4.443900071551800668e-01,1.005210241611857391e+01
4.702166544234107626e-01,4.946083664969346039e+00,9.242449177781210112e-01,2.341712806330588847e+01
1.620784123814067446e-01,2.697631207859705782e+00,1.084131658714312607e+00,1.153281957111162725e+01
1.970199065080987744e+00,6.354002507415230205e+00,7.249235488862394439e-01,3.081409825425311766e+01
2.074524796499235268e+00,4.891674092215955838e+00,-6.695145321275064454e-02,2.527884081674690364e+01
2.051667557969413025e+00,5.280122052018594303e+00,9.919937412591027792e-01,2.550101593927860932e+01
2.673812602013872386e+00,7.609248599898723597e-01,-1.715475395905166733e+00,5.782089299741240751e+00
1.257951669201022638e+00,5.999056026411633269e+00,9.438337747918498222e-01,2.901599517588822508e+01
8.089483296399579970e-02,5.815964913312111406e+00,1.869746822626915161e+00,2.784642792476030593e+01
6.900127508868659776e-01,7.041569200283088747e-01,-7.508478776556672951e-01,5.338424301560904084e+00
1.196021667927922305e+00,-4.007625347935187543e-01,-8.550740940664889322e-01,-1.380179483520609596e+00
5.702542447560634553e-01,2.055272829687939229e+00,-2.778709754162749235e-01,1.047697912097592621e+01
-6.310968150997187109e-02,3.560646433302055325e+00,1.391671173839480691e+00,1.581629083449412221e+01
-8.949575223845522842e-01,-3.188184448727817255e+00,-4.999206498629318873e-01,-1.613290651402801856e+01
1.413647753712196087e+00,-2.581856690407318577e+00,-1.784429172098595195e+00,-1.107567109029334418e+01
2.610854653683257531e+00,7.034689004224834008e+00,6.462030933206017735e-01,3.403431585049872155e+01
1.057658654831649780e+00,3.232100477034965280e+00,-1.039899640935496895e-02,1.591263707722978715e+01
4.520592123918339977e-01,3.315742290974310613e+00,4.614232138323002275e-01,1.493885331255745186e+01
2.959861199691752098e+00,7.709235015169926264e+00,1.131423769694087644e+00,3.866629224472726634e+01
1.141168324005521262e+00,7.517339940164363910e+00,1.559739287596820123e+00,3.667061016044707600e+01
1.211264937761491911e+00,2.354392907461944073e-01,-4.252889132894256408e-01,2.411458104314300854e+00
1.714952758995868631e+00,4.269087925739183831e+00,2.640399353620729306e-01,2.099873003272114858e+01
1.072232942734694605e+00,9.206352489430702501e-01,-4.898627749664115627e-01,4.905686438734354837e+00
3.172764016574747270e-01,1.327967218213119915e+00,2.339329352238178894e-01,6.471732766222845434e+00
6.249687629265499034e-01,2.809046561768026695e+00,-2.371984519906441061e-02,1.474795950125667687e+01
1.980865985178967836e+00,-4.624878513485897180e-02,-1.525815941105356677e+00,1.188492154715486082e+00
6.268120763258588912e-01,3.401697685108274971e+00,5.171517729581305289e-01,1.742187681292518064e+01
1.600227156173246401e+00,1.029376711078543227e+00,-2.924371180788197244e-01,5.268089726192586753e+00
8.408963390402093285e-01,-1.437165686160197353e+00,-7.992207527859577221e-01,-5.533858668141972359e+00
2.048690291694821752e+00,4.563934341483167678e+00,-6.074420777545180838e-01,2.273379446764565870e+01
1.649649798601403594e+00,2.254942335115491581e+00,-6.174709751366027621e-01,9.814233238426709249e+00
1.340406569299946948e+00,8.604612911747389070e-01,-6.398133887439455547e-01,4.086749247924662320e+00
1.917834693172680627e+00,-5.836812587563655619e-01,-1.564790631821038280e+00,-1.309282681293596928e+00
1.070573145311455088e+00,-2.399858951293768250e+00,-9.835254569313858219e-01,-1.139064376991876593e+01
-2.284954818448161618e-01,1.113891051999415183e+00,-3.319575067651375083e-02,4.809714675707183140e+00
1.711518567769368726e+00,4.927895784293180093e+00,1.422425606168098988e-01,2.502601106081944948e+01
1.188455044277531014e-01,-6.159781899987057940e-01,-9.627169245586802981e-01,-2.600796521579172627e+00
1.179192811620488612e-01,-4.932123620340748360e+00,-1.674301239627459248e+00,-2.234995313274190920e+01
1.745373673239662526e+00,1.771652421274172884e+00,7.522627035928028394e-02,1.014779118406953984e+01
2.095990157231319984e+00,3.851345103164392381e+00,-7.983788798366467376e-02,1.994490294937279984e+01
1.520553977673896107e+00,3.466803729924326838e+00,-2.490075128000244220e-01,1.736801447310987356e+01
1.330836115584494328e+00,4.407305457914586277e+00,6.285715752888679231e-02,2.107415135287488539e+01
7.190229029022580098e-01,-6.520025390854139680e+00,-2.217006854342411515e+00,-3.104723200939350036e+01
7.398055289554488212e-01,2.035964364960326511e-01,-4.531801784854405102e-01,2.548594139286188831e+00
1.618971780892398460e+00,2.253685022978605179e+00,-2.467218089705883743e-01,1.196069165220498576e+01
3.171919563865543523e+00,5.770423390816096898e+00,4.875908920965291160e-01,2.903415953099813862e+01
2.372487067425502749e-01,-5.023656622599184107e-01,-3.173570574204813144e-01,-2.393634255486572826e+00
3.709721654903329613e-01,-7.109425749089800517e-01,-4.086124346666756835e-01,-3.469989153669778226e+00
-1.110100468796107798e+00,3.164471013914255670e-01,6.905171202955050491e-01,6.753186335276081254e-01
1.893986040836170837e+00,5.285652119102673296e+00,4.289923296987603885e-01,2.521105169558002146e+01
7.529164542849022812e-01,-1.719744463726821104e+00,-1.254351110099945155e+00,-6.833255151467093391e+00
1.893674635296954900e+00,8.714813100587438299e+00,1.657229951892210673e+00,4.260873824221252448e+01
2.132576292214275249e+00,7.357341190856841351e+00,4.745575828170212063e-01,3.549616877108532975e+01
3.300609650522363658e-01,6.095842126749954071e-01,1.064744983800479383e-01,2.989011716229161841e+00
1.172191129640901996e+00,1.213558256578687100e+00,3.770252480892949398e-02,5.302436373940117242e+00
1.470508511174977828e+00,5.007630867806554420e+00,7.790422494109483509e-01,2.483787465670886974e+01
-3.294966770538723111e-01,3.431395438384504892e+00,1.560561906953258582e+00,1.490830343728230822e+01
4.684062809304223585e-02,6.339614612088708689e-01,1.067361008282506352e-01,3.114280794698077948e+00
3.805140458559371774e-01,-1.322068536539124040e+00,-6.275131220898855222e-01,-6.413784317257237966e+00
5.903471074083408432e-01,8.048859380575588141e-01,-1.964335694509033725e-01,2.459036886073597827e+00
6.588850468204298094e-01,-2.120213213376762162e+00,-9.114764487770953272e-01,-1.041661462484903566e+01
1.871174888454322227e+00,6.984928391251473911e+00,5.795249209792804335e-01,3.548716589807386868e+01
1.296856208270601662e+00,-5.327773332173088017e-01,-8.575484156050290352e-01,-2.497285871350510167e+00
1.016346958838629355e+00,-9.278224127658348808e-01,-1.140264653871914113e+00,-4.005666399325177096e+00
-9.428447737746687984e-01,1.728531613388008870e+00,1.682666034496936636e+00,7.694565222276162686e+00
-1.417350749794229259e+00,-5.380993752167308131e+00,-1.167418304177104016e+00,-2.595710217073423820e+01
1.726120716429942359e+00,-3.053879789150181434e+00,-2.534411529592297541e+00,-1.422338588301740536e+01
1.728766899537507395e+00,6.082048348228581425e+00,8.784267201408658687e-01,2.940054270843339523e+01
2.596427920061325167e+00,4.056655124232236176e+00,-1.248700089675599118e-01,2.134942457136923721e+01
5.091426596428335616e-01,-6.520738556717988743e-01,-6.227286044284715549e-01,-3.090371580041128663e+00
2.260164339893488972e-01,-2.557364149978182954e+00,-1.123078106404349352e+00,-1.214934868172167626e+01
2.851711714087613814e+00,8.211256547941221839e+00,9.349076300989984656e-01,3.867552648420755901e+01
-3.257630527425703360e-01,-1.633032285606781819e+00,-8.339221732492195505e-02,-9.156068083191108542e+00
-2.068609711641531401e-01,2.164585983617329568e+00,7.858346755892492430e-01,1.021925851177249989e+01
1.207980673029663832e-01,-4.251405756448162876e+00,-1.130507097981233722e+00,-2.038006350601239092e+01
1.882237637097686767e+00,5.451404088856522279e+00,8.464422757343688097e-01,2.527184318239725869e+01
1.760674048812954418e+00,7.977762643359174177e+00,1.262210964712686456e+00,3.720971345054385893e+01
6.728040337014398187e-01,-4.693045025860911323e+00,-1.976680595550589503e+00,-2.096753785228407807e+01
2.336467339326898429e+00,7.346563689769341821e+00,6.699280349280234415e-01,3.634919981422996216e+01
1.282715295087135443e+00,3.267679974932088172e+00,5.984860448346003281e-01,1.633497320328017466e+01
9.945596083542324051e-01,-1.829159771599295770e-01,-5.203352388718370802e-01,-7.520017283337138148e-02
2.338542512319804478e-01,5.614234177651136193e-01,1.942601325426909220e-01,1.712860606678833886e+00
1.729044412993137936e+00,9.532899343779308587e-01,-4.218530931665196437e-01,5.020772137665775681e+00
1.597050162458804490e+00,5.630880966255968900e+00,1.259504246626533597e+00,2.492784717285955409e+01
1.721428561619191333e+00,8.292058481255599744e+00,1.765160887887642360e+00,3.886172740908013168e+01
1.649152679482261963e+00,5.419007760029558973e+00,4.706187624758854104e-01,2.911365398703819451e+01
6.777660389760096216e-01,-1.160106696283869088e+00,-8.602272868373906922e-01,-5.618612128270386918e+00
1.661421897150306304e+00,1.453416121898904567e+00,-5.145701625607731478e-01,9.015226809917844975e+00
1.956529870563156415e+00,-8.459956883997008514e-01,-1.550833801912707255e+00,-3.992299066517304595e+00
9.642161880875462776e-01,3.511810314845825509e+00,4.460240448203306798e-03,1.775376731041857425e+01
2.123593357585186858e+00,8.668366472355442554e+00,1.351274867461351947e+00,4.028095936734786164e+01
-5.043702972176689059e-02,-3.207807780075841997e-01,-7.016102307348673905e-01,-2.219862301690640471e+00
4.404554906842719220e-01,1.036201585934432678e+00,-4.737799725477176982e-01,6.213430233938534997e+00
7.140996749576946634e-01,1.969496767500787726e+00,5.063014854175679202e-01,9.569698236782695489e+00
4.097173377320486587e-01,1.810396535516423766e+00,9.902040127415490112e-01,8.161713827490249429e+00
1.645656861433493656e+00,4.925308828188712518e+00,7.478407103308644110e-01,2.357405468806756588e+01
2.030043039476132183e+00,4.496313491868149548e+00,1.773342821249484780e-01,2.339333865204998375e+01
6.285581142151748235e-01,4.751860848088234945e+00,6.700900768899743509e-01,2.348055124939897809e+01
4.305671011692087102e-01,4.885871983312718436e-01,-2.269902669939340700e-01,3.964174102777116460e+00
1.136616479888353570e+00,3.220519796759347297e+00,8.959039435347072866e-02,1.562532476718718755e+01
9.040611840022880763e-01,-5.939527996271662946e-01,-1.010826716389694901e+00,-1.862025909245408339e+00
1.314977984374163356e+00,1.119578333928053837e+00,-5.136231145426626288e-01,6.844888865946959555e+00
8.565855706527381042e-02,-7.407599499488384254e-01,-1.946164134674064072e-01,-4.784226580583039734e+00
9.467693418845724018e-01,3.070916043531777717e+00,6.003786591817842355e-01,1.626265655328431592e+01
2.167620909464635037e+00,5.013806297048982508e+00,3.939476458988468988e-01,2.490601253873040477e+01
2.644432032309269598e-01,5.934366521460365806e-01,1.036622714801869877e-01,1.794541427527230448e+00
1.558648687911323272e+00,2.169330822413098492e+00,-2.188229604503054981e-01,1.225212344771455975e+01
2.486271158911093071e-01,-3.029755491848161175e-01,-2.277957207989636801e-01,-1.053276724552265842e+00
-7.133373837354848312e-01,-2.665425423842833208e+00,-4.896630229951395297e-01,-1.316131757449854689e+01
2.004904331295040087e+00,3.495523543965795898e+00,1.216463951084914216e-02,1.807229397983923391e+01
3.331347570641012723e+00,1.069944808026690275e+01,1.129073042491423262e+00,5.271626949569147769e+01
-4.819986573369541283e-01,-2.716410097494196485e+00,-2.547278692873074513e-01,-1.411397908720941174e+01
-1.292740002266554722e+00,-2.138112435945542344e+00,5.505063439325420527e-01,-1.260036409591936390e+01
1.169991811359121003e+00,4.265119245675817794e+00,2.207244436725260550e-01,2.114565737082746111e+01
4.190272983840999110e-01,-3.935922626979427186e+00,-1.106965662595309929e+00,-1.739394216321301911e+01
1.363569977716130976e+00,3.550882217344770275e+00,6.375615320617242787e-01,1.861791708971088610e+01
1.320261065782197152e+00,2.076169557490292750e+00,2.129209578392178212e-02,1.052536224867701975e+01
1.214673287103808841e+00,-1.943446046115397063e+00,-1.128424660969669313e+00,-7.547267254623617916e+00
8.380543477934110363e-01,5.326615865230512892e-01,-7.602126657730701176e-01,3.758358580786529846e+00
9.141978479433525706e-01,-1.257859925248173694e+00,-1.410021985169127801e+00,-5.175742657573266570e+00
2.991315810049569590e-01,4.953956435386945856e+00,1.124979232812766572e+00,2.356830506846104711e+01
1.110510276690039211e+00,-3.059716225355349817e+00,-2.077888358649065736e+00,-1.271861496151928073e+01
4.917674138058394373e-01,-2.568847979981306207e+00,-1.450627736784831479e+00,-1.108500588221001770e+01
-6.796471434829420843e-02,-1.814108083372740765e+00,-6.746026994180398528e-01,-9.128554883495503702e+00
2.759328601555135485e+00,9.381336500820211199e+00,8.235758518474370904e-01,4.649526526730220155e+01
1.051238113532647622e+00,-1.820584838885379142e+00,-1.599319340239701015e+00,-8.422797254491701580e+00
6.571427180556352887e-01,-6.442950293090141667e-01,-1.106768092694949246e+00,-1.836334510657921193e+00
1.851344482297032856e+00,1.968309950932290775e+00,-9.739823691295325103e-01,1.171253660091846172e+01
2.700430406418192320e+00,6.041233540598037521e+00,-2.646239423632016363e-01,3.202217612833018734e+01
3.815394142361995256e-01,4.407859513661098738e+00,1.856336333809507577e+00,1.943576883352970341e+01
3.683621069366768142e-01,2.232040699382285442e+00,3.904481994932751943e-01,1.135914672268278203e+01
1.971274525487897389e+00,1.189528878623897334e+00,-7.711052581243004189e-01,5.442445581916643071e+00
6.447594325528427373e-01,-2.561680539790409661e+00,-1.794053183686425301e+00,-8.597921634101618693e+00
1.475716272215228386e+00,-1.386162391106792180e-01,-7.334998640411429793e-01,-1.154138287777756844e+00
-2.655399893092307284e-01,2.110598162170321146e+00,3.088704741324995728e-01,1.214449767912191547e+01
5.513271049633983178e-01,5.539362239456594450e-01,-3.261122839825336683e-01,3.105095912001239356e+00
6.640875689995104914e-01,-7.650879575946251121e-01,-7.661795850231534200e-01,-2.548997081123593134e+00
7.213285143150505174e-01,2.323959892990623999e+00,3.989736610435013486e-01,1.026304558575669112e+01
2.145459003504974316e+00,5.950750204195426107e+00,1.030170017905659208e+00,2.817928793847335811e+01
1.558025782380562108e+00,2.953242309219508588e+00,1.749248615684214914e-01,1.321769534835158844e+01
1.150774154228375368e+00,2.865246419417651680e+00,2.008930994568924183e-02,1.600611320746474675e+01
2.127681076918723768e+00,5.596771451224087812e+00,3.748651066079289884e-01,2.845461968748354664e+01
1.172696065262970766e+00,2.367439944322360379e+00,6.747356899864036528e-01,1.228689578767074053e+01
1.632694724358654259e+00,6.605062801334060651e-01,-1.494678208529650609e-01,3.732995085986611894e+00
-2.750006910899527313e-02,-1.630917762866349818e+00,-2.290854022290148839e-01,-9.216155830429162421e+00
1.089769098842219286e-02,-1.451301094798395530e+00,1.423081697150317682e-01,-7.479605096134677389e+00
-2.720335973326082346e-01,1.906820353493458464e+00,9.459444005935058186e-01,9.810064698822472451e+00
-5.038045947961551363e-01,-2.346963181417207611e+00,-6.103943531392200805e-01,-1.110089464788574709e+01
1.006007250406686149e+00,5.854734217229514037e+00,1.142001610975614589e+00,2.774867842405645746e+01
1.350960993010725364e+00,6.161048279799993921e+00,7.432276874822937307e-01,3.178611008508466185e+01
1.732699463314847144e+00,4.379428342502928118e+00,4.712190532148088917e-01,2.231678929886954421e+01
5.945426399308735288e-01,3.190842170186963589e+00,7.024773629605852721e-01,1.467330999770004851e+01
-4.467913710353550449e-01,-1.702960052981373984e+00,-2.234567626186645117e-01,-9.756576938041771285e+00
-2.558757926205803557e-01,5.579349125269923437e-01,7.857018925203715920e-01,8.733702040859869786e-01
-5.910700009079470352e-01,-6.743612640577154593e-01,9.913216221340505688e-03,-3.491647861204068004e+00
-7.148835114201932406e-01,-6.497924892204216818e-02,4.965722041767787753e-01,-1.897165533048430497e+00
2.142561223517590374e+00,4.852534579613544174e+00,4.856002058601815996e-01,2.335260033123972079e+01
7.631595634567812647e-01,-2.101461844323380568e+00,-1.518208622165239330e+00,-9.320750367394518676e+00
1.126478114849216228e+00,5.250720694524792620e+00,1.231861196291040850e+00,2.358685299021971460e+01
2.489720289436716971e+00,1.234367065745723657e+01,2.049611135367556791e+00,6.065488515592981855e+01
2.065090787988203225e+00,5.587616713962899162e+00,5.471540493890589274e-02,2.835256945347506985e+01
8.919957185598502702e-01,1.329726945181032738e+00,-2.872551933652651157e-01,6.552938166313412083e+00
1.503983780043655738e+00,6.785597577711676820e+00,9.866994681899122766e-01,3.435730936386526935e+01
6.097576119271281847e-01,5.939090769161007310e-01,-3.562392065672768116e-01,2.665587901536994320e+00
-1.309376956448944362e-01,3.851328025183933246e-01,2.911874980467432650e-01,2.151838501224462519e+00
9.950822323119169477e-01,5.111583603800068154e+00,1.564780360391138103e+00,2.398951628276539694e+01
-3.179004552651165660e-02,-3.194119272084129602e+00,-8.041370704098793620e-01,-1.547909419707151457e+01
-4.885342786571862383e-01,-2.648435048035213235e+00,-7.349388298452559365e-01,-1.307736826532421581e+01
1.410469302378446699e+00,4.167714223356175474e+00,4.079189098319820350e-01,1.939870112381890266e+01
-1.697706266260452512e-01,-3.483255115779475553e+00,-8.783075118203753640e-01,-1.763428239865055147e+01
1.080690293740136365e+00,-5.847853931046310683e-01,-7.962801812590106776e-01,-1.822149415183784038e+00
4.366326079234296165e-01,-8.124453514736345028e-01,-4.341483047078463775e-01,-3.698037740891094938e+00
3.268272657141032544e-01,1.839656538975984246e+00,3.442131640175945528e-01,8.299587270709075426e+00
9.403456876922279273e-01,-3.536552241479919090e+00,-2.126647800483121298e+00,-1.491647296118371990e+01
1.456066019306181847e+00,2.963836958216794937e+00,5.424045426023060834e-02,1.578556950102026413e+01
1.865550582231668031e+00,6.901207167536875353e+00,9.017272462747857320e-01,3.234928006304797776e+01
9.678676351427683011e-01,-1.056630693601845472e-02,-1.104371694897948730e+00,2.062621975294860466e+00
8.825592625870956054e-01,2.616047963456149539e-01,-2.491499041242338508e-01,2.245807867744526565e+00
7.918741810181130214e-01,1.296950814666262275e-01,-2.318331270840787439e-01,-1.799634857425722601e-01
5.857076063877636463e-01,1.320886140955401800e+00,2.305252221576471472e-01,7.230816580163700991e+00
-2.106424466211676005e-01,1.076004318309298213e+00,4.693049019432083968e-01,4.230301242891197688e+00
2.751637254674668132e-01,2.299835152787497172e+00,3.644456664577148675e-01,1.084951209487203272e+01
-2.075126439390762023e-01,-1.333061124592003654e+00,1.561576445472052932e-01,-6.237942726193147713e+00
1.021664800403263795e+00,7.561568066503921770e+00,1.348884654039613329e+00,3.798929511254694091e+01
6.223948363539298922e-01,-4.832484328169054599e+00,-1.306561964219424166e+00,-2.270278455501724935e+01
3.182739167026806815e-01,4.828188825616824609e+00,1.232703692426663888e+00,2.182170931817649517e+01
7.498857382630608193e-01,-3.327759247098174278e+00,-1.546989048855214932e+00,-1.622389364158529190e+01
1.070957292608330835e+00,5.762654079632516080e+00,1.158569958378272258e+00,2.732467603877329054e+01
2.240057694041791558e-01,5.775843570963837159e+00,1.683210277854903403e+00,2.752484582854602735e+01
-2.377098116957825358e-01,2.988159784400692409e-01,1.758988820069813663e-01,2.700476572754708648e+00
6.989472836006020984e-01,-8.376436600823344847e-02,-1.067499610999727455e+00,1.776458490970066029e+00
2.606395238733537623e-01,9.886394012461763303e-01,4.794323494238255656e-01,4.019072772563453633e+00
-4.159199912328568338e-01,2.590996151550993831e-01,-4.132121011543948147e-02,2.316770294942115171e+00
1.050175278847816029e+00,1.038575206527643902e+00,2.364342304718939844e-02,5.221875424885641159e+00
-1.657118272723614449e-01,1.172288806293803276e+00,3.590472064852551215e-01,6.640452462279093027e+00
6.885047713264800251e-01,2.640623046949549302e+00,5.026002058117700066e-01,1.301257013615693836e+01
2.285632943930462346e+00,6.757468764354592317e+00,4.835690308691716066e-02,3.399398534530724447e+01
1.348335454081525331e+00,3.752825304923682381e+00,3.703677622442538286e-01,1.765590227593132511e+01
7.826938780842449539e-01,3.213307263304911565e+00,7.088961412474649171e-01,1.381244799808067469e+01
7.283644487562552783e-01,-3.640224528881982557e+00,-1.310303915334558811e+00,-1.696213452053678239e+01
1.371382973948592765e+00,4.534360142050407605e-01,-5.439286760485119165e-01,1.823516098114474016e+00
1.343015471784254178e+00,-2.500724268404920902e+00,-1.630474768016858533e+00,-1.263982634406017347e+01
1.359471879564383867e+00,9.178546565186918471e+00,2.090567845191848129e+00,4.307303578758453710e+01
2.755727634726579112e+00,1.020687855891402229e+01,1.397532561988502398e+00,4.995116670967973960e+01
-4.137682115677630001e-01,2.409231171587772558e+00,5.651444465465891298e-01,1.376343344518393508e+01
1.732482567621824288e+00,3.921651682301754427e+00,4.893612123761585941e-01,1.965761798084994183e+01
1.759314578887224201e+00,4.665703535328316498e+00,-1.899705361442462770e-01,2.292808228704044637e+01
1.154458118809537304e+00,-1.883260937806390256e+00,-1.528074694600844330e+00,-5.612780377893627382e+00
8.980952474458262502e-01,-2.111863513802997083e+00,-1.511683972345925886e+00,-8.610784351403955483e+00
7.392432366079075834e-01,2.996381830187599071e+00,1.834401099178550043e-01,1.317616696591631253e+01
2.500422007494406129e-01,-2.531553532342294410e-01,-6.368273548877474433e-01,-8.537088496928559866e-01
1.601698656444844771e+00,6.338408574502807369e-01,-1.224538515765164037e+00,4.062808767374077590e+00
1.543932074194213078e-01,-6.308228779111643370e+00,-2.405733553899228827e+00,-2.936944856935935988e+01
9.866315515045038786e-01,3.582692383096484079e+00,7.720151178950319659e-01,1.536794300304467598e+01
-2.844088101180555217e-01,3.115682317071930996e+00,1.387919995521592176e+00,1.394786886564253869e+01
5.473960712514247540e-02,5.392607455162830021e+00,1.619962073456433060e+00,2.653961569455855596e+01
1.504587896163501970e+00,6.479493121537944766e+00,5.890840140073323461e-01,3.331065530363287763e+01
1.911651830112423234e+00,1.958533388117482232e+00,-7.688174790877556619e-01,1.143592691418488627e+01
6.575281857292889498e-01,6.174069775654791314e-01,1.683945327547541615e-01,2.742898971755030058e+00
-8.058856949452586349e-02,-1.958059689106016243e+00,-1.046570303649876132e+00,-7.468679257211724654e+00
1.130117586770681415e-01,1.375055430591889838e+00,2.514702464507220236e-01,5.574304684902245732e+00
-2.036281439802491988e-01,3.119946906114437368e+00,9.477724443924029352e-01,1.337376603755454596e+01
1.068386669043967840e+00,6.358984526710620422e-01,2.023474221122494587e-01,2.851134922693417284e+00
-6.128729456442294499e-01,3.935173302600686540e+00,1.822223504639764791e+00,1.552763980700206758e+01
1.193423384571388857e+00,4.198312473453018612e+00,1.187929319445255316e-01,2.250459921265999341e+01
2.830158155255261265e-01,5.124035612272919593e+00,1.378524606561100763e+00,2.565522037076363304e+01
1.670880213346801479e+00,5.382104525892910551e+00,2.823853074301600485e-01,2.647602797761562954e+01
1.534815682548503535e+00,3.896894286833170185e-01,-7.255070200109253742e-01,1.732249403112917197e+00
2.300567029492542215e+00,1.013655719497603513e+01,1.213941362849696892e+00,4.888483604168801833e+01
5.640219492670047741e-01,-1.644893040112822113e+00,-1.177550403184101757e+00,-4.817976191308138922e+00
5.665779477573283929e-01,-8.829459895127320657e-01,-8.002529898794266128e-01,-2.428317107248275875e+00
2.331798649890696851e+00,9.824489778378902471e+00,1.650163437733979999e+00,4.618360272925531973e+01
-2.798325824730842903e-01,-3.905111828395932960e+00,-7.126211392193079197e-01,-1.835654081801764193e+01
1.274130450548675464e+00,8.387954575024481052e-01,-6.279998361990501987e-01,6.893662203467314065e+00
1.281882162193869634e+00,1.463932314599753814e+00,-2.109156338886250537e-01,8.231377139076977656e+00
-1.773365690207558742e+00,-4.678151358361296808e+00,-1.456431237562681447e-01,-2.374706785791758179e+01
2.254495502863389511e-01,-1.453537219163917982e+00,-4.005790522490321748e-01,-7.818073542831838196e+00
5.025090742979667624e-01,2.078263989777408671e+00,3.790737431125246193e-01,9.726523980870545927e+00
6.566651489505819228e-01,-2.273275263666359347e+00,-1.080700432227270857e+00,-9.924792303573010344e+00
1.469194845523292825e+00,-2.846928328164296751e+00,-2.026428084783699290e+00,-1.121831172040247004e+01
1.296329247645539029e+00,2.957551468048866816e+00,-2.232046891834505720e-01,1.630284869483724464e+01
-2.085179305628400481e+00,-4.302367154304016950e+00,2.907203552884838338e-01,-2.120660614437340996e+01
1.687111786081416653e+00,-8.241882519369004845e-01,-1.571918582750578608e+00,-2.385969645707262998e+00
1.662172715599812722e+00,1.736666141500545324e+00,-1.098405843235789270e+00,1.006354636006076575e+01
1.310906113508277571e+00,1.413236757001240518e+00,-3.934815233165570580e-01,6.966963507483953322e+00
1.663531528704917939e+00,2.474445366288090309e+00,-2.423683444274722654e-01,1.197849816078872465e+01
8.650553557389764059e-01,-2.756093773899318755e+00,-1.701602735607021133e+00,-1.080858405096068076e+01
1.281784002641076725e+00,7.138221923311061090e-02,-4.735049192666255236e-01,-6.274756139165715840e-02
6.094716467278229466e-01,-1.370057354946908390e+00,-1.029952321116154534e+00,-6.270001542251649518e+00
1.957102706793979241e+00,3.864601903259697657e+00,2.710934439917437322e-01,1.700168335826634092e+01
-5.221210674811100905e-01,1.071323443468246372e+00,1.161315296561876265e+00,4.685452184914624674e+00
-3.099803064216404280e-01,-7.179336078167189328e+00,-1.810997253142843544e+00,-3.458360680048632219e+01
1.513310660069335789e+00,8.958581451209605362e+00,1.633302481547558971e+00,4.383458046505775485e+01
1.416879688609602894e+00,5.491104661092505168e-01,-4.966665633985995476e-01,4.821971163923123527e+00
-4.108634123032173235e-01,-3.213162230192553537e+00,-4.690248171037318947e-01,-1.478147420660347144e+01
3.145636423721879016e+00,7.768488980117138176e+00,1.134363901733098368e-01,3.621181367123061534e+01
2.350137104845283709e+00,1.461181567328310837e+00,-9.985040830838064485e-01,7.108107628303949710e+00
2.950111959711070320e-01,-3.267264018507413326e+00,-1.537635828495654167e+00,-1.435428595238668947e+01
-3.194467298854686277e-02,-4.271577422752653064e+00,-1.180086186989113273e+00,-2.014297799132008038e+01
7.550381967315683562e-01,1.679565310702177294e+00,5.072291078867593450e-01,6.784009506050664662e+00
1.394014918666314218e-01,4.259716057576607540e+00,1.538694481483424914e+00,1.790995332380185090e+01
1.820896313869903027e-01,2.232799975214615262e+00,5.893141022761472225e-01,1.194971218547244085e+01
3.965043623374482351e-01,3.082949972541315642e-02,-3.957782033228859214e-02,6.116010205235832276e-01
2.102378188736012454e+00,3.526556008565542299e-01,-8.225397299826935349e-01,9.611437449322013382e-01
3.149898095833799871e+00,4.215767723299856939e+00,-5.193523726913355787e-02,2.167071002297698357e+01
1.502281989061249767e+00,7.960867921246099321e+00,1.346614997753448506e+00,3.904791473314814709e+01
3.195734451747914928e+00,9.189867423707603677e+00,1.423380746580795053e+00,4.643206897884777362e+01
1.275878995130989901e+00,3.807811240121058205e+00,4.510546762815043631e-01,1.664636296837241503e+01
1.447793837444849130e+00,7.732988667120167525e-01,-6.249769866590596523e-01,6.591989653038785590e+00
2.978719942479868266e-02,-5.447812213718284724e+00,-1.402759339040736242e+00,-2.511810173471021912e+01
2.261108510455701381e+00,5.509027082803518383e+00,4.994114110220280178e-01,2.752638379121411560e+01
6.702318138581713214e-01,2.883414311978325095e-01,-1.272464095209768220e-01,1.878506954052538092e+00
9.824485411694598991e-01,-3.290926842400634378e-01,-1.651584836169776915e+00,-1.647858465181455956e-01
6.664755952060501532e-01,-5.608271601731831701e+00,-1.728250817932333261e+00,-2.614756200513579998e+01
4.468201119061873117e-01,-8.422174772473628446e-01,-8.076925729066439796e-01,-5.654013657412674476e+00
5.017907806319839015e-01,1.300677117767415014e+00,4.690508214873064241e-01,7.578813152148247134e+00
-1.932540800355793120e-01,-1.838635822861696134e+00,2.016078928635602341e-01,-8.364269729391224928e+00
2.178301272611236516e+00,6.345270908382784292e+00,5.400928594142471173e-01,3.107772936466233205e+01
5.197881309884854195e-01,2.865035434779211965e+00,6.213853817370049715e-01,1.164946384988977357e+01
9.246928401440595024e-01,-1.128199850542632499e+00,-8.566199718906170046e-01,-5.402681306985957832e+00
-1.573053509413824269e-01,-6.098849528952396071e+00,-1.799152541407152306e+00,-2.714076422597721461e+01
9.293422077300883544e-03,1.709824716991003024e+00,9.702087528144014428e-01,6.758526481439343314e+00
1.989852476385177038e+00,6.259378149405123715e+00,6.225808744939110850e-01,3.198702852493789806e+01
1.726451773559531500e+00,2.031114443213458021e+00,-2.834823439847217741e-01,1.009088701354533235e+01
-3.865596512503999271e-01,4.688695481613470051e+00,1.396425485237600572e+00,2.254098367846742335e+01
1.996589659948525775e+00,6.302706018888838635e+00,6.776054448116572981e-01,3.092275084098303850e+01
-3.816139194521386280e-01,3.870622772932500455e-01,3.254755380285767052e-01,1.804123730375904344e+00
7.924455833960024620e-01,2.543106712938373537e+00,3.396121952688982426e-01,1.094744221497181158e+01
2.137467371615083600e+00,1.172287364420498434e+01,2.089649993851226295e+00,5.590229066395918522e+01
6.494544409438938182e-01,5.951062173942158751e+00,1.841187111525997899e+00,2.677344283243818879e+01
2.172438027753100354e+00,-1.258380229267274997e+00,-1.482228028497377448e+00,-4.739737469087495825e+00
1.665150978213778998e+00,4.702862215327541229e+00,6.325805324330983082e-01,2.250469897426467369e+01
9.435927164224512387e-01,1.421222290282986966e+00,-3.530399697688700322e-01,8.166802140353793149e+00
1.370491948650937708e+00,8.980779122977677886e+00,1.695022076729137517e+00,4.261673977780518641e+01
1.010989632550748807e+00,2.864184580950740244e+00,-7.459269796418231679e-02,1.715568635517916007e+01
1.328136933491346205e+00,-5.933968972174614720e-01,-8.861394693554124347e-01,-3.146365026385493202e+00
1.038163764138615441e+00,2.448538012285153886e+00,6.927539108489167985e-01,9.792350607286124387e+00
7.954916311577641119e-01,6.390684145791301063e+00,1.918992413315388168e+00,3.121065653275552165e+01
1.009176674521411243e+00,-2.848323004268261904e+00,-1.559159483481087571e+00,-1.225494077484138877e+01
2.288697334419492080e+00,1.030145466624485273e+01,2.468734508995403143e+00,4.826581929007672045e+01
8.458822851914571395e-01,5.199986372811039814e+00,1.246684035792277934e+00,2.696796662780243992e+01
1.119578414974588210e+00,6.580734351201237509e+00,8.448595299425962768e-01,3.339685233302649436e+01
1.873691282653756396e+00,-3.837109772346324332e-01,-1.151807493352101419e+00,-1.472280084157291835e+00
1.840906136361875944e+00,8.135117787358181474e+00,1.583766009730593449e+00,3.905808514076631610e+01
1.449055868308025463e+00,-5.732402523184207954e-01,-7.156053646014223224e-01,-4.666784742905738526e-02
-1.108279198769269058e+00,-4.858034634045226952e+00,-3.604968841193947893e-01,-2.274476553682755053e+01
3.126803994854903124e+00,5.007087964233682964e-01,-1.455321936871192046e+00,4.508504393060158932e+00
8.029720335186538716e-01,8.463894915030620858e-01,3.029654252559862981e-02,3.584792476266610795e+00
-3.039186152129833562e-01,3.375340388299611361e-01,2.722103849352141558e-01,2.180783430794410727e-01
-6.115975863710081395e-01,-3.637923183927858961e+00,-5.530675785441100389e-01,-1.617966349386387748e+01
3.893655549353434164e-01,-6.039824503609391826e+00,-2.593606308271115157e+00,-2.808255916768519000e+01
5.973680635663836114e-02,-1.085564869718226522e+00,-3.754718306423624474e-01,-5.244564476171083456e+00
3.133168688398813018e-01,1.424211020663697091e+00,4.789772682992366470e-01,6.567811733010742614e+00
1.773211636817840109e+00,5.381461873122729500e+00,-5.533948196139489850e-01,2.793553921174205001e+01
8.116941343444254997e-01,5.799172741703185530e+00,1.394823272797441449e+00,2.939446712505995052e+01
2.201204078603828940e+00,7.490880169106733710e+00,1.212377011370433522e+00,3.703443030663448354e+01
9.279194446988793255e-01,4.983232680911926060e+00,8.208531656674957766e-01,2.438691598588829734e+01
2.750003946900215768e-01,1.579821463731651887e+00,7.059662315251749032e-01,5.410848099961388158e+00
1.759568723853432548e+00,3.567774826636293639e+00,2.269265284882827916e-02,1.916535075837470714e+01
1.730806030416914165e+00,7.901314790481412942e+00,1.621446122462620876e+00,3.699821472208230233e+01
3.090203101072278358e+00,2.288154231516394077e+00,-1.274679382490550905e+00,1.198666231929910708e+01
6.111734034369722401e-01,-3.924203735381671443e+00,-1.849669449256032827e+00,-1.658983520908968501e+01
2.113752864706866852e+00,9.711368632495918085e-01,-9.809483962151045455e-01,7.074967327468652201e+00
7.999884440863143098e-01,1.483272048754952444e+00,1.119140491923024117e-01,8.958678066736947443e+00
1.642045929913319657e+00,5.552410879705389490e+00,8.054492157857106038e-01,2.609093505849548933e+01
7.139483610592107787e-01,6.931838022328827620e+00,1.968371117321955799e+00,3.248549952955477238e+01
4.256440428937693365e-01,9.530651868678982064e-01,2.064487319666223342e-01,4.279115870841416758e+00
2.276699704459911544e+00,1.573651066547538502e+00,-7.554602443601519113e-01,8.753086640098960203e+00
7.545375467535463399e-01,8.535571200174178585e+00,1.953889364606886447e+00,4.086286395456394160e+01
1.942249949262143893e+00,2.306646601059110235e+00,-8.273623030198492545e-01,1.455978126771112713e+01
1.224093054020876092e+00,1.964267663033017808e+00,1.664213879928236051e-01,1.161990487312581166e+01
2.673981974576411957e+00,6.227354817955692567e+00,5.627114265610732025e-01,2.971500453635498928e+01
-1.192114182838535097e-01,3.806396484005292180e-01,4.358078423500006959e-01,1.550226178702086344e+00
2.198078003543344927e+00,8.315567145282914296e+00,1.538683401009353746e+00,4.174450902145915165e+01
5.290144968760812638e-01,3.701967718405052565e-02,-1.505109471849100378e-01,1.851401844906623406e+00
1.824332214744352143e+00,5.844298288695356725e+00,5.081251645817888019e-01,2.990976544629234013e+01
5.140129786847766891e-01,-8.288442351152875975e-01,-5.023062316353926748e-01,-3.162950781337611872e+00
5.103428363817676949e-01,-3.062421171139788179e+00,-1.674475474692126209e+00,-1.276518371973227595e+01
2.181650782418361523e+00,7.027783299569559716e+00,6.417740275455104948e-01,3.508570155401068291e+01
9.150339762818426870e-02,-1.859742683331507607e+00,-5.831822155407399011e-01,-7.284131685489623642e+00
1.365153401297597213e+00,4.610515077115128868e+00,4.111564765278518108e-01,2.253511961939355857e+01
6.255601950709684944e-01,4.264711598416372595e+00,1.518602698381382732e+00,2.086002029744986430e+01
1.581263675395774726e+00,1.018590190594211009e+01,2.231882097773677742e+00,4.969985352522862598e+01
7.744313350570756205e-01,2.886384873617684921e+00,1.218542441503457918e-01,1.598750690601126045e+01
2.016875474649361344e+00,5.849078311084053183e+00,5.037574361990426741e-01,2.924086963679458151e+01
5.174902638690603851e-02,-5.354618019769580295e-01,2.373729701243897372e-01,-4.988977442137949581e+00
3.389692150749923361e-02,-2.642379144067019681e+00,-5.632911712833131856e-01,-1.392431220717269014e+01
4.867949821115278297e-01,-3.249130873803626862e+00,-1.123276669709775577e+00,-1.538684362776223757e+01
5.026185728449583667e-02,1.666052733929111129e+00,-9.574594290301170763e-02,8.558130028271225598e+00
1.312130588388997987e+00,1.613765644416186751e+00,9.130725898288263864e-02,8.444231448490867820e+00
1.254995384269112169e+00,5.135149608715008362e+00,8.439827891449909192e-01,2.598784888920553016e+01
1.904006140999970231e+00,4.666956008952929391e-01,-1.588595926652482060e+00,4.196213827664533547e+00
2.908657219149025863e+00,-2.280005542338068292e-01,-1.474205062325298243e+00,9.074540189604209939e-01
-3.227626820527367268e-01,-9.386015215698424896e+00,-2.703967944635321086e+00,-4.357967904828574746e+01
1.074751063569021614e-01,-3.497983309773366578e+00,-9.927960440707738199e-01,-1.421478560371747513e+01
1.119975641960272439e+00,5.094304824985396607e+00,9.532831904778141796e-01,2.242405888101767886e+01
1.787101001390120514e+00,9.817745938354567325e-01,-1.119600459321109520e+00,5.116224700771899059e+00
5.922552561127756299e-01,1.539178997131838589e+00,1.420772346608930314e-01,6.545064233007144239e+00
2.364424564524596484e+00,5.072961096737884645e+00,-1.521418393949887926e-01,2.521683488179518662e+01
5.748999066694102655e-01,-2.480414968565606504e+00,-8.664702793724033958e-01,-1.206612210525051765e+01
1.623070247008775002e+00,5.056696179371129141e+00,1.099151940473266587e+00,2.366982018836932511e+01
-1.168064912915965259e+00,-3.634596895302903419e-01,7.944217328948612877e-01,-1.864877730746957951e+00
3.556870544751635776e-01,3.143907886201523283e+00,6.426238463791239530e-01,1.480807808013273075e+01
9.324557631657076628e-01,-1.001913607197089107e-01,-2.429284981664102949e-01,-1.751331963546403914e-01
2.358565890061016912e+00,3.039750734358967588e+00,-7.410317759971047913e-01,1.611727259247862776e+01
4.222204060628822475e-01,3.603731603974247300e+00,1.003790549392635123e+00,1.691337606794780513e+01
-4.173348615888112789e-01,-1.252281246512618740e+00,-5.127190935744474487e-01,-6.141271138078902680e+00
1.720538119453260295e+00,4.997616484344747256e+00,5.337262744819781801e-01,2.460365447577957454e+01
-7.904878678323223884e-01,-7.112873883216640492e-01,3.280907836074292705e-01,-3.100240547974472793e+00
7.254141096801912658e-01,4.854532185994727911e+00,8.255209569294044147e-01,2.295213822282386218e+01
1.197747062595948098e+00,1.163747960668193304e-01,-1.299539957387784606e+00,2.789490036507462190e+00
3.216794687038679434e+00,1.272164857677125482e+01,1.444721020908221742e+00,6.258433351341869866e+01
5.587060364901024201e-01,1.307961566755356353e+00,1.506255297312002542e-02,7.869184060848143147e+00
4.637067269886835374e-01,2.526099516536494782e+00,1.014518628395999489e+00,1.102548321014471178e+01
8.417875597202231219e-01,8.588594574491621003e+00,2.493211994247888974e+00,3.906367852741193047e+01
3.632771994754153244e+00,3.180965633184661634e+00,-1.695975230109143306e+00,1.724741297848995814e+01
1.580453649477902678e+00,2.287073988772720057e+00,-4.361567037517918854e-01,1.242757613171339592e+01
1.381798197849085641e+00,6.338555262564461223e+00,1.367122820461443178e+00,3.139778945171415714e+01
-2.568018626344414912e-01,-4.036931390888394589e+00,-1.707268024443309384e+00,-1.829528142861896356e+01
3.691200925332299709e-01,2.347323948413594152e+00,5.914001657244115640e-01,1.283324866977780587e+01
1.617070348312125372e+00,3.268034284575413118e+00,-4.291210178761720173e-01,1.723917298411285515e+01
1.360254010353063592e+00,2.292645857528261555e+00,-2.458415782130753124e-01,1.224316802297001949e+01
3.539157345316690684e+00,4.951879845374270062e+00,-1.244485478683762913e+00,2.637655528448618725e+01
2.396156653234866596e+00,5.458495956430494012e+00,2.642167344633965520e-01,2.687038273785026021e+01
1.656632622508840802e+00,1.912301479162306972e+00,-7.603903598195289604e-01,1.106937347697475182e+01
1.673127700106197491e+00,-7.982612769199117775e-01,-1.018706009512178712e+00,-3.882559693775530008e+00
2.054611218951794882e+00,4.641393805049085941e+00,-1.300788453213308771e-01,2.353668756788481176e+01
2.055650004854244539e+00,6.398153772388661231e+00,8.722991865838507497e-01,3.076712899876763530e+01
1.228404038447749036e+00,4.161777475389455416e-01,-7.095975896323547527e-01,2.411096893485006998e+00
2.291831954773310365e+00,9.247873240240597426e+00,1.822541041420831842e+00,4.406443877639530626e+01
1.055921748715592079e+00,5.729448801465689911e+00,1.031148675552466143e+00,2.741848555713399449e+01
8.120966681064791803e-01,3.616782207375127456e+00,6.692218375305282185e-01,1.800837846390972175e+01
1.495349322719375262e+00,2.290921714024674927e+00,-1.220970578733022727e+00,1.225027645392584752e+01
2.287020077626832126e+00,3.211629179488349806e+00,-3.111351872358201209e-01,1.284537352868014004e+01
1.017723427222006816e+00,-1.009061668290264002e+00,-1.093871511471325109e+00,-2.849179327086384994e+00
-9.654885257396208509e-01,4.381143052206892818e-02,1.692020073143786496e-01,-9.629070325784439000e-02
4.945539553261110166e-01,1.130594176939177409e+00,7.706024135850837731e-02,4.699386932649398219e+00
1.902106116664003199e+00,-1.144182746381356419e-01,-1.157458379990710551e+00,3.697177629861910231e-01
1.986250105582805014e+00,6.783542797593876905e+00,3.353791523269501473e-01,3.440247882008267055e+01
1.696811493528818104e+00,5.640000593498440296e+00,6.683786656514919544e-01,2.708155694018097037e+01
-1.238107354111852576e-01,1.315239056218379110e+00,9.299965101983062032e-01,5.385095801393916304e+00
2.667830465947946816e-01,-3.043316723242976973e-01,-3.185478164788370092e-01,-8.343004907754132393e-01
-1.288534997550676575e-01,1.937726550841967654e+00,6.326371587000457763e-01,1.006254043317420788e+01
-5.696007873838695446e-01,-1.410580439040636680e+00,1.779716154885778445e-01,-6.346163355237867343e+00
1.138073683112514667e+00,2.970371855320177445e+00,6.628223604117601253e-01,1.456072159506530994e+01
-2.412724307985684380e+00,-3.022226559713007799e+00,-3.207576275615288131e-01,-1.615086380455490556e+01
2.215176861139981579e+00,4.006469062656639601e-01,-1.380968809998840863e+00,5.039321914425205051e+00
1.535596653899896857e+00,1.238010116466323973e+00,-5.891070573499005425e-01,6.975329632806102964e+00
2.227514249321488116e+00,3.987210476342548215e+00,-2.038936367614439527e-01,2.234018938059375259e+01
1.094255878344159383e+00,-1.786435343002276577e+00,-1.170875312425479153e+00,-8.085305239979041048e+00
2.359665354419466787e+00,1.180740402868629246e+01,2.163153779241782981e+00,5.642887686033987649e+01
-3.486760841332214866e-02,2.453234607748616014e+00,4.778246694092704860e-01,1.172456727287209510e+01
2.438994878480349904e+00,9.972493270524163123e+00,1.193301874689969289e+00,4.875459834677211290e+01
2.086359270834951207e+00,2.175684552836359309e+00,-7.615414344336298713e-01,1.044711814756481871e+01
4.051362514104482671e+00,7.135530438585211854e+00,6.652128154909540481e-04,3.541540740760638784e+01
5.835107797615801672e-01,7.957394098481278988e+00,1.989785490413721769e+00,3.791026422681316177e+01
5.260405346396994641e-01,1.756634772758820517e-01,-7.426608703801218514e-01,8.292088834121232876e-01
1.529219788120949275e+00,1.129962013355528594e+00,-6.805825076252501882e-01,6.412730764738607370e+00
1.097559104531688812e+00,2.084418056715332312e+00,2.927850149616976205e-01,9.811091889906139230e+00
3.791236627864583486e+00,1.101422742480995964e+01,8.880269175335464560e-01,5.373581327509081262e+01
-1.899930365959285883e+00,-6.507719931526969148e+00,-3.640286565620717840e-01,-3.297503408038242156e+01
1.665652665568386981e+00,6.306954661379856830e+00,7.874380052433868071e-01,3.105649114834526614e+01
1.149546087166640085e+00,3.906990465514206701e+00,-7.280502219810729148e-02,2.114123683802201015e+01
1.754757022393355737e+00,5.485397897353867513e+00,9.975331733536433321e-01,2.920098140229737993e+01
2.250357434064723883e+00,-6.081112901684071481e-02,-1.867915622010879018e+00,1.423187635398804218e+00
-2.504963853146708885e-01,1.518584542355245981e+00,1.566324985439710993e-01,8.485371081724277786e+00
1.825214728425968547e+00,6.373394008591355409e-01,-1.644230375906901687e+00,4.559283978283179550e+00
3.272903992092153658e+00,6.061188200474139087e+00,-2.146237637779979113e-01,3.055294119271056630e+01
1.233007847360771070e+00,1.352874721610380693e+00,3.471366306016372971e-01,7.873917746691023289e+00
2.681136292958428147e-01,-2.532416169094323877e+00,-1.068793227166999538e+00,-1.150899517556456964e+01
1.636582634944196535e+00,5.781442094091242545e-01,-9.235276068524664872e-01,2.096649184880444494e+00
1.492649412702148348e-01,1.679013172781930630e+00,2.740158194834712568e-01,9.079041141229724943e+00
1.156975667255746298e+00,4.550064178565166984e+00,1.269713857608195662e+00,2.008578943968589314e+01
1.040233275961937043e-01,2.546294462313464457e+00,8.274997898354363723e-01,1.082366890756348710e+01
1.359578323618178430e+00,3.268775348049844709e+00,5.506241389290245786e-02,1.589417614347906849e+01
1.606556470238956980e+00,1.177107299596824586e-01,-6.158577464547050351e-01,1.768059074580727419e+00
6.141133469346047313e-01,8.112772318031668206e+00,2.010398165694936345e+00,3.860287476612187163e+01
1.855524088569563190e+00,1.555214913562541490e+00,-1.312450609199780072e+00,1.007956942740297279e+01
1.905122244196347125e+00,4.225398284750617073e+00,2.395307402991262991e-01,2.186585315833887933e+01
2.945551785527702471e+00,6.471341022154128098e+00,-6.511186655763150088e-02,3.281173631504538690e+01
1.074523658381950852e+00,5.938829021188134050e+00,1.393376829325572608e+00,2.831712500158322854e+01
7.905063105589680283e-01,6.780802867705955084e-01,2.490293863693286147e-01,3.486813524772505613e+00
1.520737940033174862e+00,1.942824073610655011e+00,-4.566991722138163956e-01,1.133811884409283621e+01
9.371910117687672903e-01,-1.449103382302426635e+00,-9.199844723367054389e-01,-5.407292886240298024e+00
1.328143878737563011e+00,2.031846370280868452e+00,-2.392700652662984456e-02,1.045888961596575228e+01
9.053890624380622754e-01,-4.432803264658985221e+00,-1.896560783555559793e+00,-1.972470897589746031e+01
-6.742921138064075226e-01,-5.064278099624306861e+00,-1.107480049652476373e+00,-2.304723740220260453e+01
-5.152667548774201300e-01,-3.618475493907305829e+00,-6.179617089924831497e-01,-1.902267306337920161e+01
1.514861810709598355e+00,-6.535723499881559428e-01,-9.306500060328233292e-01,-2.546482696183586469e+00
4.203058278104057521e+00,1.084934405534247759e+01,7.302009190613395484e-01,5.360451333232894910e+01
1.997568010818285389e+00,4.471459137061525979e+00,3.266745412583202390e-01,2.082154912213656672e+01
4.581554578595353755e-01,8.450603627917668836e-01,1.991851448562163562e-01,4.233292645892936079e+00
2.036954997097731646e+00,4.942456722233218969e+00,2.622475573012992278e-01,2.456570231312377928e+01
1.107226295298464613e+00,-1.058557945558297630e+00,-1.250282298882320786e+00,-4.075676742113944151e+00
1.791947478196421972e+00,-1.461426194481345808e+00,-1.729891225552979916e+00,-6.126744260117267693e+00
-9.835817627383400819e-01,-4.154867718349784411e+00,-5.696913522938757968e-01,-2.212996399797354030e+01
7.172748663283401438e-02,3.005394736236234543e+00,6.469225469649283466e-01,1.646824015676813957e+01
2.493266312203614277e+00,5.974479542409786070e+00,5.823889419448027849e-02,3.177610874271080377e+01
1.258057306473898684e+00,-1.659302429621950070e+00,-3.134636013067606530e-01,-8.033901829053398558e+00
2.058414708662910986e+00,3.090592141263392101e+00,-8.963614710173796463e-02,1.582041935588196147e+01
3.651590990262075787e-01,-3.561992158296861000e+00,-2.056341928279898035e+00,-1.710961666800512404e+01
-6.047292264686914276e-01,-5.965652485098589253e+00,-1.835373956803000306e+00,-2.740196332336652674e+01
8.704322208541690475e-01,1.023619770670500584e+00,-6.577948141037681662e-01,5.954010904412718297e+00
9.148483359535536374e-01,1.668346573204996908e+00,2.208213199961922280e-01,9.589864266571458629e+00
2.953206025680474855e-01,3.060815164808219357e+00,9.070871522480279392e-01,1.132291798169180908e+01
3.748861305177642045e-01,-4.546697262593413669e+00,-9.799514730538688712e-01,-2.163562688219346342e+01
1.252348793472920718e+00,3.459489895309229901e+00,8.695104713480437120e-01,1.676038736740363788e+01
9.116717977976191989e-01,2.576347314291484558e+00,4.499313309784780945e-01,1.299584012208816297e+01
3.910881151749110440e-01,4.818084872821168041e+00,1.676458579371220114e+00,2.201292096933037001e+01
1.417382827377721366e+00,3.406215208829953323e+00,1.743594441689684804e-01,1.569049831714605148e+01
9.774400306363714153e-01,-8.007394300458049452e-01,-1.150462414236845810e+00,-3.187923546862351021e+00
2.270176632665709349e+00,4.646747495833182917e+00,3.548918680814572846e-01,2.280492545645514468e+01
9.399566481206409474e-01,8.542681923874743122e-01,-4.331435396853149378e-01,4.475642953441308691e+00
5.733041877212741166e-02,-7.711466094051945275e-01,-5.626458331806067914e-01,-3.808338250669998537e+00
1.745420186692842712e+00,3.349314573095329539e+00,2.273631201901137600e-01,1.537996395225768609e+01
1.728745725215040663e+00,8.610845085237357921e+00,1.745659653182600080e+00,4.121462231361413586e+01
3.401264216132526830e+00,6.375186209232110990e+00,-8.804007137533906291e-02,3.201534782595559392e+01
1.290460822088222548e+00,2.698429015082658200e+00,-2.051341040411294725e-02,1.219600981647238491e+01
-1.347519482679382374e-01,9.984839340769013916e-01,3.548551435441011370e-01,5.126602423100940165e+00
7.404830312450143559e-01,-1.196360489397053639e+00,-5.916745856677245730e-01,-4.719910650377160621e+00
2.242151504504276360e+00,5.541148822668377605e+00,9.834263383079624443e-01,2.680106752471641585e+01
1.883769088685586235e-01,2.195895963554935548e+00,2.021515180698600367e-01,9.889659298430522938e+00
2.175419725954998107e+00,9.466064618321933466e+00,1.006653092766920388e+00,4.609264360774119496e+01
4.449338723463092116e-03,-4.358168889655243738e+00,-1.481701960133872564e+00,-2.084594288531327777e+01
1.835571280129850047e+00,4.641052795165646394e+00,4.012059025194529283e-01,2.290334541500033438e+01
1.443384272692692205e+00,-2.303251855181136509e+00,-1.660522505117874248e+00,-9.088799043545222389e+00
1.641387284577464190e+00,8.163308091447202486e+00,1.513827950231854569e+00,3.926695190354126197e+01
5.959590602878416243e-01,1.134477579424321148e+00,-7.195741528505388007e-02,6.309051905583981323e+00
1.723858763438266717e+00,-3.678255227288369067e+00,-2.313832694263343370e+00,-1.524707346650900242e+01
2.770543387433967553e+00,5.892550335076206736e+00,4.894984882723956710e-01,2.773961335637565284e+01
1.937008684297923278e+00,5.818425491790881310e+00,9.042444504975516439e-01,2.744806640901001060e+01
1.478661844261402791e+00,4.299095385012005721e+00,7.495834976272408579e-01,1.952228615573961790e+01
3.376458752277490261e-01,-2.702113746073922851e+00,-1.354675962493570696e+00,-1.165327427540177041e+01
9.086862507567622371e-01,2.710150187297630353e+00,-1.513300281522529656e-01,1.476386634681200505e+01
2.501593645813428690e+00,3.529244962960296661e+00,-5.458493211285487812e-01,1.599656303570655957e+01
-1.121359356420918996e-01,3.288430126242095408e+00,1.123275610790396062e+00,1.507557378330724340e+01
-2.159189975468680078e+00,-1.539130721581685624e+00,6.010092941634630481e-01,-8.068646069321905756e+00
1.092802478927853649e+00,2.099451259528906100e+00,-5.264754724661817320e-02,1.194207539065114787e+01
1.128338381632954190e+00,3.609313276927751613e+00,2.069114332277704471e-01,1.787127225084858750e+01
1.093174450729249569e-01,1.436026521730288996e+00,2.720032927174473869e-01,7.379429735372981192e+00
7.622796713296292603e-01,2.097138275191008816e+00,1.174888382709882578e-01,1.121245268843762588e+01
3.879315761758147740e+00,6.946713540652674546e+00,-4.911623157470189627e-01,3.425017611007899632e+01
9.980756803596597670e-01,-2.173904890386450184e+00,-1.061627555994744121e+00,-7.910001651039061166e+00
-1.027821142153959588e-01,-4.513162341642257935e+00,-1.408482893185038609e+00,-2.098787315821052957e+01
3.032872686339707080e-01,-1.523615891326079108e+00,-3.421639535562001622e-01,-6.569422830390138301e+00
1.395198421940027966e+00,9.635802838958969829e+00,1.632940157931473957e+00,4.878312265208051457e+01
-4.055628290075894427e-01,-4.468923934390286234e+00,-1.421592540447210506e+00,-2.137044199097422847e+01
2.596837273028477000e+00,3.052908073250550025e+00,-3.749272926988199695e-01,1.523327591947570880e+01
2.032283918589925076e+00,6.426984974827846919e+00,1.055364548336784836e+00,3.107186959785617120e+01
-1.351886731851226209e-01,-7.251596606986536742e-01,-1.532490955250874476e-02,-2.810216759513089801e+00
3.209156295227033162e+00,7.259553240998721790e+00,5.278630714084933118e-01,3.469007768798942237e+01
1.222235047572878708e+00,3.280688998866496231e+00,2.868881571110753481e-01,1.869850543287972400e+01
6.867646468214323452e-01,-4.015742124884546627e+00,-1.710039374135142509e+00,-1.663475699352714443e+01
8.009177357200339964e-01,9.256650561651426079e-01,-4.530409514959229389e-01,3.980196623857970906e+00
1.289842469958515370e-01,1.949226665883270204e+00,4.343354316032952966e-01,9.461347026953665917e+00
1.015711778091157091e+00,5.100935943761387037e+00,7.117915286779666895e-01,2.638079865425659065e+01
2.787797232174200612e-01,6.932678613284007696e+00,2.478841391613132217e+00,3.099685628606814447e+01
1.452956790609931215e+00,5.189397481320197514e+00,9.312222422407697708e-01,2.581223600725976652e+01
5.877432465237664161e-01,5.447609402178342997e+00,1.150152454002202118e+00,2.604593351251152811e+01
2.612031084050940866e+00,3.997849693865809240e+00,-2.942855617237469801e-01,1.841665554915087455e+01
3.995935702759081387e+00,5.791367508437257783e+00,-3.450113365649797870e-01,2.912443028823548019e+01
1.687303432545221193e+00,7.591752490894355887e+00,1.310747599272734876e+00,3.867187256472594470e+01
1.950576695907936919e+00,1.052468444961258132e-01,-1.132003637157877218e+00,2.124310993197986441e-01
-2.416338039469276833e-01,-8.145789196167029900e+00,-2.358212250041855196e+00,-3.842035334333061058e+01
3.255424285263819328e-01,-5.406904889294938954e-02,4.134582506577691441e-01,-4.452187643125297134e-01
2.098284465576319979e-01,1.897845916489482754e+00,2.674352543664925697e-01,9.867492492268100435e+00
1.199342575282245082e-01,-1.274881460516503751e+00,-3.471088633820819669e-01,-5.655362851609742059e+00
-1.547607287804519949e-02,-2.546944839886977618e+00,-7.287312940116134063e-01,-1.135922772010505710e+01
4.428750986630209940e-01,2.231243119315402534e-01,-1.296345859823559155e-01,-4.684524675280288264e-02
2.445745985687473478e+00,3.996047472709889803e+00,-2.613188454803371252e-01,1.977023804283077268e+01
2.997754181205013468e-01,5.718317103978964866e-03,1.384005378654692142e-01,9.369454685762129698e-01
-4.092742491473844169e-03,-4.688064126496985118e+00,-8.967964296274639757e-01,-2.164266724391274366e+01
1.630350901529986185e+00,5.938461013043927483e-02,-9.999906506711748744e-01,1.187445571901462049e+00
3.095637713748867981e+00,2.557241885008445070e+00,-7.837050492979517058e-01,1.308749200077663666e+01
3.878315290760163681e-01,-9.251726645695539375e-01,-4.524428765067571301e-01,-5.239438075314842180e+00
3.968621240530771921e-01,-3.139775897253992198e+00,-1.223530588183196377e+00,-1.428669906764662301e+01
9.818304715161223495e-01,2.041842010170316968e+00,5.601739242518435358e-01,9.862382805028106603e+00
7.589842120987568830e-01,6.971793910289957319e-01,-1.212439808035946642e-01,3.988810145937515816e+00
1.182629508762288895e+00,-2.347546901204964342e-01,-4.905872697393395265e-01,-1.383838446325956539e+00
9.983768067119103140e-02,-1.516523254331834658e-01,4.964991517553161982e-02,-6.143483218141141400e-01
6.890571814367141279e-03,-3.962907869071523592e+00,-1.020126808868174972e+00,-1.895279091231233792e+01
1.861306793556804173e+00,4.287233021983215764e+00,2.508909683330687868e-01,2.164155661886170279e+01
-1.028500256698537285e+00,5.062804968404652772e-01,7.278779921513025553e-01,1.232008565538084355e+00
1.968533743311823514e+00,2.923154740816452435e+00,-5.116345072773341440e-02,1.270202868905711746e+01
1.412446935011040239e+00,3.600983873946464464e-01,-9.143158140281372193e-01,3.840781846070950856e+00
5.713098052248677394e-01,-1.703231751930555093e+00,-1.200445017647202350e+00,-7.691845097899605577e+00
2.262808730408806923e+00,-1.551137191122420544e+00,-2.620557453194162445e+00,-5.042405459399319057e+00
-1.244796558056410873e+00,-2.550132912275226538e+00,-3.539962469381240096e-02,-1.242074201506604680e+01
1.920570909788458458e+00,3.708278146465675107e+00,-4.541145310359623877e-01,1.652324958174596858e+01
8.318290130141080541e-01,6.396584107642854455e+00,1.017943360177205436e+00,3.301383247431024870e+01
4.210123972862411801e-02,-7.087893301253700429e+00,-1.566385635636975193e+00,-3.416082602752830866e+01
1.076031061047986626e+00,-9.706945349292397385e-01,-8.793173773153059036e-01,-3.989826111832468936e+00
9.154089292362870278e-01,1.413170755822193980e+00,-2.200281091544019629e-01,8.685141451221758402e+00
-1.561777622703341528e+00,-1.445478537911927486e+00,1.118906754795497172e+00,-7.077317218092214368e+00
1.636466655857098829e+00,3.714785839819376712e+00,-5.103119511124595484e-03,1.968042141301721060e+01
1.840216486702837884e+00,2.928000405673287787e+00,-4.566293407031619678e-01,1.558695714953085698e+01
7.342431373810924811e-01,3.465525257406190107e-01,9.907049969830845904e-02,2.325785985727954142e+00
2.025844080302952044e+00,5.346830108227917044e+00,6.608065570033240244e-01,2.643345417632971106e+01
4.934903813340282275e-01,8.293182912679545993e+00,2.394896773114845168e+00,3.835298555141915955e+01
2.600734891002914217e+00,3.515563815682128279e+00,-7.345412307204733926e-01,1.992481626173925235e+01
9.708272431496881572e-01,8.277894972968098841e+00,1.515646777714104942e+00,3.860365532321405624e+01
5.217682083814008109e-01,-5.181139944917322993e+00,-1.405089640964539699e+00,-2.443699469465538598e+01
2.652185341908942728e+00,5.182078400387423400e+00,-7.582845248229254376e-02,2.616598254405832336e+01
2.113575642136718002e+00,1.760413970497344049e+00,-4.893225996000444278e-01,8.348083741169002536e+00
-2.299291218593044750e-01,1.284938708282399755e+00,9.716975272133551167e-01,5.728863671154084791e+00
-9.446622940715552197e-01,1.288489144305244860e+00,9.691907885341858320e-01,4.679990257115035135e+00
1.936159665296449228e+00,4.021169643595682963e+00,-5.499125277422709512e-01,1.963533802264071682e+01
1.425443260637139220e+00,8.186789887070735627e-01,-6.340148379122598210e-02,3.891781295929502171e+00
1.318196864302638271e+00,4.560328490423469106e+00,6.903606187779198766e-01,2.152213742686053166e+01
2.754526011197042656e-01,-3.321845547477161986e+00,-1.412526451874484668e+00,-1.408255625682164869e+01
8.789483433856182248e-02,-6.913600695346406866e-01,2.966698910899737140e-01,-2.024868970070152763e+00
2.341198746224455896e+00,4.088055114780751453e-01,-1.456619324149725170e+00,2.735438276456021889e+00
1.915010418675719084e+00,2.488803772296432015e+00,-1.194019618090994272e-01,1.209398110074695154e+01
-3.717961404560066185e-01,-3.153073665911850565e+00,-9.355672034731649100e-01,-1.603885279179813494e+01
8.168406440472768537e-01,2.940188095779813438e+00,5.445606418034126383e-04,1.563959715131960593e+01
1.312580209430587619e+00,2.765541418460462086e+00,-3.945744822425920617e-01,1.401681963946697884e+01
2.157697432777921698e+00,2.836281601737252966e+00,-6.396161293382617297e-01,1.541292528058099265e+01
1.396186460123420181e+00,4.762717916452205991e+00,7.507069487288237086e-01,2.347580231946048457e+01
5.016158604582010572e-01,1.240442299703119478e-01,1.175062043333302414e-01,1.032275914730931721e+00
6.964293533434585681e-01,-3.212589458516179608e-01,-5.516009256005912631e-01,-1.600817410649358674e+00
2.051082267426048045e+00,3.193062233351442458e+00,-3.759877633531874541e-01,1.655780837984605824e+01
-3.858660585200053283e-01,-9.612600820340377439e+00,-2.028724875635735003e+00,-4.527544316782263678e+01
2.976344700152822043e-01,-3.363556220173899991e+00,-1.441459641281247039e+00,-1.456904790931386096e+01
9.716997557050836010e-01,6.131756409781152328e+00,1.208395727884318260e+00,3.002087371307892383e+01
1.428602057014844107e+00,8.199844681043474637e+00,2.429668873227888604e+00,3.810119361401248028e+01
-4.858113325654245251e-01,-3.047282463297792954e-01,3.572356226324050477e-01,-5.881786312656043236e-01
6.990725005758204880e-01,2.434996366104224208e+00,-2.676055841329060270e-01,1.419246912139351124e+01
9.780761708837718560e-01,-2.258075559394656651e-01,-2.404582604774122279e-01,-2.197400027335520090e+00
1.526256596944333577e+00,3.049883429835923643e+00,3.827647583255006647e-01,1.551308793705518951e+01
6.258249730565532687e-01,8.318617385673691134e-01,-1.453156680703311110e-01,5.562434168341105156e+00
8.310415330604058459e-01,3.483512123459186594e+00,8.414614184250360784e-01,1.570812484066847148e+01
1.370733290096860513e+00,5.819766744602955733e+00,9.008759842099749449e-01,2.848019614706525715e+01
7.099181174238671233e-01,2.836077331954411029e+00,2.755929770016134484e-01,1.442695966762116910e+01
8.216536257228495010e-01,5.246204022527408917e+00,8.907215300831055060e-01,2.563833496750567775e+01
1.296177967461914937e+00,9.544930755855938198e-01,-6.865039198732116876e-01,4.121715700051903575e+00
9.469365677968692996e-01,2.591593556519147690e+00,9.185000372971813265e-02,1.154359381696611564e+01
-1.536695273143684481e-02,6.396562590435174167e-01,3.023546816464866005e-01,3.872233078660387573e+00
2.476611362820809070e+00,3.800472322731107244e+00,-4.427133364990256670e-01,1.811671270549719637e+01
5.141647040596201146e-01,-3.149424182290529561e+00,-1.169587293576693554e+00,-1.443114381929552614e+01
2.592169862734475139e+00,7.335043236153855339e+00,8.792244056353188952e-01,3.560565153708182606e+01
2.058915531483488603e+00,4.099789278430113981e+00,9.306715593253515884e-02,2.345302960940420434e+01
2.198348690684752693e-01,-3.483272631314424106e-01,-1.055418615578818664e-01,-2.709243072429600829e+00
-3.253882292342351601e-01,2.229531508170210063e+00,1.318973228393103936e+00,8.912250477667113202e+00
1.859257549106984708e+00,7.214258900985895728e+00,1.070373144880728100e+00,3.633843085217586832e+01
5.278917299026555376e-01,6.714057539331476088e-01,-1.236965572451714512e-01,3.532755613320575971e+00
6.085391499604317911e-01,5.374521136080586459e+00,1.737772817565390593e+00,2.629756292012249475e+01
1.467788934016289737e+00,1.473734259163850036e+00,-5.720744778903056327e-01,7.075958480511292059e+00
1.091279240567176734e+00,8.231859814990661661e+00,1.998734730621324784e+00,3.889840330183863415e+01
1.908793308326930616e+00,5.831518129628304514e+00,5.805320634086796883e-01,2.958614945049562550e+01
6.413886896403117044e-01,1.401841013860789298e+00,4.612028202301954316e-01,6.053354546130574221e+00
-8.243638828817398956e-01,-3.792656050790831124e+00,-7.614554698671942568e-01,-1.775543406719258499e+01
2.310303231328985074e+00,1.160768887244318481e+00,-8.454098063690165255e-01,7.477069563158368126e+00
2.118283436689894828e+00,5.821602142627705589e+00,2.737497357307590584e-01,2.795516732446777652e+01
-1.517192111301491675e+00,-3.942769911153294338e+00,-5.523675536001118047e-01,-1.772297705385313193e+01
1.194459022038058649e+00,6.273890931958123751e-01,-4.957125297717772903e-03,3.088168434324605638e+00
2.243452059782693020e+00,8.504384467221097310e+00,1.359685123585103295e+00,4.091141198650625199e+01
2.286428381098439822e-01,8.677178556897597872e+00,2.377598739966609198e+00,4.121728322918288967e+01
9.766882830096531576e-01,1.130271275417450205e+01,2.655670495077203430e+00,5.379407990057564604e+01
1.677347822740457239e+00,7.984202378720330895e-01,-1.276393074358593172e+00,3.357352651709365254e+00
2.775320831220070339e+00,3.806903053415082283e+00,-7.701393865913382930e-01,1.998013231841492754e+01
2.872079046359951038e-01,1.998908065107999121e+00,-7.580460711793748918e-02,1.076777188718432399e+01
5.739063722516785093e-01,1.483386489029014932e-03,-1.653451262723129034e-01,-6.001511293739129060e-01
