8.574311643871230793e-01,-4.249085306592879974e+00,-1.766586508951686563e+00,-2.150662949633144905e+01
1.248239763601559194e+00,2.138958125844718783e+00,-5.439576553891773553e-02,1.207275160765941280e+01
1.149089527592469517e+00,2.173596401571519454e+00,3.952960521142120931e-02,2.697956358907607211e+00
2.948008699620812578e+00,9.826895776553760342e+00,1.252322601166710792e+00,4.762657708499131104e+01
1.025574937652659058e+00,-1.059691867439749302e+00,-4.699992272202274668e-01,1.063367873292739674e+01
-1.125784587710834561e+00,-2.680389375210291192e+00,-8.283135631652063235e-01,-1.140126162116338371e+01
8.405621359809596349e-01,3.499124573244527525e-02,-3.580255184474222530e-01,-4.557387178592074983e-01
-1.065136112354820863e-01,-4.030621766433364783e+00,-9.220559181228905610e-01,-1.853796779790491200e+01
6.465678113459143450e-01,5.361141217876447485e+00,1.067047379556470776e+00,2.516765462664627861e+01
2.736934392881837930e-01,8.304418307612693173e-01,1.050555078509825963e-01,3.698742013587581923e+00
9.657456517167885002e-01,9.053143627876535371e-01,6.626498030302911679e-02,4.127668647025470428e+00
1.981943679591057661e+00,1.759549122976815205e+00,-1.865081106458615912e-01,9.319004356711136694e+00
1.264115262149026808e+00,6.658864610640881310e+00,1.062020246337562090e+00,3.214677010900172860e+01
-8.001640836824952530e-02,5.630549635923842722e-01,3.058766426998872356e-01,6.465967775549972263e-01
2.200400576052313095e+00,6.515773346668145116e+00,7.782583376395825203e-01,3.076302463049439950e+01
1.594595734343613902e+00,4.082105738421534902e+00,2.004596099423320010e-01,2.122795228170165416e+01
1.442228021995454412e+00,5.464388674087435227e+00,4.183085266391682322e-01,2.785299303186288711e+01
-2.613049472631057135e-02,-2.261237294646496476e+00,-6.679443303067544857e-01,-1.139979738815791244e+01
2.576525730615092158e+00,3.264464534101811033e+00,-5.724962605736070298e-01,1.776805013922887255e+01
2.253078224760714399e+00,1.142096696750075679e+01,3.952960521142120931e-02,5.464015369960176827e+01
9.657456517167885002e-01,5.640457399852112808e+00,3.584405803523300071e-01,2.855394407926654310e+01
1.780454132093765462e+00,-1.105825001858223633e+00,-8.661907772399307648e-01,-3.135278451645896691e+00
8.508521035263210130e-01,-1.957362151589068677e+00,-9.847699311594554361e-01,-8.046182469108332569e+00
9.657456517167885002e-01,-1.882986247083412445e+00,-1.350797184739059187e+00,-1.037069030261111635e+01
1.275470672826019669e+00,4.635506879626942300e+00,4.906273718408936113e-01,2.417957277853291487e+01
7.165958157935174988e-01,-1.295601515339968035e+00,-7.347577749238917155e-01,-5.594228495391486256e+00
9.726120028948535001e-01,6.348316926604801402e+00,1.149361739374199054e+00,2.943269550855591277e+01
-4.498203099457842580e-01,-5.700166897844972880e+00,-9.645815316272726703e-01,-2.772469612910913739e+01
5.667208746774239359e-01,4.093247745593235898e+00,8.496020305526286176e-01,2.018685934897887080e+01
1.137124975391880843e+00,-1.401327442531140610e+00,-1.337083605783948581e+00,-5.256570674538061816e+00
-4.893656327217850155e-01,4.199395225246183028e-01,6.777664865298120844e-01,3.456007782841101328e+00
3.427786791328080174e-01,2.173596401571519454e+00,3.952960521142120931e-02,1.063367873292739674e+01
1.142622084752173306e+00,4.472763091960392678e+00,7.705942577172443242e-01,2.099480463787055484e+01
9.657456517167885002e-01,-3.027748365445059875e+00,-2.350685311536014233e+00,-1.342060805916763755e+01
1.486666029367990083e-01,3.474246930955249280e+00,1.124321049641086034e+00,1.628347913825874116e+01
-1.112453939129142366e+00,6.216794412400979963e-01,9.301882096712242864e-01,4.104512275317910408e+00
5.948140130365834333e-01,4.779287459207429478e+00,7.566918344010692410e-01,2.345647305622342316e+01
1.401986983248085572e+00,1.170281072812893397e+00,-1.075813671698284457e+00,5.756000310617264581e+00
1.135748122150098016e+00,3.240119584645879236e+00,-2.870363161312917688e-01,1.651496928647168971e+01
-9.570468889004772883e-01,-1.633621266818450213e-01,3.141854978643360830e-01,-1.931945252481007458e+00
1.175450223371782954e+00,5.838954394493790723e+00,1.411287924598171539e+00,2.659887944329290832e+01
5.304024230011221697e-01,-3.118069763215387535e-01,-1.342063664180884186e-01,-2.351402923042347215e+00
9.937050624093325402e-01,2.725377754141280029e+00,6.197758649957665900e-02,1.295615439974817740e+01
2.452189829049830294e+00,8.149537522869989559e+00,5.975260952642662549e-01,4.013956044065142947e+01
2.228083349738426922e+00,4.743251637457715830e+00,3.783313000103191714e-01,2.363107173393444427e+01
1.441426865039058258e+00,4.266666532270895651e+00,3.952960521142120931e-02,2.240611229262701798e+01
1.982549700707295859e+00,3.674602970462359508e+00,7.028963174120359458e-04,1.946915723319102653e+01
1.222380789614385010e+00,1.973819458341235178e+00,3.429758542467813420e-01,8.922311770129564223e+00
1.267325270950611760e+00,4.998870811527519997e+00,6.909980944516086465e-01,2.395550152315660952e+01
3.490209599503963922e-01,-2.619433599460639361e-01,-7.138197470150332846e-02,-6.980674792646289761e-01
2.301790965032993519e+00,4.428847867097886137e+00,2.241989685447004499e-01,2.283231873811076795e+01
-1.200801818871556570e+00,2.173596401571519454e+00,-2.092881549591962376e+00,-4.077272330930755118e+01
1.202749105036610811e+00,8.992664412142071129e+00,2.022110040668140485e+00,4.375324549703215382e+01
2.426773244662394191e+00,5.487059693637094782e+00,5.628114508971171492e-01,2.802489545009285976e+01
1.212458719526326112e+00,1.300175325070876742e+00,-3.599364405418838397e-01,7.841039713640807207e+00
2.650069327709537070e+00,8.550641314468311549e+00,3.952960521142120931e-02,4.360309848613071892e+01
2.117041818883982351e+00,2.173596401571519454e+00,3.952960521142120931e-02,-8.826052786220337509e+00
5.851432710971575801e-01,-1.583779934697136627e+00,-8.343794534772728255e-01,-9.342753353389102955e+00
1.043849545819479196e+00,9.743679897659566214e-01,-8.700207123621556127e-02,4.870044825978069092e+00
-1.237343822355092549e+00,-4.898360340914958755e+00,-7.112977256693838735e-01,-2.433290483577927077e+01
1.613478544899506151e+00,7.349103425530227440e+00,1.033788077539399053e+00,3.433299003418892426e+01
1.229122058890310454e+00,4.173368374350411969e+00,1.605901080031816308e-01,2.245885933357765296e+01
1.678825264115980653e+00,1.160441512227434480e+01,2.286589030356137364e+00,5.435713359196176953e+01
3.697295569623956224e-01,1.673691946977034828e+00,2.183822194850721377e-01,6.981516956077860492e+00
3.736686549445666916e-02,2.961779046130689430e+00,1.357744515535875163e+00,1.425193382451350388e+01
2.380407359080983554e+00,6.289324728093151684e+00,4.077400868983469540e-01,3.084276252730458268e+01
1.257311927745787594e+00,2.173596401571519454e+00,8.121028397342047178e-01,2.321792610619811725e+01
2.388157954339948041e+00,4.066516652939792031e+00,-3.132652847203672986e-01,2.116827181483738940e+01
9.657456517167885002e-01,4.362946213898552195e+00,1.152664569603826905e+00,2.095777410577208144e+01
1.136799511265816687e+00,-8.660372721037971067e-01,-1.291127738573294659e+00,-2.615863789280808760e+00
3.330108286455054634e-01,2.907882312350907661e+00,7.392657487456878451e-01,1.262506531321013803e+01
3.488222159694035485e-01,-7.470265566023001291e+00,-2.802447118016565319e+00,-3.398400477795014041e+01
2.404664738901811205e+00,8.012335847687278800e+00,1.320211392943618334e+00,3.851215030028064490e+01
1.844781642882689088e-01,2.173596401571519454e+00,-2.286567670132488406e+00,-2.798887668831574871e+01
9.416338676535578323e-01,5.609714514533296281e+00,6.038413849579704618e-01,2.789606777328724618e+01
1.184046230566703217e+00,1.577648816024933009e-01,-5.840163531906443772e-01,1.174499051559757312e+00
7.815845495929555353e-01,-2.842056691656475564e+00,3.952960521142120931e-02,-1.312651605580712655e+01
1.584238086476517982e+00,2.882446034808133994e+00,-4.784961132778405846e-01,1.063367873292739674e+01
6.126031703465348865e-01,1.008416223332735395e+00,-9.143578480592454150e-02,6.154357467879316701e+00
1.935464842285754994e+00,8.114268629698871749e+00,1.498254384969519126e+00,3.859746298367219453e+01
1.454330650747133191e-01,2.186191757650017387e+00,1.163431236075148423e+00,1.168771291113799826e+01
6.939589550745342006e-01,4.513137971623633060e-01,-2.574600253180002185e-01,1.743090777225677179e+00
1.129765866009974751e+00,2.173596401571519454e+00,1.895245916585987622e+00,3.353440133804797796e+01
1.166132225346414142e+00,1.820883923932905102e+00,-4.375542647341894575e-01,1.027408906184811599e+01
2.879011050314137954e+00,5.543021977021906466e+00,4.341118044045613050e-02,2.613608438863818861e+01
2.260470829457830622e+00,5.871216858817098760e+00,4.058050966364335488e-01,2.760354371025355036e+01
1.276356714563792183e-01,2.173596401571519454e+00,3.952960521142120931e-02,4.392163632150730912e+00
-1.989152533155525759e+00,7.003533616216670588e-01,1.073917748240813985e+00,2.629557699676966731e+00
5.780638966481890240e-01,3.103194023695595050e+00,9.386934466192010662e-01,1.415488800781930223e+01
1.224831563427838166e+00,5.525000825921538627e+00,9.374297216963636270e-01,2.719133918792444859e+01
9.657456517167885002e-01,5.335377789558676476e+00,-1.340441978418456526e-01,2.468487813040870194e+01
9.657456517167885002e-01,3.519319000480969351e-03,-1.803253258540498560e+00,5.569030111930661775e-02
1.261567923906032895e-01,3.772834491395393286e+00,1.120206314598260589e+00,1.865811746474872379e+01
2.906681615967071641e-01,4.929205906430120798e-01,5.315609374132108655e-01,1.587820548946282440e+00
1.380707238831896833e+00,1.332784010307593192e+00,-3.213680090896365305e-01,7.469622948958803299e+00
-1.138033870723240693e-01,-2.299069983325951583e+00,-1.234657101273352486e+00,-9.226758875788082293e+00
5.461762676081280965e-01,5.497286472191060813e-01,-6.876525137187846637e-01,2.390828467737878604e+00
3.281753332537005186e-01,2.033143952724201231e+00,4.878038987515642133e-01,8.723168043443635611e+00
1.117314915980268664e+00,-8.434081527256975797e-01,-8.734207469343207020e-01,-3.529505132771852072e+00
9.657456517167885002e-01,6.381872037654066077e+00,1.659048815634015073e+00,3.013409287824211802e+01
2.523801409006455554e+00,8.305528410357235103e+00,1.082658302105550918e+00,4.266274114676458851e+01
1.077120770258745308e+00,2.314190625120578382e+00,-3.999233938945417899e-01,1.226003293736807542e+01
1.891699866075135628e+00,1.541794721330506324e+00,-4.192247165932556641e-01,8.317300948393373972e+00
1.103496652213997731e+00,-9.693660855776318197e-01,-5.743833068666774899e-01,-5.364680417345075725e+00
7.130934656477225797e-01,-1.050296712201217231e+00,-9.708289204896095592e-01,-3.467752249968964584e+00
-7.892350175996789563e-01,2.173596401571519454e+00,-9.893114820176511781e-01,-2.124998999134647804e+01
1.957014505642543423e+00,6.746210219024949772e+00,1.025101985332763643e+00,3.329810466222159704e+01
1.189438890929674253e+00,4.502797186957405717e-01,-1.108304080433673233e+00,4.476263268731414335e+00
4.893909055298802935e-01,2.476211632962423526e+00,8.555165971956731896e-01,1.178074691053632073e+01
1.005992499060496037e+00,2.173596401571519454e+00,2.912818751088825375e-01,1.261291277531449495e+01
8.041413033416342504e-01,-4.401302270708467468e+00,-1.702823445145379644e+00,-2.022821385174317044e+01
-1.100933012734717664e+00,-1.310051181464016334e+00,2.418167303524621226e-01,-8.152060600556612968e+00
3.710835691520091739e+00,9.947956536491894042e+00,7.071968945589119926e-01,4.911304037690485558e+01
7.806245408560643639e-01,7.763719577107289771e-01,-2.717318676746140194e-02,3.666183954589767868e+00
-2.042056871541264584e-02,-8.649646372303387842e-01,-1.786765304783843045e-01,-5.222138604765500958e+00
4.790562645623707150e-01,2.204216940483912701e+00,7.119336091596318861e-01,1.002465793167502284e+01
1.416829678020515848e+00,2.502400222723445644e+00,1.191311775864157541e-01,1.087982700910970735e+01
4.852607183168907712e-01,2.173596401571519454e+00,-7.606774344055305948e-01,-7.850190812835558418e+00
7.586587908360750143e-01,2.546168275663727165e+00,5.033663288513295919e-01,1.293310656633289923e+01
9.353402459030188965e-01,7.663644496241767357e+00,1.183368440810124156e+00,3.647492763090394163e+01
2.306457373464472660e+00,4.909730768563711933e+00,4.892636709276068641e-02,2.495943879299000301e+01
1.134697267153844891e+00,5.550585846272525714e+00,9.606773729013229346e-01,2.610976227717591058e+01
2.090263676778405522e+00,-6.749450418729401324e-01,-1.423378186698145864e+00,-3.539595072024408484e-01
1.943210315225219587e+00,5.393810691664890911e+00,4.557191438958966279e-01,2.654883189360258555e+01
2.091929227973029715e+00,-2.278937138987489952e+00,3.952960521142120931e-02,1.063367873292739674e+01
-7.334921193677703677e-01,1.610342656697416608e-01,5.300235629332601395e-01,-1.425054661425837477e+00
1.907275658139961916e+00,7.465703266604292843e+00,1.191752671109342465e+00,3.706562211359442927e+01
1.357290972300273735e+00,2.173596401571519454e+00,-1.643581006526587951e-01,1.063367873292739674e+01
9.657456517167885002e-01,4.805055349747514803e+00,-7.791823657262295644e-01,2.636774049019628308e+01
2.380703448801570588e+00,1.359180232129753918e+00,-1.209234435834277033e+00,7.596096049564079244e+00
-2.543189877478235772e-02,6.471248009915882449e+00,1.675146835423336089e+00,3.115136942026385469e+01
6.179398178646258177e-01,3.002755633961040616e+00,9.218326402130213593e-01,1.525669836243530497e+01
2.562686756990097958e-01,-2.626995971519828110e+00,-1.345321753621320227e+00,-1.295044851674644804e+01
1.528945322953481067e+00,9.361992521472330964e+00,3.952960521142120931e-02,4.469460722827760435e+01
1.962478982018771356e+00,-5.250433428458172180e-01,-1.579088690758510882e+00,-1.341147337349184676e+00
8.633920282870393148e-01,-4.789574778417019729e+00,-2.040272896635268562e+00,-2.220188238209252063e+01
-8.338491166525920928e-01,-1.382783272387478446e+00,-3.209220186357735760e-01,-6.380481284948814391e+00
3.893751801679135038e-02,2.173596401571519454e+00,-9.506484201411699031e-01,-4.650425814982425798e+00
2.439384038590862058e+00,3.073922425621545607e+00,-3.290038155745912685e-02,1.552804395775554447e+01
-1.267679410358890646e-01,2.385904650822249007e+00,7.346043920334492938e-01,1.166366820425636597e+01
1.731123571648339965e+00,7.229972774504762612e+00,1.413277655134580924e+00,3.496312374464441319e+01
3.787147644697944626e-01,2.226399851989482315e+00,3.430546963914523073e-01,1.167397089954851985e+01
1.478195124620060197e+00,2.243732499144399206e+00,-6.028001670506588638e-01,1.240310173643740477e+01
2.231693628605190050e+00,5.233383808991336483e-01,-9.584975383327706266e-01,4.552442991935522265e+00
2.568285845582016780e+00,7.627755130319351373e+00,8.583026383141341142e-01,1.063367873292739674e+01
5.690424424901513456e-01,-1.389925562751757715e+00,-3.142007974652891167e-01,-7.066863337352015328e+00
2.576208843220497258e+00,4.183006737423820454e+00,4.734182829066121284e-02,2.145289779062570901e+01
1.522294836896515680e+00,-1.091242242151255315e+00,-1.345639246195699412e+00,-4.013788949901353043e+00
1.338509711131501190e+00,1.356452731996389049e+00,3.952960521142120931e-02,8.159385597562778258e+00
1.421517230741080606e+00,-8.432294298621665352e-01,-1.162316821905131636e+00,-3.993130568116285861e+00
8.915442216279056975e-01,7.601215101195871959e+00,1.909562901967201798e+00,3.524754096248393864e+01
2.981113786441440539e+00,6.562016425049256085e+00,2.551185613025264490e-02,3.204282475808674491e+01
1.996699212619546415e+00,6.139874844247018792e+00,3.952960521142120931e-02,3.097403783216041973e+01
1.665514801885182194e+00,6.162936397389118248e-01,-8.361244052414976702e-01,3.482175148604714110e+00
2.967343027108203746e+00,4.812835115872550418e+00,1.251444575258681691e-01,2.321572385185467979e+01
2.013774962177384609e+00,1.274280555956157412e+00,-6.174000025057535535e-01,7.265903408763251470e+00
1.371358533115687894e+00,2.273958689830996027e-01,-9.897777379654224550e-01,1.784520898224685403e+00
1.214372139210054602e+00,-2.137565637394247098e+00,-1.216034806946185043e+00,-8.599479349729847399e+00
2.204173891487474002e+00,2.208579325666917281e+00,-9.444873501469318589e-01,1.063367873292739674e+01
1.167135859448267698e+00,5.287517051504523558e+00,3.952960521142120931e-02,2.440670065725680971e+01
-1.264667837090296398e-01,3.769066960322697390e+00,1.389396654478873838e+00,1.582400936573494832e+01
2.628657855866868509e+00,7.835471150787486572e+00,1.545666318307486464e-01,3.929367242164421725e+01
9.216999609689885409e-01,4.253802121187115759e+00,6.373173987613267588e-01,2.094215751960764393e+01
3.554642450601721571e-01,7.088741698787787149e-03,-1.638233217283623921e-01,-1.968513114677945819e-01
-7.147632529548804126e-01,2.853456688817047615e-01,8.480428215703860184e-01,1.532307932639792369e+00
1.210755307623438970e+00,6.098203418831797507e+00,3.952960521142120931e-02,3.070535741704269839e+01
1.852478948337369369e+00,4.057509355414588903e+00,1.897459641328955449e-01,2.038113165611497735e+01
-7.368634892400940384e-01,6.811911349411774452e-01,8.592528911567199890e-01,4.044232086201313692e+00
1.251929070483540407e+00,4.371018139135159686e+00,6.391565148118405482e-01,2.160408000855067812e+01
9.657456517167885002e-01,5.379383876133129405e+00,1.532912712158777779e+00,2.511588701467159979e+01
1.887206783350447781e+00,4.688601280338781763e+00,3.952960521142120931e-02,2.189800962924321581e+01
1.518073839608566011e+00,6.943070651435898633e+00,1.450256647475365535e+00,1.063367873292739674e+01
-4.853131642709309634e-01,2.173596401571519454e+00,6.761703944285772649e-02,-8.254609463239196421e-01
-1.190242104204276341e+00,-4.227038234121112126e+00,-8.135487227664393028e-01,-2.087018008095460075e+01
1.186255624159698208e+00,3.914416167804652513e+00,3.963848600790785270e-01,2.020269281361151670e+01
-5.868936833209414949e-02,-6.213606848706160868e+00,-1.945734971518566114e+00,-2.812557714992193070e+01
5.225391926319136182e-01,-3.423399522668639783e+00,-1.635984400621617985e+00,-1.511443631806318777e+01
1.371882007435931694e-01,2.415660267455365773e+00,1.291555765839888625e+00,1.150100515350188246e+01
1.882101427056336096e+00,2.637935859291767660e+00,-5.405422029967194009e-02,1.247424175085845910e+01
1.743460746091833879e+00,1.175948552941504310e+01,2.560033141712987348e+00,5.502315343892095711e+01
9.655745628583124462e-01,4.493760384215643278e+00,8.585181958990084627e-01,2.374230248931552012e+01
2.055146742746204680e+00,8.455689046875900061e+00,4.870412304692963712e-01,4.206562099836225599e+01
-4.821607119795034979e-01,2.500830813395280572e+00,8.048613737437567694e-01,1.063367873292739674e+01
9.477219993064454062e-01,6.611961055485109373e-01,-2.471223424854872841e-01,5.122538579813493698e+00
7.203854211839890720e-01,9.831221505973543273e+00,2.367139753612513164e+00,4.597151891472420715e+01
-8.717707347515735172e-02,4.498179487877803417e+00,1.702468031067152943e+00,2.221912098478485120e+01
4.442749702214965346e-02,-6.428676895758278498e+00,-2.281203025547196450e+00,-3.069876798217876868e+01
-3.399981873593882487e-01,2.951792136577910952e+00,8.331385350162857639e-01,1.263310283555951230e+01
1.676103376917446486e+00,4.348148018628369194e+00,-2.179473908773194579e-01,2.128194919318384848e+01
6.484785033174452762e-01,-5.067295452333427930e-01,-3.330985508607788304e-01,-5.456365885391942783e-01
-4.803003734443873629e-01,-1.364756382673188995e-01,3.952960521142120931e-02,-6.755553345504299312e-01
9.657456517167885002e-01,2.681188984386279728e+00,-4.289049753244082996e-01,1.409253069983845208e+01
1.695952374351911596e+00,5.522668934433550447e+00,6.013839963704691316e-01,2.703755071788006603e+01
9.614190968906970447e-01,1.296242461585060068e+00,-9.901764754692768400e-02,6.816290635588495128e+00
8.983719404038611467e-01,-1.610933811561163553e+00,-1.536578608130613643e+00,-6.529792450427921224e+00
8.765294052941750014e-01,-8.274401697153247470e-01,-1.099604955817709007e+00,-3.858372462369731970e+00
1.921968549492052425e-01,3.038349355375344896e-01,-1.928788478789572047e-01,3.059646824778726515e+00
1.318029459196062847e+00,1.746193302389969393e+00,-1.162943428821517217e-01,8.994382369113987252e+00
9.803733273584327446e-01,4.930091658948736466e+00,7.652593748330476231e-01,2.298159107866900541e+01
9.657456517167885002e-01,2.398345016231534732e+00,7.386094128948301751e-01,1.226859388581937793e+01
1.049479934680393356e+00,1.578524159802910054e+00,2.976052130494626913e-01,8.105577239342224516e+00
-9.343534883719861739e-03,3.895389972475607809e+00,1.319878618400305292e+00,1.843646289989041875e+01
1.414708447775399058e+00,7.734895450977531617e+00,1.378480999576576327e+00,3.913887821384030730e+01
9.637959703564145109e-01,3.659513004757070753e+00,-5.157627279592085640e-02,1.656563093876565773e+01
7.721268285019919908e-01,1.806450361112500680e+00,-7.409625788324709743e-03,8.436428643930439009e+00
2.592077683441038616e+00,4.880997445916216648e+00,-3.998525599644105477e-01,1.063367873292739674e+01
1.260872811685077144e+00,1.750023460156626909e+00,1.660852344619750953e-01,7.808163470599808420e+00
3.727958353767367727e-01,3.370800067033241199e+00,1.018803137921050928e+00,1.536085194047466551e+01
9.120631189120554927e-01,5.458938491472407506e+00,7.603161569859461233e-01,2.835786210053464984e+01
2.026277654587590682e+00,3.780786201742748709e+00,-1.849654176507221637e-01,1.811337148112266249e+01
-9.149293446383754969e-02,-4.970669517470597931e+00,-1.904596390353337609e+00,1.063367873292739674e+01
8.197594940944186170e-03,-1.395978679455643690e+00,3.952960521142120931e-02,-7.506102559199583801e+00
-1.141461062752973099e+00,4.632027346429183012e+00,2.094835071221884615e+00,1.983383349502102888e+01
2.067018386005901043e+00,6.476428372245162102e+00,2.724367918739687977e-01,3.343861686191320359e+01
7.358424229812829953e-01,8.541348555659710184e-01,8.191496806694757715e-02,3.527586382114100694e+00
2.032884212610685637e+00,1.069850950665138578e+00,-1.252843310700916701e+00,6.471742107803379440e+00
5.937679147225309872e-01,5.889471362792428444e+00,1.815278062521424873e+00,2.599796770959115833e+01
-7.992466043921764296e-01,-6.141973198608106976e+00,3.952960521142120931e-02,-2.848108353769269030e+01
9.657456517167885002e-01,-1.294506481759852612e+00,-9.579082960041350736e-01,-5.470233989303714850e+00
1.642824773702375563e+00,5.190069857176969670e+00,1.311215467885667119e+00,2.440215528821421387e+01
3.179489966717784499e-01,3.032212633529330681e+00,4.216902110803027459e-01,1.479214011361120562e+01
1.538243884318575283e+00,2.258179130077913932e+00,-1.030226882471984684e+00,1.183380656875715431e+01
2.152609036968633038e+00,1.075314089194776557e+01,2.039825404765398087e+00,5.244902878529384083e+01
6.495112226105559383e-01,2.490219852894893560e+00,3.357446923203714073e-01,1.204551906029426611e+01
2.125364781230931754e-03,-4.470603229979019488e+00,-1.858480287746506754e+00,-2.061138909247778628e+01
9.657456517167885002e-01,-1.497343465054314926e+00,-1.251430642027616669e+00,-7.295760979367005739e+00
1.893010824334067088e+00,6.060609181451809491e+00,1.001218505113632418e+00,2.752757602897310107e+01
-1.859245935870990518e+00,-5.285925825946368839e+00,3.952960521142120931e-02,-2.442796816848392538e+01
4.428733712707525472e-01,4.292853138069811614e+00,5.913303488690184739e-01,2.169935305367647516e+01
1.458471443806224954e+00,7.648910615775613486e+00,1.365046634270606907e+00,3.715814293283689551e+01
-5.067687028192247034e-02,-2.628181734060463626e+00,-1.125057838779217168e+00,-1.105328364974310063e+01
1.141562470442084365e+00,4.097664402084701507e+00,1.497521341712611809e-01,2.154507837587662777e+01
8.618174427782735458e-01,2.485410002970608989e+00,4.912241238842819380e-01,1.223925296555207787e+01
1.836072196354727293e+00,7.851948608855269462e+00,7.027811260932154136e-01,3.820845804359605324e+01
-3.065246848774032529e-01,4.763001690674247612e+00,2.012303758885962690e+00,2.248167434881070648e+01
1.143819141468884748e+00,4.229053232118039851e+00,3.156904074605305088e-01,2.152616565187648234e+01
2.930408712507192703e+00,9.050872017457912477e+00,6.745791312845249577e-01,4.412300288283985594e+01
1.050523342872571098e+00,9.941647758730985274e+00,2.476365657068137160e+00,4.641446288652128516e+01
1.222910268052636917e+00,3.165120638283311028e+00,2.971485173473830677e-01,1.500933889973400781e+01
1.752967484121283448e+00,6.241093491518062031e+00,1.141202610848447652e+00,1.063367873292739674e+01
2.768884007815717307e-01,5.696782270583077512e+00,1.336051848898504479e+00,2.774201324853147099e+01
9.676947963908447692e-01,1.563493031275541068e+00,-2.800709569883430006e-01,7.531590615975280123e+00
9.657456517167885002e-01,5.838728260278382542e+00,3.985167941492220867e-01,2.813537770336757404e+01
7.390543312547508403e-01,-4.620396020484097699e-01,-4.294448101454676481e-01,-1.362575543237169340e+00
-9.810663845381664139e-01,-6.833169494006852140e+00,-1.530932771094616784e+00,-3.335712175468901819e+01
4.465470044328101462e-02,2.169499894844231669e+00,5.335277576304743308e-01,9.879412725330286804e+00
2.608411558025395038e+00,4.029950603416238231e+00,-1.549850853300562548e-01,2.219024941589494659e+01
3.221944050337315346e-01,-2.848927346055590171e+00,-1.094822525144785841e+00,-1.109320066568539787e+01
6.030004863237483637e-01,2.082569296283784066e+00,2.916867889432454564e-01,1.084215981230619086e+01
2.699352490200299659e-01,3.863936869667544016e+00,1.096568193362168486e+00,1.757779784590839256e+01
1.960834599374361886e+00,5.039745126642243278e+00,1.422747088866390952e-01,2.595708920294456590e+01
1.734478239884858830e+00,1.396614724491602821e+01,2.898993060353444839e+00,6.710926176513989105e+01
3.790640132975064969e-02,2.742070967566286210e+00,8.198745277420269595e-01,1.176050689444215358e+01
2.490638471571194890e-01,-2.916053434464374039e-01,-3.413729762638866294e-01,-1.672346989114271931e+00
8.046011588587451691e-01,-6.607930000782673563e-01,-9.812730569486491916e-01,-1.409039695848071094e+00
6.526956569222347460e-01,1.163147448289912234e+00,-9.870733290590805176e-02,5.392436231187706319e+00
2.046471910313483633e+00,3.278314621892608027e+00,5.124530529049641306e-03,1.497151325867986671e+01
7.567496466411589573e-01,3.556265125119118409e+00,1.311956306754149815e-01,1.709251864524626896e+01
1.244003564582493393e+00,1.399316397175303317e+00,-4.517360984844313587e-01,7.305820908124507795e+00
1.238692545746829410e+00,5.088339816675811811e+00,6.907668523705271513e-01,2.436287120190291233e+01
1.133019547042298347e+00,2.498763553643442492e+00,-3.772429996980192768e-01,1.320664855821403272e+01
-2.100937400002236277e-01,-1.654661323933165562e+00,-2.311728927761971808e-01,1.063367873292739674e+01
2.042998703924361337e+00,8.894857653401258002e-01,-7.326452207604881028e-01,5.086861324969805587e+00
-3.932771610286107666e-01,1.198167524951620599e+00,8.679550528752631999e-01,4.034402322158848975e+00
1.004831598980525209e+00,2.237696081992348596e+00,1.583830305096463886e-01,1.008789518776473493e+01
2.578202388034486869e+00,8.029392671771582002e+00,7.013432771299658031e-01,3.811011399053200677e+01
8.668382521611259772e-01,3.522181817015062055e+00,6.408602744336951984e-01,1.610148150604981510e+01
1.335322078599268325e+00,3.245150246923875770e+00,7.405846068813778382e-01,1.874119645039846205e+01
6.604547660348834004e-01,2.173596401571519454e+00,3.952960521142120931e-02,-1.634955452415693067e+00
1.906264618134430489e+00,2.509844684157913064e-01,-1.160909918440279132e+00,3.078381703624061938e+00
1.653975660431388217e-01,1.548546608356439647e+00,4.278523957485566576e-02,7.143033724796465478e+00
1.095979205342583640e+00,1.052699844441939314e+00,-8.607047687245554801e-01,7.549449757329942834e+00
3.569545227418318145e-01,-1.998017612189106007e+00,-1.429720150643816634e+00,1.063367873292739674e+01
1.411815491796913902e+00,2.759985649344747216e+00,-2.378596094704784336e-01,1.559636624453004394e+01
7.127989264583480811e-01,6.632064620714005265e+00,1.524385606711449404e+00,3.242975422076484193e+01
1.523201688101089690e+00,8.198963226028052276e+00,1.301518372050977979e+00,3.991744199640491075e+01
-2.589956471888110734e-01,2.269855284583583099e+00,9.667360914297086216e-01,1.247118346330352523e+01
4.775662498985017157e-01,5.061128700944511394e+00,1.263123759524309886e+00,2.552936681729898183e+01
1.682018430203669368e+00,7.135405239803196409e+00,1.224384255482040995e+00,3.402368405833825449e+01
-2.167367170824097133e-01,-5.014191321720908867e+00,-1.212070187260077203e+00,-2.475151047083551958e+01
3.905756317205892891e-01,-2.317386742109838416e+00,-6.770971696917311711e-01,-9.893502302636015600e+00
7.359155561884607177e-01,3.545213153000983386e+00,-5.911706620567404313e-02,1.657926923678679287e+01
-1.752420489520571945e-01,4.265430313261791007e+00,1.664560709933244231e+00,2.120004870384949669e+01
1.766503197272725867e+00,1.175345270628552763e+00,-7.308125084233298985e-01,6.452283250864046416e+00
5.834810936313949981e-02,1.697757095283018991e+00,3.291392421509731908e-02,8.556312865351941355e+00
1.017048549500322974e+00,4.302191818154397218e+00,8.611543171130672247e-01,2.173870495943382508e+01
9.446155320796095767e-01,7.832195988806227582e-01,-5.261104437360994979e-01,1.063367873292739674e+01
2.428263774868270719e+00,5.835439017687019003e+00,3.115924221527762161e-01,2.839016796886767580e+01
7.132420585446852535e-01,3.625585636185261862e+00,8.122937217755688000e-01,1.811248191067603130e+01
1.539030752693756998e+00,7.225694474478212115e+00,1.020621579524557898e+00,3.572328754590068911e+01
1.132687429682457614e+00,8.190367304102978974e-01,-8.291527982026621890e-01,1.063367873292739674e+01
-9.028335632329032023e-01,8.671718423238425899e-01,9.064205560539140283e-01,2.985029603569365531e+00
3.270953253691929685e+00,9.034433313392762344e+00,8.636426792801005226e-01,4.372904919313545236e+01
9.657456517167885002e-01,-1.452286845998070453e+00,-8.369050400207147522e-01,-6.931871442874848022e+00
9.398068895826231506e-01,2.281173594580992781e+00,3.268856215017647560e-01,1.299151071280377145e+01
2.130581164520244819e+00,6.222351154092680581e+00,1.874155988679153395e-01,3.142487253555774629e+01
2.051690599130036485e+00,5.448144561297211474e+00,1.583658807049583006e-01,2.722717714842909942e+01
1.090346240603357053e+00,1.741221108364380266e+00,-1.154948198237158198e-02,8.142565880001956913e+00
1.569286382598024776e+00,2.809653830675720165e+00,1.329921120433397441e-01,1.257595609601025366e+01
1.140169735594600553e+00,5.296258971833791129e+00,1.040271504826639548e+00,2.560393971887916109e+01
2.459388910655401883e+00,3.372337893215195948e+00,-3.027848332639515028e-01,1.628317958745481420e+01
-1.649331232401349823e-01,-9.191920463786198425e-01,-4.785545445586992241e-01,-4.739140000338462499e+00
-9.579513593551762796e-01,7.723025254113879967e-02,2.898086693296458294e-01,1.093536690563468250e+00
4.481946807369667773e-01,3.740749875768247801e-01,-5.631729128361678827e-01,2.855251767992304845e+00
2.233229642528029579e+00,-2.065789374021983260e+00,-1.085416071094719159e+00,-9.286041918253618022e+00
1.234409483681351283e+00,4.472876754550358491e+00,1.832689596026105538e-01,2.273792103498677264e+01
4.182749468969226836e-01,1.465850636354312897e+00,7.074385129616442280e-02,8.334079263247144098e+00
1.680277554776707039e+00,-2.359927131245095122e+00,-1.762322142954353854e+00,-9.833627486416158803e+00
1.058822525044052165e+00,-3.803805649114465393e+00,-1.588012239092829070e+00,-1.760012515584516990e+01
1.138483831935385826e+00,-3.548191735568008154e-01,-1.192280818723230107e+00,-2.496599580600110890e+00
9.497619888526450671e-01,1.820169424566854044e+00,-3.405104481598529576e-02,7.194936392163665317e+00
3.029524895338449042e+00,3.142588280847851134e-01,-1.544421905760037683e+00,2.237219728525718487e+00
3.327865334776379802e-01,-4.162556193990859299e+00,-1.193459166984166320e+00,-2.029300442006621807e+01
2.289099305863823375e+00,4.026548059481071640e+00,3.952960521142120931e-02,1.804704652048013358e+01
1.359247137095698221e-02,-1.161746682831211297e+00,-6.041793464373427236e-01,-5.581117571096553043e+00
2.143444629004173763e+00,7.015379071835780023e-01,-1.018259177814074379e+00,4.747812029988515370e+00
-5.405157434848009146e-01,3.921994624046781786e-02,4.625470683582850184e-01,1.076072295161995207e+00
3.140086604172920293e-02,-2.685172020916779534e-01,1.552190679694961106e-01,-1.953939531188800149e+00
9.657456517167885002e-01,5.573201513576493404e+00,9.355622966529305584e-01,2.699314756053003350e+01
6.781614996675414675e-01,2.810445382832678973e+00,4.751908299414229209e-01,1.384947265272297301e+01
4.120625007843000676e-01,-3.902240192401515539e+00,-1.452191733375834515e+00,-1.850002448591378368e+01
2.066428655958137739e+00,1.720268683618358052e+00,-3.964893082712141470e-01,9.219750851339053810e+00
1.831884908876840523e+00,1.979761119560011995e+00,-3.912135798452068824e-01,1.012128649225844157e+01
2.752323925332831323e+00,9.615205271013774535e+00,8.821001175071964129e-01,4.617123326002769801e+01
2.810784061967652736e-01,6.459738653438878986e-01,3.490347281537261037e-01,2.445039898212453267e-01
1.210377970219603805e-01,-1.218115542527738349e+00,3.952960521142120931e-02,-5.261110256783402050e+00
1.680823356694379545e+00,3.014603243496543961e+00,-2.630812785372154128e-01,1.665680952734028608e+01
1.867734867509898145e-01,2.917569173038331964e+00,7.139079944474859829e-01,1.533052149650649554e+01
-2.056536516786517943e-01,2.824824031263817758e+00,9.611816340433811945e-01,1.334436749949001744e+01
1.500974357494333722e+00,2.848496907277253243e+00,1.627119391621270894e-01,1.063367873292739674e+01
1.620809094302345432e+00,1.052578784852874927e+00,-6.072930552891994127e-01,6.225002032130595886e+00
9.657456517167885002e-01,2.173596401571519454e+00,1.746072386771215124e+00,4.103305727734932873e+01
1.010554050677553217e+00,-3.633337422628217794e-01,3.952960521142120931e-02,3.810382044707800731e-01
9.657456517167885002e-01,-5.325711150776236025e+00,-2.231276279594038847e+00,-2.529538173604160889e+01
1.422938307463201157e+00,-1.409980052280550122e+00,-1.144981957523476535e+00,-6.638481794279488035e+00
5.638912377662885778e-02,9.655028025794216706e-01,3.620750990559162830e-01,3.940656076988093837e+00
1.390627070453972269e+00,2.873478579590352577e+00,-9.881490569560575504e-03,1.270297729135898734e+01
1.794025506448024387e+00,-3.477003060861982853e-01,-8.575944677150521001e-01,-5.143515055649543477e-01
-2.035028362632753662e-01,2.768192350471433194e+00,4.761648664332194247e-01,1.383941743879384134e+01
2.170682850234665562e+00,5.636854864586580582e+00,4.309275033580843850e-01,2.733582319485539003e+01
2.365645734236046405e+00,3.529151354739670676e+00,-4.382467145343406645e-01,1.717519602532592771e+01
1.252425661453071548e+00,-3.433611669599505589e+00,-1.701710296444915560e+00,-1.700441609990522807e+01
-1.628991580188277055e-02,2.590482170970848763e+00,6.399539438068654329e-01,1.149579873879658898e+01
4.304892784893354918e-01,4.802935054394342096e+00,1.791638988565681823e+00,2.217703184094732194e+01
-8.920586879432623739e-01,4.712749624628132850e+00,2.228615737056050428e+00,2.202655666025794901e+01
7.057543963575529933e-01,-1.593957427128743776e-01,-3.468391271107886253e-01,-1.049249176105955472e+00
1.841668819884274111e+00,6.146886743731222680e+00,1.569505089385618168e+00,2.978054364150229816e+01
2.219719439105809489e-01,3.509843304927095620e+00,8.696274599976343556e-01,1.731546499643310355e+01
6.619681430277551959e-01,-1.864391658957434528e+00,-6.359414627902866268e-01,-1.024161496156691875e+01
2.748337198330688125e-01,1.134802478048163143e+00,6.062104569471785664e-01,6.467391984021186424e+00
-2.071678659947836287e+00,-4.536746476972134623e+00,1.635013388157831316e-01,-2.592794357626507207e+01
1.226865556360985154e+00,2.287840804832609987e+00,-5.937031037963726859e-02,1.216390424837694795e+01
1.040105949819043030e+00,8.148188502366277675e+00,1.691383064162305772e+00,3.830242135339363330e+01
1.955896307537582590e+00,1.327533051940958497e+00,-4.283049134233122834e-01,6.010996149242670228e+00
6.625306324086398524e-01,1.535371707888849580e+00,3.105010880651698849e-02,7.296985568807644817e+00
-2.529680663363393922e-01,2.173596401571519454e+00,-3.054501244515186453e-01,6.474598395227526559e+00
2.244252991727867297e+00,1.794357930940731150e+00,-9.149337821413687788e-01,1.013976332172634187e+01
9.051527424814621581e-01,5.662498894592262744e+00,9.396066197072093784e-01,2.655132403467710844e+01
1.215435409079431039e+00,2.241649734371349290e+00,-4.272413398174873533e-01,1.219334530014164919e+01
2.401162738533882735e+00,2.214714464696324381e+00,-1.101533178523228518e+00,1.205338600532352444e+01
2.450130074704341965e+00,7.424769694700522393e+00,3.952960521142120931e-02,3.520911398037127782e+01
-5.815474065486427868e-01,-8.650649113603636309e+00,-1.616774277853085362e+00,-4.360144442425326616e+01
9.657456517167885002e-01,5.058361579840629396e+00,-1.585117920952875681e-01,2.525547653721939767e+01
1.829078953804069485e+00,6.452045136863034713e+00,1.259959497885659196e+00,2.962662779393985346e+01
1.175587452894037543e+00,5.336205173290132109e+00,8.877150091189796033e-01,2.680300990309962827e+01
1.620144558852141259e+00,5.393843500678908498e+00,1.383249584650754871e+00,1.063367873292739674e+01
-6.748735662535421120e-01,-7.468017850689699921e-01,3.038947584419699269e-02,-4.126681182580684393e+00
1.456927040489248260e+00,8.649531406860235805e+00,2.035787368058105784e+00,4.226983777104949525e+01
-6.517599238820848129e-02,-4.710642104756788129e-01,-2.054154233275989339e-01,-1.577705176191933401e+00
6.341848805120173793e-01,2.545313356314505171e+00,4.596157262897339613e-01,1.195348683754161989e+01
1.798955351252412793e+00,6.423081808430290529e+00,5.143250008505623194e-01,3.036457396749598558e+01
-1.694016911266795766e-01,-9.379797634808832996e-01,-1.002125179692921891e-01,-5.097094837495196096e+00
-6.910425074660619948e-02,2.859078651745103006e+00,8.405243271270963490e-01,1.394308664713817159e+01
5.045486477936410585e-01,-2.144158707779194595e-01,3.952960521142120931e-02,-2.227259835961168832e+00
4.693343110542073093e-01,-3.845685054933687841e+00,-1.308811438764550195e+00,-1.834230385472799796e+01
1.268475774557709101e+00,-1.395086322286342995e-01,-6.227947425039719320e-01,5.479315782565387094e-01
5.669771203536206894e-01,9.198671547536694248e-01,-5.473475285149072000e-01,5.571221915389515722e+00
1.348345085490827877e+00,-9.285975324285231647e-01,-1.384821241774287781e+00,-3.944750699286797779e+00
9.657456517167885002e-01,-8.099847472918794145e-01,-2.935523477761205202e-02,-4.221782427432682283e+00
2.301427088863096770e+00,8.236746548136146373e+00,1.101168315999391245e+00,4.105361606166469102e+01
7.234811208082616574e-01,5.299057909279691003e+00,1.028313958800278538e+00,2.530523823046791421e+01
1.413076354674240864e+00,3.822132009391379093e+00,5.096217451659121878e-01,1.682684031696376081e+01
2.883633920461470268e+00,2.173596401571519454e+00,1.145332174359437793e+00,4.343850777059103052e+01
9.657456517167885002e-01,2.971735148399255344e+00,-4.286085750402748862e-01,1.528993044029340531e+01
2.656754720096712319e-01,-7.984505553386685994e-01,-4.406383797170099204e-01,-2.994762906567806304e+00
-5.735823156159862712e-01,3.319291903462758153e+00,3.952960521142120931e-02,1.340445378985850944e+01
1.841018014973645034e+00,4.937610539192126780e+00,5.592245049174261740e-02,2.344490212395660578e+01
2.294288599388679906e+00,4.556907350321759864e+00,-1.854529786185565576e-01,2.484517619466987881e+01
5.737153390550566723e-01,-1.026945297659680456e+00,-6.852691151396667069e-01,-4.410029378474635386e+00
1.053964781449168164e-01,6.384303045616926298e+00,1.591583072008330380e+00,2.851595626291804919e+01
1.054943626546425151e+00,-1.630190732087373195e-01,-8.360433930228150512e-01,1.063367873292739674e+01
5.573191585366092937e-01,2.173596401571519454e+00,-2.060967663411536144e+00,-2.633182495736160078e+01
3.076835620054550802e+00,8.851829549222211213e+00,9.219860370600146959e-01,4.301707529915543660e+01
9.657456517167885002e-01,6.062165571182325685e+00,5.940062532106192839e-01,3.020438957457682250e+01
2.907582495030570868e+00,4.493168106034993059e+00,5.258915170254477994e-02,2.400367977080387405e+01
4.578996568482285312e+00,6.517187094848359230e+00,-7.867468956354396470e-01,3.448189902239452209e+01
-5.771758690518022927e-01,1.133583176742384291e+00,1.097413621514639503e+00,3.651916280634416978e+00
1.053817588924309989e+00,2.173596401571519454e+00,4.635768867303151353e-02,1.025120407379593068e+01
2.088253426048823691e+00,4.034867948406654747e+00,-4.047281751248756748e-02,2.058213757946728251e+01
2.321672145920055552e+00,4.315626139910011538e+00,-3.534658170276924194e-01,2.194738219973297078e+01
1.416536083613669339e+00,1.451963182852351597e-01,-1.150489822141170349e+00,2.200771936471867640e+00
5.855101760719800819e-01,3.099677830734466344e-01,-1.014667002685117059e-01,-7.082036506135880316e-01
1.183854434033893677e+00,2.936519038777735791e+00,3.952960521142120931e-02,1.063367873292739674e+01
2.077741509055170521e+00,4.640420147025515973e+00,3.140327565940255750e-01,2.389698818757001320e+01
-1.277588535320858476e+00,1.100897832515844721e+00,1.025752061556249650e+00,3.243067797357205961e+00
1.505060039921077841e+00,2.443251060999128033e+00,-1.190826867052366261e-01,1.286311166903738012e+01
1.448407704013083164e+00,4.358753101897121951e+00,2.397051098652169809e-01,2.207706515557107352e+01
3.829387936437842477e-01,5.710455182728539469e+00,1.205261842654633986e+00,2.824178010035736364e+01
-1.196128340599859730e+00,-8.197767771896513622e+00,-1.860447018929271001e+00,-4.008868337842675089e+01
-1.170977969429999987e+00,-7.745807340176643629e-01,7.194775060276388245e-01,-4.212784846137027195e+00
9.408442713702545035e-01,-2.164474870885867652e+00,-1.700367569172297033e+00,-9.219423246064295085e+00
1.032105432202824025e+00,1.238657125071665810e+00,7.680050189330371591e-02,5.043342444766738097e+00
2.429674443700034825e+00,1.667232323942169137e+00,-6.656493521071275010e-01,1.049157871305568079e+01
1.123190258603239622e+00,4.020411713453223790e+00,4.603076721878845978e-01,1.974019868175008341e+01
2.867952083665845642e+00,7.897664890016615757e-01,-1.993744622766223440e+00,6.150889339357068053e+00
-6.435482851173413010e-01,2.878534343096084136e+00,1.023354722279199658e+00,1.233071620249177869e+01
1.848928089707266187e+00,3.735070282690887034e+00,-3.442912714337060254e-01,2.037381283380785035e+01
2.787842703442890979e+00,1.265172479717209342e+01,2.223098825007559842e+00,6.154749069454089749e+01
1.569830950040187689e+00,5.077979500528421397e+00,6.554643044118462214e-01,2.430532449458461741e+01
4.310007755310620858e-01,2.094081529081686099e-01,3.952960521142120931e-02,3.707377778213003072e+00
1.773967347213783352e+00,2.004270863934729530e+00,1.525888312564101512e-01,1.015119373382137979e+01
2.161951457857794523e+00,-1.115011243709614686e+00,-1.648829011824925583e+00,-4.917696455758406415e+00
1.539342163710898381e+00,8.262955413160986140e-01,-8.775008122928822374e-01,4.661533548221795442e+00
-6.130207683712760591e-01,7.967531647589837229e-01,3.436432460774093145e-01,4.433182233343734957e+00
7.185730833562704589e-01,-3.130617244359944706e+00,-8.150118196642901491e-01,-1.486323477701574625e+01
1.965788660877727301e+00,6.210094153258832961e+00,7.757513388124682718e-01,3.136269010362326171e+01
8.187850515513028782e-01,7.240715623067555562e+00,2.147443031332157304e+00,3.505647701466234878e+01
6.690213649176990351e-02,-6.230477973076868903e-01,3.952960521142120931e-02,-2.506699733038119327e+00
6.714169940884759935e-01,6.970069876304235024e+00,1.412033700524524038e+00,3.339388887257725003e+01
5.439886280535644048e-02,2.173596401571519454e+00,6.225383995389516256e-01,1.093820256018998016e-01
9.657456517167885002e-01,4.876197386467359784e+00,1.909127824208727564e-01,2.315477870869296595e+01
1.397747408640271694e+00,3.634068612366335493e+00,3.952960521142120931e-02,1.515205388367393979e+01
9.458712951885491771e-01,3.104053033989532473e+00,4.439976503821423948e-01,1.431712614893356772e+01
1.103565887046890071e-01,3.098826373431408765e+00,8.269091769319598662e-01,1.557189910304845348e+01
1.225247332787819943e-01,7.807040868847403559e+00,2.381511909730726906e+00,3.744155894806586105e+01
1.000179139155560115e+00,-6.641401189501727753e-02,-5.361427244791937552e-01,1.826281095098639451e+00
1.129481863412499454e+00,1.842564149561634501e+00,-5.307592081773343518e-02,1.136145670174198763e+01
9.657456517167885002e-01,1.515327950439757876e+00,-9.747187349637032039e-01,7.412170938046513946e+00
1.580449996830366910e+00,9.200398813382408836e-01,-6.010601561781752089e-01,7.089584561190236833e+00
5.647506912118446243e-01,1.041272227565183783e+00,-3.143912812469861762e-01,5.112888847153793215e+00
-1.395796150096400901e+00,-4.660269561019624973e+00,-6.726420691523444795e-01,-2.268283304023239211e+01
9.265875118650442888e-01,2.381090613868935613e+00,-1.794866192741731981e-01,1.266697021569107307e+01
-1.851216077698798479e-01,-9.730914010127822422e-02,3.952960521142120931e-02,-2.614327314654456558e+00
1.174579822394300033e+00,6.088253914729010674e+00,1.193920417649334986e+00,2.822556184262892742e+01
1.939569705455079784e+00,5.999027169517462177e+00,3.458416428911372242e-01,2.790473551533004226e+01
9.657456517167885002e-01,-2.842170945419843164e+00,-1.770038371740252581e+00,-1.141395715851775172e+01
2.133786957061860612e-01,-1.364922668014545648e+00,-6.297591580981568571e-01,-4.560242912185712427e+00
1.671288181184344079e+00,2.173596401571519454e+00,8.137666562488343747e-02,5.335148767385145874e+00
2.050913164302848202e+00,-3.399593445776423195e+00,-2.753737280111685060e+00,-1.389188083967843390e+01
7.170738848423283684e-01,1.363992455492440747e+00,-3.949419520664509270e-02,7.085444592676689801e+00
9.657456517167885002e-01,-2.765861355518862474e+00,-1.325544582773739322e+00,-1.261268167114783090e+01
2.237169295532387636e+00,1.008652689376912548e+00,-8.376581333364345738e-01,6.643466302853223482e+00
9.657456517167885002e-01,3.888527418431801053e+00,2.378829450135485357e-01,1.855127293777050923e+01
1.800607684756320825e+00,4.779103161388490228e+00,-1.129885170347077750e-01,2.281555871850298089e+01
2.145553070254044847e+00,7.522959204180089010e+00,1.049901373212184463e+00,3.688166871523801404e+01
3.750898165405577522e+00,3.050507174342597771e+00,-1.274128491826951537e+00,1.659352657731821168e+01
6.485432050257580183e-01,2.217845543087467064e+00,5.700870757937673838e-01,1.068393951558131860e+01
1.380289103518722804e+00,6.630732956481216078e+00,9.489942749165308777e-01,3.190993027704372054e+01
4.390117387305301211e-01,7.725342186063800520e-01,-2.198284360063017251e-01,3.301846828437624115e+00
1.022645496125429432e+00,-6.223649840600637972e-01,-9.601269800622921347e-01,-8.856226337803965176e-01
1.155638443752228461e+00,1.917447266253009541e+00,2.105155922563612947e-01,8.713710649158535659e+00
8.155871239565126718e-02,-2.896868887548933014e+00,-1.083581436195720338e+00,1.063367873292739674e+01
1.703859518591438693e+00,1.333755187211242310e+00,-6.556176823459064495e-02,6.107423595727540011e+00
7.057825379605140448e-01,-4.976089447360985130e-01,3.952960521142120931e-02,-2.034205324965756567e+00
1.269569394305588128e+00,2.065396475847955049e+00,3.952960521142120931e-02,1.150278759887522995e+01
9.657456517167885002e-01,2.969864338566246875e+00,3.669494805645088786e-01,1.557421791105478626e+01
6.769744700703479445e-01,-1.956140869532371207e+00,-7.819392528691714306e-01,-8.356603178671285548e+00
-1.652077332788699504e-01,-6.255445198738925683e+00,-2.168597064714946399e+00,-2.792443568555119882e+01
1.946458277326489350e+00,5.770315134355111120e+00,5.632216990684639768e-01,2.934975818856655394e+01
3.744803798552680529e-01,-7.153450633738958064e-01,-4.202025799047180987e-01,-3.117355398301521863e+00
1.564154823103023340e-01,-7.355611413331566428e-01,-2.254922868697517013e-01,-4.367275001804380885e+00
7.436615777656778725e-01,8.080176422761059740e+00,1.555172713338616175e+00,3.834583158265145642e+01
8.037968777748158988e-01,-1.629490763296600031e+00,-1.237361705948738511e+00,-7.007211291695057298e+00
-1.029928613701359907e+00,2.173596401571519454e+00,3.952960521142120931e-02,-1.854670937792390717e+01
2.167313463830581544e+00,4.986503058956323287e+00,-3.311331221775395961e-01,2.571980038981409322e+01
2.302877237465025040e+00,3.515718716820611878e+00,-3.742912817213123744e-01,1.854455592836360012e+01
-2.822986258055415476e-02,-1.009572355824561729e-01,-4.081285334894005357e-01,-1.018665870209241264e+00
1.493413514094123151e+00,4.686512391761346485e+00,-3.733510848199844689e-01,2.349921422491268785e+01
7.699431446919451361e-01,9.249552657434898517e-01,-3.127318582984206508e-01,6.776216096185616600e+00
2.456722048886334608e+00,2.697536837487146233e+00,-1.814674792813275317e-01,1.412863076660615747e+01
1.973893182982590089e+00,5.719982763435913498e+00,1.243260176690478058e+00,2.851961832337782354e+01
2.261710908001752340e+00,4.745263005067682727e+00,2.668293800951871408e-01,2.411660319508538564e+01
1.923416872196099803e+00,9.308081898708557844e+00,1.052119962257779706e+00,4.473881614242552729e+01
1.070226621663032063e+00,-3.666686433228198982e+00,-2.005398628832752550e+00,-1.757701412475221403e+01
8.057717358226013094e-01,1.447559189924957135e+00,-3.982705836975092284e-01,7.122580793233439067e+00
6.084795946775575226e-01,-2.788855469745893156e+00,-1.381968183049679721e+00,-1.452868839835833370e+01
1.041546486440950936e+00,-1.323961542995650609e+00,-9.952781624743622935e-01,-5.259033408219797145e+00
1.101220295414227834e+00,2.173596401571519454e+00,-5.958831995900922690e-02,3.398812927441255738e+00
5.779001756818229474e-01,-2.264992735045009198e+00,-1.605922184443379086e+00,-8.241549579721572982e+00
9.828955530545521180e-01,4.783473316416184673e+00,4.018934722950924798e-01,2.390514744000456915e+01
1.401227395060479219e+00,1.740258646384449825e+00,-2.764090679002065842e-01,1.055328276634972440e+01
9.867736599340481973e-04,-2.142782033782957285e-01,-4.726754139346762140e-01,-1.355457898843757669e-01
2.422899561334759699e+00,6.175598146254166032e+00,7.339302033974541839e-01,3.148265535897354894e+01
7.019261818292235056e-01,2.865796987497096104e+00,9.236975470964337021e-02,1.359451218789143034e+01
6.105848008239950220e-01,3.458708771753793432e+00,6.996977629791174547e-01,1.655074594924415265e+01
1.436879270446871359e+00,5.332816328777171044e+00,2.762370120850076716e-01,2.566492224292526814e+01
1.398926192842336880e+00,-5.271823434491780258e-01,-8.730718302995660318e-01,1.063367873292739674e+01
1.432047111283800689e+00,4.128515242970876464e+00,1.008908124307030807e+00,2.016112180754625527e+01
8.623614820451163121e-01,3.749445243634978997e-01,3.117219139664495833e-02,1.664904463514130351e+00
-1.837016652002794181e-01,2.173596401571519454e+00,-9.531210377538900103e-01,-1.350404042128088378e+01
1.997511605767634313e+00,4.702774372379844969e+00,3.151458146623147688e-02,2.472576515308686496e+01
-4.005559840622403556e-01,3.564562796478261131e-01,7.587750380484902246e-01,9.642129550932598825e-01
1.467714902908190622e+00,5.049510840252205313e+00,7.692910438633505654e-01,2.536323991437933856e+01
9.657456517167885002e-01,5.164489298864384459e+00,3.800172968316154615e-02,2.621316408035287537e+01
1.944063192271326956e+00,1.889757369216245486e+00,-4.211837377096066537e-01,1.050439886883590113e+01
-1.433130435630534105e-01,1.901033342440237695e+00,6.387490608329872144e-01,8.103595809875860922e+00
1.213336865745562099e+00,3.680086551710158194e+00,4.761145005059426172e-01,2.009513437234343414e+01
2.010340180646982500e+00,6.124191651552141735e+00,8.263899561972873897e-01,3.008952733132117885e+01
-1.523552551091476026e-01,2.075939906394081991e-01,-1.843846117500358428e-01,2.689723030924915825e+00
9.537374484502213479e-01,2.394336444360109173e+00,1.126907808577070139e-02,1.063899307489741553e+01
4.944179556045853463e-01,-2.757350101741537163e+00,-7.815420830513924999e-01,-1.315390206749688673e+01
9.964751547305763513e-01,9.157732752556810296e-02,-5.526499272984073396e-01,1.155874730431011521e+00
-1.615214178983885862e-01,7.866903673896147309e-02,2.816583040701534646e-01,2.763220039870967426e+00
-8.229852505147190467e-01,-1.992419739693738867e+00,-2.062889332860700919e-01,-9.822511512511352905e+00
1.358909114490162828e+00,3.404674585779966733e+00,1.075426403158213570e-02,1.715039340271935231e+01
4.117138286361233801e-01,2.844661950440974252e-01,-2.575435241540523224e-02,1.358342285842592201e+00
1.833472690041750619e+00,-3.396193783868510785e-01,-7.888241778103368684e-01,4.525036426843223047e-01
-2.674892605736023388e-01,3.460980233001599959e+00,1.244154980310454350e+00,1.574729841360893623e+01
1.141774886096066366e+00,2.730229762629561296e+00,5.963342564997131667e-01,1.329963472274349812e+01
7.909423527524497288e-01,-8.919388651889512687e-01,-3.088694160178391268e-01,-2.903836118077598449e+00
-5.128085098145038767e-01,-4.239233019544403014e+00,-7.244614949147329952e-01,-2.016086079647887175e+01
6.279700839017885450e-01,6.778311468512892901e+00,8.234269534579863326e-01,3.258161947376818546e+01
1.782059071714174880e-01,7.180320801575605039e+00,2.533740597254626525e+00,3.246367019245138863e+01
6.273607595058905417e-01,4.276549306591685529e+00,1.188359577251950627e+00,2.008031805033136052e+01
2.327094195800475163e+00,8.089511815792453930e-01,-1.700298328724629382e+00,6.166033137473243997e+00
5.119659408698176151e-01,1.828074041743866562e+00,7.115806471326020510e-01,7.507829958119277336e+00
1.827839971982758716e-01,5.261440213522096121e-01,-1.257894649795142372e-01,3.516887800566977251e+00
1.158172671296530565e+00,4.368626169799412651e+00,1.176549200726036526e+00,2.002965456365146579e+01
1.739978951252721284e+00,5.440134120266905349e+00,1.025497998020481250e+00,1.063367873292739674e+01
1.909377756742612231e+00,6.863590605092853458e+00,1.275787353546974368e+00,3.239084057909977332e+01
2.168561022864377019e-01,3.135177508535898383e+00,1.531797053410472564e+00,1.378299582818129565e+01
1.612250179325384725e+00,3.573796540337415006e+00,-4.431980866357288634e-02,1.893947211606189995e+01
1.452851292280904483e+00,3.974197325799405878e+00,7.409893125621640209e-02,1.946791571813338706e+01
2.860521757275993338e-01,-2.969958189210634814e+00,-7.905137050917895314e-01,-1.323375259984216967e+01
9.613754787760983023e-01,-1.355056980533857258e+00,-6.944645794908388403e-01,-5.903633867737485552e+00
7.516784061815307005e-01,-2.504197940667219235e+00,-1.472039672004732846e+00,-1.241241002357199719e+01
6.673395800217929441e-01,1.217187632553609067e-01,-6.948295387704116477e-01,8.593371269751097774e-01
3.356642099582867189e+00,1.042169318224246766e+01,7.259699214481275531e-01,5.108458217894089870e+01
5.518098287872850172e-01,-1.165254544350559529e+00,-7.757565251084713731e-01,1.063367873292739674e+01
1.677111246307391390e+00,9.918631587145727568e-01,-1.264400544560200013e+00,7.701183825827155438e+00
-8.521788666517213784e-01,-1.169586768143365596e+00,6.098238602558905264e-01,-6.640136650751923497e+00
1.973925120200322514e+00,5.816987968065371106e+00,5.588093287101432161e-01,2.833385386915631443e+01
1.177958891383863227e+00,1.855156235943737908e+00,4.872236731824220596e-02,9.119473243537873586e+00
1.403914284222652631e-01,-3.756631095623991445e+00,-1.252653516336635908e+00,-1.866702024505021384e+01
7.517446366344227027e-01,1.128251239474091250e+01,2.983470744417850984e+00,5.234625478162129752e+01
2.626247008208952849e-01,1.928504276084073377e+00,9.336440251640676369e-01,8.838067099394743664e+00
-5.729970248182556514e-01,-1.297844391486788318e+00,-5.514790364598852745e-01,-5.744987095184972858e+00
8.713323211721062389e-01,5.388720232750704220e+00,1.086781262354997724e+00,2.571448780424476155e+01
-1.864341152775015331e-01,-4.061988191412801541e+00,3.952960521142120931e-02,-2.010479769587876930e+01
-6.616538404592937628e-01,1.215707675136842969e+00,6.403559846864060878e-01,5.297367199447854169e+00
9.657456517167885002e-01,7.541022133947977935e+00,1.430436539989922595e+00,3.635139678487075798e+01
9.154068158812757039e-01,2.848034914290791697e+00,4.928848955342211569e-01,1.450165580025713474e+01
8.694862521480921647e-01,-2.072163216843040168e+00,-1.144738330205379961e+00,-9.434990729090362294e+00
3.641213506969498415e-02,1.386945656882649480e+00,3.514690852608421401e-01,6.543047670855032472e+00
1.813355546768570914e+00,1.524654931707682293e+00,-8.094930539925164759e-01,8.254296928976250669e+00
5.351409344716451244e-01,2.171269481411749247e+00,1.289795273504990014e-01,1.295986019700212744e+01
-2.248774625853717790e-01,3.040861318404162184e+00,3.952960521142120931e-02,1.270350573333148958e+01
4.380318907415031715e-01,1.795866652109807893e+00,-5.810200545462981814e-02,9.341489657910544864e+00
2.222984710652549101e-01,-3.344694064262836442e+00,-1.011289932221993260e+00,-1.468558381269754598e+01
-1.832559194582321638e-01,4.872319319700387119e+00,1.464525117423396194e+00,2.104534908314164809e+01
9.657456517167885002e-01,2.820738596099253481e+00,8.848758917732691895e-03,1.375848922611859315e+01
3.228892652668924335e-02,1.722787413774038434e-01,5.438225115443556801e-01,6.468188997606020285e-01
8.310644146680676858e-01,2.985725047298146251e+00,5.164898367354489039e-01,1.588558498167358124e+01
1.853457720381464613e+00,6.250063885711322875e+00,9.504909757067988574e-01,3.102346342084261011e+01
2.063668631678946541e-01,-2.668231565265358540e+00,-5.553916509819892822e-01,-1.370189223523445676e+01
7.503477137990703927e-01,7.352562894334800925e-01,-7.090038202446921622e-02,3.852565811065525203e+00
1.466180670058029545e+00,-9.631405468087678168e-02,-1.097933206259084526e+00,1.243302655649475952e+00
4.564451399646601848e-01,-1.436535592920280324e+00,-2.545354380751647660e-01,-5.797839995320278383e+00
7.988856168743860842e-01,3.347318284692033963e+00,7.989506368870407105e-01,1.642880540682757129e+01
1.602583941911995158e+00,6.206272602942389582e+00,9.414181405570685168e-01,2.959731007305805051e+01
1.726563570146878446e+00,2.314256140640604364e+00,-3.079257541100077211e-01,1.126917528120362810e+01
1.064208038816872870e+00,5.554517782841930540e+00,8.289528176401035342e-01,2.659100309912994931e+01
3.126596924048327120e-01,-4.510311514815444234e+00,-1.876881688277134197e+00,-2.128339140727821643e+01
1.895508074368716933e-01,4.936401985232086176e+00,1.781284000653397870e+00,2.305386161248902255e+01
3.584152080953340036e-02,6.646640209832875179e+00,2.148274676971162478e+00,3.172782576993560610e+01
4.901146145703191292e-01,-1.428552679925866542e+00,-1.119971130571689955e+00,-6.046691739149787637e+00
1.313284786251015523e+00,4.822094488464699680e+00,5.078193393459993210e-01,2.331680199057654335e+01
-2.817488220577781810e-01,1.218318066582702919e+00,4.671004883477576919e-01,4.415866735234845741e+00
-3.168864613148514309e-02,6.633834434584134909e-01,1.611948894652756592e-01,3.044791290079572388e+00
3.963883711982326030e+00,5.165054075038888470e+00,-5.281056749720343113e-01,2.564403782011884303e+01
1.271412191287520477e+00,5.822068198734613176e-02,-8.514887095686735075e-01,6.976598766703152599e-01
-3.666624100123747620e-01,9.949656224447009922e-01,4.664228762098742154e-01,5.654461806897451481e+00
2.437972612082485391e+00,6.034798815066269029e+00,5.848186453566730503e-01,2.808506034785857608e+01
9.657456517167885002e-01,-2.002072003229923514e+00,-6.068184313594114920e-01,-8.956394084581082993e+00
9.657456517167885002e-01,5.859664633657439836e+00,4.843245990183732697e-01,2.995068314580380076e+01
3.620040752209613411e-01,6.304143027039734726e+00,1.474600736415554891e+00,2.949705147426696783e+01
5.046207754798835987e-01,-2.745898837556430383e+00,-1.236668489994292131e+00,-1.266512968965271391e+01
7.476247032040459484e-01,3.808415717599257899e+00,1.680834561646454173e+00,1.700154897097614537e+01
1.502556417482409978e+00,1.814264252160165070e+00,-6.204572996447339506e-01,9.970949392121390531e+00
9.942826245209367420e-01,6.057810463089301933e+00,9.216721654526511820e-01,2.721290860299042791e+01
-2.284887955696088824e-01,-2.138015203169722489e-01,-3.465729614456546787e-02,-6.376732352195656484e-01
7.470737341869331249e-01,4.875074573123913124e-01,-5.134625883200351071e-01,3.055270841348861399e+00
2.844632467398353626e-01,1.563019719277785047e+00,6.052764736059769168e-01,7.517724787224655536e+00
8.991412030359768881e-02,6.839878572839711568e-01,4.701331348605996552e-01,2.815601335286423978e+00
-1.285404987655564657e+00,4.956919879057208433e+00,2.586163379382752758e+00,2.177809092350417686e+01
4.620840917028008477e-01,-2.450863015638209852e+00,-1.011225735167310624e+00,-1.112725094050511032e+01
1.849084783454725933e+00,1.029373166935346307e+00,-8.623415630742906623e-01,5.543077736456569760e+00
1.036768621971859927e+00,4.185269625097337354e+00,5.582997425792248780e-01,2.053270958735690854e+01
4.452117364453605397e+00,8.824698815352151726e+00,-2.118636650021336887e-01,4.675548108162900718e+01
2.370178753057484933e+00,7.894908293704396840e+00,9.231554395899445042e-01,3.743412832133829937e+01
2.231668649411178151e+00,5.567655402619216432e+00,3.572983344769944392e-01,2.587700380761038232e+01
1.509618111759944981e+00,4.558691465159161460e+00,1.041397480611080395e+00,2.218464260380679676e+01
4.591921261111064911e-01,4.155332433573007300e+00,3.952960521142120931e-02,1.917913481814596111e+01
1.935607191953356843e+00,3.506677071640047050e+00,-4.808505985230113744e-01,1.783955823455383438e+01
4.025356747352589748e-01,1.269247609130800480e+00,1.966123227529164019e-01,5.046124937318413828e+00
7.607594969693540765e-01,6.686304646332815738e-01,-1.916014402802946326e-01,5.486486187638893952e+00
1.605651155368910121e-01,-3.643261863966867686e+00,-1.420218771151360082e+00,-1.757017391672209072e+01
2.520800740390792605e+00,5.503524355130577916e+00,-4.519484058091690626e-01,2.651561911935306881e+01
1.748083174266786832e+00,-7.857165744313867606e-01,-1.462188702102870774e+00,-1.668433628290705073e+00
6.208118022404824909e-01,4.362515602947232729e+00,8.734109971037103959e-01,2.138207973492572478e+01
-1.099749094810107852e+00,4.777620643249679944e+00,2.361923618996551788e+00,2.184397053841613001e+01
1.687490604864242627e+00,7.563341306445005685e+00,1.399580544578508112e+00,3.633377354626084355e+01
1.160560916419823840e-01,4.035489475808138771e+00,1.350232412907805823e+00,1.934842586311234669e+01
1.230949302697919912e+00,8.503560483879292198e-01,-7.148421603565893179e-01,6.364802021185558267e+00
-9.020324010662648107e-01,-5.286559645003156227e+00,-1.425432056528625813e+00,-2.550086923166382746e+01
1.050950063566227666e+00,9.203722662169433466e-01,-1.064121508972345476e-01,5.458315821507221166e+00
4.646947728051188387e-01,1.923522007766286235e+00,-1.290025000701544577e-01,1.063367873292739674e+01
2.446948413110371368e-01,2.970670113263958356e+00,9.831596548933769775e-01,1.388472463522878897e+01
1.864324312019247198e+00,1.031224042938266550e+01,1.877999337725342111e+00,4.863685043592199264e+01
2.193665353661162776e+00,3.630808080049118036e+00,-3.162246562599753674e-01,1.821357447627496740e+01
6.839888213694815811e-01,5.736178415930381469e+00,1.164642262530123151e+00,2.993388844093888324e+01
-1.483046176731061205e+00,-2.274405324468646405e+00,3.952960521142120931e-02,-1.123863688312914633e+01
2.595487380581126935e+00,1.902118800452081704e+00,-5.256484023717593601e-01,9.592068922102845008e+00
6.578611769727373826e-01,3.099167788375265076e+00,4.299291256106155257e-01,1.486136636247322329e+01
2.609604993533454209e+00,2.173596401571519454e+00,2.907218485603009772e-01,2.826493672454601835e+01
9.061407240374533822e-01,-3.869800346926520085e+00,-1.887938277577386303e+00,-1.608753765648907930e+01
9.256040740880711049e-02,-1.777626593229298280e+00,-9.939676895565939807e-01,-6.112678810033929544e+00
2.128058936323816486e+00,7.030777683230520658e+00,4.642517711434647754e-01,3.612102529140396001e+01
2.611169708842384640e-01,-7.125646529831735076e-01,-8.602380962663299657e-01,1.063367873292739674e+01
-3.062259368706587992e-02,2.112653878945468744e+00,3.156935502501434510e-01,1.082878169110563782e+01
2.001543004392990488e-01,1.237843916572983760e+00,3.179513581130658517e-01,5.235842138211046048e+00
1.201893474122101013e+00,2.908593117564733710e+00,6.145245365682959759e-01,1.295184458262911953e+01
1.155709224147094760e+00,2.600941225914994437e+00,-2.166554623303321436e-01,1.445632028557614746e+01
8.691527760732544738e-01,4.718468362880526845e-01,-4.832799172687493039e-01,2.480664953829170738e+00
1.528279548162816415e+00,4.821484029589821141e+00,3.952960521142120931e-02,2.425132979585171356e+01
3.513989410719867923e+00,1.839866205749233430e+00,-2.455070171929671918e+00,1.063367873292739674e+01
1.486498799019843275e+00,-1.079418272365446185e+00,-1.104947524634548817e+00,-5.389329551787276351e+00
6.520200566918787910e-01,3.083050532098046137e-01,-5.840303948025211689e-01,3.218908445835242382e+00
5.830234390622797136e-01,-2.749999195312522460e+00,-1.714192184062965918e+00,-1.183968358086619865e+01
2.818512721135974175e+00,2.173596401571519454e+00,-1.169611978922900253e+00,1.246360372713836284e+01
2.543772145192785494e+00,6.515751838274369767e+00,3.802192478330770897e-01,3.145435808712274905e+01
1.095575113694010172e+00,1.979854279148101748e+00,8.045048319929339053e-02,1.028336846479391475e+01
4.963585859831716185e-01,2.173596401571519454e+00,9.189505367561568994e-01,1.835213967719519346e+01
-1.211302842470163288e+00,-4.778150097281674391e+00,-3.682019464030579781e-01,-2.301510243261894217e+01
-7.064641681544459040e-01,-6.604437353359609020e-01,2.002786939454860304e-01,-2.748797401343540336e+00
2.670513342720111094e+00,8.188362820341218651e+00,7.167815435241032818e-01,4.042495082488025560e+01
3.484216020204082831e-01,1.118739631625389253e+00,1.855295601368000535e-01,5.072480942483300836e+00
1.191864582218413515e+00,2.204460795685959429e+00,-2.858423084283149077e-02,1.072678076479612663e+01
1.238253471161108177e+00,4.399208324332806619e+00,3.016474204407501025e-01,2.068521699328800878e+01
-2.677199047992395720e-01,8.536864622208467646e-01,2.956120558562279621e-01,3.005354426117933908e+00
2.218014149694981230e-01,3.668379538476929103e-02,-4.053800287862894258e-01,1.439160677910168218e+00
1.282525789856364451e+00,2.071988829993016701e+00,3.587462415556377793e-01,1.264353841053994998e+01
-2.013547759503567569e+00,-5.153248399474981589e+00,1.180978049734201091e-01,-2.628143152992869958e+01
-4.014422765499390255e-01,-1.258963911870312424e+00,-2.303063753838128225e-01,-4.065107502905019210e+00
1.875029536817012676e+00,1.739823805411397029e+00,-6.243166642329728289e-01,8.273644487637358935e+00
-1.077234403660500828e+00,-1.593594883467902124e+00,7.224601884291291520e-02,-7.401277507046344795e+00
2.139508523584934263e-01,-1.270933803183116328e-01,2.902699911975503699e-01,-9.063851330990753130e-01
4.979317551261110975e-01,-1.062692386125535737e+00,-2.229952122952162941e-01,-4.352245040606164572e+00
1.756822459292239458e+00,9.915107910378276657e+00,2.207509446310862433e+00,4.673907885865941125e+01
1.928783330141692565e+00,4.637623472303229910e+00,7.034121501232866169e-01,2.255364732553867313e+01
1.884813550795588544e+00,1.786867643346293999e+00,-7.266195147565465140e-01,1.040785752018673627e+01
1.838601065506280108e+00,1.895845310365621428e+00,-7.284749502358782713e-01,1.102042820046526472e+01
1.412100368424177299e+00,-1.520200293044906559e-01,-1.123661785721447259e+00,1.242040012947070560e+00
2.259325267373363921e+00,5.865800764251723365e+00,3.746726507146808105e-01,3.105044521565621096e+01
1.713192297938145758e+00,-2.789067429901400663e-01,-9.911769537576632372e-01,-2.464487630275333352e+00
1.602069699318252827e+00,-1.134876979433348865e+00,-1.257753763530381041e+00,-4.231508936558764589e+00
-9.466521927421589488e-02,1.738961144338730058e+00,7.139186087824281879e-01,8.348061340680345666e+00
-8.605227271714239734e-01,9.224663860882770239e-01,9.121776660754128407e-01,3.618823066505997055e+00
-1.205390062342151403e+00,-2.098082165526443887e+00,-4.378055042014761256e-01,-1.115671045269168538e+01
1.879439565070929241e+00,2.970629722949647000e+00,-7.270262242839097000e-02,1.394938843036357135e+01
2.632381928399322391e+00,4.746982825665746475e+00,-6.080218612928034450e-01,1.063367873292739674e+01
3.482885198813543415e-01,-1.186628776236627214e+00,-6.971625316953096174e-01,-5.637245804651772829e+00
2.304794464496384698e-01,4.775083491138207847e+00,1.215093503052083523e+00,1.063367873292739674e+01
1.516769488045655034e+00,1.984182894243944340e+00,-5.832767099052200699e-01,1.007869472805803746e+01
3.034291040976017317e+00,4.558091241670919835e+00,-7.862496077062677280e-01,2.307010501507824785e+01
5.327762297427114380e-01,-1.471864328116899046e+00,-1.064034899486830499e+00,-7.596173189037361162e+00
1.148406671286314351e+00,-1.026914524008399443e+00,-7.975750335477703734e-01,-5.232049731282745419e+00
1.223158360223828733e+00,5.721253634151183043e+00,7.967600556232331543e-01,2.718372143115607287e+01
3.112913902266346788e+00,6.664338645117645399e+00,4.324194269937743917e-01,3.281442026675408385e+01
2.706918874828247557e+00,1.161810370386334057e+01,2.211539228672357638e+00,5.543054240234578600e+01
-2.658650838453784360e-01,-3.085153297262530625e-01,-1.052862635805929953e-01,-4.840695343257706007e-02
9.758406042762035604e-02,1.487667673073239882e+00,7.227069566646370236e-01,6.694695230854856405e+00
1.768502468589292276e+00,7.604475180723852645e+00,1.157900203805135142e+00,3.900335302670075066e+01
2.755528164076687325e+00,5.990952944563031402e+00,-1.370413994574228855e-01,2.990880478870575132e+01
9.657456517167885002e-01,6.043057444386317201e+00,5.753962281696763936e-01,3.143200743694202970e+01
1.642609387698310552e+00,-1.205276904929774906e+00,-1.654115362047822613e+00,-5.362704987593434502e+00
8.983829840150246993e-01,1.797539149327620711e+00,-3.015691250377511290e-01,7.537124923226818041e+00
1.852276641787064637e+00,3.688274757144105465e-01,3.952960521142120931e-02,1.063367873292739674e+01
3.015582512010621663e+00,3.064945223403547914e+00,-5.922712824899749595e-01,1.494951302736526699e+01
4.419408743591646260e-02,4.310793494825796990e-01,8.665800436055746958e-02,1.898403701208406735e+00
-6.230631563111985738e-01,3.714199993247797149e+00,9.765905104382911484e-01,1.828176378788235823e+01
9.657456517167885002e-01,1.741972230349379869e+00,-4.199225247442382042e-02,8.473176791097584371e+00
9.657456517167885002e-01,-7.552830952558599042e-01,2.442890504969625620e-01,-3.903824507502294150e+00
-1.211245060375931715e-02,3.215470559596000921e+00,1.173520167582115858e+00,1.451082913806256514e+01
-1.167100782931618230e+00,-8.587356673568302678e-01,2.223460712556211971e-02,-4.048598121916527681e+00
3.060569335326797535e+00,7.670745464253486467e+00,9.147210264269010072e-01,3.557385786870511168e+01
-2.498080586014632676e-01,-9.708113360593284558e-02,-1.064762359765762251e-01,3.073155774008489716e-01
1.913029026011285660e+00,2.173596401571519454e+00,-3.928880782011917594e-01,1.824005539307103518e+01
2.050800663441735505e+00,2.898042795406551964e+00,3.952960521142120931e-02,1.367093440820168837e+01
2.495665133867959184e+00,3.278400974229505049e-01,-1.734156631478267707e+00,5.408762803814703979e+00
1.668368031485012892e+00,5.545935645281390158e+00,2.880131237499674035e-01,2.780185408354641652e+01
1.432033717655166072e+00,-2.221622880402314149e+00,-1.384570022339065343e+00,-1.190134899130946877e+01
-1.206494225661876474e+00,-3.193341658860606280e+00,6.075084907327399364e-01,-1.717653872862780773e+01
9.657456517167885002e-01,-6.242841344698807360e-01,-9.774443854884125038e-01,-1.365544577296202045e+00
9.332667105123925166e-01,2.678025380413956213e+00,1.655069472554013543e-01,1.307459738946502981e+01
-7.917390786253242219e-01,2.985738616904742848e+00,1.153246198167228398e+00,1.063367873292739674e+01
2.026352869063371198e+00,5.301723167514711399e+00,9.143965773789592966e-01,2.633617858695454572e+01
9.568838930781281560e-01,4.385987500600528222e+00,1.360839488698449173e+00,2.179216102431734825e+01
-5.229260101759514168e-01,3.023316390751429772e+00,1.134381439450431683e+00,1.063367873292739674e+01
-1.472483323486374118e+00,-2.398188460650350073e+00,2.867038054464808861e-01,-1.120686316354813172e+01
1.022555135132144466e+00,2.102998246257717696e+00,2.106174006079898908e-01,1.039243172244873925e+01
-5.333191625810989045e-01,-5.533990870225795611e+00,-1.393477841901515468e+00,-2.691386729874615114e+01
-8.658388728913584131e-01,-3.497033243771417776e+00,3.952960521142120931e-02,-1.836281370080224207e+01
2.382153206604829876e+00,2.700829403245793348e+00,-8.702558016796341223e-01,1.387701143811267279e+01
9.991673972185168839e-01,6.321863409670562817e+00,1.326202534635075647e+00,3.112128249203969688e+01
6.958817958640085566e-01,2.173596401571519454e+00,-5.543748030979039898e-01,-2.720319573176203765e+00
2.438577376039623434e-01,2.297734896597739329e+00,2.661543015819423652e-01,1.162133672699406617e+01
1.661263055162289781e+00,2.173596401571519454e+00,-6.652750632027983058e-02,1.866989456523499058e+01
1.825431588636597935e-01,2.173596401571519454e+00,5.461329633957712204e-01,1.200080656504141530e+00
1.360289724251398269e+00,1.767833482187727068e+00,-4.938037071903956798e-01,1.043245525187984413e+01
1.401324895806905779e+00,1.917280532968032247e+00,5.279188410735854431e-01,9.437522474253579929e+00
1.025833127383094290e+00,4.435262315472503936e+00,9.436198736341010473e-01,2.040065030602576357e+01
1.828381440927343560e+00,3.402749560031060660e+00,-5.815554423467274026e-01,1.063367873292739674e+01
1.980545398466313944e+00,1.896467388255150821e+00,-6.261438295883233751e-01,9.779596642599084788e+00
2.610945494545414913e+00,2.121671840969327594e+00,3.952960521142120931e-02,1.150446561489854957e+01
4.209945694464526378e-01,1.786996985781450276e+00,4.448848009760152378e-01,6.745305858504044849e+00
3.388777568841760957e+00,8.413844516807994722e+00,2.361351474914801241e-01,4.266295555931414896e+01
9.657456517167885002e-01,2.426519525944151212e+00,8.290030496459955822e-01,1.125248375882660845e+01
1.344282367468103923e+00,-4.643312344939633518e-01,-1.177471830928435770e+00,-1.008810777105571876e+00
1.067188076661451657e-01,8.897102603388884479e-01,-4.164191790999671738e-01,1.063367873292739674e+01
1.284267184184021637e+00,4.298605161293370891e+00,4.805265993549709402e-01,2.047158145740081991e+01
6.740967353459372813e-01,3.861320571880364927e+00,7.953390658108416833e-01,1.899417859787746465e+01
2.880974856348529345e-01,4.665136708902923868e-01,-3.862770883088945117e-01,3.381048721911700028e+00
6.444220470146182489e-01,4.905368582220374307e+00,3.952960521142120931e-02,2.451170998499782527e+01
1.119700949535732626e+00,4.826441080497955838e+00,1.092224094056923223e+00,2.358309950345763184e+01
2.217942758197532616e+00,8.475427765941901725e+00,1.245841569483723488e+00,4.220107585160332775e+01
1.139224703775443936e+00,-1.632007262864279884e+00,-1.306491906886469767e+00,-5.258077020467025520e+00
1.785263733419220511e+00,7.219849679039428203e+00,6.394122667614993150e-01,3.544449653483998475e+01
5.063557920530681322e-02,2.173596401571519454e+00,-8.897192794770284463e-01,-2.098465276193837781e+01
1.292983907100752949e+00,1.309895087693366600e+00,-3.747396276446022245e-01,6.891624017861953888e+00
1.049247836953679514e+00,5.218277317589179454e+00,6.519845334929532665e-01,2.551434932153900803e+01
1.454693824814399683e+00,3.368422440095046877e+00,1.061811553663761565e+00,1.794891763844145061e+01
8.368886742207373164e-01,3.301229294944830528e+00,1.318275341019508051e+00,1.664431289502960354e+01
7.666279864642140396e-01,2.781419842024074107e+00,3.952960521142120931e-02,1.251739944756710443e+01
8.667250061633543501e-01,-6.071936259792720669e-01,-1.283364706438807401e+00,-2.266538411992764068e+00
1.784259415608428156e+00,3.388410518963220763e+00,1.309228248565172392e-01,1.570317393558060459e+01
-1.281021320318875834e-01,2.468781404090538700e+00,8.647903123179945251e-01,1.138243875704376329e+01
2.782997319324023167e+00,3.987746276385741862e+00,-2.335712453852636650e-01,1.943013554301010615e+01
-1.374640329912596659e+00,1.221329665489164107e+00,1.241427039488154360e+00,7.137662713080414889e+00
9.657456517167885002e-01,1.168779861821341859e+00,-3.961629814999884092e-01,6.630586922711156461e+00
-3.794758832161684303e-01,2.173596401571519454e+00,-1.467719109229759233e+00,-1.729548322845540298e+01
2.603529536158972757e+00,8.963644054667515348e+00,4.837143685710427743e-01,4.341098034462591215e+01
7.728674712699451499e-01,1.830448953784869381e+00,2.776989353314706852e-02,9.648816563500966836e+00
6.028701450588869193e-01,-5.477787713891935084e-01,-9.710727156393320625e-01,1.063367873292739674e+01
-2.152666362597737137e-01,-6.998846868585164582e-01,3.644056657186425796e-01,-3.558712067432488801e+00
7.346727987258135917e-01,6.106136220853217722e-01,3.952960521142120931e-02,5.451844218477710946e+00
-4.863390109634597724e-01,1.295122960312588223e+00,9.500582678980918905e-01,4.536360792705676381e+00
1.661442419481741872e+00,9.968495102855976953e+00,1.470515949144130197e+00,4.773869390234231957e+01
2.365817746502920649e-01,-5.638442800979872604e-01,-9.769035089459330301e-01,-2.044382228920980094e+00
2.250067799387555301e+00,1.510059169216746433e-01,-1.164407190400270853e+00,1.063367873292739674e+01
2.594331236522793738e+00,2.606243135086057983e+00,-1.008355409272031711e+00,1.519787594852567558e+01
1.224232636775430816e+00,3.030547534571916835e+00,3.714329184732228506e-01,1.627053809288217323e+01
3.780983906391665039e-01,1.450948816810566644e+00,-6.790651873031106067e-02,7.531453362170923427e+00
1.749330926979065559e+00,-1.193060754376743082e+00,-1.496321661920200663e+00,1.063367873292739674e+01
1.614044311048760338e+00,4.820764495140241745e-01,-1.161532171094687094e+00,4.938245479593867948e+00
2.107120648678420416e+00,2.101200013948417933e+00,3.952960521142120931e-02,1.009983514856057596e+01
6.773418147723571092e-01,-7.490965453216019698e-01,-7.675100042709855908e-01,-2.565471087152128238e+00
2.351223151363223129e-01,-4.231063241309559686e+00,-1.111033894441225245e+00,-2.046297327132786492e+01
1.077381325310842630e+00,-2.618489758089198371e+00,-1.541133250758289552e+00,-1.189283237983351427e+01
-6.806532540655942931e-01,-4.939887904184296019e+00,-1.053211910393532458e+00,-2.351456822604103181e+01
1.709751897857811676e+00,5.876593001406484440e+00,5.965128483862028874e-01,2.914511457144807594e+01
-2.088781014470941777e-01,-1.964718986500678666e+00,-4.110825865346509622e-01,-9.363752589853771013e+00
9.503207032375586838e-01,-5.712184868057889275e+00,-2.427979676399471654e+00,-2.384219603239842300e+01
1.818230812274528763e+00,6.579418845101750790e+00,1.283295521384645532e+00,3.191535142499231981e+01
1.596211189363478944e-01,-1.665234284680758847e+00,-7.925613364741468381e-01,-9.316091312668177693e+00
9.657456517167885002e-01,2.173596401571519454e+00,-1.215118707427154110e+00,3.759717922692905390e+00
-8.049464085556090609e-02,7.119979019426980749e-01,-2.669086386128255439e-02,1.963782033049373377e+00
6.329026736640581685e-01,-3.323504105416442700e-01,-3.306541888394379791e-01,-1.575371763785187174e-01
8.446714302545701436e-01,6.767911738444158942e-01,-9.948288308405547897e-02,3.136221473093961709e+00
1.805541367138991049e+00,6.260930698672737549e-01,-9.184510372443301929e-01,3.793990095311085664e+00
1.753278611083479488e+00,-2.339846886743477850e+00,-1.824223169515323262e+00,-9.818243870374436355e+00
7.714397984865506430e-01,2.049992206891316116e+00,-3.755602506310544951e-03,1.069170084889187322e+01
-8.675236035490259123e-01,1.774032662317054809e+00,8.920029138941973912e-01,8.297645452003671096e+00
9.553782619303901047e-01,8.551169194484341318e+00,2.929239107390051444e+00,4.073943565213296125e+01
1.393810850491286280e+00,1.343367542409273252e+00,-3.145742601000395822e-01,5.174590248427211492e+00
-2.538317095045590222e-01,-2.293358166661783049e+00,-3.862437271385817383e-01,-1.301837128786150899e+01
-1.026298019006724349e+00,-3.939446936279055400e+00,-8.797106039925665921e-02,-1.928860008672546300e+01
1.432339739890244656e+00,3.195402321977269811e+00,3.952960521142120931e-02,1.541621683939007781e+01
-5.852581171499888768e-01,-2.019099111533454227e+00,5.059647582846438230e-01,-1.052466990619987719e+01
-6.448567471889947722e-01,1.601272464122826644e+00,3.952960521142120931e-02,6.814091101213979762e+00
9.657456517167885002e-01,-4.482407287730739043e+00,-1.549255250119618621e+00,-1.943478991937790568e+01
1.875906831367541994e-01,-2.391045991906817214e-01,-9.742430564676259896e-01,-1.060257184757639859e+00
2.347327277813081592e-01,1.454312751133138626e+00,6.976529654021291771e-01,6.717473165732395834e+00
9.657456517167885002e-01,-9.879799187723747877e-01,-5.451418154904349445e-01,-4.426752086627978144e+00
3.137108172354032831e-01,1.682867026615591621e+00,4.739664777776622651e-01,8.750288830484107550e+00
1.112998651632251645e+00,3.961029907039121500e+00,6.090739023095665949e-01,2.081591926261011594e+01
-3.327050347851743251e-01,2.499526881052105409e+00,3.952960521142120931e-02,1.112765878993322666e+01
4.266599369261477870e-01,-9.404560568440212265e-01,1.348546660134080089e-01,-6.062020337844952422e+00
8.233912701009935553e-01,-5.749829399345538050e+00,-2.026379155698120993e+00,-2.481554176240884502e+01
2.375725647198223101e+00,3.409397613203009492e+00,8.427701728757046318e-02,1.647416299471795398e+01
1.602774688387178958e+00,4.648975758174172412e+00,4.344041294243292661e-01,2.099769866787545425e+01
1.144486159532391634e+00,2.173596401571519454e+00,1.270164472718019688e+00,3.838362677878630080e+01
9.532321578797430250e-01,1.125136487267151431e+01,3.014691207302557796e+00,5.160476041187587271e+01
1.107315019653743127e+00,4.352304291792430391e+00,6.193985906617864856e-01,2.181155015790773888e+01
1.239488133824119709e+00,3.295412964344703433e+00,-2.867290968149165398e-01,1.694574395855157789e+01
3.316318466267810239e-01,-1.343785449196584381e+00,-3.827380039549241886e-01,-5.724024716484612085e+00
3.621473736099127816e-01,2.929576428677947320e+00,2.138879333224491253e-01,1.641761408087799978e+01
3.966045643077369398e-01,-3.481898055998614572e-01,-5.266956274366360047e-01,-1.135585237717815055e+00
1.228619972771531677e+00,2.479490457749407462e+00,-5.471989514935831078e-01,1.198648284204871217e+01
-3.055929233023491065e-01,-2.500063133553594774e+00,-9.422593626254447408e-01,-1.155287344645962477e+01
8.312396754753708095e-01,6.332536953677879055e+00,1.785057007337584212e+00,3.101897601048022324e+01
6.519482774178617657e-01,-2.068714522698692271e+00,-1.114681886742940442e+00,-7.426181755917742322e+00
2.605105276973187500e-01,-3.065593361103502890e+00,-9.161713104366501215e-01,-1.326075547793172049e+01
2.887649183386918228e+00,8.204241009270170082e+00,7.477550443563217852e-01,3.958780336164046787e+01
3.172774087217117289e-01,4.487332018626226215e+00,1.149556938761822078e+00,2.082980355016434970e+01
3.059940062975290420e-01,2.821102269133029417e+00,6.374276029174916758e-01,1.281437322755391151e+01
7.189247625343893056e-01,-5.083119191747506704e+00,-1.591746749685347018e+00,-2.210100043800062863e+01
-6.922329653023306939e-01,-2.882226904174369331e+00,-2.921592932384688424e-01,-1.334474209831543590e+01
9.849052118716725701e-01,6.981342687718973039e+00,1.554873772560974476e+00,3.521277297304437326e+01
5.773426967004409160e-01,-1.069596015885471596e+00,-3.663893824217517858e-01,-4.462302627812356981e+00
9.657456517167885002e-01,3.947946456617842159e+00,3.938003324861662491e-01,1.800218717654460576e+01
1.834015628525618169e+00,6.462709135018626760e+00,9.974660319979312684e-01,3.157468156101115397e+01
6.065128665517744988e-01,2.485277913523092241e+00,3.347044583340688662e-01,1.252193688848184294e+01
-5.599795092704409338e-01,6.193474546420866034e+00,1.940645195862780614e+00,2.896037753786700719e+01
9.657456517167885002e-01,2.075373764350003647e-01,1.122353904212462505e-01,-5.783444987136463489e-01
6.292664570069235186e-01,-1.231956799834395433e+00,-7.898658547972434718e-01,-6.802219193182072132e+00
2.741143583989146038e+00,4.582702717148992022e+00,-3.702415001120138438e-01,2.268286725736113496e+01
1.223591377099260580e+00,6.306205957816645835e+00,1.035274914805616175e+00,3.195334287177938037e+01
3.956420358855421870e+00,1.358614464142923417e+01,3.952960521142120931e-02,6.662743900730130520e+01
2.648784395537460146e-01,3.039348396993650780e+00,8.085870126338439157e-01,1.335348612098714582e+01
1.695513581020599236e+00,3.489130307860604852e+00,2.759248923795926678e-01,1.668364670066711142e+01
5.633656735884853273e-01,-8.676793396617393794e-01,-9.595926738369973119e-01,-2.854816277813837289e+00
9.657456517167885002e-01,6.186816816501031768e-01,1.555943103748804734e+00,1.733465285120385335e+00
3.376998222876159694e-01,1.207429650622449557e+00,-5.580299492478008050e-01,6.056035232336504315e+00
2.471961572617646929e-01,2.454789741343862186e+00,1.118267386299424127e+00,9.800548239105195236e+00
1.004644154359142227e+00,9.908483773501191028e-01,-2.148662508518093262e-01,5.191862651441152998e+00
5.490430565701456267e-01,3.503182231295312032e+00,8.526797452867205251e-01,1.470635328438174128e+01
1.755824728962800396e+00,9.668006869013946458e-01,-5.505279602911060666e-01,1.063367873292739674e+01
6.518365041610107991e-01,1.250342733617368918e+00,-1.691105484233813294e-01,6.784700269517862203e+00
7.018738770891996825e-01,1.686280281505968315e+00,-2.229094983228915167e-02,8.517074230832422543e+00
1.269437354460719591e+00,7.484110988536405440e-01,-5.759683084118468743e-01,3.105561504651457305e+00
1.007579175936664351e+00,2.889592686445680236e+00,5.178782790732889829e-01,1.263347971479453946e+01
3.451483807856323693e-01,2.607211249648327733e+00,4.774868981938762968e-01,1.182849863040980587e+01
5.089337925074393087e-01,-9.826647013746601100e-01,-9.546386797671269075e-01,-5.535134037744835922e+00
9.657456517167885002e-01,6.865233851529928266e+00,1.176233864998433187e+00,3.416696537348987306e+01
1.972859765727606352e+00,5.928440772148019455e+00,8.389225726109530434e-01,2.943011237705490046e+01
1.450164390980752227e+00,8.990851960000391330e+00,2.128834475657692238e+00,4.187364055669525698e+01
1.269306149284028074e+00,-2.637860830435275084e+00,-1.373843965040198123e+00,-1.338028967444175343e+01
2.874593420994522308e-01,-3.414605303395699121e-01,-3.134690784852775525e-01,-1.265130502943976110e+00
1.278317487610927561e+00,1.646588715354417420e+00,-4.088684421291224891e-01,9.780574677377989801e+00
1.509961438215776663e+00,5.161119641255413448e+00,3.952960521142120931e-02,2.343893146365790159e+01
1.320996886579602680e+00,2.517971373340452512e+00,1.375462873029761890e-01,1.289323595397363675e+01
9.600323132031599593e-01,4.451914940026780343e+00,1.534249718822998432e+00,2.104835790550022523e+01
-2.514822410543129383e-01,-3.460226425061337707e+00,-1.198058277764744384e+00,-1.559192884490248687e+01
5.140201016975753934e-01,1.537555539622803558e+00,-9.989359603089720263e-02,7.331235089962158114e+00
3.117658486033469512e+00,4.417113964531151460e+00,-3.516501220592717081e-01,2.280667931503771584e+01
9.657456517167885002e-01,5.884555711757418095e+00,-2.933684713785754128e-01,2.966501412866630361e+01
4.281516975852269091e+00,1.188187414004703868e+01,1.432231786669562634e+00,5.884220462437180288e+01
-2.690969701606911180e-01,-2.349691051685174337e-01,3.952960521142120931e-02,-3.194432431033779274e+00
3.000200697807703598e+00,8.664960800400997698e+00,7.410916821062786264e-01,4.295781398532393069e+01
-2.622057452439776615e-01,1.671393121548282679e+00,1.282630136815994526e-01,8.893663667260376826e+00
1.346765308232882763e+00,7.052455488785605908e+00,1.527172490517560766e+00,3.459942256597293664e+01
9.657456517167885002e-01,2.136985009453219231e+00,-7.378238986820225831e-01,1.297559870416556116e+01
8.537237804474890890e-01,7.508610488220823775e-01,-1.123053060058421648e+00,4.053065488717789044e+00
9.095159583850171980e-01,9.972375912400602838e-01,-5.069295041598436136e-01,6.024952095984554390e+00
9.657456517167885002e-01,-2.764313636495575044e-01,1.228660292964307704e-01,-2.041153095900295700e+00
2.398919807822617045e-01,-8.773080616679915789e-01,-3.900909555551720365e-01,-3.284393034029182701e+00
3.238582687382237646e-01,3.760065922200956368e-01,3.952960521142120931e-02,2.964909301125427721e+00
6.161709485309923018e-01,1.561161177849782700e+00,-2.073709924867594145e-01,9.379734041308500636e+00
8.815259671457734703e-01,-4.006925230505181901e+00,-1.538663784425966741e+00,-1.738127648018060611e+01
8.495667726619452464e-01,1.757895059549848593e+00,-7.332963936790118376e-02,9.043456087710193714e+00
2.289762270816903644e+00,5.515904646329332195e+00,3.568159802127534030e-01,2.742520039825634370e+01
5.666284592823918054e-01,-2.715365629569263195e+00,-1.115332888257694055e+00,-1.257796538218648585e+01
1.527907664666442233e+00,2.389691194960341658e-01,-1.297226432132770668e+00,2.834559778607893765e+00
6.788012144546360371e-01,6.490970915417619835e+00,1.351176787708003424e+00,3.064457888242376882e+01
1.569512861437661666e+00,5.718351726063258589e+00,9.042073015001180769e-01,2.778248078274167909e+01
2.195435714276897876e+00,-3.093475130890318003e-01,-1.688770562405457865e+00,-6.444615750645211749e-01
9.260198588445240908e-01,1.495882768849190914e+00,-1.777285568628602097e-01,7.433667765415647999e+00
1.291538922703732828e+00,7.556382627321146295e+00,1.956892298115187057e+00,3.645535265567678351e+01
1.550175691965198777e+00,3.622934602292463779e+00,2.598925971508026650e-02,1.632920409379160986e+01
1.024892834070727066e+00,7.953655063375206780e+00,1.531068694032448052e+00,3.810493462362998685e+01
9.657456517167885002e-01,-3.394427291698000282e+00,3.952960521142120931e-02,-1.495345777067969273e+01
3.988870068295035320e+00,1.071641821793049765e+01,7.299583335267804118e-01,5.421748644837038711e+01
1.371479679110833461e+00,3.901623340276360707e+00,3.301407096999013913e-01,2.053202103958056668e+01
-1.393196647454247206e+00,-1.210595445817556071e+00,5.480018005858739993e-01,-7.101671733557708421e+00
2.291856973956181598e+00,4.595988507292974035e+00,-7.697754353761646073e-02,2.156874434679749797e+01
1.064554586598371433e+00,-3.100012975836954787e+00,-1.768332080812933249e+00,-1.182862247105208020e+01
8.735857927783928778e-01,5.852992562049002423e+00,1.393535200366207816e+00,2.768307464894076375e+01
1.527267669039312770e-01,1.364663613273227938e+00,4.688610292310710359e-01,7.268902683161835299e+00
1.741119554300496031e+00,4.037134717837630227e+00,9.444980493382923448e-02,2.046387140534980986e+01
1.848025054992457950e+00,2.596548577613783770e+00,2.107074679319079769e-01,1.313609657191307534e+01
-9.945867572125817180e-01,-2.941290592118711356e+00,-8.782926509873312249e-01,-1.471000931149177582e+01
1.242078803672907128e+00,3.183134105512288037e-01,-8.397031134763511817e-01,1.982536439320802923e+00
2.613140611120354784e+00,9.328985557589499322e+00,1.774673428827607147e+00,4.462281736964368406e+01
1.532237799021932467e+00,5.726601048826706730e+00,9.527492177658682948e-01,2.659205182488175723e+01
1.700156784181449332e+00,6.774068691375534357e-02,-6.421505532807970651e-01,6.377968107296405620e-01
9.657456517167885002e-01,8.508360199456179718e-01,-1.132868434152286996e+00,5.203071842196773211e+00
6.549865809191883770e-01,6.615163560943568832e+00,1.732278090008307458e+00,3.131205880103401640e+01
-3.498703716512945316e-01,-6.425397476203244196e+00,-7.497115121607585975e-01,-3.139705215273833971e+01
1.348073043837424656e+00,-5.497463431883341300e+00,-2.386974905474096076e+00,-2.609426477043570358e+01
4.250356655811712292e-01,2.330586956638016627e+00,3.939836805955723165e-01,1.120195153314727499e+01
9.951454813976077229e-01,1.282631694940794098e+00,3.952960521142120931e-02,9.677967134667975202e+00
-4.335779695403509937e-01,1.211621793645793144e+00,7.619058847628228381e-01,6.908358159582402180e+00
-8.726937644528762750e-01,-3.746574905753766505e+00,-4.333908869584304768e-01,-1.955934091703200295e+01
1.173958440705651141e+00,1.654469581483916096e+00,-6.626162419704593187e-01,8.247698357944756253e+00
3.327679854911922419e+00,5.608064170110609759e+00,-1.132944634685119079e-01,2.652576851863057783e+01
1.469419833225088512e+00,-1.562071756098753816e+00,-7.996717024000644658e-01,-7.702625314969732351e+00
1.805932979953724704e+00,9.276691450169916031e-02,-9.429467077727219371e-01,3.120237272026460840e+00
2.348722202426277050e+00,1.510543935565548779e+00,-7.316115572822996516e-01,8.467721089129842227e+00
1.762576878973045602e-01,-6.221187418976223960e-01,-4.901714207337175000e-01,-3.458171191669530131e+00
9.276668457442394100e-02,2.874409857749895991e+00,3.074274295244075472e-01,1.409003329210511879e+01
3.649076834180750240e+00,8.133299998634825556e+00,1.572245421212876970e-01,3.889061780745431918e+01
4.320470564401176494e-01,4.239559312012592951e-01,-3.135828467398080743e-01,2.927459821735939549e+00
1.285510585909779735e+00,2.173596401571519454e+00,3.423715053890803994e-01,1.445387182210992449e+01
6.067801727475066187e-01,-4.212525847179848792e-01,-9.429359943712235514e-01,5.561073811387402532e-01
3.680983065811791910e+00,5.792420970075742304e+00,-6.738859860502790511e-01,2.843500229426513215e+01
1.393436128808208219e+00,3.470681500143609988e+00,3.456830282767012763e-01,1.612668291749774596e+01
1.412813083172658413e+00,9.997498899810726147e-01,-9.039069331609324021e-01,5.174304054612804293e+00
1.547886535345057712e-01,5.526051400732119312e+00,2.345617669395846150e+00,2.569042484778825752e+01
2.672326789224708676e+00,3.123235549687925161e+00,-5.907120112482106000e-01,1.733009351088309913e+01
-2.457341586673713607e-01,4.783747382789530711e+00,3.952960521142120931e-02,2.168720759255904085e+01
9.428051033341406928e-01,2.124466180789598369e+00,-5.050059459049928146e-01,1.298177591806344289e+01
5.790212417836881897e-02,-6.479740884735489814e+00,-2.009871046593397548e+00,-3.101568436691170305e+01
1.776920224740525800e+00,1.500306275976681869e+00,-6.297625179327940304e-01,9.045318540779248906e+00
7.529057211725864729e-01,6.197764342058491138e+00,1.023452287169517083e+00,2.987723000464090006e+01
9.554203528567082326e-01,-6.198735502151276888e-01,-5.484024460414829161e-01,-2.778586610425362036e+00
1.022346990670356837e+00,3.179639829685727559e+00,5.079003086436274517e-01,1.645258369880991722e+01
2.682598791231155522e-01,2.780713556970503042e+00,1.148214709846117731e+00,1.347924686320699372e+01
-7.599083289304429112e-01,4.228310272248018364e+00,1.587479342135811100e+00,1.791480319972814783e+01
1.548830668403422095e+00,-2.214814086021647199e+00,-2.263862164682165723e+00,-1.077368945409115852e+01
1.882866301735012460e+00,2.895868122487976759e+00,-5.358814987127216156e-01,1.630638068716995193e+01
1.394051497400366602e+00,3.510179753757148191e+00,3.029289990140429101e-01,1.719605389167364962e+01
3.313145451901489125e-01,2.173596401571519454e+00,-1.216389329527581831e+00,-1.275180834147256625e+01
5.684852213279518729e-01,1.586654227467043210e+00,8.004252849132582892e-02,8.194559142467866764e+00
9.872632938349419351e-01,2.732684129560523090e+00,3.873923201186826870e-01,1.063367873292739674e+01
9.245168697983943140e-01,-1.678069262257652516e+00,3.952960521142120931e-02,-6.905296507891089064e+00
9.657456517167885002e-01,-3.074064856567778392e+00,-2.106578513767643379e+00,-1.323263680200584602e+01
1.432574798820327455e+00,5.372460157219261845e+00,3.952960521142120931e-02,2.619355854123405081e+01
2.093607393176234233e+00,6.150354440713511117e+00,6.049629435593329996e-01,3.122198078904650131e+01
-1.774038462882491451e+00,-9.948178609782907245e+00,-1.819643679435010153e+00,-4.764376629718428546e+01
6.255917515751638902e-01,3.339077842094932080e+00,4.568275278228425829e-01,1.901248166630512060e+01
-8.008235022609977438e-01,-2.279532765625712276e+00,8.436333125931849697e-02,-1.115628807989817517e+01
4.794448026150955888e-01,1.441636193292466395e+00,6.638545016371238949e-01,4.622184791578742846e+00
1.247642993381708809e+00,9.918199516606402977e-01,-4.878386531346259325e-01,5.078162011041195356e+00
2.117863678345902834e+00,2.896475617298009286e+00,-5.540382276242701298e-01,1.422583928547717136e+01
-8.029921711637808546e-01,-6.621407175107809628e+00,-2.097087940553304275e+00,-3.097367206911547299e+01
2.025542652315839742e+00,1.525314561288757531e+00,-6.285716246351203962e-01,9.014147361865369135e+00
3.051563133191604882e-01,-2.792978062094706448e-01,8.614736478484244508e-02,-3.484865992511028132e-01
2.976082626518924190e+00,7.222562921193065755e+00,6.688615333894043502e-01,3.497548402043421589e+01
9.657456517167885002e-01,-1.317858698045656363e+00,-9.319728822659768541e-01,-6.272662822738097610e+00
1.652979528239287399e+00,4.370814246689953109e+00,-1.060331792779041910e-01,1.063367873292739674e+01
-1.594240349213262853e-01,1.819309831380467202e+00,4.997456583889607340e-01,9.319126690003232127e+00
1.727055697581402427e+00,4.718331087283547554e+00,5.163569031948216370e-01,2.250058884751489430e+01
-2.858505506743695967e-01,2.173596401571519454e+00,1.742404811649759244e-01,-8.229489893984315296e-02
9.224142613820505154e-01,-2.078929913805698693e+00,-9.832890987059370591e-01,-8.999202266782535986e+00
1.958785374715458660e+00,-7.594384125468978119e-03,-1.012767133985629675e+00,8.277310940041957554e-01
3.108330779573274416e+00,4.635450214309660311e+00,-8.361468573098053136e-01,2.358824552670010988e+01
-5.035058708294570806e-02,1.123507385272478842e+00,5.020215555613224412e-01,4.902374008039268816e+00
1.954417626342079384e+00,5.221998945094835420e+00,8.763095672753767884e-01,2.502918035282317533e+01
2.422621029519161695e+00,5.678678845051114976e+00,-1.080969150875863150e-01,2.909337142254207720e+01
-9.829477279352287766e-01,2.158885445458697649e+00,1.669441817650864079e+00,8.877254239632977217e+00
1.905063334765948468e+00,6.840711388956210115e+00,9.624792830443058556e-01,3.481450405558319972e+01
-1.055987587171425268e-02,4.777635941132259312e+00,1.405200802160474272e+00,2.266939949319553094e+01
2.147333996206205242e+00,4.006136894955991679e+00,-2.359121779343353875e-01,2.124084287392644299e+01
1.282069550235282573e+00,-2.757182820664048961e+00,-1.550854370806760363e+00,-1.153630554696952437e+01
5.003992108172494735e-01,-1.047182356234773071e+00,-9.262816781554148449e-01,-4.273547391485938540e+00
6.513026599198867839e-01,2.935796164048881884e+00,8.660151071597375072e-01,1.347965892657250109e+01
1.707650397496737860e+00,3.075496864716142920e-03,-1.058488931009185841e+00,6.649570826058208706e-01
1.234471735138956028e+00,2.516729390802293409e+00,1.917626941475331914e-01,1.142693295704236967e+01
2.164116801917503885e+00,-1.160650030153689283e+00,-1.076252009756124117e+00,-2.994958399500311508e+00
-5.319139537076829072e-01,1.769908218784398968e-01,5.230726575519307753e-01,5.196958069860111440e-01
2.611630009073460101e-01,-2.596459841921019862e+00,-9.077069203958716415e-01,-1.304823833816986323e+01
9.657456517167885002e-01,-1.373156372093534916e+00,-1.504704732239366516e+00,-5.832152989012411304e+00
3.475331548735739462e-01,-2.715854069992007069e+00,-7.697293274039331834e-01,-1.149445082369536664e+01
5.627878965748414064e-01,-4.075939334416114890e-01,-4.618023480154432314e-01,2.412327509417944160e-01
4.322471279734640959e-02,1.634417725659174092e+00,-1.517931859133259953e-01,6.492315780816594106e+00
1.596650792575545319e+00,7.365140818200317518e-01,-1.616415585735530569e-01,3.293267014328995046e+00
2.321737038817341059e+00,1.320798434966585688e+01,2.553117954933582290e+00,6.423829351685853339e+01
4.405136232011974684e-01,1.007263008419605033e+00,3.996741272485754837e-01,5.187802537354015975e+00
6.344708513922646675e-01,4.053467548503332019e+00,5.610647904004146813e-01,1.927963159874255084e+01
1.173482217782763515e+00,6.881217596513676149e+00,1.566260707641455641e+00,3.241228866995778191e+01
9.265866459749250161e-03,1.793159803739999836e+00,1.198258213489581947e-01,8.325377444654884940e+00
1.527049126006318591e+00,5.193065280899529235e+00,9.313619651294774426e-01,2.512252849551093448e+01
9.358499676384341992e-01,5.655852211030330423e+00,1.199220459524789728e+00,2.705689725143464486e+01
-1.007985587006898776e-01,-1.444904177025349234e+00,-4.806566784507635415e-01,-6.517916378534523325e+00
1.201421254548837192e+00,3.066039930702993299e+00,3.623362212285405892e-01,1.518865264830201767e+01
-2.714197683844599140e-02,5.781454695290925372e+00,3.952960521142120931e-02,2.621754524404485309e+01
5.050704742056999486e-01,3.477575940343733851e+00,9.933437005913947626e-01,1.566906675475978084e+01
2.335013638277090298e+00,4.109245939232238243e+00,1.516394468369872128e-01,2.057886449899303116e+01
-1.170630653542096056e+00,2.781156835778530123e+00,1.863595112280656663e+00,1.196231225258401842e+01
8.827674383033380368e-01,-7.553363823493256746e+00,-2.535624393486163086e+00,-3.495260173422741445e+01
4.705185674805386631e-01,-5.512159444043461143e+00,-1.616834066364887468e+00,-2.740848422818210750e+01
-1.685804006325655191e-01,8.841522831356043000e+00,2.868509182033117000e+00,4.173188258634078096e+01
9.748721896587217994e-01,1.203225240990640321e+00,-1.607767932265007638e-01,4.987612229580389744e+00
1.865319632252349091e-02,2.173596401571519454e+00,9.432720180101926699e-01,1.677514841418277314e+01
6.975699708317912862e-01,-9.544812513159679490e-01,-1.438566221034543735e-01,-4.178279916620386558e+00
9.186050141456101326e-01,-2.043239936988076044e-01,-3.937973141831454527e-01,-2.125984276789627092e+00
1.327128259739808636e+00,8.910866384278757213e-01,-1.048871926364138174e+00,5.095801633755931093e+00
5.612544239952779179e-01,5.712280640390156705e+00,7.838919751535210478e-01,2.786691043591020289e+01
9.802812606427367959e-01,2.264564191660617620e+00,-3.952899044204492840e-02,1.132565083541911477e+01
