2.183485052484279265e+00,3.864823627329224909e+00,7.750148505236546193e+00,-7.707434054735987417e+00
6.887097953680391127e-01,2.313908396764266850e+00,3.509254139807278516e+00,-3.951769466590195456e+00
-3.355283034233336181e-02,1.561222805989663120e+00,3.816424852390754019e-02,6.429090998790556455e-01
6.613585981301876027e-01,-2.368304681255817279e-01,3.130039698257089054e+00,-3.690790990091289192e+00
2.120302592478953585e+00,3.966480841723700301e+00,5.847029292876374740e+00,-5.665617577731756782e+00
1.050283803667782623e+00,2.845751767646293118e+00,2.808750499424914615e+00,-1.574412325248618849e+00
6.200919337002028797e-01,2.361452263280548358e+00,2.736618704219357934e+00,-4.384144961274547114e+00
2.724366108646979256e+00,5.222327697087735920e+00,9.537311041432683822e+00,-9.887283542383734414e+00
3.148477550603629105e+00,6.203241333173613370e+00,9.820408809417338958e+00,-8.026832558489701341e+00
2.097423924376595750e+00,4.698885832501201953e+00,7.762294645580913866e+00,-7.999613575992399639e+00
1.033732035402757488e+00,2.332972564160910700e+00,4.330575063489495946e+00,-4.307705664345785834e+00
-3.382751537249524265e-01,-3.430466234555616389e-01,5.277866543383926690e-01,6.006189926183800321e-01
-1.887510471911422183e-01,-6.919857030558755895e-01,-2.135989887176626967e-01,1.017124541057865539e+00
2.059248049491079424e+00,3.652172687020386999e+00,7.580163587047098694e+00,-7.874864419449154163e+00
7.632520097629118538e-01,-1.679931617381249520e-01,4.505307339036493275e+00,-3.562223383160834977e+00
2.110101651720070137e+00,4.216019284527199318e+00,6.627130121131585838e+00,-7.584608589639881160e+00
7.849827252865884120e-01,1.298485991675384366e+00,3.261949434163929240e+00,-5.276334013082683683e+00
-8.059441712922925660e-01,8.118849648918526896e-01,-2.990187285727770927e+00,3.056629812538623092e+00
2.628926566889471239e+00,4.478601429995759275e+00,9.069494601108319287e+00,-9.019714360741190262e+00
-6.796475631927358929e-01,-6.573477134091061380e-01,-8.463585039189118753e-01,2.238890916849146651e-01
2.041128418509940978e+00,3.603645576532997996e+00,5.878370557935012286e+00,-5.385824554166975808e+00
-3.522778004109103911e-01,-8.978354177203038411e-01,1.183034348561450566e-01,-1.099205828199801283e-01
2.235734489083953669e+00,5.467594692578620297e+00,9.334989705209041588e+00,-1.054590677475980698e+01
8.971142503311135830e-01,1.842789137352830009e+00,5.826394301080199511e+00,-7.654667941491284822e+00
1.405122568976843622e+00,1.912759438241995014e+00,5.408527385542358346e+00,-7.806539976467837150e+00
2.044633006713461043e+00,2.887665189795451504e+00,6.529738781892666211e+00,-5.219022487285020162e+00
1.051505839430127320e+00,2.815498265458910687e+00,2.672369237587326474e+00,-3.119146827801182909e+00
-8.047884871044796995e-01,-4.206241377556376726e-01,-1.535124628103150757e+00,-5.939415898589084364e-02
-9.966001401916269042e-01,-2.319582022293905865e+00,-3.990010396439199525e+00,5.407439314654417295e+00
1.238285319538494189e+00,1.649076601065388559e+00,4.193582968946775402e+00,-3.301792341399141240e+00
-2.808949243366327675e-01,-1.329438182084078934e-01,-1.764790012525956797e+00,2.100888687000568744e+00
1.749751890182994707e+00,3.660498453101826755e+00,6.302573792193373770e+00,-5.968038625170557054e+00
1.164084930564610376e+00,1.861647008370921341e-01,4.714546685764772427e+00,-5.132196905405233878e+00
5.241520762773477227e-01,-1.197846548053324689e+00,2.326063029052263698e+00,-3.363674857278329267e-01
1.426649710458029130e+00,3.992133144065769912e+00,3.800446103033418233e+00,-4.099369223191402511e+00
-1.073354298065545276e-01,1.814254858201002074e-01,-4.283321012312941711e-01,8.054336248251350305e-01
7.112020078608094487e-02,1.798902392023948638e+00,3.125227042613340611e+00,-3.028151000580433738e+00
1.563120948749894268e+00,1.631100730921070552e+00,6.686422813033574997e+00,-6.933834827578830406e+00
1.124565203308306005e+00,5.133203841407411261e+00,3.781126286996914665e+00,-6.008740299379001115e+00
1.495021731008919108e+00,1.198843689692541847e+00,4.755598634022538462e+00,-5.230917688263557963e+00
-1.016379536156601482e+00,-3.606731657270584535e+00,-2.974341146787759627e+00,1.944778996239489466e+00
2.973870169221792814e-03,1.830130974635072738e-01,8.401092690175511191e-01,1.153080371604936705e+00
1.799970309773980315e+00,4.226994964824738688e+00,6.938423009420082721e+00,-5.389628018499696971e+00
5.700276924855312011e-01,9.553625908347154194e-01,2.655491156149436538e+00,-2.095126822328480909e+00
5.294824077819355601e-01,1.624876130430529253e+00,3.337441366299212397e+00,-2.464178850675248444e+00
6.906631946043837456e-01,2.266776071516298785e+00,1.114545061385355806e+00,-3.071419211652083980e+00
2.047295348042013075e+00,4.416035791517567866e+00,6.328849248222261359e+00,-7.262931070647132614e+00
1.214806646854393879e-01,-2.590459614494103890e-01,-6.023471377855618147e-01,1.552325955548205627e+00
5.468683074512570297e-01,-1.583493311902832712e+00,1.872615882303865220e+00,-1.704463641791454265e+00
-1.027868768773716468e-01,1.123779734863649349e+00,1.831406666565957631e+00,-8.856825953735694146e-01
9.915333080660954090e-01,1.577818016803200107e+00,5.067586218839922552e+00,-4.081658062011642052e+00
1.018517688377338137e+00,7.303689938523785230e-01,3.005212389923229921e+00,-9.013659289726603241e-01
-3.102000658162304969e-01,-1.174844366639257620e+00,-3.922570012882902191e-01,4.281581210023651662e-01
2.029014649566288409e+00,5.552261640730039360e+00,8.269323638965911272e+00,-7.037465456384541795e+00
2.202965286574962711e+00,5.679026515953333742e+00,7.432904476157478513e+00,-5.726568822338890641e+00
1.270306179948354153e+00,2.922670282302279432e+00,6.750030705215364080e+00,-7.967255165443020815e+00
9.088220678944221032e-01,4.390129288921611472e-01,5.007294677011184802e+00,-4.596013555843621035e+00
2.768246174024085349e+00,6.555817824091067614e+00,8.312947095980335988e+00,-8.185992152287228762e+00
1.536072449909323678e-01,-2.035769840263685904e-01,-1.961604300227404174e-01,4.918574298478065043e-02
-2.335205224137475444e-01,-3.536950643467112743e-02,4.953010157710613925e-01,6.809040521768583432e-01
8.847044983366147974e-01,3.319064689259996648e+00,3.306676001068356907e+00,-4.175028350648039677e+00
1.019274562258426498e+00,9.684748625598209593e-01,4.640261852299822465e+00,-4.221049003800584565e+00
2.384919534881029257e+00,4.119695132714446650e+00,8.439252629284309748e+00,-7.589390469316482424e+00
1.809248468349321737e+00,3.666275359024880220e+00,7.306304098410903336e+00,-7.645198324319677496e+00
1.706045733073612070e+00,4.660954959578721635e+00,4.276555978220505594e+00,-3.031315136176987224e+00
2.477525211299899333e+00,4.830363345705392497e+00,7.969627256836700369e+00,-6.560193316534771668e+00
6.655439575218835557e-01,1.643716631982452991e+00,4.898147260608869402e+00,-5.390246735520080712e+00
-1.877389040003605292e-01,-8.567137736806054171e-01,1.217552734666521141e+00,-2.331551043674242596e-01
2.784526464744396357e+00,5.975129052140240482e+00,9.755954973331844471e+00,-8.837358412374591410e+00
1.356609287673588238e+00,4.655870289028264608e+00,5.989045925466058407e+00,-6.911302856694208963e+00
4.654074163279499077e-01,-1.256616950345896822e-01,1.779107355148533465e+00,-1.274220932330656808e+00
1.397243797929930587e+00,3.312972927168153170e+00,4.682291261389472048e+00,-5.964533489067405547e+00
1.802539370760162019e+00,1.090350623881355396e+00,6.471069895945801065e+00,-6.200180482765409451e+00
4.235296022447131437e-01,1.092219852577830608e+00,2.272543569700699706e+00,-4.234084736572150121e+00
6.575291144109884911e-01,-8.689453384371934597e-01,4.149116475141782168e+00,-3.818976348967017653e+00
1.119867636928001842e+00,3.017231720080266744e+00,4.332695858073789097e+00,-5.520576415677344251e+00
-6.332470990133893807e-01,-1.233818047617663449e+00,-2.235989400830820095e+00,1.565812872005469814e-01
-3.114277866396659711e-01,-2.121689011828557625e+00,1.559927302801481508e-01,1.227974395369850313e+00
1.274097569742992153e+00,1.339937152396551978e+00,3.942277414498323029e+00,-4.893392089231287656e+00
1.005455811002279098e+00,3.475991891855543692e+00,3.096703217682216458e+00,-3.079527817511505727e+00
1.190564833759845786e+00,1.027541757186931859e+00,5.088486844124474828e+00,-3.595545847352100033e+00
1.029715666667005536e+00,7.339930644932293191e-01,6.626629920256410955e+00,-6.668651739705990344e+00
2.364773998930992605e+00,4.801981628942882274e+00,7.111174576044523299e+00,-7.991607194924303492e+00
-5.438687867550304755e-01,-6.747999780864462060e-01,1.183769475907880731e+00,-1.623540760588460419e+00
1.171188957124235763e+00,1.653839944143107088e+00,4.270356599110757045e+00,-5.441290098873520442e+00
1.672005946550084499e+00,4.368820839639976583e+00,7.377903220617731073e+00,-7.077479866954937471e+00
3.069863193643010968e-01,-2.316884118052866537e-01,2.995668675008553716e+00,-1.307388651128061019e+00
-1.096786098362652506e+00,-4.521456481331489918e+00,-2.980664997290159768e+00,2.716948151070301520e+00
1.139538315825787240e+00,2.945578634927619177e+00,4.051422368217181713e+00,-4.066204369155775211e+00
-2.445519829381168631e-01,1.138306523788607416e+00,6.895090619550815481e-01,-3.594706329548063017e-01
2.824302772683505047e+00,6.136901085956486313e+00,1.041725482777262357e+01,-9.414133933230671047e+00
7.909933068027428238e-01,1.592288205310529614e+00,2.735115240099506906e+00,-4.590246976062607231e+00
2.418285740725498734e+00,5.971506726917109376e+00,8.509574201462768883e+00,-6.404229037458747165e+00
2.260624236197252834e+00,3.432449483808224677e+00,6.435041062921725619e+00,-5.234808068662752945e+00
1.849376784972871945e+00,3.914739657661948868e+00,6.410577287501473265e+00,-6.272350437211160035e+00
6.005324752905971675e-02,2.988361229753778159e-01,3.914819050254368937e-01,-5.193239150065562804e-01
1.572130696809658446e+00,3.394867468520338161e+00,5.560475669633770934e+00,-5.425202450949138999e+00
1.130977542869589403e+00,2.100461033449193771e+00,5.179430975194573961e+00,-4.808026892122544638e+00
1.907677278147344335e+00,4.088739631923446360e+00,6.729746558340253593e+00,-7.197352550876400912e+00
2.370210577463483848e+00,5.468345776813339221e+00,7.537739058406751624e+00,-7.529545492551545927e+00
-1.902002546364660596e-01,4.096583088735550326e-01,6.020760576744594861e-01,-9.865819454697444257e-02
-2.155220696357182941e-01,-1.011226037985478943e+00,1.400934289675621836e+00,-1.126414389974932595e+00
7.791120467091789958e-01,1.625524095011957826e+00,3.864331609956266789e+00,-3.847139365335810801e+00
4.772244097659346096e-01,-2.657068683098917639e-02,3.769318964755070223e+00,-4.523796596646775470e+00
1.377822668130742390e+00,2.899604863680055100e+00,3.801195263170852101e+00,-5.303198122474445775e+00
-4.180225707532769786e-01,-1.285440882711279098e+00,-2.616979835758023731e-02,1.233897770501494850e+00
1.157324364113691884e+00,1.124455518947829802e+00,5.749379987515164991e+00,-5.659001082725201748e+00
9.608636116587448983e-01,2.999820228190461346e+00,2.776263611185768809e+00,-1.559556163910849058e+00
2.523464482604494741e+00,5.919721133236038213e+00,6.717151372512985219e+00,-5.529414480705952428e+00
8.816970118419814595e-01,2.074855406648742573e+00,4.161485834624599534e+00,-5.731888499483480004e+00
2.063784564646532260e+00,4.647633563554463443e+00,8.248230786702416495e+00,-7.909684644403112586e+00
-2.587343434949538334e-01,-1.494559875914104108e+00,1.884624226639003197e+00,-3.046564557712490906e+00
1.008927577422188859e+00,7.745451448497699953e-01,4.185630629645615386e+00,-2.994009490226861914e+00
1.823173047641251987e+00,4.348367048184464068e+00,7.309041544521280187e+00,-8.076785074219232641e+00
4.005752806969544721e-01,5.917675680281568873e-01,1.446471546294125332e+00,-8.048296412063410399e-01
1.252242787090881215e+00,1.839593106461508309e+00,5.399764793236006888e+00,-6.689585516169896273e+00
6.634005257889525886e-01,2.843667514204576641e+00,3.980596004358246898e+00,-4.564465618114152079e+00
1.052135893980902903e+00,2.563810976450185741e+00,3.891438753310263898e+00,-3.547858655321011412e+00
3.706803922142087870e-02,1.006811023068425737e+00,1.428454760705190951e+00,-2.393226962384610967e+00
-2.221847862141557162e-01,-4.985367661186644872e-01,-9.245996837697684212e-02,1.837548876017222610e-01
1.025006705163120202e+00,1.671426079465211156e+00,5.638782295445266435e+00,-6.107788723164501832e+00
2.784191018281175989e+00,4.739932750604749501e+00,1.081603678672458813e+01,-1.214166325131081869e+01
4.178190314401077909e-01,9.726118950803703811e-01,-4.213164396469086803e-01,-6.685110752843519411e-01
9.593259951266254193e-01,2.263387721017264820e+00,4.973000852566858754e+00,-4.119845776452573993e+00
1.107368537134217901e-01,6.913979145238746682e-01,2.182771642610872309e+00,-2.530091859997709136e+00
-1.305237131527834382e-01,2.407913837894706255e-01,-1.458941825621386856e+00,3.955843142394234846e+00
2.450025276308376743e+00,5.941227857390872558e+00,9.266329270685981001e+00,-8.722226737749352310e+00
6.280308714139728465e-01,-3.563024728589767598e-01,1.650630767523128650e+00,-2.477417629660899401e+00
1.957919324453474719e+00,5.616102144436305288e+00,5.608906715747956184e+00,-4.764111266326351846e+00
1.784169259223470805e+00,4.839952358662912957e+00,6.376206059811793558e+00,-6.181163336511397155e+00
-6.812258771696821924e-01,-1.603889005695220860e+00,-1.416647142679049454e-01,6.669068988937849607e-01
-6.461673004968830902e-01,-1.940940557024301683e+00,-8.951688200033967036e-01,1.770427148573507248e+00
6.283789632945810943e-01,-3.883720847171152624e-01,1.397755854537055642e+00,-6.431814676941569608e-01
2.781602304344583665e+00,6.401459482136313106e+00,1.088400991248208349e+01,-1.172666751483795800e+01
1.679913579174419080e+00,4.219817552604325783e+00,4.846420520305847468e+00,-5.639070635203436765e+00
1.084758600002817763e+00,2.016950998717483845e-01,3.245433348148038633e+00,-2.903810344870700888e+00
-4.013807274531560054e-01,-1.399406231226208330e+00,1.520633093391541513e+00,-1.564587743656129515e+00
1.484856881649776472e-01,-3.108918478654502104e-01,-8.137404300832067339e-01,1.457144899084783507e+00
1.700189031198635625e+00,4.102625154614686132e+00,5.189443833463322164e+00,-6.648432702270625327e+00
2.476134795418353463e+00,5.630978577073242342e+00,9.068853671395887162e+00,-7.878728055736503144e+00
1.095056041583476247e+00,2.223122050441585174e+00,5.884453761911903058e+00,-6.430867072628140058e+00
1.530583505973648339e-01,1.059833311360967256e+00,1.668212982482768059e+00,-7.744385031326027624e-01
1.407912591743440300e+00,3.342063511915136065e+00,6.243038133248920651e+00,-4.905994339580367125e+00
1.871941884919490207e+00,2.687949655282777961e+00,7.215156082283865402e+00,-6.286447127395918599e+00
5.884490538306459406e-01,4.391626613092661779e-01,2.384565206805056015e+00,-2.009513459827219517e+00
-1.933938403529993355e-01,-1.919173911202632254e+00,-4.168629645528195704e-01,-8.468388792545623600e-01
2.005448429663144516e+00,4.032888045696520152e+00,5.104190482459844524e+00,-4.727515486738243844e+00
1.568794341499473610e+00,3.620765945855014767e+00,5.607601156406928133e+00,-4.533387288589751485e+00
-1.038950901530645066e+00,-1.514476560853258880e+00,-2.535097056644822544e+00,1.696724780435432622e+00
2.525649230471217699e+00,4.699498231117599900e+00,8.808847453585171294e+00,-8.953576743553846029e+00
1.726074766095612167e+00,2.894447733708302550e+00,4.408224439934729233e+00,-5.797895053538004717e+00
3.027395462195911158e+00,8.291931823459780304e+00,1.088010139406500087e+01,-1.124388875159715440e+01
1.540178752627191949e+00,2.627368823629546490e+00,5.964207692267489591e+00,-6.775784195155437395e+00
4.754652239575899442e-01,-5.905155678804743236e-01,2.280067043970197549e+00,-3.627897525109190724e+00
1.242594984813186976e+00,4.263624148919466172e+00,5.392579023781759240e+00,-4.400855153940865350e+00
1.176366979247335021e+00,1.610500928535515186e+00,5.821267964384015059e+00,-6.734416158405475805e+00
8.846985068870278912e-01,1.631612231319974793e+00,3.150920759354357337e+00,-3.803614168716304977e+00
2.192802731481887868e+00,4.004609568463511238e+00,9.033172029051458551e+00,-8.225310455884393690e+00
6.259155934035616209e-01,1.388059201288288635e+00,2.085730791559117669e+00,-2.418942338726106200e+00
1.581921980521261206e+00,3.335452871624571269e+00,6.115775375607112707e+00,-6.301503484410719835e+00
1.915625935553036507e+00,4.042041650498700456e+00,6.606431211860704700e+00,-5.941469881291235211e+00
8.533653929835942620e-01,1.768764425792226369e+00,2.107425114345740091e+00,-2.334630953418226351e+00
1.472550746643959796e+00,4.376818784979853660e+00,5.405501805899712409e+00,-5.884822975869231421e+00
-7.286107573128774995e-02,-7.155607559387737737e-01,-1.101114385000828255e+00,9.262691084379689466e-01
3.299191192180382703e+00,6.419963904135874699e+00,1.075191328915762945e+01,-1.345425513766739734e+01
4.956609417484914015e-01,1.657085912727191079e+00,-6.342741674858656253e-01,5.295152857977417638e-01
1.685461486885136306e+00,3.841917603247773982e+00,4.964053196061199991e+00,-4.483184273089256600e+00
1.418017785748721060e+00,2.180454791934269387e+00,5.736898866721526602e+00,-3.805920263727584185e+00
9.727125705468588901e-01,1.131067475076508178e+00,3.897609232195699214e+00,-3.161860747115871728e+00
2.786396728376909770e-01,6.178209780199237500e-01,2.502989969652141156e+00,-2.159218739802469145e+00
2.232751725045489799e+00,4.215042963764711104e+00,8.092249494315186809e+00,-8.901676371886857453e+00
3.573449315149891170e+00,7.041160711393534832e+00,1.349904786318885108e+01,-1.204645707423425449e+01
-1.641513977175148575e-01,1.972433324662436593e+00,2.007830307907886080e+00,-1.921938835051876016e+00
2.033390324839116303e+00,3.410414444302670489e+00,7.286249144329194571e+00,-7.408109045287809558e+00
5.790011824560059583e-02,4.426724552637411603e-01,2.948075403813166240e-02,-4.043270553126150357e-01
1.278041161845822282e+00,3.117334874621562335e+00,4.488870747931133387e+00,-5.132150837393004039e+00
7.400473990144090797e-01,3.486103291418761962e+00,1.888124854257108076e+00,-7.422904022134435564e-01
1.396501595365217119e-01,-1.586523680721455554e-01,8.684148188546435554e-01,-1.114444881766864404e+00
5.226774647253977779e-01,3.923993220834116613e-01,3.049455611282561041e+00,-3.167163638693106353e+00
1.799655212528759929e+00,4.361602624903232694e+00,7.648720009617991700e+00,-6.132994395389854247e+00
-1.472599749599166064e-01,-6.608418147598369430e-01,-4.351153195291130871e-01,-1.092850261421679514e-01
1.050225356835515544e+00,2.724113655990999305e+00,4.797933654712913665e+00,-4.536840533745180259e+00
1.706497733249161541e-01,-2.029154080146567951e-01,1.618211108637968021e+00,-1.045058294444761060e+00
1.994108739283404930e+00,4.436368155828830595e+00,5.712016039927354072e+00,-7.373266490741542611e+00
1.740019335454939586e+00,2.323792356674959869e+00,6.140794405310991522e+00,-3.979450272177624814e+00
2.817318505887501878e+00,4.592792029939582577e+00,8.855864328879844649e+00,-8.718725866597914376e+00
5.817721979621546247e-01,1.432666847272971777e+00,2.655395109843774915e+00,-2.795370819756066716e+00
1.754506571274863092e+00,3.224649504202983685e+00,6.394733808451976920e+00,-5.937475914763254536e+00
1.308527894086096044e+00,1.478181041621254188e+00,3.633047533519377925e+00,-2.236672457084763366e+00
7.132711313095809746e-01,1.485433378626407563e+00,3.048356364943341390e+00,-3.422661982500575739e+00
1.585204804375472953e-01,8.101604800765072056e-01,2.644605073670934559e+00,-3.337169864098618710e+00
1.382676095597483501e+00,4.174633519299122852e+00,8.402552096874535081e+00,-6.851698691857430745e+00
1.764459832998817479e+00,2.996936020861209915e+00,4.122595038423641611e+00,-4.267448333756414414e+00
-5.975819888134983326e-01,-1.181410647076119202e+00,-6.432815869532919617e-01,8.574471346894851909e-01
-1.609163687395327447e-01,-7.982803975004456598e-01,2.044067414114224768e+00,-4.786908184268199307e-01
5.515867202758981680e-01,-6.699067805897258587e-01,4.145347779483421036e+00,-3.638551488719818927e+00
3.810852462972704746e-01,3.565513180081728573e-01,1.939842422364934205e+00,-1.829785164277729193e+00
6.019663192163632326e-01,9.107421392367598401e-01,3.936631507471997971e+00,-2.705916873948232659e+00
1.047620993920894916e+00,2.746798597353944160e+00,5.180375244125642098e+00,-4.954834900511999152e+00
1.770998214486496858e+00,1.964571801318262922e+00,6.477774010620191980e+00,-5.519744516796157185e+00
2.286827866111232233e+00,5.179426344514219238e+00,9.231609609507346548e+00,-1.041606085450069585e+01
-3.794889338281122182e-01,-4.907195770239808352e-01,4.412227169669689086e-01,-7.682169209739808657e-02
1.994858093398883092e+00,2.542786191120973704e+00,7.899957904393429153e+00,-7.666718497231365781e+00
1.724566843250038062e+00,2.702686848028692967e+00,6.261168456674699456e+00,-7.314898327436763381e+00
9.032129046850498888e-01,9.626420115964633428e-01,2.113929613417934839e+00,-1.328085340674083792e+00
6.009066238486275857e-01,2.040257837837001098e+00,3.941746809628032366e+00,-5.090154822488517361e+00
1.233615365282581866e+00,1.329362498375624257e+00,4.719239637346508864e+00,-3.994999625021960821e+00
-3.482458725990977833e-02,-1.821137767451371792e+00,2.389635869206709451e+00,-2.231239714449937850e+00
-5.985867026449094297e-01,9.288996803471927244e-01,7.775251297304996978e-02,-7.729771618095937491e-01
2.759183274316998613e+00,5.449799162071793823e+00,9.465130688128233771e+00,-8.516697375199660414e+00
1.652475148013944128e+00,2.574182646799866525e+00,5.731984499426569180e+00,-5.573342595946478184e+00
9.834276084957546127e-01,1.546404287296304192e+00,4.666547717239536652e+00,-4.303557559930431431e+00
2.013255843353278784e-02,-5.317820602253059414e-01,1.410799840940589522e+00,-3.877005624103229131e+00
2.860994952830131943e+00,5.516837833961315773e+00,1.023783079976139554e+01,-9.525508651947022898e+00
-8.903835076104091861e-01,8.537199645373094725e-02,-1.755165137754266524e+00,3.668305326241241282e-01
2.382547607161741965e+00,6.287299588340149015e+00,7.700897805790417827e+00,-6.620468953666278189e+00
3.477634485525029628e-01,3.200367059353215193e-02,1.894684778393090463e+00,-1.631264088368709730e+00
1.052707033978025564e+00,2.589631629953796033e+00,3.733301635704953547e+00,-3.841488890097586761e+00
8.676670222157129020e-01,3.419945479664582955e+00,3.695859535313950506e+00,-1.898438248962610375e+00
3.516326102035673973e-01,6.595499041273724661e-01,1.272656986323487338e+00,-1.591976446572544557e+00
5.144195174425121309e-01,1.456610791873401478e+00,3.641616042311700330e+00,-6.256104842815016553e+00
-8.607252523424964163e-01,-3.001182772560839318e+00,-3.434080297432267059e-01,-4.955567623297786328e-01
1.719152637609319356e+00,2.639105543943356835e+00,6.191150502782985399e+00,-6.205721539562238043e+00
1.284208847704208178e+00,2.171488161662567418e+00,4.354917693742961227e+00,-3.634308152842970152e+00
1.549760114719428428e+00,3.555692042836485545e+00,6.285142386970126616e+00,-6.609724433692838907e+00
2.306379639538282067e+00,5.140811410815487648e+00,6.648833547220556639e+00,-7.720352825776445549e+00
9.301879770173898665e-01,1.603639856936727615e+00,3.818361721546252419e+00,-4.296946195761781162e+00
1.183425058043483968e+00,2.389560679214830952e+00,4.511097133874253373e+00,-5.947652257047869817e+00
-2.698572359869741977e-01,-6.100663417256166898e-01,2.134574661588371391e+00,-2.631598367377962155e+00
2.673093349523831819e+00,5.915969679560133088e+00,1.117099420003916421e+01,-1.248979203412207184e+01
4.842335662764027937e-01,3.623448483148793198e+00,1.643898734228834035e+00,-3.848487504868824960e-01
8.698279648196188818e-01,1.097358790960951902e+00,4.477241102661931649e+00,-6.411608524694988986e+00
1.914806538609566733e+00,4.029139221436077278e+00,4.717344982186412850e+00,-5.274993449919915811e+00
1.380615354734044065e+00,2.496971144028695466e+00,4.519214848402189233e+00,-4.342327537530203507e+00
2.165395332124770533e+00,3.964606966693413170e+00,7.756321971195278664e+00,-6.872874300705623440e+00
-1.209624213591344866e-01,3.034326778995317664e-01,1.400767705317627065e+00,-1.700748488451229612e+00
3.725369367093375184e-01,2.615849984824122898e-01,1.873452209060261664e+00,-1.025763415776400400e+00
3.383403738898392854e-01,4.801447880333762352e-01,1.657116956091550186e+00,-2.197544420566724277e+00
-1.077126249641007671e+00,-2.104041269145428661e+00,-2.061458377733918823e+00,3.203507879990235452e+00
1.835293494807154202e-01,2.399487051123391446e+00,1.000772316922709848e+00,-1.951980824554747640e-01
1.556988871033078592e+00,3.134424025303997663e+00,4.538296507888757603e+00,-3.101075094727975490e+00
8.431576496939668930e-01,1.984161767179145164e+00,4.546226452612140534e+00,-5.280620311630179309e+00
1.683732420705066346e+00,2.708959051495741566e+00,5.063421700759564992e+00,-6.090351092107734843e+00
5.500349174390248841e-01,2.453736525182898198e+00,1.785383620076323341e+00,-2.721818449633095938e+00
-1.507377172652306641e+00,-4.178969193435413843e+00,-3.927719520546669063e+00,3.512664177786730235e+00
1.522198998088941657e+00,5.503840661915495147e+00,7.036645676409525763e+00,-8.479780282271457637e+00
1.947236077964688228e+00,4.955520055511349220e+00,8.092483712978950194e+00,-9.340866844025788041e+00
4.448478170012420962e-01,1.674834635936562899e-01,1.913542516953819383e+00,-2.748080188061893470e+00
-7.343688316087861878e-01,-9.625016298651138946e-01,1.824376088667192253e-01,1.819175806819810282e+00
2.060840637631569550e+00,5.276789356814612475e+00,8.274801767266932728e+00,-8.280492307194315060e+00
1.155319486488627145e+00,2.736556552801720610e+00,4.737300473825504454e+00,-6.750577615275904719e+00
1.139782799071537012e+00,1.146852780076023315e+00,4.648617873710138682e+00,-4.570316031035844162e+00
6.097887145526266206e-01,1.621129226875771767e+00,3.902812323557739660e+00,-4.580284602220499934e+00
2.695432727222852876e+00,5.040520297459170962e+00,1.061366478628066368e+01,-1.357774230848351493e+01
6.770335198599202187e-01,2.403242201889664642e+00,2.233126267932090681e+00,-3.934683569853135054e+00
2.009397440878238683e+00,3.624339521238863604e+00,6.290688574065070426e+00,-5.615247868593530534e+00
1.273261297896355559e+00,4.486027902874983653e+00,6.349448153716457099e+00,-5.854173946986341193e+00
-6.245038187945135544e-01,-1.299905965740603131e+00,-1.121940720024190208e+00,8.177444272419889248e-01
9.212250075850125786e-01,2.988707292403643745e+00,3.012947730114778899e+00,-2.396858997396912550e+00
6.202218241984606140e-01,7.656065423224143185e-01,3.343426373912938399e+00,-3.701157515917095964e+00
-1.630757716879314145e-01,7.885284690623317605e-01,-1.029433296293637223e+00,1.664296583487995029e+00
-1.823652666893054164e-01,6.973536964123903115e-01,2.286615417595479482e-01,-6.265884851096374941e-01
1.055991013867870976e+00,4.972604730334220235e-01,5.762849620156783814e+00,-6.688225424240637373e+00
1.578274490971995903e+00,3.690814740108917746e+00,6.918313181783203092e+00,-6.196680262551319096e+00
7.842689637063310348e-01,1.995508946572955633e+00,2.247430353865196295e+00,-4.236041072564609600e+00
-3.175015507388776470e-01,8.623033375244983922e-01,-1.236197993128579642e-01,6.942136321878307204e-01
4.548552760039533682e-01,2.030808766806165622e+00,7.661074348590346528e-01,-1.372880547165123311e+00
-1.695916238769255013e-01,-1.069175305817296362e+00,-2.752756996109790855e-01,-3.398028556132915989e-01
3.147960456098304327e-01,5.084181116085660923e-01,2.487905887424863405e+00,-1.775365953285481524e+00
1.413227296617679540e-01,-8.443806755108802520e-01,1.862515353833241738e+00,-4.685404049479503286e+00
2.480053303387794728e+00,4.728669224146168304e+00,8.676412874814497300e+00,-8.358898096221050622e+00
5.533896128261137637e-01,5.994367477684161560e-01,3.326300141827367440e+00,-2.935022707309129064e+00
3.148104914335430049e-01,1.170769739762825612e+00,3.142259250255773129e+00,-3.356002794734008088e+00
5.046059137919454152e-01,2.580092673396917391e+00,7.095531202636002899e-01,-2.736422417770930871e+00
2.222262977418237861e-01,-4.806909315813983063e-01,1.843201815213143080e+00,-1.491694114567094998e+00
1.841316947412293459e+00,3.115991482414842917e+00,7.480587158945035675e+00,-7.725834021022508047e+00
2.307291128098626354e-01,1.732989405863723631e+00,1.570244736547502962e+00,-1.567519223363782910e+00
2.619985811122387265e-01,2.188364309360959048e+00,1.282272127677572371e+00,-1.787867030472556795e+00
1.233050800865589824e+00,2.455975888978169763e+00,4.133740835884054832e+00,-2.622341506127388477e+00
2.282849637615699478e+00,5.398368594905431195e+00,8.135779707363949953e+00,-7.733800227161924390e+00
-2.159400824740216329e-01,1.673506073790389959e+00,-3.331788972845750596e-03,1.842727437570107041e+00
6.320511472271453934e-01,2.934491995805920350e+00,3.587333785644311046e+00,-2.885567768201432237e+00
-5.317741380744525070e-01,-2.092004676067338309e-02,-4.874715486464318848e-01,2.001718830855983455e+00
1.600418584625793672e+00,3.522611503911588393e+00,6.935542245640988313e+00,-6.303103954967576250e+00
2.307061573622402939e+00,3.755644122645857230e+00,7.616527609165940405e+00,-9.394330171662524265e+00
9.670528374097056012e-01,9.355425144013019834e-01,1.743366448004796343e+00,-1.816322931868400881e+00
-1.727424693876582484e-01,3.601927345347333276e-02,-6.117467642991913923e-01,6.276696335662365067e-01
6.749736883968833201e-01,-2.745952050025401991e-01,3.792187084264275754e+00,-4.988784873526448393e+00
1.606345781309465037e+00,2.394269040247598124e+00,5.807078499355037060e+00,-4.686505226475310870e+00
3.229829650346380809e+00,8.958529953012734026e+00,1.168460353050360823e+01,-1.163218673124828229e+01
-1.273556608774128129e+00,-1.724524244729278344e+00,-1.749887677491097193e+00,3.160876816825655133e+00
1.928486999547124991e+00,3.206424345884977267e+00,6.633118001893490323e+00,-5.809426232910356980e+00
4.786761058824191561e-01,1.965037185793450103e-01,3.445972142742771638e+00,-3.613341809965455731e+00
2.629643976552630935e+00,4.519627570586779441e+00,8.426333780568056042e+00,-9.133685859406371677e+00
9.764765614194852450e-01,1.877047665127453469e+00,2.980662265470421790e+00,-9.439838379486458209e-01
1.074913831126085295e+00,1.305828829714444250e+00,3.067360133782142562e+00,-4.270758437198898250e+00
2.876570101312251992e+00,4.677330781769477142e+00,1.109175910958118294e+01,-1.197160315135530162e+01
6.180473252184893740e-01,7.077206627335184130e-01,3.780052022236013443e+00,-3.274760000401438553e+00
2.449395137789230681e+00,4.118831700412196817e+00,7.277120698213625616e+00,-6.007990578610930221e+00
1.764133000144263441e-01,7.470664694155935148e-01,-6.601885818066755007e-03,-2.471726093557572224e+00
2.042140413642693275e+00,4.747703879122048498e+00,6.038746109191370337e+00,-7.043120194686657953e+00
1.149909393443215411e+00,3.339259496119237891e-01,4.376676064030308844e+00,-2.375948963939915171e+00
1.792743355011102935e+00,3.967581971346320735e+00,6.120404942026193673e+00,-5.788185389540421610e+00
-1.837780023527126882e-01,1.253429171645879192e+00,9.882098947143812540e-01,-5.945638101615726701e-01
-2.234189585900851149e+00,-3.232800696078401259e+00,-7.270139055621736901e+00,8.266995346096326358e+00
9.174400345238897803e-01,2.880797617909753860e+00,4.048736447731651644e+00,-3.726578943437262925e+00
-4.135243129483208158e-01,6.293998228753296953e-01,8.745361699625048280e-02,-1.945639298975784692e+00
1.061941309504458530e+00,1.240359296952759038e+00,5.008503926236263837e+00,-5.106838276698801415e+00
3.105807190554652486e-01,6.284059361459128912e-01,-1.113972124153317367e+00,7.595533398225344790e-01
4.335693849063899652e-01,1.333981666983241610e-01,4.008471992434151865e+00,-3.769454961102003843e+00
9.743266470569353910e-01,2.503925783357343171e+00,3.756514155547604705e+00,-3.950888762205584825e+00
2.498143439398980981e-01,1.382812766672846472e+00,8.129310860093224012e-01,-1.986867824355599277e-01
3.743440671260251928e-01,-1.479054462122185720e-01,2.713918373095292935e+00,-3.269752150547393210e+00
7.144645036019895423e-01,-3.187580322364469421e-01,1.145431214316475099e+00,-1.396217384908255976e+00
2.063395526321884610e+00,3.912918427771907126e+00,7.122631284797752649e+00,-8.856445509582107078e+00
-2.542727530144874848e-01,-1.262482015928464874e+00,-9.317862971075840939e-01,-1.480723494053488576e+00
1.518616805183454765e+00,2.703229878934803487e+00,4.614497957171295184e+00,-5.958368994855580247e+00
-1.137921874857373616e+00,-1.278923943934746177e+00,-3.088192017277340717e+00,3.282493615909341855e+00
8.738301982880636309e-02,-3.426471521966274025e+00,2.570275094821097284e-01,1.511226076806631458e+00
2.198092016748980360e+00,2.991700070915303655e+00,7.008340729905222943e+00,-5.698205679197509532e+00
1.819303063069581672e-01,1.471051094257339376e+00,1.330528115834455072e+00,-2.317446166356256221e+00
7.614173967843561597e-01,1.085752953270897159e+00,2.789269405496195287e+00,-5.365770026715761531e+00
-1.682572155805706071e-01,-1.317772551260788294e+00,1.484073700185715605e+00,2.063852565219375101e-01
1.147797363626551048e+00,1.856405745190293777e+00,3.406018052026730913e+00,-2.460548209277614085e+00
2.998104794116907001e-02,-1.190867217643905240e+00,1.701149471975035965e+00,-2.504787725876581383e+00
2.349001953038447610e+00,3.876661521917071695e+00,8.847631535115262125e+00,-9.369140866013113467e+00
-5.055952586254419678e-01,-2.452222868849093906e+00,8.271178131897785057e-01,-3.503098302962807109e-01
1.968214094213605492e+00,3.985146195423867610e+00,8.039281826361003525e+00,-6.164197621373853408e+00
2.717163452595872997e+00,5.050977630710641542e+00,1.036615288040527716e+01,-9.783064605766163879e+00
1.267422680838210969e+00,3.007952913833713549e+00,5.368548759795068293e+00,-4.380002339776563502e+00
-4.006677486740466421e-01,-9.067398435966327330e-01,-9.845210425187943537e-01,1.891868164884066505e+00
1.156585585483731693e+00,4.051275663771363167e-01,3.044127799027575243e+00,-3.617573038730137025e+00
-2.003344022464705887e-01,2.063113358218680027e-01,2.057172148935419997e+00,-2.118698047436256449e+00
1.069615394580385459e+00,1.714972433161991106e+00,3.764978117259102142e+00,-3.825056977004894332e+00
1.469403139905715916e+00,3.922954364834592589e+00,4.310258959971174697e+00,-4.234069359085923523e+00
9.517410933617872493e-01,5.942947595032241903e-01,4.512209239581065567e+00,-5.807643992504434749e+00
-9.842637385719901211e-01,-2.365356326702463541e+00,-1.418791909501230686e+00,1.323531163219776818e+00
2.731970635010170678e+00,6.562637402593384017e+00,8.865334378038998153e+00,-8.358921947581837486e+00
9.169746918359913401e-01,9.256277578678180351e-01,4.273510126641071771e+00,-4.740026584718134650e+00
1.610966491322188165e+00,3.906649212978874797e+00,6.776711928095155102e+00,-8.456832089476648662e+00
1.516661999321193832e+00,4.214460489223265327e+00,5.707411896657298200e+00,-5.457466890472100651e+00
3.108742607014630899e+00,6.798845086626790213e+00,1.084657354306031962e+01,-9.783950244702529275e+00
1.422094567331460224e+00,1.556081924522124682e+00,6.088071872154877440e+00,-6.288312723981464458e+00
5.011230053170590004e-01,2.081730466632402354e+00,3.266987238299566165e+00,-4.057203390786810360e+00
1.094182261145202784e+00,3.506279247451544734e-01,4.450867402485667590e+00,-5.015743210609650227e+00
1.468389999856756667e+00,3.488449654979342007e+00,4.794671207131118607e+00,-5.300892554929964362e+00
1.890180638122656687e+00,4.510190661525578903e+00,6.089533184901977592e+00,-5.791226087816318646e+00
7.982758909657345914e-01,7.565180522998062873e-01,2.344307818303978941e+00,-2.672081080121310848e+00
-6.043145143442885114e-01,-9.508589992602966001e-01,-3.418370872270810601e-01,-3.378045932454569744e-01
3.123561714478643836e+00,5.395568559013829812e+00,8.773872748935090726e+00,-7.683631698725887915e+00
5.779785447190921577e-01,1.112293562775974465e-01,3.183339543662257132e+00,-3.183330571094913797e+00
1.778450296091608429e+00,4.413627904872780228e+00,4.602506122812131117e+00,-5.084094894778512064e+00
3.530195547812674528e-01,1.069064041370484608e+00,2.429789878278178605e+00,-3.064149597725788432e+00
1.437108925486165312e+00,2.559153241323746553e+00,6.445820968805034745e+00,-6.395031647885836890e+00
3.355025422040879279e-01,-6.892668583339045529e-01,1.302282515471797186e+00,-2.419682258795327279e+00
9.217712166322133971e-01,9.816803168309021776e-01,2.075273734694102146e+00,-1.980914371959682674e+00
1.681287284160751572e+00,2.777898203350394724e+00,8.212266679793506441e+00,-9.095813542365835502e+00
1.558025979396852279e+00,2.206036470639827662e+00,5.670721191464066280e+00,-7.053928414247176093e+00
1.672441936148036490e+00,4.872195057593532219e+00,6.855346305559995024e+00,-6.821566937367553152e+00
6.711869859757231271e-01,1.015420634087057294e+00,4.620165849810737413e+00,-3.623845360683041861e+00
9.272886801056412498e-01,9.661779344539223047e-01,4.900554970324481729e+00,-4.628044962321169464e+00
-7.214731269004133196e-01,-6.140907401290516265e-01,-8.795683254068333845e-01,1.870048866625229067e+00
1.154671980373336737e+00,2.735377483803049348e+00,4.055336015449470644e+00,-4.363741392337922242e+00
1.259050443577744760e+00,1.081087446623097970e+00,4.190076519200514937e+00,-4.728219715649537136e+00
2.329723400997809613e-01,1.362174175265522535e-01,1.925083095069870964e+00,-4.943916761168967611e+00
2.782240293248735785e+00,6.383714396982886008e+00,9.153612169638879692e+00,-9.232770271706474574e+00
6.868456693605922148e-01,-3.040902237652687301e-01,2.130814604301834780e+00,-3.427562286114242518e+00
7.041766459952165658e-01,3.455812317076567108e+00,2.135265287266520762e+00,-2.027135244750307930e+00
1.153516554455013665e+00,1.209115366812177461e+00,3.015250817600731104e+00,-4.775865579149739304e+00
1.649724387863925390e+00,3.919934773177597531e+00,5.360972737142466471e+00,-6.426900750231037129e+00
1.000594738904305059e+00,2.029007658641359235e+00,2.707198864370013336e+00,-3.728894863700601192e+00
1.130974929792524453e+00,6.696396873256671434e-01,3.437690702424503808e+00,-1.946387276156799961e+00
-9.576139246629287172e-01,-1.850771841732103518e+00,-2.139637370421797691e+00,3.709581046472660404e+00
2.643444841541884749e+00,5.685869500766123963e+00,9.167230063724540301e+00,-1.042827649729229833e+01
-5.718782642774837832e-01,2.991611364775723647e-01,-4.984946361481036314e-01,1.137679815892982393e+00
2.157824795230597559e+00,1.446258559489447482e+00,6.932049352433145017e+00,-6.713344538179911503e+00
4.903278714132698335e-01,7.268065311523499439e-01,2.855066246304172939e+00,-2.513512300634650032e+00
1.706930551892763992e+00,2.392799331449803724e+00,6.802686354918708211e+00,-7.526447943701913168e+00
1.773226588006494797e+00,4.820000672657184460e+00,7.394752417698866154e+00,-8.187838300973876215e+00
1.131837534133511181e+00,1.982520887094467499e+00,4.802818349299584177e+00,-6.033410605422829143e+00
8.408675825857577779e-01,2.591789542441889083e+00,4.207628583083982576e+00,-2.973135206691119858e+00
-2.105307194682517480e-01,-1.408850010340042314e+00,1.174639548594658800e+00,-1.869317162118659947e+00
5.973963907650646776e-01,7.719024610260800667e-01,2.558113552601812390e+00,-1.588010587480187752e+00
3.952785279374035898e-01,8.941441135455353573e-01,3.549417097581814673e+00,-2.475453724876284234e+00
-4.079849325083457767e-01,-7.340185016772615700e-02,-1.781986452459710935e-01,6.977463588697641050e-01
6.915296173557046178e-01,8.341967933079031949e-01,3.586705022954134847e+00,-2.150732798379463517e+00
2.197412347251062048e+00,3.605004689125221429e+00,8.206102820019758326e+00,-8.348219719785502591e+00
1.298116142377624627e+00,9.178595529606492498e-01,6.040516327583933531e+00,-6.517650290604473540e+00
1.007087998694180309e+00,2.345145708341513036e+00,2.445739611884092835e+00,-4.916922071649219461e+00
6.348195324796501726e-02,6.415429889125919827e-01,8.391917390351820716e-01,-1.851873500606798784e-01
2.375441180382988016e+00,6.200327601557514612e+00,6.922021593966621644e+00,-7.597614726933405116e+00
1.264448457140461279e+00,3.269456436016712875e+00,6.505746606830605572e+00,-7.278072496180288731e+00
1.354954764346874230e+00,2.377522303908281565e+00,5.714599868158579454e+00,-6.158733640352553884e+00
1.422393943677880745e+00,3.074430730115865096e+00,4.089988108903259700e+00,-3.618435084129484114e+00
-7.745580784444348055e-01,-1.055759417515852228e+00,-1.734704187549633847e+00,4.099299604935326968e-01
5.879843171565601878e-02,5.210973499585478397e-01,3.303347870264653707e+00,-3.354925533179182739e+00
1.188869198520675852e+00,2.251554429198275198e+00,4.384562712939261253e+00,-4.604913472453823431e+00
-5.669309382283347354e-01,-3.381888804913399937e-01,-1.324961266095245893e+00,6.775909996448197248e-01
8.871534416633897191e-01,1.821833475122816237e+00,4.038767424813405782e+00,-4.510950358981737018e+00
1.187473483782198080e+00,2.516629624491002915e+00,3.444009120033952875e+00,-3.229220534025546652e+00
1.590009656701228069e+00,3.389974024360397742e+00,5.598355834144603804e+00,-6.358356675942371083e+00
2.546646433068378013e+00,5.980272548563640100e+00,9.774028873033346443e+00,-9.611258878355400270e+00
2.372921364598942873e+00,4.785896219247951500e+00,9.320025465934701714e+00,-1.008195367183792790e+01
1.574355779858288340e+00,2.882880043865889697e+00,6.361154434695690973e+00,-5.608736070662200923e+00
3.762675226439427423e+00,7.245520363774937245e+00,1.248950146600638611e+01,-1.230412302605128794e+01
2.599990783887095036e-01,1.820572645897963193e-01,2.466932834869359770e+00,-5.603326045584806625e-01
1.311993683109792475e+00,2.944249393038018248e+00,2.989131272623457125e+00,-3.837373514482727455e+00
3.360532785128578226e-01,1.176384752164584047e+00,2.255160478328870344e-01,-7.874955905764747799e-01
6.507415973169392576e-01,1.739124942618926806e+00,3.219349306586128723e+00,-2.278512295307547397e+00
2.837405489273370218e-01,1.044966661931653773e+00,1.881898426833553462e+00,4.624667833799311900e-01
1.748335440375751837e+00,3.367720151342995294e+00,6.720708084584158470e+00,-7.882304341233323797e+00
2.147445509489583237e+00,4.466320573815342421e+00,6.527462346365767054e+00,-6.400205100238339995e+00
2.071418490188042583e+00,5.004278282765939778e+00,7.572873332082806996e+00,-8.397944884432115842e+00
2.401699755946895998e+00,4.856622200838222270e+00,9.239999248042941815e+00,-8.974219741171967968e+00
4.167134491267564522e-01,4.077828618723328691e-01,2.594616613056654586e+00,-2.833134781827081561e+00
9.727016516157955817e-01,4.443213219635186562e+00,5.225253737974359325e+00,-6.658310927989717243e+00
-6.146450757815269395e-01,-1.171737409058852819e-01,1.002409554900632882e-01,-4.643035939419505320e-01
2.617984876466301181e+00,5.697113668414648835e+00,9.254583846576426964e+00,-1.056253590470747383e+01
1.356641072995855124e+00,2.071196764746633612e+00,4.799152949419971392e+00,-4.023343087270272456e+00
-2.627825574830573441e-01,-1.092901018920617418e+00,9.378282233938735057e-01,-3.216439066061216323e-01
4.608389860059076693e-01,2.122947407935225517e+00,3.321649382570148745e+00,-3.389609872236290844e+00
5.351509915482397517e-01,9.280106695871292999e-01,2.526125696191979575e+00,-3.319786044366699773e+00
1.090902820752268187e+00,1.162138443661732135e+00,5.140769903315434597e+00,-4.959289614502545795e+00
2.883558785261651991e+00,6.460938190167167861e+00,1.029673505468164763e+01,-1.215696496096420276e+01
1.856018029391192981e+00,4.356968790483197296e+00,6.611793184906033183e+00,-8.655628898518477499e+00
1.079291927456461186e+00,3.707650026948622113e+00,4.171914120428934503e+00,-4.661672120749122072e+00
1.286698230468539039e+00,3.262752783418147118e+00,6.335929859643075091e+00,-6.443014213812227275e+00
1.351858046396214874e+00,3.907002971656360124e+00,5.745363510663107576e+00,-8.433067157985874474e+00
9.761585057366177764e-01,1.844561647094828061e+00,4.083439750542904534e+00,-3.563003468385512740e+00
1.206395579295212128e+00,3.179690482935757956e+00,5.556331960113817914e+00,-5.878738636438451515e+00
4.216508113680770276e-01,6.836218719858057069e-01,2.176046269592192939e+00,-4.105216765677166535e+00
-8.457408167769104868e-01,3.034043370902672621e-01,-1.055271752239373306e+00,1.648229872574416000e-01
-9.260645928922595083e-01,-2.359278553497201614e+00,-1.677323760542634323e+00,4.659881789471396196e-01
8.440151845915165874e-01,2.804116364972376374e+00,3.024892729315823203e+00,-2.781810025325464508e+00
3.444910337761508679e-01,6.324681504872845528e-01,1.723790089465493391e+00,-1.740506375391749794e+00
1.122097529672858363e+00,3.769100438701332934e+00,2.770753980709750763e+00,-4.362745140051456083e+00
2.444232253349447603e+00,4.948069036119277619e+00,8.406508497322407791e+00,-8.927334572575807314e+00
2.510162999333960254e+00,6.652397344727724260e+00,7.183287350729170129e+00,-5.939045175358812045e+00
2.487285700873500982e+00,5.102341063989957348e+00,8.247848840309268681e+00,-8.767928725724468464e+00
1.576695096121126571e+00,3.062975684334228621e+00,5.471356416414756119e+00,-5.040447112691151865e+00
9.302755866320561173e-01,2.450439007392026358e+00,5.366386625480797257e+00,-5.500173482836690830e+00
1.772288580198472907e+00,2.304019188950247266e+00,4.698134925824319019e+00,-5.396532727874468804e+00
1.021568463730420984e+00,2.051934851912383451e+00,2.486635880577570568e+00,-3.268637651244069797e+00
2.058815295737414175e+00,3.653690810298821923e+00,7.922019918907587055e+00,-6.153861395498517517e+00
3.919666760006055295e-01,1.327294020675980235e+00,1.369240111179979902e+00,-2.221858210175208459e+00
-1.495305117839511588e-01,6.112953822120081870e-02,1.259245721545670715e+00,-8.883507144013684798e-01
1.448039135779496611e+00,3.676112761809216867e+00,5.213696929854157780e+00,-5.140627989371840734e+00
3.130167529400968096e+00,4.457048877926925279e+00,1.009165449012681570e+01,-9.412413502864266590e+00
-3.646086136528814414e-01,-1.381403895945557014e+00,-1.664443710941482690e+00,2.395732939457670518e+00
9.167210278745563379e-02,7.500902575000822914e-01,2.344084055582567050e-01,2.639749026950567456e-01
-1.910714134526969588e-02,4.328566995209792712e-02,2.258780051279178913e+00,-2.613346560529206997e+00
1.477773805095680348e+00,4.153079778333673922e+00,6.621281139888671952e+00,-6.811470710337006906e+00
1.878359892593584490e+00,3.386939679290343008e+00,7.483074368846113877e+00,-6.185188826645452664e+00
-2.978146630124447469e-01,-8.245605812558387537e-01,6.829600643965875184e-01,-2.337611302340837915e-01
6.282687619603737339e-01,1.429478161659056612e+00,2.740559683060352469e+00,-3.075556943171442015e+00
2.080020809588947639e+00,3.282974325277098426e+00,8.425009348129240294e+00,-7.666182064726386969e+00
4.528001996533239648e-01,1.396402453481333072e+00,-6.404862144384111389e-01,7.613930403575834838e-01
-1.376346452682042809e+00,-1.966467871489315566e+00,-2.882368364408153472e+00,4.294283198009104296e+00
1.248630515098472005e+00,2.893187081492364587e+00,5.159713218393742196e+00,-3.111116123325880167e+00
1.487451511329393350e+00,4.360864087913500775e+00,4.822408913229985217e+00,-4.967802564158039225e+00
2.126180706319864555e+00,3.939998045033318519e+00,5.265808430946499641e+00,-2.881839158973123816e+00
1.158869552016006388e+00,3.476007040210592258e+00,3.066061440135767313e+00,-2.856874366837143686e+00
1.412001121971691031e+00,2.139158951262205122e+00,5.588193437559350940e+00,-5.005109775127567495e+00
3.307953630191312611e-01,7.669915801494938679e-01,3.605648859871091183e+00,-2.204267560433953221e+00
1.475938052647356447e+00,3.822930458919284735e+00,4.250122539020704693e+00,-4.543684874184888756e+00
1.014854096817620732e+00,1.260169103207481101e+00,5.012410812805848437e+00,-5.666733694345914785e+00
2.906827714155452824e+00,5.062937712926738776e+00,9.128788124984522412e+00,-1.056337992852644803e+01
1.423847269981612707e+00,4.259037484468372270e+00,3.764465926794823503e+00,-2.768167742492972039e+00
2.359619137072563433e+00,4.023393894494616596e+00,6.391621384602654388e+00,-6.816151298284414572e+00
1.116250441185629771e+00,9.195925216754123888e-01,3.629482516873315578e+00,-3.616953924468912618e+00
2.145982195313312246e+00,3.853790973961984445e+00,7.394855054470466094e+00,-6.034885317637073143e+00
1.216866754685613339e+00,2.948370633231482074e+00,4.794097221171140788e+00,-4.211239124980253656e+00
-2.100405309627328965e-01,-3.239710646748538814e+00,6.746561567603763798e-01,-8.174716153673756702e-01
9.975364856562294325e-01,1.604750878197448660e+00,4.283200468790235860e+00,-5.236311764980078109e+00
3.076827342889568495e+00,6.229631328833693971e+00,1.200315187377016812e+01,-1.019666267936260340e+01
8.780832773268237856e-01,2.735186061389042411e+00,2.661629885249808147e+00,-3.277183821185023493e+00
1.146324260526181193e+00,1.971309757932009799e+00,3.669994909129505434e+00,-3.090721957066406400e+00
2.422672885185555458e+00,5.253206105080302279e+00,8.746027072362974053e+00,-1.006626998630308201e+01
1.499338559379978175e+00,2.596648964967492645e+00,5.790019397318259209e+00,-6.108641967065685741e+00
1.994402886655790574e-01,1.050384549411670809e+00,2.456622408901572463e+00,-2.049760056198106639e+00
3.269490024200217837e-01,2.222399656571398263e-01,1.968946410175627326e+00,-2.089392948587886600e+00
1.448053486440312732e+00,3.408357519013316406e+00,4.671752781981046709e+00,-4.688812720016056979e+00
1.653969984897436518e-01,-1.546724106852699787e+00,2.594619336078711758e-01,1.100225107239716671e+00
8.364920494255538852e-01,2.160850367219984136e+00,4.521626089467667420e+00,-4.784540685185303843e+00
-3.068391187650099106e-01,-1.865550834686882764e+00,-2.211700000717574111e-01,8.707107761241807964e-01
1.490305215955688656e+00,2.887348272336796029e+00,4.989399130651057668e+00,-4.231015203659817203e+00
1.613918816690691926e+00,3.694876411914703507e+00,3.519526426790221763e+00,-5.034838452727074198e+00
1.580115655765334637e+00,3.176121319141210542e+00,5.232673022233641724e+00,-6.522033320978787074e+00
1.344179562658861959e+00,2.804297623862762823e+00,5.441575647296353679e+00,-6.364056876968262166e+00
6.573801069961859866e-02,1.118498018477459999e+00,2.093075650090928441e+00,-1.782444324962217941e+00
-1.147024981819431133e-01,1.909978519962641785e-01,-1.162405593978754759e-02,3.204632328519706475e-01
1.479070140993158367e+00,2.969601983132626799e+00,6.349315611744926535e+00,-6.975487316900873758e+00
1.406669159161384242e+00,2.658516699549597462e+00,5.308148591306412811e+00,-5.482105854978127191e+00
8.038826365765797677e-01,1.889667954218134938e+00,3.443068898394601618e+00,-2.764910260114389118e+00
1.080722097592219599e+00,8.628433000302369038e-01,3.389101487301843463e+00,-2.895421789011268121e+00
1.291377552534434203e+00,2.090330706326671173e+00,3.775706649889611910e+00,-4.456262864608370400e+00
8.637360679178370804e-01,1.233101580341083192e+00,4.261084870903705912e+00,-4.107929664728154684e+00
7.481341554143088324e-01,1.058088631489694009e+00,3.610901104148189766e+00,-3.748854152939494533e+00
4.207536850495120495e-01,5.487444398579253146e-01,1.008370914681318009e+00,-1.566427928896925170e-01
-1.499620941816328656e-01,-6.372078473852762492e-01,-2.981837949321375358e-02,-7.271827214036327147e-01
9.150401714406589671e-01,1.383758634338266402e+00,4.872430531974271339e+00,-4.888416829573909439e+00
6.281997949186870489e-01,1.216463743261767760e+00,4.326693364476945192e+00,-6.032348417898852233e+00
1.007994921261351040e+00,2.124930339915215516e+00,3.453304706108642819e+00,-4.216756543953870562e+00
1.516525025458480558e-01,2.005978788711355598e+00,1.638646742897449826e+00,-2.002765220242611388e+00
7.885474096559219603e-02,5.733598292461208334e-01,3.491346972606177435e-01,1.161212569038849063e+00
-9.828860820216123173e-01,-1.394463462021080513e+00,3.312760379076182815e-01,1.564575337507145281e-01
1.997339299094211817e+00,3.038301597291345857e+00,5.966947370300527353e+00,-5.594590751215728019e+00
4.125724322456528759e-01,4.168457395561931400e-01,3.152599680239990487e+00,-3.060193384253784732e+00
2.129043048922929504e-01,3.406131426060495793e-01,1.945784607205153005e+00,-2.053718538360243873e+00
1.034905857740903379e+00,2.864521952093532775e+00,3.231822352535102638e+00,-3.887330884103373130e+00
-6.815339536814488675e-01,-8.734901216439358018e-01,-2.317763671661624336e+00,4.107299925970998800e+00
2.860230588232988147e+00,3.217749716810526461e+00,9.566796055630847562e+00,-9.602598547658148576e+00
1.354539261099071634e+00,2.696719325230351405e+00,5.561498877429031040e+00,-5.779257070766314897e+00
9.211825710812096002e-01,1.466587002255834493e+00,6.014415206003707937e+00,-5.205668592589662858e+00
-7.604675323311644863e-01,-1.386594293978602899e+00,-5.630664067199883105e-01,2.256383936960877357e+00
1.584160372310485565e+00,2.997724631773395210e-01,6.711700079585279255e+00,-5.697263863364518954e+00
3.981182854041872554e-01,1.745040218916588115e-01,3.803896101480525260e+00,-5.910691705318414257e+00
6.074443934876527784e-01,3.059172025579699472e-01,3.370758103377195170e+00,-4.439822508003596013e+00
6.672724031447141435e-01,2.070073675179050277e+00,3.524476455051951174e+00,-1.875406094547234614e+00
1.045861469947177991e-01,-9.025980032358100758e-01,-3.472089152975930126e-01,1.537969106562769195e+00
2.212313628070001315e+00,4.654371134941418298e+00,8.115754496106303506e+00,-7.680531936061284703e+00
1.226360233502412411e+00,3.269511827723998287e+00,4.968123989050024392e+00,-4.041993675948142517e+00
1.579942827503266090e+00,1.728014484028885800e+00,6.078561025897672110e+00,-7.376111339783975929e+00
2.150477295175504899e+00,3.625879517093681947e+00,7.167338166905135033e+00,-7.111807794387514647e+00
1.159349064717362099e+00,1.850441322299599012e+00,4.666658249514669343e+00,-2.973433301583570110e+00
3.042942948439690820e+00,6.535219290189774988e+00,9.217227351827171233e+00,-1.043731687278135567e+01
-1.617279514244946981e+00,-3.804736937599459967e+00,-4.634801618008113522e+00,3.160204612215864017e+00
1.683034012331631191e+00,3.579462727801961286e+00,7.411328096640724894e+00,-7.761523375016196269e+00
1.057421013862336334e+00,1.996051096765950383e+00,3.042807385155888777e+00,-4.174791985966180619e+00
-9.255607100405918164e-01,-4.923345748173657555e-02,-2.646614865392284521e+00,1.134275559090403007e+00
-3.866499952309701005e-01,-1.627700596445201153e+00,3.957853060355814856e-01,-1.410547651161500937e+00
1.258079261271433547e+00,5.363724008887296169e-01,2.557553111784764965e+00,-2.591881243410235403e+00
1.080868396041208435e+00,2.793285960556157299e+00,3.854937577606709187e+00,-4.422880378198409623e+00
4.012166095166646018e-01,1.595301892123458298e+00,3.062888011547239220e+00,-3.004773510283300642e+00
-4.101851555975746244e-01,-1.317533868424198840e+00,-5.496391627187555140e-02,7.851097997937378503e-01
7.899997870530324207e-01,7.968428904587322448e-01,4.405224984482861039e+00,-5.755079681547967674e+00
1.103433691177623022e+00,2.450727476793195692e+00,4.828883807012216423e+00,-4.696269012534106224e+00
6.799979449895077188e-02,-7.268189810562871722e-01,-6.471321526288464909e-02,-2.674114248071061684e-01
8.880742117917325151e-01,1.491990745503457338e+00,2.446712277169597272e+00,-3.369049281209145263e+00
-1.719323226613094224e-01,-1.007306518837085996e+00,-1.422381241748722491e-01,1.312380675195393254e+00
-1.984006344302816860e+00,-2.898983144585423055e+00,-5.393302071503384809e+00,4.535026313283812449e+00
1.274210047081507646e+00,1.259547444377856706e+00,4.756124384398523475e+00,-4.833817802752913728e+00
9.820549251382013622e-01,9.431057598332261982e-01,3.115012200252814445e+00,-1.855161204605674019e+00
2.528851692243423877e+00,3.546368079479814472e+00,8.418856044290341956e+00,-7.647459119490702228e+00
1.125657495663727081e+00,2.434579851844733245e+00,4.534846198482978430e+00,-6.067000232905565227e+00
1.219188123212525676e-01,1.804005795587395378e+00,3.389097513571540432e+00,-1.762251476062024924e+00
1.387629761901103542e+00,1.861930396065553550e+00,6.200516120981623303e+00,-5.468774956543549060e+00
1.556930716208031917e+00,2.493373239859072221e+00,4.236546388847323819e+00,-4.018897999963521706e+00
6.579997463148106185e-01,1.943068554389693503e+00,2.447492496399278572e+00,-2.082408578622625850e+00
1.529543338697398447e+00,3.422265214185879145e+00,5.704197576085910271e+00,-6.992300423514893559e+00
1.988598472226441594e+00,4.021641082448232041e+00,8.261639107324986853e+00,-7.247971226399608113e+00
2.523985698272116718e+00,4.455511178956458984e+00,9.424713834295664228e+00,-9.901978194592791382e+00
1.068328539713294667e+00,3.711878821230980563e+00,5.512403042943642362e+00,-4.776193311081176951e+00
1.617550431682786005e-01,4.475963314728128584e-01,3.137249326790936266e-03,-8.193268088305571961e-01
1.159717895423434175e+00,2.628530164055393303e+00,5.086378910127844932e+00,-4.133098448804703118e+00
9.025154140645785805e-01,3.166818252300810155e+00,4.567530366948030718e+00,-4.792586643452428241e+00
1.676856988453856445e-01,5.852275112174168958e-01,1.577607891891248393e-01,-1.715300832722561897e-01
2.413290967899390793e+00,4.993486266425849252e+00,7.555010172234018384e+00,-8.102383956116858243e+00
5.411128298078577981e-01,-3.186672400952585971e-01,2.700462753497832047e+00,-4.829651171515996211e+00
1.156867049010960047e+00,2.866096651424157926e+00,3.410786869330101112e+00,-3.159643764616870243e+00
-1.403871595244636783e-01,1.649333304095469632e+00,1.037836395736683182e+00,-1.189558863337903505e+00
-8.535418470987732320e-02,1.320592093718697013e+00,-2.606748753642247340e-01,-1.628948945662477721e+00
1.539411668174667680e+00,3.099086287585081312e+00,4.739047164894914843e+00,-6.099353759768892047e+00
2.778971777084260353e-01,9.565261951880135172e-01,1.517764766028268264e+00,-2.605082804139701835e+00
5.579944791203632626e-01,1.480652470902309670e+00,2.682144874956620573e+00,-3.712890753769668262e+00
1.112635940612867635e+00,1.919885618503055280e+00,4.387551812759996395e+00,-5.231415162765118865e+00
1.469627731825682737e+00,3.047724103148658159e+00,4.435125464970076870e+00,-5.581349041853918891e+00
2.072302894901587145e+00,3.802435848586213307e+00,7.351432662660533524e+00,-7.791306476239954648e+00
2.592949562921959217e+00,6.009632028400870851e+00,9.338216877742503641e+00,-1.070980800394023724e+01
1.754731807604527072e+00,3.141465991609894370e+00,5.644211547633098291e+00,-4.971161815014128571e+00
-3.893592176057740772e-01,-1.719464392219526960e+00,-2.235497758053607287e-01,-9.468041664968019910e-01
1.690322834602633328e-01,8.180592715319117136e-01,1.842779674210655916e+00,-5.545123602547374908e-01
1.046872082698924622e+00,3.158104062164595049e+00,3.824366538137232929e+00,-5.339197973625597449e+00
2.240970173681532396e-01,3.041223601642646379e-01,1.166232007534456994e+00,-1.389915891760859834e+00
7.675396306292900928e-01,9.414965331610140042e-01,2.456206249602661984e+00,-1.322316274871277342e+00
3.710764763397343735e+00,7.407156356116507467e+00,1.279272490244481197e+01,-1.159234845202625230e+01
1.436207103703563970e+00,2.547592337337565738e+00,5.495813852115712272e+00,-6.106222776178413802e+00
-2.136494370538168930e-01,8.887641953249314497e-02,7.963715149398629123e-01,-1.015609236526956449e-01
9.186150326404820543e-01,2.125998141448303791e+00,5.069575323131946476e+00,-5.908926639916792567e+00
1.857997367163214175e+00,5.091979188325682415e+00,5.204126329707580823e+00,-6.872621830546954413e+00
2.263915441937896400e+00,6.393734515556771747e+00,9.124802754238931612e+00,-8.601106506090895110e+00
1.766794647671310559e+00,5.712863753812522205e+00,7.712348246641819394e+00,-7.118985058918234188e+00
1.089981497060486193e+00,1.233045880640497582e+00,4.887720819674548522e+00,-5.732294132916881502e+00
1.499090164486866383e+00,2.687698175007843027e+00,5.566387245139284623e+00,-4.882161209541479252e+00
6.973687541929918243e-01,2.130282986578522220e+00,4.869150023895520540e+00,-6.353598240391150398e+00
2.051262579092155480e+00,1.990948093335534796e+00,6.032831975857043005e+00,-6.356008662298544998e+00
8.989443147976171611e-01,2.445006288303083419e+00,3.599987699923917095e+00,-4.146650101525666265e+00
2.060062415690140369e+00,2.512158780568139349e+00,8.000642533868836281e+00,-7.576119309153916070e+00
8.576162428947787797e-01,2.254036752941880106e+00,3.930771610185114451e+00,-3.032628451005257464e+00
7.205152748190366552e-01,6.464323757538648074e-01,3.451565428008154690e+00,-3.013139590240815568e+00
1.049686557929206732e+00,8.014260194283397976e-01,3.225834734335436327e+00,-4.628089580087006105e+00
1.598573082819498836e+00,2.985314539825132840e+00,6.359926149031321252e+00,-6.138245689447304976e+00
1.922560679528100724e+00,3.942603678588654237e+00,6.182254941058267228e+00,-5.708870307091811647e+00
1.015591111300856886e+00,1.092518717361845804e+00,3.881146085229331799e+00,-2.838547573219074138e+00
2.438160321021614063e-01,-1.713410159999443350e-01,2.305179874780068694e+00,-1.922592679640411140e+00
-2.304177530843922739e-01,-2.100097477138254121e+00,7.758528703660476644e-01,-1.148964638480457268e+00
-2.838244715886764080e-01,-3.809510714743642446e-01,1.133914077736009274e+00,-9.891514798351156434e-01
4.411972696271347916e-01,1.518016815970867128e+00,3.918805709541843374e+00,-3.985689074502702045e+00
-1.430387562628232523e-01,-2.389962129569039639e+00,2.523881258106322356e+00,-7.895218827873100587e-01
-1.251063858047382737e+00,-1.943589043767165903e+00,-1.869566749706956132e+00,2.686616308043197066e+00
-7.331169040662206537e-01,-1.248630263438024413e+00,-8.701893261472457564e-01,9.134801146822232321e-01
7.171918023512335871e-01,2.348205396534208234e+00,3.910227175446918224e+00,-1.652701023277230341e+00
-4.712226930179559403e-01,-1.146161750753966757e+00,2.257926824391842668e-02,1.643668949092534248e+00
3.867477610489781226e-01,-4.067659723439935870e-01,2.553169969608283907e+00,4.346986916005417534e-01
2.794576357179326287e+00,5.063881401285648565e+00,1.070182203414162814e+01,-1.124914994926436229e+01
2.508785928291040968e+00,2.760735782128795890e+00,8.734261043568960048e+00,-7.235919110517277986e+00
7.926415607642551819e-01,3.072453521416792288e+00,4.197586345308959466e+00,-2.466510285233816102e+00
4.025472496979637382e-01,-5.429138343461457072e-01,3.009208394982395340e+00,-2.908716433887217345e+00
1.948243522594506505e+00,3.413439255928046201e+00,6.130662750435069697e+00,-6.099699327328008458e+00
1.486105943509091976e+00,3.711621120836807730e+00,4.572764177781587946e+00,-6.188456108337327066e+00
2.294579004725478377e+00,5.001526724202578933e+00,7.504621132065650180e+00,-5.004022678446606420e+00
3.339432652263841117e+00,5.978578312372490267e+00,1.009507232817438904e+01,-9.752417632571148687e+00
1.018890040401470243e+00,1.492132486844083061e+00,4.360983760742209725e+00,-5.045520758627134228e+00
2.215743200531703039e+00,4.892316387356734353e+00,8.313975250265032813e+00,-7.717338125319683328e+00
7.417332527570157374e-01,3.265396942713513884e+00,1.354858267767744318e+00,-2.910823272391433569e+00
4.700470675110616225e-01,1.632210394388828867e+00,1.595743784694828804e+00,-1.920416331877443650e+00
-5.067670848794483263e-01,1.863412805988280407e-01,-7.843807157013480413e-01,6.401623183699309827e-01
1.216941778942717267e+00,1.973207592316219117e+00,5.206738927793760574e+00,-5.256558801636041167e+00
1.756318280622773287e+00,3.786641707161913395e+00,4.732825816902561655e+00,-5.119126494837732189e+00
5.929502565388853341e-01,1.678577252229580985e+00,3.232350612296578607e+00,-3.973291469099644146e+00
-9.777153559951849982e-01,-4.982962810223003913e-01,-2.484286170230276980e+00,4.484158086876897542e+00
1.380123525635636117e+00,2.230039533789152539e+00,8.016140813910153540e+00,-7.675790963954191248e+00
1.646203782246052683e+00,3.506366155964226294e+00,5.435634140566660832e+00,-5.098025805243107555e+00
7.155732883063938843e-01,9.877990501259077405e-01,3.598070994821569446e+00,-4.629517928260856507e+00
-1.872110048064814514e-01,-1.285818630973752263e+00,4.811578656738367266e-01,-1.373336060370414113e+00
1.429838721068732665e+00,2.571983156020435146e+00,6.100356663783026434e+00,-6.162532720503578254e+00
1.835218116674449451e+00,3.776314615890889570e+00,6.859587161195240590e+00,-6.505357614886943196e+00
1.815106552850714206e+00,4.280590974080167754e+00,7.049810619289686997e+00,-6.380973038831559307e+00
-2.293509448980497467e-01,-2.431111099157257982e+00,1.667081187498548944e+00,-2.082703006446563698e+00
6.335981384544103756e-01,1.008874198117670096e+00,2.209782194738171945e+00,-1.439264079702657462e+00
4.133805253048949968e-01,-6.554414104868366842e-01,2.875127016459244178e+00,-1.734379866487599120e+00
2.149592719824070741e+00,3.000020984327946838e+00,5.958077767965812122e+00,-5.680742305373366996e+00
1.575173978920924256e+00,3.530020350203939117e+00,4.064454550734950544e+00,-4.538182180281077116e+00
1.427491585272758989e+00,1.699071802992069946e+00,4.590386964513990975e+00,-5.220443416259519687e+00
5.638497368373068808e-01,1.206250284649609483e+00,1.256215381881889526e+00,2.362876755653404715e-01
3.580964054623548165e+00,4.854045643531208043e+00,1.124878743636190670e+01,-1.105595787178950928e+01
1.272665666266693307e+00,5.245446635471655128e+00,5.868635147134718011e+00,-5.255497142850036774e+00
8.086058286270891848e-01,1.542181788961828781e+00,3.120221690274880277e+00,-2.611164400639583327e+00
-4.456017185385694468e-01,-2.496784972534102920e-01,-6.644756858324828430e-01,1.812665640442749471e+00
-7.271981250079138093e-01,-1.549926565518837451e+00,-2.368981775509478638e+00,2.544956786710997676e+00
9.001117083168812538e-01,-4.346626975301943752e-01,4.362274820578371681e+00,-5.059185090743431701e+00
1.381851952179204090e+00,3.393607850678821425e+00,5.273377910372810895e+00,-5.399270943601186978e+00
1.464346060989176745e+00,2.567772400758759677e+00,3.752575943662414204e+00,-2.989904047643970220e+00
1.229212916428900959e+00,1.686451976703423616e+00,4.014059335679243112e+00,-2.419174541362251407e+00
-4.501091952158697840e-01,4.208584014168148535e-02,-3.220693979853835875e-01,7.043394062958070467e-01
7.019648949384353909e-01,4.055584553403769332e-01,4.667776736853449293e+00,-5.376428373751544143e+00
3.414261316733728790e-01,1.178789191326027108e+00,2.345251930342944657e+00,-2.178376709559531221e+00
1.255278087249235064e+00,2.284011511185290555e+00,4.876357594218844405e+00,-5.806944008091015519e+00
-8.755132248654844407e-01,-2.818640108370705999e+00,-2.031767110772371154e-01,1.391002320294489891e-01
1.648784461234333421e+00,2.339584778800189113e+00,5.120029853837803735e+00,-5.582040723689129180e+00
3.535262267971326366e-01,7.785220520108735442e-01,3.273976408460727683e+00,-3.590817235700376475e+00
1.485710573439726900e+00,4.188330367690931588e+00,6.647410315331796937e+00,-5.285883812062131426e+00
1.734078521392898642e+00,3.292162471842590143e+00,4.349940625860232224e+00,-3.896125024129906578e+00
7.983936407364911059e-02,-8.541346635160382839e-01,1.223734236019685007e+00,-3.565146457594676743e+00
1.175411488204910038e+00,2.982199964150475502e+00,3.527289130427226471e+00,-4.664049910299560509e+00
2.302963368697558799e+00,4.058321160124170213e+00,7.551991199170524638e+00,-7.618107132227421197e+00
2.015489563070163914e+00,3.450681824883406801e+00,7.343217576672382840e+00,-7.139536169368088991e+00
2.232032102153825193e+00,3.761829041981639143e+00,7.378304873842085776e+00,-8.202982021076126173e+00
6.747309440251967327e-01,1.276063565510636932e+00,1.872447319654771514e+00,-8.942450493804389167e-01
1.683361360579683774e+00,3.397910090733884836e+00,6.567875550483836200e+00,-7.993460917902490692e+00
1.225553855546301918e-01,-5.393318585329431869e-02,2.677355677786047217e+00,-1.700307504740812270e+00
5.852903607546325881e-01,1.453292219032076282e-01,3.039289543842142116e+00,-2.567326483158955952e+00
1.355918182306797837e-01,-3.346895210013749455e-01,2.514728997366312502e+00,-1.814795425878596102e+00
1.742482268850790383e+00,2.009758955025247484e+00,4.691862743641245004e+00,-5.266304135335054148e+00
1.849085109875146182e+00,2.107351379406384506e+00,7.341862152760580074e+00,-7.133942757376896537e+00
3.013805770030951736e-01,-1.149665682399638733e-01,1.037483543417047294e+00,-1.850557097183304300e+00
2.833493098130742460e+00,5.417239102109151716e+00,9.713134547397830332e+00,-9.190891413118455588e+00
1.855890981484076718e+00,1.453919000201447265e+00,7.666217925879275086e+00,-8.518186180107832683e+00
8.597488116568310357e-01,1.741653430720546236e+00,2.738286016121444622e+00,-3.513524074651546591e+00
5.522703035723146581e-01,4.281027365243660343e-01,1.348398781618144415e+00,-4.168157839522677044e-01
1.347204898057877021e+00,2.167337336422321847e+00,5.085171682963842699e+00,-4.546684117871277131e+00
-9.310010622488773535e-02,-1.406342133060040522e+00,1.767272355516879445e+00,4.071927200390239587e-01
7.191337876244450200e-01,3.221042518719728243e+00,2.879852712310454699e+00,-2.315183008914815765e+00
2.261521723089420899e+00,2.627319860876627722e+00,7.889082382983936270e+00,-9.143411206221429666e+00
-4.119618388144665744e-01,-9.999216595415723052e-01,-3.948486311709057950e-01,1.940050685324565150e+00
1.426312881163388946e+00,3.680221019728656895e+00,5.359061174374698311e+00,-5.909200587635953461e+00
-4.991990972523518977e-02,-3.285953300800096288e-01,-1.527385321284871811e+00,1.933864657267373888e+00
2.246603725046592004e-02,7.572293116289544046e-02,2.693667483567891985e-01,2.019183729072717148e-01
7.705802512944988081e-01,1.405461869454708523e+00,3.058514859371251227e+00,-3.160592347779803024e+00
1.199034313591554879e-01,3.203250997578458437e-01,1.477203694872627482e+00,-4.380936044520389316e-01
7.311104300320099281e-01,1.845517499561716512e+00,3.620685613090600441e+00,-3.879476085199523361e+00
1.125177820206503032e+00,2.899864455233628124e+00,4.675656816956491824e+00,-3.853177879458067778e+00
3.957853933871457119e+00,7.404538776184972804e+00,1.356197479666769112e+01,-1.355276145947951427e+01
1.659890966233685816e+00,3.668464870912003128e+00,5.062276368049653641e+00,-5.065032229326321023e+00
2.723840785426775213e+00,4.065219632830309848e+00,7.534979185019285097e+00,-8.069466739204960604e+00
3.653539221239942014e-01,1.221211631720287683e+00,8.785255135375595881e-01,-2.949743494289291945e-02
3.488721014318340030e-01,-1.365258136714448733e+00,1.189808418378659471e+00,-1.350803809487608476e+00
2.303093909075712098e+00,4.354298452852568779e+00,8.168769125798295505e+00,-8.287339777733272683e+00
1.193604185887886526e-02,1.789240902601583194e-01,2.014860754196920567e+00,-3.244054208684302054e+00
2.182127694817699748e+00,4.196076035908868462e+00,6.800908680142205398e+00,-6.627052919135858033e+00
2.553379505261943461e+00,4.251923613301643812e+00,7.284376566740002445e+00,-8.064672453087053938e+00
3.769126629016766872e-01,-1.253505462483127664e-01,1.247492323626766098e+00,-7.289803644095932400e-01
3.849904283632255009e-02,-1.290998621261915946e-01,-1.725649419046781929e-02,-4.329304822634147953e-01
2.165761601508125356e+00,4.438950568862060742e+00,7.246343147647380967e+00,-8.206149343418706721e+00
8.664537176619481196e-01,2.381754793812942861e+00,2.700359461090814150e+00,-1.880429978373921784e+00
8.922922173809296753e-01,8.452750993993450868e-01,3.579103640023438171e+00,-3.913758474189740433e+00
2.388155440042889488e+00,2.293334311477485787e+00,7.662927597444147310e+00,-6.407900254393853245e+00
1.693373731309540053e+00,3.905404308311565487e+00,7.186293215001355428e+00,-7.315693514339235648e+00
1.223104906761942612e-01,1.256091911094282754e+00,2.591064291992377200e+00,-2.728951167309278780e+00
1.960817632959945378e+00,5.915666299782607496e+00,5.908776858975540947e+00,-6.816225994964264956e+00
8.448055620105959784e-01,1.650406332044394464e+00,4.844915144271091378e+00,-4.733052042742109222e+00
1.651010971932686644e+00,3.282053202524092494e+00,7.028631814665283528e+00,-6.985603622730597095e+00
7.939168911264459227e-01,2.851324889932678630e+00,2.458974757403353362e+00,-4.518789541241810426e+00
3.682563788289647810e-01,-2.709000534469407917e-02,1.722719476077634315e-01,-9.343010279645471705e-01
-1.405310802673925608e+00,-4.270676075705130970e+00,-3.204266133841483732e+00,3.788631273736697835e+00
3.456525812666432884e+00,7.153541770742962491e+00,1.133609301260486646e+01,-1.268549859890585019e+01
-2.809369604099838380e-01,5.333428216329672011e-02,6.496307571425572469e-01,-2.338915144908060295e-02
1.608242903388648060e+00,2.213442702960222164e+00,5.965686412568309116e+00,-5.689293183303873569e+00
1.222418364084518316e+00,1.722439649407433659e+00,5.354190165726535611e+00,-7.192909455532602081e+00
1.865159358201717854e+00,3.564174985218560909e+00,6.205277142401827817e+00,-7.109048331784008745e+00
1.825843590511492698e+00,2.355238030470597543e+00,6.762206596603163256e+00,-7.863040110975030750e+00
8.666012499962731930e-01,2.158403473324252975e+00,4.314065594916292490e+00,-4.386314403334465872e+00
-3.411739434334131182e-01,-1.076846054628672666e+00,-6.887488822614784567e-02,-2.605665814496260779e-01
4.347781959529108953e-01,6.514216253637091780e-01,1.345981858145178123e+00,-1.738450516987324113e+00
9.147706634588227415e-01,2.527473624091498117e+00,3.975773665991577221e+00,-2.922659575348101058e+00
-3.967924488621159540e-01,-1.161421253156772471e+00,8.661612754875663844e-02,-1.095263227429350117e+00
8.153183495932925240e-01,1.886927579916443554e+00,2.998721553425628183e+00,-1.501618190794378416e+00
7.420260457061425008e-01,1.499966519255423680e+00,2.037831988335470967e+00,-3.185109494967293564e+00
-4.593014317230288412e-01,-2.438096736138361642e+00,3.396994078293922303e-01,5.994562017927395070e-01
6.467686823664404727e-01,1.616129611457260529e+00,4.827510743034154395e+00,-4.833745665239212563e+00
8.720265794918979907e-01,2.449245567325147199e+00,4.552023384908116199e+00,-4.075464125680826832e+00
-1.168396154721855762e+00,-2.446241098994706764e+00,-2.410316934231127028e+00,4.374749672125336275e+00
1.021198993541623246e-01,-1.026305722511412721e+00,1.404567777430948405e+00,-1.784128744305853109e+00
1.805201737333282708e+00,3.273075180599484657e+00,4.799669342818119411e+00,-5.033612089547559343e+00
1.581131307815042408e-02,-8.430028079284000719e-02,1.785310312976595259e+00,-1.321142416701888811e+00
1.953870604540574929e+00,4.339711267279168005e+00,7.530665788206167832e+00,-6.642748434859986340e+00
-2.475779283537038467e-02,5.135800529502392298e-01,2.716602201047225718e-01,-1.284803655362023012e+00
-1.590513498191608477e+00,-5.389264069785472344e+00,-3.246703332763186456e+00,3.844097504052762737e+00
-4.273510712417269986e-01,-1.566889848831205745e+00,1.831517484886305613e+00,-2.636392907689257381e+00
7.379952400584450789e-01,1.660127175537833288e+00,2.258775802353666151e+00,-2.399969016116048071e+00
5.826064050450272536e-01,1.625403980704932083e+00,1.928353712717745028e+00,-2.077375472045203342e+00
1.890711697554328996e+00,3.994203510895287579e+00,3.927232201886446283e+00,-4.182622345986814594e+00
1.463340809804121401e+00,3.485341638455734081e+00,6.952782827833122070e+00,-4.265540887394496217e+00
2.418124005163662105e+00,5.647711768281008737e+00,7.571542412865326810e+00,-7.886151705864409500e+00
3.911138323934073568e-01,2.446605474067191199e+00,1.825805450234337046e+00,-1.686404529562798071e+00
1.907394423961516150e+00,4.186745405536801634e+00,6.619462035518187903e+00,-6.142163766429035832e+00
1.753661083282472832e+00,4.148891444304211973e+00,5.891681307240530963e+00,-5.609029227186949740e+00
7.329438578075957444e-01,4.320860592547225210e+00,2.369548737375240410e+00,-2.965803978509713446e+00
1.685329151436147033e+00,2.294706172189959759e+00,5.149062614852534026e+00,-4.112678117226046481e+00
-3.412189716794808980e-01,-7.584147603776746349e-01,-3.055470505610390353e-01,-4.689013264456115548e-02
1.566768018626794934e+00,2.784128320818914926e+00,5.006479819759259264e+00,-5.846446481207503432e+00
1.937219766824856970e+00,4.073758870569604618e+00,6.346860024571909342e+00,-6.652446915721096588e+00
1.286753348193670377e+00,1.460237491778704211e-02,3.698026694845550466e+00,-5.446840888568631911e+00
1.758156447030386538e+00,2.611480667576925985e+00,4.617743747816541955e+00,-3.122631441618639592e+00
-3.844819569317112773e-01,-1.580183086763439215e-01,-2.006743518712791052e-01,-1.269443381783767755e-01
1.738035363468972028e+00,1.847158947413375163e+00,7.090454142714752273e+00,-6.536088595847109772e+00
1.053144705116502822e+00,1.922469682653684675e+00,4.914159986086735543e+00,-5.259642283305109522e+00
1.873365236793400168e+00,4.344503337995462289e+00,5.928567938817103311e+00,-5.188140583386632976e+00
1.512578170355696194e-01,8.043973106892117197e-01,1.125242733753458735e+00,-2.662341682887762850e+00
-2.274467174508791878e-01,1.487485986759392587e-01,1.229830083221714609e+00,-4.202600034715806565e-01
1.112485500080618195e+00,2.804922209437817671e+00,4.872141809421949965e+00,-2.703940973202809683e+00
7.723255561921860135e-02,9.514805569049868961e-01,2.837393205411756769e-01,4.035791636049504971e-01
2.950772664357773634e-01,2.340228426621443703e+00,1.892101407826088932e+00,-3.922332515493029526e+00
-9.676260402160403729e-01,-1.353357494435520891e+00,-1.128399877909696425e+00,1.352087974886816202e+00
1.289487037546263704e+00,3.449785511373193891e+00,6.413206908292672814e+00,-4.395461292801909892e+00
1.271110964253699738e+00,2.177674059243722038e+00,5.057622589251638878e+00,-5.599110911277806579e+00
2.148999507649320684e+00,4.702396103782423786e+00,7.281254958158036139e+00,-6.051365255229501194e+00
1.947577772530778573e-01,-1.276641951350185655e+00,1.408578672362602369e+00,-1.065930295724359711e+00
1.312579143474973620e+00,2.808023902519283244e+00,5.539998730769205793e+00,-5.861885755927791486e+00
7.156957826106373766e-01,1.200146601927807088e+00,3.590267274795412966e+00,-2.720159794746996873e+00
6.738656417264392573e-01,1.921759912834852813e+00,2.282589362070225114e+00,-7.023281419816562732e-01
1.975807242056742075e+00,4.072230505058167083e+00,7.564339282493393490e+00,-8.426429771233413746e+00
9.757665188918731580e-01,1.835053206462724740e+00,4.875544481676527653e+00,-5.854842245420942781e+00
1.781593949136562660e+00,3.806296493629576894e+00,6.272310015995029353e+00,-4.919186610530442039e+00
3.389194459232560686e-01,8.639854093135812541e-02,1.945885366706749720e+00,-1.991413929003772676e+00
2.837134299274207017e+00,5.251580572237717348e+00,8.842975021172222228e+00,-8.257338207312173495e+00
1.637318461945080905e-02,1.067210454160460564e+00,2.369840647477561291e+00,-2.016308332894691357e+00
6.664757630244211306e-01,1.097036989011171304e+00,3.581518541286239365e+00,-4.075229106648171395e+00
8.988247222751507559e-01,1.132545359854096878e+00,4.552471408300574396e+00,-4.323547212176253929e+00
1.378363861486082920e+00,2.214103600095995716e+00,6.224785290308672003e+00,-7.554547102257048508e+00
8.315382174815139082e-01,1.305814929227622878e+00,2.341209248144423771e+00,-1.751708882756549457e+00
1.889035764272763984e-01,1.717261142540016605e+00,4.321534773227642123e-01,1.067652549076676838e+00
1.945339025760439045e+00,3.080186570295682991e+00,6.908870607817290121e+00,-8.536441845628381486e+00
9.571345663789501135e-01,1.869176911031917410e+00,6.247471670691247425e+00,-7.274066103003274719e+00
1.389165890673897952e+00,2.742618274235674392e+00,6.739926869205301152e+00,-7.576363578160123069e+00
8.463476523361559423e-01,1.371614398275992963e+00,3.359499979106549183e+00,-3.334915723594156223e+00
4.797951639231524679e-01,1.997442039113445977e+00,2.967402408558073024e+00,-2.432105216175764362e+00
-8.833662033640206079e-01,-1.403289697475220033e+00,-1.886490718280600110e+00,3.996717149246394207e+00
2.306113662299078548e-01,4.790351819145337031e-01,1.413697934735276718e+00,-1.317014778465762426e+00
2.511897863916177531e+00,4.903505063927006802e+00,9.287900290189686103e+00,-9.503231083207060337e+00
4.058986793122046910e-01,1.513012756726994867e+00,1.072914530527779853e+00,8.754416817500620951e-02
4.101717293245160656e-01,-1.945691920913708239e+00,1.743060490163357290e+00,-1.522411660802257538e+00
2.116319229343794905e+00,3.144300484834150033e+00,7.769786010739551330e+00,-8.037238604904116457e+00
3.762209965060984818e+00,6.487768716388100820e+00,1.359498182506284714e+01,-1.195218454893729998e+01
3.477863330581592027e-01,1.057060121158532651e+00,2.886268393487237738e+00,-2.046194024600969552e+00
9.775059659730994666e-01,1.771679710763248039e+00,3.827934756404744121e+00,-4.688694242208771179e+00
1.032613842200914345e+00,2.494749025438259160e+00,3.124466788595054556e+00,-1.293688310536149411e+00
2.757795147567153604e-01,1.327414787000657403e+00,2.088065919855815800e+00,-2.865054084610520135e+00
-7.116351170438894869e-01,-2.493397276601735157e+00,-1.878241623740047661e+00,3.835195435405827524e+00
-1.091655351325806933e+00,-2.388436705264887383e+00,-2.405897871963883272e+00,2.162792990974936824e+00
7.472743941597126405e-01,1.967909900164660719e+00,2.347324268875513820e+00,-1.782038759226326707e+00
2.675142872209996803e+00,5.741807022640548652e+00,8.590759950917371768e+00,-8.114127087446430409e+00
-6.676615939449881409e-02,4.983694991712475098e-01,1.293012899817285621e+00,2.348462365922281414e-01
1.325913684631340184e-01,-1.642000810414881773e+00,1.817549868976951588e+00,-1.273048606324779453e+00
9.175312873186939333e-01,2.213538278113007074e+00,3.491582504310405621e+00,-3.831135398654267554e+00
5.048457926220657477e-01,9.335707837910151019e-01,3.120784542450759425e+00,-2.959726063013572883e+00
-2.387778903724537827e-01,-1.072374334129691409e+00,3.673159898370820242e-01,-3.338749584610767873e-01
1.607730886569583850e-01,6.759440355780694798e-01,2.997842973462037097e+00,-4.328045481798756811e+00
1.676999465850589122e+00,4.967912279133058107e+00,6.405828184406628267e+00,-7.772341454837537356e+00
-6.911004949840795497e-01,-1.816549085795665874e+00,-9.772267332742462509e-01,-5.058548808232676830e-02
6.607727329765356039e-02,-3.846718019157142621e-01,1.194427432771524078e+00,-1.549248772015706876e+00
4.146851750224491706e-01,1.076622674592681017e-01,4.045461567600847630e+00,-5.537453779369259976e+00
-1.035506281671163098e+00,-1.331319391971300004e+00,-3.613999203709528540e+00,3.673682922349404301e+00
1.038091639333118765e+00,2.802357564977735915e+00,5.281824725926833608e+00,-3.416347509038498487e+00
1.276231668372657779e+00,3.117121435856939460e+00,5.491540225652181029e+00,-4.514208599949633971e+00
-6.949950450381121581e-01,-1.390490138915465801e+00,-1.567362582456997000e+00,3.747724782885351047e-01
2.142662741860403841e+00,3.385443403657597550e+00,8.331450798893770937e+00,-7.742256604159480915e+00
1.973360019184256853e+00,4.156585955137170885e+00,8.857915573349485427e+00,-9.150951335767784300e+00
2.090630606572156935e+00,5.572540746491471353e+00,6.992605026902990240e+00,-7.589841894016027268e+00
6.533628955532544413e-01,1.223171437283391505e+00,5.581500891107561202e+00,-6.654227767561915030e+00
-8.050290373017234824e-01,-1.337758277328108480e+00,-2.030666317691249834e-01,2.871875800414083191e-01
1.947342270279850407e+00,3.850109145588189286e+00,5.330178698756293798e+00,-5.630228747841412584e+00
1.208889543361511887e+00,1.453744954111752641e+00,2.477201384898406911e+00,-2.123559600297078909e+00
9.608522346589628560e-01,1.553259521811705790e+00,2.774328497268992777e+00,-3.668741112651757952e+00
6.428069461586664035e-01,-7.167215899860892581e-01,3.736436924035034579e+00,-3.313940304151667071e+00
3.171664925417819525e+00,6.143960188333918104e+00,1.051999438621969496e+01,-9.527597626560327271e+00
8.272519641618560904e-01,1.033567188451506080e+00,3.581781946486297219e+00,-2.163567661618742921e+00
-1.046996310982648559e-01,-1.006511450646163208e+00,1.986609918461017976e+00,-3.305203339894505099e+00
1.778447480809655090e-01,6.053326302946646642e-01,1.399449572792075047e+00,-8.652192836023875344e-01
8.534010133807300447e-01,1.616504677388116207e+00,2.166844246126059303e+00,-3.012692757768736573e+00
6.348340864712888054e-01,5.951361550647460419e-02,2.331368236396524019e+00,-1.925621947670106193e+00
7.807640839824814272e-01,5.618008647799231925e-01,2.297067148854192276e+00,-2.683397754808904967e+00
-7.017279273919974081e-02,-7.282563739429095406e-01,-1.097224628691623183e-01,2.795270244124462566e-01
8.669946536400874315e-01,1.517206197457182215e+00,3.829764949410341401e+00,-2.574114674079816201e+00
1.114749704047154566e+00,1.650871651152334252e+00,5.260102315757508862e+00,-5.677874354850725780e+00
7.112273680701812761e-01,6.035513816386768315e-01,4.126124224824452291e+00,-4.599793251478340395e+00
-2.787191223400014017e-01,4.533377116074077673e-02,7.255386236966181457e-01,-2.139130293488730183e-01
1.781885502333705684e+00,3.409349444406946983e+00,6.326470600817430956e+00,-6.030260538478157351e+00
-8.956747395611497353e-01,-1.548025964340339566e+00,-1.812771163111044359e+00,2.462401821208719532e+00
1.910509209783435747e+00,3.626896438199709749e+00,6.008595626438834714e+00,-7.699355966754132474e+00
1.308836723200517582e+00,1.743962580814797825e+00,6.594169516698217492e+00,-5.583603754180108680e+00
-1.812900780837092274e-01,-2.153460943374269077e-01,2.615934271827580204e-01,-2.252894707705774824e-01
2.190280005545044872e+00,2.093769227882056772e+00,5.443115513208319101e+00,-6.081140468002580235e+00
-1.766771883078277483e-04,-1.149798039293331575e-01,1.875590587074583482e+00,-2.307177832923259064e+00
3.956231788639664737e-01,5.151991416429504422e-01,5.397038803694913511e-01,-2.754162949013205797e-03
2.835852757029660332e+00,6.225603199062129889e+00,9.029246758855116184e+00,-8.137402262719994894e+00
9.251038438321368407e-01,2.713502197144566974e+00,3.245487126602982997e+00,-2.075166583473170956e+00
-5.278006030542945481e-01,6.114246617482403945e-01,7.191159661760859745e-01,-7.001559030263087013e-01
1.624570342108168752e+00,4.697575821083757042e+00,6.211141964044040620e+00,-7.458415583396784676e+00
1.179625130999566229e+00,3.056524990866809510e+00,6.182564445865047276e+00,-5.778977461567728291e+00
1.080363457330157928e-01,-4.265534729539965930e-01,8.506520068112144450e-01,1.773140081757857534e+00
4.730930989297587042e-01,1.877351162315314514e+00,2.953908253470822309e+00,-2.548913444637571857e+00
2.527986736816566271e+00,6.009106158907894901e+00,8.170968801807434900e+00,-8.803372036397437483e+00
8.254479718431928514e-01,6.918970630547007783e-01,2.656161935686846221e+00,-2.399905581055938431e+00
4.308694509946492390e-01,1.266498489762633461e+00,1.703565858271355093e+00,-3.495271457958574857e+00
1.191907240487868780e+00,3.325563929227638660e+00,6.633941334606097584e+00,-6.204219440460297719e+00
2.213250434665769539e+00,3.953843682712935514e+00,6.508926893995777618e+00,-6.709809060112617018e+00
1.710383860892952246e-01,1.159506739678844323e+00,-1.087897813087843613e-01,8.419480383135394819e-01
1.228848262811662373e+00,2.336695230597037654e+00,4.254922223862242170e+00,-5.377085561634007860e+00
1.043398239068103805e+00,2.821382961420987101e+00,2.805050380038894176e+00,-2.361382056737046042e+00
1.979296070621298309e+00,3.814968645290284677e+00,6.280698263034865114e+00,-7.051794999894623217e+00
3.334469791605249256e+00,5.934325917794511795e+00,1.105189785223841348e+01,-1.165201049739867578e+01
1.867610516788676733e+00,5.509375881188757873e+00,5.903098832237018811e+00,-7.199968076348230994e+00
8.900776183372901551e-01,9.049313767319017154e-01,3.870373556259386838e+00,-5.359430994764059264e+00
7.535347909894951623e-01,2.443911139336873095e+00,4.350844448396815167e+00,-3.581265212306519174e+00
-2.769030453342593567e-01,9.591624839516186274e-01,-9.793801671727557778e-01,2.217385387969595278e+00
1.661203779533790392e+00,4.508939339451056405e+00,6.798417365193489381e+00,-7.398621583020191572e+00
1.669084786441759949e+00,3.570267444488684383e+00,8.461503552881355361e+00,-7.237372668130669595e+00
1.099088339155279703e+00,2.251452105977033824e+00,4.140273659796362971e+00,-5.100018678672847194e+00
2.414922147264172203e+00,4.478032447134193461e+00,8.381230343017158191e+00,-8.897034268201803542e+00
3.646624118502234113e-01,5.304029971096979601e-01,1.507067508267318168e+00,-1.917499763916117539e+00
-1.580041108366005087e+00,-3.664518199176092672e+00,-4.538276715482791879e+00,4.735462662183524074e+00
6.058740103390622966e-01,1.422724006955278231e+00,1.744233207497069227e+00,-1.970526387602776763e+00
1.196397392514482183e+00,1.695128961753393781e+00,4.852256411836902039e+00,-6.005707139169508935e+00
1.815306744926767912e+00,3.300008202806222979e+00,5.506611130070502291e+00,-5.205851098506220076e+00
3.126385090619793861e+00,5.549580638276998990e+00,1.072024228172464255e+01,-1.064202408620763407e+01
-1.340905493504586765e+00,-3.788140059683573924e+00,-2.914890358744127941e+00,3.944891128075456166e+00
6.549575255962146736e-01,9.226409487504603213e-01,2.057649502238757755e+00,-9.731580062342426451e-01
8.009350593018627062e-01,8.385681233249431266e-01,5.686220290706151204e+00,-5.061914093306194573e+00
1.364845610102448648e+00,2.042346259009891973e+00,4.624069717017623482e+00,-3.521497506837974356e+00
1.722164589068141405e+00,3.341060672529129860e+00,5.917526973935180123e+00,-5.849703985841247622e+00
6.586557535781889516e-01,1.198156162323025020e+00,1.904459187412094412e+00,-2.943203692554908990e+00
8.788747069492097719e-01,6.187680304355873684e-01,5.810185780134668576e+00,-5.235406887472120019e+00
1.659126335577270517e+00,3.505428557142925339e+00,5.666836337995465378e+00,-4.352550975832356173e+00
3.230865467763647247e-01,-3.397864491234631190e-01,8.958976449486655280e-01,1.199820553728440986e+00
2.609687206363056067e+00,5.857269388119147102e+00,8.609324823635484236e+00,-8.425150321326515979e+00
-2.753928650509935849e-01,-6.850709145953282064e-02,8.371862217834171727e-01,-1.188929607504171093e+00
1.106409893664431987e+00,2.904006132868571122e+00,2.311607865611372770e+00,-1.817341140485311701e+00
-1.067317994198613729e+00,-2.660184005145961983e+00,-6.796918828148206249e-01,8.329644388825970802e-01
8.452446424501043332e-01,2.763721339165660318e+00,3.887760814637390983e+00,-1.722557783158248146e+00
1.353476758238210120e-01,1.248441201097656883e+00,1.962775152335534568e+00,-1.461593914690167972e+00
1.147940108461217745e+00,1.332185464314830758e+00,5.892542461667628295e+00,-5.555426972568577426e+00
-9.637003822644962803e-02,1.257923881188549586e-01,3.297863181268204658e-01,-9.650982893131746509e-01
4.579711661573147019e-01,9.046425946657065120e-01,2.702136944236049221e+00,-1.806994614364481055e+00
2.346342282195083673e+00,3.908818890298371151e+00,8.364201412994743734e+00,-9.117356238001617541e+00
2.490850376585359349e+00,4.059179417926997324e+00,8.518021056440815642e+00,-8.261211661876979306e+00
-6.070033459804540232e-01,-1.674861627423175348e+00,-1.010848776677732097e+00,1.648271806404908890e+00
1.226108640109480952e+00,3.622781389117963879e+00,6.781934537774032989e+00,-8.547920424687346141e+00
-9.274775913553974238e-01,-1.707702411078407811e+00,-2.068462453044918714e+00,2.010779533236197736e+00
-2.637949646677610893e-01,5.497945999687154917e-01,-6.958696209503846264e-01,1.931281660872246952e+00
3.698068924623921783e-01,8.489011613054764371e-01,1.951064120272320457e+00,-1.401787116457101856e+00
1.316069199586074490e+00,3.043854319372981010e+00,4.834243510125805443e+00,-6.286327483509166925e+00
7.364957569055319286e-01,-7.422841141485432281e-01,1.958317906154650956e+00,-3.430119770213337471e+00
6.561665463068545590e-01,2.887702821658195695e+00,2.514464619777331489e+00,-3.773637487748948693e+00
1.914696415757011660e+00,2.814794939398146845e+00,7.182722061010785808e+00,-7.260679372923104502e+00
7.162472113751201519e-01,1.880262688068132348e+00,1.023109872139327692e+00,4.614336238396135048e-01
9.726103497900788764e-01,1.373124512238838024e+00,1.330489053311831427e+00,4.942771712698901254e-02
-1.490092642390237199e-01,-8.241244740104630706e-01,-1.324206974334875442e+00,1.014970312330746527e+00
1.205310781797719333e-01,8.973815776602225291e-01,9.723305637085815079e-01,-1.223136561532479627e-01
6.554349370104750605e-01,2.067219325456478352e+00,3.026189542830894474e+00,-1.993167370542389794e+00
-5.500059551047247197e-01,-1.194112030910944755e+00,-8.374123647337752274e-01,-1.566088770698252919e-01
3.482690145857405550e-01,9.271773442140804899e-01,2.277074525636298752e+00,-6.792957381319542076e-01
1.724326530714501260e+00,4.055089830596856793e+00,5.318242766047218240e+00,-5.623376828449140774e+00
5.456374244744401913e-01,3.022368332041010852e+00,1.230433336680226031e+00,-1.980929729426550434e+00
2.363743712115871531e+00,5.473399669026965064e+00,8.860790496933649507e+00,-8.489714146396233119e+00
2.376256872947870136e+00,3.289758178002376354e+00,9.666319742066921350e+00,-9.155428628293012849e+00
2.611339737565920860e+00,5.192820926634301060e+00,8.838187073756298417e+00,-8.061022314697311231e+00
1.738092929759423644e+00,3.643542117813438175e+00,6.772123401185483615e+00,-8.694154968823738727e+00
-2.510897277483961076e-01,-7.280327696975371632e-01,9.183812042224486216e-01,-1.668184314954126002e+00
-2.911872176578136351e-01,6.246133461495069206e-01,4.910669386465053576e-01,-1.502010501050301761e+00
8.801385000000832015e-01,4.625142107281281501e-01,2.170054662286289293e+00,-6.870858480058195106e-01
8.996508181684348404e-01,2.736746772374835324e+00,4.814708618694043096e+00,-6.898804973699691701e+00
1.007305091009852216e+00,1.352641304784519827e+00,4.144158891826953628e+00,-3.507041807241762843e+00
2.128183306408022446e+00,3.373396475331935207e+00,5.783877118712648979e+00,-5.308469115063770616e+00
1.508416996185603320e+00,5.726210281258674151e+00,3.952059497135294475e+00,-4.209544338150845277e+00
-9.097936745158883287e-01,-6.550912076675501350e-01,-2.680350205242287842e+00,2.853685847140114085e+00
-8.756020387776177749e-01,-2.937739392925994064e+00,-9.774239856463040610e-01,2.299185784911791153e+00
1.139569772802081271e+00,1.517361737418886136e+00,4.880040146157003988e+00,-5.044886005762264425e+00
1.334833109523631656e+00,4.441234594438872030e+00,6.105564990728383989e+00,-6.147901562997005520e+00
1.464963306389978293e+00,3.653100616960579305e+00,6.878799481487725132e+00,-5.182816623698901282e+00
1.061180585715987945e+00,1.465153171656763176e+00,3.171636360243284436e+00,-3.019650906874866703e+00
6.288757744710500308e-01,6.353959281317063112e-01,3.357289717894735848e+00,-3.164412702940842426e+00
-3.105806497990961645e-01,7.270886532980329608e-01,1.032086667151935311e+00,-5.317866370983787005e-01
-1.646865842341460606e-02,-1.054371573424893294e+00,2.708702564917278899e+00,-3.592251811983573795e+00
1.391984073709110259e+00,1.980551709356984880e+00,6.483563073446335423e+00,-7.365208985536591868e+00
2.237435864508702243e-01,2.711911395000498048e-01,2.415477233588323447e+00,-2.758772797718380687e+00
2.420023818400194759e+00,4.253980535417298370e+00,9.020466213720592208e+00,-7.779361150436397310e+00
1.227501453665479803e+00,1.332061661792890872e+00,4.342687837438922394e+00,-4.140644704483257499e+00
1.462365720950406622e+00,3.180859303002762317e+00,4.600551441662400265e+00,-3.853643248885107120e+00
-3.658445239564556140e-02,-1.410802857343943728e+00,6.538756556915188423e-01,-1.816188431964344874e+00
1.838434494483378145e+00,3.602963121715029970e+00,7.353929429399956419e+00,-6.182217015578698849e+00
-4.310230266139334354e-01,-1.330063984520499787e-01,4.548676824979286382e-01,-1.070009521087195381e+00
1.882793863746641039e+00,3.533607047884089969e+00,5.062621059040851357e+00,-6.163514018219504287e+00
2.800860107827981560e-01,1.130219266680926538e+00,7.232447037996891925e-01,-8.266459678147239920e-01
1.382342804838492478e+00,3.137076113608898265e+00,5.453124074572479607e+00,-5.017374599685992642e+00
1.718653162252921085e+00,4.873829754793956859e+00,5.716232201873673979e+00,-5.532300735595491403e+00
3.406177089822163495e+00,6.365466585941845779e+00,1.152741882695477216e+01,-1.012016807225135295e+01
2.639829070042498227e+00,8.513855523669572989e+00,1.001814052889734619e+01,-9.602559979324500006e+00
1.182745521320773374e+00,2.310126046604463745e+00,5.593979799050901036e+00,-5.039621542569576285e+00
7.657749570356147117e-01,2.918024783331794048e-01,4.862505688035273721e+00,-4.951393096404921756e+00
2.419047737162768996e+00,4.586128161752871080e+00,7.602452065760383348e+00,-8.478103212527654975e+00
9.464445093827782429e-01,7.586125857379777404e-01,3.205206338912771624e+00,-4.919624495206632808e+00
-5.965706450630197111e-01,-1.306071477791040047e+00,-8.993791923562227675e-01,1.381083394192686109e+00
1.180284720915859564e-01,-5.875987083844568248e-01,1.549350642403827472e+00,-2.857470011686442213e+00
1.927225841506451820e+00,5.050566561023897449e+00,5.295110081160034454e+00,-6.090240340282945475e+00
1.745301129865941103e+00,2.681558904517717945e+00,6.993434432303350157e+00,-5.756410804257711789e+00
9.121512712207453522e-01,2.627153052853667958e+00,3.559966353111978954e+00,-4.665028076178274752e+00
8.095966250060210312e-01,1.609073320252009553e+00,2.390867927997108566e+00,-2.982618549894607618e+00
1.565613494720655918e+00,4.251095172696679469e+00,8.489658641495644531e+00,-8.703737753164725532e+00
2.669527266530746346e+00,4.444144026686752014e+00,8.274732675575886987e+00,-7.342748839548240092e+00
1.048723697173946645e+00,7.726460346618788666e-01,5.185585074342698775e+00,-5.382634881469926746e+00
3.711198908145318942e-01,7.937766889568376172e-03,9.513142305037114443e-01,-3.925958350628092619e-01
5.432028471773853173e-01,2.349996955830516043e+00,3.364334429624252110e+00,-4.125328020517028627e+00
1.531922701847087787e+00,3.294105298047929509e+00,3.828910629045420233e+00,-3.925037797876016032e+00
9.920715531983842483e-01,2.804039855130895376e-01,4.077433558426938554e+00,-3.116055246974856363e+00
1.279295019403785538e-01,9.091335774156281690e-01,1.223254965014300977e+00,-1.575332594821589938e+00
1.043905389533125172e+00,2.669027155062004386e+00,4.800318394147222278e+00,-4.925488164315651396e+00
1.444541465299583383e+00,2.319837580384762621e+00,4.790783236489736474e+00,-4.248172701071064594e+00
1.104260154525066984e+00,1.209459210484053138e+00,4.436589717887629902e+00,-4.795337772091447626e+00
-3.626555546929433049e-02,9.511329845264790417e-02,1.738889787309502610e+00,-1.286868517893666297e+00
6.917401481488923976e-01,2.159689498094363280e+00,4.467476982892762294e+00,-4.548654120768609310e+00
1.395775789632458741e+00,2.611254370059123975e+00,5.990619848579004092e+00,-4.170811291285461131e+00
-1.924745804839098628e+00,-5.293182293328613675e+00,-5.214804470581841045e+00,6.361826971058526681e+00
-1.034266331761040103e-01,9.786351648737952047e-01,7.466130098253852543e-01,-5.968927590102193204e-01
9.994895865122120915e-01,2.264026503811474189e+00,2.930276305385641322e+00,-4.234643287883579355e+00
6.718111090274754282e-01,2.439989699285060709e+00,3.538690887628523463e+00,-2.950320929370942036e+00
2.642429195216996485e-01,1.336663711691204792e+00,2.261553516426514143e+00,-9.975075526889678468e-01
-3.611966905816101914e-01,2.101070464884030597e-01,-1.242456095997796772e-01,1.409935597074267521e+00
7.844873855217346925e-01,5.582837839070562413e-01,5.006933521662454645e+00,-5.818111623403154908e+00
1.117635792652120763e+00,2.307772116942915730e+00,3.524859445338495600e+00,-3.041791066646565067e+00
1.636033339759269678e-01,-4.769457235102969594e-02,1.391413600148564855e+00,-2.306169888235171328e+00
1.319556417241666058e+00,3.015296197383348531e+00,3.364936692630791981e+00,-3.140749758385141810e+00
7.904986910848776915e-02,-1.057866085428730507e+00,1.273455831615612821e+00,-8.384494387285257311e-01
2.221884769438535301e+00,3.632641805909366806e+00,8.833308258079405562e+00,-8.094656415246086922e+00
9.396642636319842978e-01,1.451198606008680114e+00,4.077363526063786381e+00,-4.680324636775385017e+00
1.583374655777391560e+00,2.285198490955812289e+00,4.906899363199635822e+00,-4.535426926310642592e+00
-4.343095840002786368e-02,-1.392350110554590736e-01,-1.265794734812452971e+00,2.510725190939334439e+00
5.860171425269475876e-01,1.311974800244839479e+00,3.669016608243602651e+00,-3.500270623984713225e+00
1.279700599084620416e+00,1.719303212498744404e+00,4.751483424069092187e+00,-2.900025023814566172e+00
-1.631158019288803107e-01,1.154513505329837875e+00,1.659977508069790497e+00,-2.202787635698568280e+00
1.406316097813444355e+00,4.817620818878097566e+00,6.017376639644311354e+00,-6.897320232548244334e+00
1.012092177183000485e+00,3.935802075253218568e+00,4.741141883773657639e+00,-4.174070329482093555e+00
1.299932084695500478e+00,3.106677720788808106e+00,6.146667961551970372e+00,-6.205750821520997107e+00
7.855819107998172068e-01,-6.908496205921981215e-01,3.666435537917803522e+00,-3.611047566111609264e+00
2.729763607582730289e-01,9.894371255625070694e-01,1.368107587516540491e+00,-1.482665918296117269e+00
-6.982018707943156155e-01,-1.578715163016500611e+00,-1.578837604512027371e+00,1.675617368793242745e+00
2.832503617136858942e+00,4.028593890509659659e+00,9.838103825175346984e+00,-9.302139207678903787e+00
2.319687213705294848e+00,5.283052141716085615e+00,8.816999897845418488e+00,-9.084455629168498803e+00
4.236484016937946961e-01,3.934469481984046446e-01,2.946887007708676176e-01,-8.332503915947159223e-01
1.159478486522997454e+00,2.796615045219796869e+00,4.953685083359729013e+00,-4.246853316681842294e+00
2.645270512376690419e+00,5.245040674835194316e+00,9.602470761250803122e+00,-1.074724353811307331e+01
2.910866976848175192e+00,5.775116698847305940e+00,8.839271635807749661e+00,-7.476516611768392551e+00
3.163324538985110124e+00,7.691113838398323743e+00,8.595189902965238105e+00,-8.812138192188760044e+00
8.896567141909209608e-01,2.066187406819339323e+00,5.242286805081731060e+00,-6.649006604072618565e+00
-8.611833822424070917e-01,-1.242829983667034455e+00,-1.668397114542275350e+00,2.451144536154597819e+00
-1.233578564026984736e-01,1.176708066586236168e-01,-7.694592341158268400e-01,9.255516102288111613e-01
3.998147440342152414e-01,1.185120397754701793e+00,2.774273394545342608e+00,-3.729326654399056196e+00
-6.555871242792010722e-01,-1.701293550145467126e+00,-1.935758198556604581e+00,3.267358464463973711e+00
2.235399302671842392e+00,4.931595629471129172e+00,7.898171442359266159e+00,-9.015820614071179406e+00
1.171839027020050272e+00,2.944635195145126172e+00,4.547285116321644338e+00,-6.140592029240472982e+00
