-0.560475646552213,0.973952833560819,2.37072522047599,2.17711880798786
-0.23017748948328,-0.617562439563293,-0.166811957051551,0.0913353243514745
1.55870831414912,0.382154942273895,0.926961395348714,0.388648821959833
0.070508391424576,-2.16545089934903,-0.568151747750955,-1.74721455901696
0.129287735160946,-0.743585042220364,0.225090080591701,1.12573750314925
1.71506498688328,1.18142968617079,1.13198590550899,1.11573635796533
0.460916205989202,1.79189711243971,1.38048153537304,1.5591120252183
-1.26506123460653,0.0614382774141666,-0.232803414225492,0.369105605345564
-0.686852851893526,-2.69212011919349,-1.60064332725513,-1.33950894767286
-0.445661970099958,0.0419949525424528,-0.298369177065937,0.0056964831115956
1.22408179743946,1.6875868765277,-0.275624083392323,-0.920634483328828
0.359813827057364,1.36659364491378,-0.0303255731712796,0.378919098774376
0.400771450594052,0.356408048161037,1.08934602068742,0.0515345747819542
0.11068271594512,-2.10004885847277,-1.00542176024774,-0.766860180208646
-0.555841134754075,-0.519671669723933,-1.63253625507862,-0.416498565582549
1.78691313680308,4.096613514949,0.77354244519438,0.180198254507526
0.497850478229239,0.372708800784361,-0.0282083227394901,-1.3308907293555
-1.96661715662964,-1.47758237759688,0.356261089792291,0.150611628808897
0.701355901563686,-1.15187787390017,-1.32699311672804,-2.33599086609478
-0.472791407727934,-2.44160606148533,-0.704537495814,-0.329056324616194
-1.06782370598685,-0.502790679238962,-0.220218526282562,-0.197013363626993
-0.217974914658295,0.386633507839071,2.09328765920526,3.25777303971897
-1.02600444830724,0.280013580710546,1.7304749495467,1.68560976316274
-0.72889122929114,-2.05991078160365,0.0358135490592385,0.486000357977232
-0.625039267849257,1.24864839828278,1.06492992191758,1.02809477843767
-1.68669331074241,-4.11266068258571,-0.56778169799989,0.537084987246079
0.837787044494525,-0.583720906367442,-0.377441251601803,-0.75486217536503
0.153373117836515,0.202309391611113,-0.0891942767245945,0.196279885440861
-1.13813693701195,-1.75048461699438,-1.41729253214115,-1.30025086520777
1.25381492106993,-0.694383406658573,-0.007316741874337,2.36144678598723
0.426464221476814,2.30912123650606,0.232891077088258,0.696869032403289
-0.295071482992271,-0.0579480416225799,-1.11888027660423,0.235258598536765
0.895125661045022,0.247962667585759,-1.47018010762783,-2.75278123440556
0.878133487533042,4.22888487130241,3.0351846758287,3.29914777833832
0.821581081637487,0.000215666698315409,-0.476539832807626,-1.33501690693146
0.688640254100091,1.1794024000059,0.451313004452601,0.780826659802513
0.553917653537589,-0.496174831583837,-0.517409128572129,0.103615357357429
-0.0619117105767217,1.33109392418442,1.54942502255037,1.43847220053657
-0.305962663739917,0.572704761044535,-0.375973966375061,-1.64903394970851
-0.380471001012383,-0.413146598340304,0.46441848670492,0.525996128165996
-0.694706978920513,-0.633281117383689,0.749278152617118,0.692079053057146
-0.207917278019599,-0.0615476351869138,-0.536598333798958,1.10450428642385
-1.26539635156826,-3.31823294523043,-0.633883148618397,-0.354706898818876
2.16895596533851,3.24466308548888,1.06539724788868,1.80670696164109
1.20796199830499,3.35792800717227,1.32270844365787,-0.520208426161942
-1.12310858320335,-0.250786742018293,0.218300623553162,2.56790245099072
-0.402884835299076,-1.53219872628753,-1.25758472345198,-2.25349350405576
-0.466655353623219,0.56744705966454,0.825264714138557,-0.124854833486255
0.779965118336318,0.263884502886626,-0.747180398477577,0.764419344271619
-0.0833690664718293,0.0365004594526284,-0.164060635541832,-0.112634219040524
0.253318513994755,2.1529049472814,1.36336539432535,0.353202120273044
-0.028546755348703,-2.32116285453207,-1.64386610115457,0.384425459155374
-0.0428704572913161,-1.76366704273364,0.745335943704726,0.265948068606279
1.36860228401446,0.318913490668378,0.293044763909537,-2.31454914106522
-0.225770985659268,0.0864094492592041,0.270188485333042,1.50329867065668
1.51647060442954,1.55320646635713,0.262238902740364,0.437016047395129
-1.54875280423022,-0.0794266866010087,-0.30232937696492,-0.24669822141979
0.584613749636069,-0.42916659750925,0.152479166000392,-0.830770299811102
0.123854243844614,-0.834876725500675,-0.337628148828434,-0.128385796835332
0.215941568743973,-0.980434237223736,0.247955001704697,0.652866945963691
0.379639482759882,-0.14106608863997,-0.617061868702469,-1.49851517729421
-0.502323453109302,-0.642781776185258,0.314336730164334,1.17054033017872
-0.33320738366942,1.39456812473604,1.47436414465498,2.79511241186259
-1.01857538310709,-0.194778198889917,-0.943039920232843,-0.288454852484666
-1.07179122647558,-1.89002838700724,-0.474381486707947,0.330633599632623
0.303528641404258,-0.350729527483262,-0.563278378062167,0.815401118557692
0.448209778629426,1.61376863520017,1.16893111543718,0.146467227724422
0.0530042267305041,1.71374675176882,-0.333144354805185,0.364304847385554
0.922267467879738,1.23737568267567,0.985296971597555,0.691184402731292
2.05008468562714,2.98417455881827,-0.0547983326629927,-1.76395568282215
-0.491031166056535,-0.589874002800217,-0.642077505990411,-1.04032479335499
-2.30916887564081,-1.19658789072903,0.833390373912054,-0.516135485398926
1.00573852446226,0.68951021981552,-0.646107131980149,-0.916004689647075
-0.709200762582393,0.506692233348129,-0.476858939111105,-1.50316463250067
-0.688008616467358,0.523874180427754,-0.474221834672128,-1.36399317357125
1.0255713696967,2.88621192049988,0.955973461204215,1.11336964914868
-0.284773007051009,-0.425344036055376,2.1120634155689,4.40397933821542
-1.22071771225454,-2.20446830962897,-1.34707687784406,-1.27512812763128
0.18130347974915,-0.30534230714711,-0.862935063143699,0.507856286913051
-0.138891362439045,-0.74911564614399,-1.0367041683259,-0.257525956491316
0.00576418589988693,-1.26187345291055,-1.27819556971995,-2.68552814961612
0.38528040112633,1.08756264975317,0.183318133516458,-0.76930512871351
-0.370660031792409,1.28245300352568,0.147991982788714,1.60042988747951
0.644376548518833,0.292451519873585,-0.373175236860531,-0.00599586397970325
-0.220486561818751,-0.289497869538492,-0.507699841913519,-0.0861951355008254
0.331781963915697,-0.125049207083176,0.629771137723966,2.79973409202524
1.09683901314935,-0.916915241567714,-2.04073343595331,-3.49387866860892
0.435181490833803,2.44353653319783,1.30794616991915,2.51537287820618
-0.325931585531227,0.8340906673694,0.108779611126167,-0.172998522736999
1.14880761845109,1.81730314926749,0.853662181475636,1.55203708713261
0.993503855962119,0.891727063039167,-0.0807684930122559,1.20199645832694
0.54839695950807,-1.55467618032965,0.0266682271498944,1.52876831576208
0.238731735111441,1.23225778282743,-0.286406965481345,0.0278428091622264
-0.627906076039371,-0.404947361048816,-0.560180821548426,-0.0959110529536727
1.36065244853001,2.21789633833214,1.00774592006759,-0.222433616637224
-0.600259587147127,0.0560273361700169,0.0856700649115013,2.04659853858712
2.18733299301658,1.28977476197743,-1.21820991441122,-1.02016023492849
1.53261062618519,2.09963203853234,0.412227108536377,0.740015917645455
-0.235700359100477,0.678803616198157,-0.894853354942791,-1.14908514726951
-1.02642090030678,-4.45531169920744,-2.15935920310234,-4.28657028210452
-0.710406563699301,-1.64722955672484,-0.119772751645552,0.440598018827022
0.25688370915653,0.587701225217808,-0.0995904316390441,0.845301212191166
-0.246691878462374,0.30270084312329,0.455416627732626,-0.0349579134317008
-0.347542599397733,0.370365210056953,1.36998996885135,2.05195212361899
-0.951618567265016,0.968397704976032,0.911347896947853,0.586031987338065
-0.0450277248089203,-0.0963072506214016,-0.767622849584543,0.306626112885861
-0.784904469457076,0.969321595943413,0.565692873196115,0.253271432148895
-1.66794193658814,-2.57759332320428,0.0762636100436516,1.35171819830843
-0.380226520287762,-1.8053261119358,0.49980868854526,1.7025976113582
0.918996609060766,0.519301687028235,-0.390119955399545,-1.43843143712467
-0.575346962608392,-1.59767794943268,-0.673173462420634,1.13984241500012
0.607964322225033,-0.345787951717598,1.02716771572023,0.54576333996664
-1.61788270828916,-2.48491953247809,0.110861512209656,0.664814375258931
-0.0555619655245394,0.472391358949058,0.675508151078739,0.978658053011325
0.519407203943462,-2.15907963970395,-0.641849369670802,0.977694985145567
0.301153362166714,-4.49068349910415,-2.76780957091076,-1.08404261669811
0.105676194148943,0.539364614764274,-0.468295912940763,-0.843389110825371
-0.640706008305376,-1.69757827197206,0.143525212645844,-1.4224698936092
-0.849704346033582,0.284289669209917,2.00949205666946,2.06754313595792
-1.02412879060491,-0.710757536760385,-0.0309996347751117,-0.314488013843593
0.117646597100126,-3.49948007030302,-2.27916800857114,-2.0481441210103
-0.947474614184802,-2.24005283149621,-0.481259088306004,-1.29524058115438
-0.490557443700668,-0.65999246731881,-0.988807749463156,-0.4008143713825
-0.256092192198247,-0.518845398354955,0.50329237491952,0.978544491607187
1.84386200523221,2.40126320975668,-0.255294615868917,1.4268316458691
-0.651949901695459,-2.65939349670763,0.642256488332133,1.58609576826227
0.235386572284857,-0.265839072767608,0.90171809133088,1.20843561941198
0.0779608495637108,-0.0384399506153509,-0.926949314576174,-2.1998035992811
-0.961856634130129,0.67744367802504,1.05683686737174,1.4067188547468
-0.0713080861235987,-0.791022913684011,-0.721790393118678,-0.14867207617324
1.44455085842335,0.880724550632726,-0.182977375774527,0.077217060165638
0.451504053079215,-0.360686477646606,-0.359312181657399,-0.275588737768214
0.0412329219929399,-2.07368342872546,-2.10300253136773,-1.99922890688734
-0.422496832339625,0.533207023901923,-0.357462049881763,1.33243787547154
-2.05324722154052,-4.58013067598023,-2.0726073895804,-3.71955472124312
1.13133721341418,0.961702129531183,-1.49715044241428,-1.43394201659505
-1.46064007092482,-3.21250928646724,0.200368707844315,0.84759364038925
0.739947510877334,1.18840966168455,0.334924230263071,-0.284697286843644
1.90910356921748,4.53815271080672,0.682696072673157,1.81582905205362
-1.4438931609718,-1.589077351201,-0.662787919096883,-0.119204113688825
0.701784335374711,-0.290296033212139,0.497335711039902,2.4306357198308
-0.262197489402468,2.27156688903575,1.14737477277459,1.74357101072899
-1.57214415914549,-2.99782614608394,-0.459121419973224,-1.31480322170627
-1.51466765378175,-0.795830105721697,0.565362047910318,0.586747897786717
-1.60153617357459,-2.15510858349766,-1.66866810832929,0.765576374208611
-0.530906522170303,-1.72166438464875,-0.38306246545579,1.40128622809934
-1.4617555849959,-1.65277585055392,-0.00847366732933724,0.795053833576361
0.687916772975828,-0.11314544995973,0.510210369755388,2.4239595678428
2.10010894052567,2.01083546277308,-0.932011875536578,-0.506875218479048
-1.28703047603518,-1.39188612755121,-0.257446180502955,-1.09166903680056
0.787738847475178,1.34070653450688,0.117822917397573,0.0257641500032982
0.76904224100091,0.881252880437737,0.904039400865661,2.32628693029787
0.332202578950118,0.412595450541679,0.795296129203477,-0.148039916004759
-1.00837660827701,-1.47323564361482,-0.164666188582273,0.762176572444505
-0.119452606630659,-0.173722586519457,0.291882319300427,0.281998826750866
-0.280395335170247,-0.338832163257048,0.288420121493848,0.246464103805479
0.56298953322048,-0.755830874798591,-0.782786964697379,-0.931458716856909
-0.372438756103829,2.42008065236411,2.38185237005017,2.6581515566913
0.976973386685621,0.74686268160153,0.209215616725302,-0.908269372135574
-0.374580857767014,-0.539601412651064,0.480956832319121,-0.591555062439994
1.05271146557933,-1.8065143418982,-1.3313879315245,-2.81887685916994
-1.04917700666607,-0.0579794702944967,-0.23623050733255,-1.66308607357484
-1.26015524475811,-3.5029570175545,-0.17850332055139,1.69190566847661
3.2410399349424,3.80296102374024,0.806967505105795,0.748055474542754
-0.416857588160432,-0.283204264307167,0.490977233638593,1.78834058436065
0.298227591540715,0.470665862969279,-0.204995392309063,-0.508100971972562
0.636569674033849,0.264480915618673,0.482135402550063,0.306125035841693
-0.483780625708744,-0.500995574961621,0.380271942097618,-0.501667215158153
0.516862044313609,2.76433720349132,1.04328854424831,1.15783038209928
0.368964527385086,0.811597135235636,1.13519074156665,1.76454150781359
-0.215380507641693,-1.57438543062647,0.505279341360395,-0.358035105312778
0.0652930335253153,0.403115501862024,-1.15111482854457,-1.33011173541171
-0.034067253738464,0.0978481268741769,-0.309411644757202,0.632953988799245
2.12845189901618,1.20037617224737,-0.366424218527957,-1.81512044041167
-0.741336096272828,-0.163587820211093,1.53129935755268,1.65444741269128
-1.09599626707466,-3.8021893421151,-0.211550544960911,-2.61786857932662
0.0377883991710788,0.334830908302122,-0.650891344601229,-2.62010629941992
0.310480749443137,1.76368194295053,1.97608189676625,1.68481142647502
0.436523478910183,-0.117978834003552,1.5693597790461,2.09551169185776
-0.458365332711106,-0.320443338648344,-0.113792498019096,1.45205941060374
-1.06332613397119,-0.0239230832784,0.510704124062367,1.26718945182977
1.26318517608949,0.168835441202785,-1.14067031082352,-1.23499056034889
-0.349650387953555,0.603050008115606,0.585067598005369,0.544789119727888
-0.865512862653374,-1.4720818344875,-0.563284077833947,-0.346274238222249
-0.236279568941097,0.737818333700117,-0.144310029876606,-0.659373725344708
-0.197175894348552,-0.661886372340797,-0.837416429622936,0.62275348778582
1.10992028971364,-0.221293090539038,-2.12838543121708,-0.967212674777132
0.0847372921971965,-1.75812041463658,-1.39904620866278,-3.45960453669672
0.754053785184521,1.00329721927865,0.842317921390648,1.14730701278857
-0.499292017172261,-0.86199992600551,-1.34952395669583,-0.770783952411031
0.214445309581601,-0.190974533426829,-0.598242476103812,-0.647542776856877
-0.324685911490835,-1.47370653141627,-0.955832339971213,-0.268309239719273
0.0945835281735714,0.348712755203281,-0.144921389347245,0.751691669255815
-0.895363357977542,-0.877290665708579,0.593508865764569,1.47155041764669
-1.31080153332797,-0.251990883356152,-0.339270336014616,0.345358470808086
1.99721338474797,-0.281161350001133,-0.959495227540805,-2.68301692476953
0.600708823672418,1.3202266081916,0.593866190620004,1.0481828905932
-1.25127136162494,-0.87957748361617,0.114275460928116,-0.376779872097797
-0.611165916680421,1.67491322500354,1.43400702563628,1.54429911280247
-1.18548008459731,-0.358403081741805,-0.087559376766892,-0.189540539704947
2.19881034888372,3.05946398371271,1.00789202515972,1.43970969844137
1.31241297643351,-0.213205451247678,-0.381633376283053,-0.524820886244331
-0.265145056696353,1.06406064462264,0.935090159980893,1.70147267828972
0.54319405923209,1.52081481752248,0.104233166376613,-1.46945718532211
-0.41433994791886,-0.624496400375634,-0.534854380219834,0.444473897811961
-0.476246894615578,-1.18397307927944,0.0707816771213585,-0.345507268418812
-0.788602837850243,-0.492226005190405,0.240181805319765,-1.4364308380353
-0.594617267459511,-0.516081407173045,1.68964793374587,0.624390026796037
1.65090746733669,2.6842723294668,1.02414917710077,0.0373193818405644
-0.0540281250854405,-0.542425752837144,-0.419739074384333,0.477005263055285
0.119245236427584,0.820357457083672,-0.0369867065743124,-0.826334162679267
0.243687429599092,0.350584209083029,0.764976537359606,0.611391403621346
1.23247587848534,-2.71406523092972,-1.5008257864076,-3.3187734900512
-0.51606383094478,-0.00896477664813772,0.214014312766981,1.03478156303147
-0.992507150392037,-1.72250200500887,0.244747538630604,0.274576314157491
1.67569693240319,3.31592533176511,1.17692742388951,3.15118194428955
-0.441163216905286,-0.596933984242318,0.633328387619904,0.0774707848814769
-0.723065969939874,-1.01624034055442,0.773944993239029,0.577795741544192
-1.23627311888329,-1.07905400684762,0.404707156876292,-0.104447215997587
-1.2847157223178,-2.03129872796804,0.883993973105919,1.35617159564583
-0.573973479297987,1.25422967911384,2.5151541033524,0.725530773418643
0.617985817166529,0.659741326458086,0.129129684794276,-1.12686519742663
1.10984813892972,1.30033562837466,0.944172076264082,-0.168983656747261
0.707588353835588,2.16206905858615,1.1538120715818,1.45999155305233
-0.363657297095253,-1.78811665376017,-1.25639300507855,-2.60531968339752
0.0597499373846007,-0.582138263911076,-0.0751955335848054,1.06233946661614
-0.70459646368007,0.0153843246975713,-0.377916070059594,-0.11422179259871
-0.71721816157401,-1.98639769040601,-0.809359127441514,-0.67262162139827
0.88465049897692,-0.133291752005264,-0.79041802297243,-2.28622479208578
-1.01559257860354,-1.19483314934293,-0.62868810865484,-0.276589894643639
1.95529396549246,2.44951356840278,-0.637886706764605,0.281012907338419
-0.0903195939658516,-0.82414096618508,0.919830435425396,-0.611876601982963
0.214538826629216,-0.206812442435966,0.680061627440306,1.48777667563775
-0.738527704739573,-1.73364421402314,-0.0759604115168596,-0.945565294566534
-0.57438868976327,-0.255487599001653,0.0136117851637421,0.80104394634033
-1.31701613230524,0.433521977462765,1.86726042151472,3.24487890361795
-0.182925388372727,-0.380724232762143,-1.33446963660132,-1.34256948421255
0.418982404924464,-0.594678291549809,0.18249599749111,0.507617823024625
0.32430434416138,0.872845395419854,0.651255241480495,1.97325489567574
-0.781536487054751,-0.210632123464714,0.259658852527213,-0.73167044849844
-0.788621970854002,-3.26744897474582,-0.444577320351771,-0.953903289778508
-0.502198718342861,-0.684382779875016,0.458059741101479,1.78621710318012
1.49606066984635,3.13177656648354,-0.191014994933891,-0.458624332033103
-1.13730362066574,-2.01421737536775,-0.610708179654685,-2.02887607652894
-0.179051594380198,-0.614416945065348,-0.00958353392819738,-0.022570767581256
1.90236182167893,3.07239332281119,0.181466727279197,-0.610999963425676
-0.100974885328808,0.736099071982108,0.0269994384694014,0.973969147392867
-1.35984070382139,0.604907812990202,1.18219101666966,2.12308529426754
-0.664769435274062,0.437154530149581,0.925787976870365,1.02633355514615
0.485459978904878,1.02669942238001,0.841009820282554,0.4091674904276
-0.375602871669773,-0.429217740977948,-0.662610868541649,-0.550618605213062
-0.561876363549783,0.72947295060874,0.896689140266351,0.604791810305248
-0.343917234128459,0.271434658892106,0.0529047314288295,-0.515668584365322
0.0904966471392212,2.25278599949734,0.845817573469817,1.92375709937079
1.59850877114583,1.45653305564666,0.355093881174994,-0.212010106918814
-0.088565112138884,-2.23471279215046,-0.44358658805031,-0.647803772482737
1.08079949615152,-0.917249150220792,0.196855630797581,0.760661307096182
0.630754115650567,1.55881394466232,-0.549859995779002,-1.18883230192881
-0.113639895506141,-0.749047164027116,-0.320303514255554,-1.06972173922232
-1.5329020028906,-0.71511340591192,1.69941740178558,2.36855436104428
-0.52111731755252,-0.217994651545248,1.41005385066894,0.395989313972858
-0.489870453138474,-1.8388317313829,-0.418286387805029,0.259530929737257
0.0471544327615272,-0.58061330447646,-0.487959046791503,1.80448906457276
1.30019867766682,2.00298454509028,1.2090469230093,0.00922222490800473
2.29307897383109,1.25571566318851,-0.0120161097220343,-1.68517787354186
1.54758105898377,1.67178772528395,0.336074954898283,0.962722461628402
-0.133150964328944,0.430881141768289,-0.062635941313421,0.650250992954358
-1.75652739555764,-2.15357631907764,1.1795813673444,1.45854371962596
-0.388779864071743,2.38893513074861,0.291337289957027,1.02522978928561
0.0892072230732945,-0.226629181033998,-0.237791540686475,-0.479344001739656
0.845013004067436,2.57885465093869,0.863979391649015,0.890129085014649
0.962527968484271,1.92768004622794,0.944293568577387,0.748687593442614
0.684309429416465,2.18488276366547,0.5018334404075,0.64819179658126
-1.39527434979947,1.20364281040426,1.51691082297951,3.7146743844384
0.849643045633355,2.41340822202058,-0.408166800735112,-0.411816562671875
-0.446557216427222,-1.4848176486788,-0.194906387356991,-2.21757501014375
0.174802700161256,1.86494277384174,-0.439528464011452,0.0864134049134938
0.0745511771737346,0.987718654601128,0.911126439095812,0.964408778425365
0.428166764970505,0.038511153915778,-0.0350511842632905,-0.864791177058632
0.0246749828261399,-3.18540855157765,-0.239201173144687,-0.989451878856519
-1.66747509758566,-6.63394514521005,-2.98269562359039,-2.38544227669098
0.736495964773442,0.580319064675318,0.130681014649672,-0.480327374284944
0.386026568349676,0.754831222157315,-0.157137972601751,0.991895781761841
-0.265651625278222,1.92227027618938,2.76047601791108,2.38602745393318
0.118144511046681,-1.33274841024404,-1.12657664362351,-3.86634861706552
0.134038645368463,-0.0590264918087917,0.819767299650629,-0.318706805997382
0.221019468561002,2.5794355734914,0.570563100931501,-0.80380177810919
1.64084616597749,0.541281784871328,-0.0232211708894189,-1.44732401278298
-0.219050378933476,0.662564115365869,0.409783671263781,0.80669277069036
0.168065383884658,1.22666471581232,0.876278016258507,1.89294804645608
1.16838387306909,1.03863969597701,-0.205999413722254,0.566107725708389
1.05418102337692,0.820556501403805,-0.621573830443012,-0.677731270914294
1.14526311038036,0.0966768087564999,-0.615400155181687,0.106879693168778
-0.577468001059557,-2.49183566736728,-2.18805274220316,-4.60327008089425
2.00248273029283,3.20625957593059,-0.234911576739548,-0.903128463166099
0.066700870930183,-0.203341359163341,-0.0136346889626919,0.309371971930831
1.86685184470686,4.48132019778121,1.35423596071885,0.245238696215895
-1.35090268603071,-1.28288490850967,0.529815696106807,0.995421315241452
0.0209835863542375,0.758386563594844,0.870229375110544,1.46077374857933
1.24991457096922,0.143300273984578,-1.1410846391639,-2.68168684038974
-0.715242187222796,-0.602582554697846,0.507829491903781,0.150232443061409
-0.752688968217742,-1.8761661264049,-0.814478003804002,0.267654643573228
-0.938538703606894,-0.35555916851581,0.275380742358604,1.10963129568842
-1.05251327933874,-1.26395058621773,1.67252010175663,3.09762180270448
-0.437159533180399,0.0756357911029841,-1.31368875201348,0.623693597222154
0.331179172958982,0.135917383168672,-0.0172967864537416,-0.156020116574074
-2.01421049792072,-1.72615263101809,-0.0760875408470228,-0.704557961502819
0.211980433372292,1.21675508599468,0.617476455000004,0.990490878771818
1.23667504641657,4.10132828809438,2.03573439062658,0.455260022843759
2.03757401824044,-1.5678834125219,-2.20255937835009,-2.44478358621566
1.30117599220059,2.55126139710703,1.16661934623679,1.22455458198258
0.756774763795962,0.654132493136282,-0.708597802334391,-0.522231456687885
-1.72673039911433,-1.1392593037095,0.0864216836867825,-1.18608463973026
-0.601506708006782,0.584003463686703,1.08454703842317,-0.0120811058412398
-0.352046456582617,0.0765913218020324,1.52950149857165,-0.483241285670299
0.703523902756894,1.8897802845283,1.46835411596099,3.02665693524963
-0.105671334003774,-0.749489635661682,1.76746064517739,0.822267998404185
-1.25864862806017,-3.343006918072,-2.08228278464891,-4.07931928616165
1.68443570809411,1.64025282962974,-0.552207510249377,-0.438330028685942
0.911391291795963,0.0699549095584542,-0.314868219988754,-0.555781109573817
0.237430272491026,2.25376346364972,0.574296337252268,-1.47036016113536
1.21810861032581,-0.391655062108444,-0.92233605632276,1.16562441860563
-1.33877428723497,-1.81585927269007,-0.455897297039547,-0.797606026148254
0.6608202977898,1.84739699596458,-0.0273800296439427,0.367984163996679
-0.522912376313422,-2.24740502020675,-1.8246639556574,-1.83603506972688
0.683745521850712,-1.12852051458619,0.384072202233825,1.50805847547945
-0.0608219546600742,-0.0935558310319918,-0.0522482619773513,0.455784381581381
0.632960713031451,1.77933156467246,0.991514234997062,3.12954830819638
1.33551761505939,-0.143243719711766,-1.04795091135148,-1.47483220590947
0.0072900903168988,0.142119381536535,-0.0775652009533576,-0.99615906207597
1.01755863695209,3.20447913614361,1.12841437455081,0.276847570783014
-1.18843403514798,-2.92236116408526,-1.84058321358534,-2.71171964488378
-0.721604440436015,-0.922184504950631,0.752368044369658,0.934811871281009
1.51921771138818,2.83833862690767,-0.0831924292139955,0.748432266520893
0.377387973023929,1.04894994839693,-1.30758410372434,-1.66785290360085
-2.05222282043373,-1.88721237901989,-0.736455336294272,-1.40776333127824
-1.36403745208238,-1.71755924272097,-0.896826704619056,-0.898584687990588
-0.200781015589121,-0.20675769081369,0.22442431658117,1.04275348803954
0.865779404334488,1.19690730665996,1.58094871146837,1.68157281633523
-0.101883255715222,0.279039223424817,0.239079764479267,0.827419245226142
0.624187472020653,-1.1469086724403,-0.539006950152136,-0.27591299014997
0.959005377787825,1.2721654068781,-0.312481443393862,-0.952205200281
1.67105482886294,3.09151826361796,0.467480097536413,-0.162551902461467
0.0560167332749619,0.984318534053259,0.0838066456898129,1.38795839323013
-0.051981906180899,1.21221187644445,0.595684162711867,1.12904850938781
-1.75323735914227,-1.46676387751577,0.130015849640241,-1.72260437924177
0.0993275940878275,0.742145928712187,0.0392771213041178,0.639706531275216
-0.571850057895563,-0.11461831556675,-1.15712023960104,-1.43362999250571
-0.974009582804091,-2.09268953951265,-1.16749535851437,-1.44876870727632
-0.17990623104754,0.613475170048417,-0.986224035428927,-1.30110261664118
1.01494317274366,0.712281659934579,-0.0496702558263262,0.614758806220787
-1.99274848868858,-0.35456842201325,-0.087916195076764,-2.80180535675536
-0.427279287205429,1.86052556033755,2.13057831171355,3.38413946545834
0.116637283582706,2.04663436166598,1.19346804032095,2.98032050240459
-0.893207570054953,-0.15593947314622,1.18082140774021,0.640573619733337
0.333902942499225,0.0482959358456363,0.703099483364176,4.2635457842046
0.411429920615731,-0.312029230625521,-0.304788079825682,-0.722527953270997
-0.0330361592759917,0.716721531324032,0.399495006270832,0.604222836676426
-2.46589819376003,-3.07817426024154,-0.0825670827469769,-0.926821083283534
2.57145814586664,3.02890105451313,-0.918192213105982,-1.05819870770517
-0.2052992574682,1.17435791476848,0.322670141131869,0.498842294690331
0.65119328158767,0.427334522604211,-0.830974979963666,-0.414603924134686
0.273766491036548,2.21396202187651,2.36981681267508,1.30284041095929
1.02467323481835,1.06346029985688,-0.300456514968028,0.113840479168648
0.817659446374088,0.590375943191079,-0.0267341411058984,-1.40869145618944
-0.209793171228509,0.252539633741149,-1.19366080142513,-1.80960583821351
0.378167772208507,-1.61621568218018,-1.29859014946584,-3.31084408344276
-0.945408831123893,-0.0702888217621546,0.665303040206519,1.14307802833542
0.856923010899318,0.736150100654282,0.520534700823332,0.92737499107316
-0.461038338884354,1.32142888094266,1.29433579153921,0.914245212810876
2.41677335378821,4.49827674704984,-0.838437650148,0.456137434245704
-1.65104889568819,-1.91594496569177,-0.518975211912458,0.1585898144088
-0.463987242966015,2.06580731941027,2.33706030864676,2.48823339794519
0.825379862759242,2.08452154360745,0.823750059177032,0.273648396854584
0.510132546878663,0.447689110973237,0.0322757976882348,-0.135294506194269
-0.589481038515,0.5524070087676,-0.441745729086916,-1.4091547778135
-0.996780742207522,-1.59503393618898,-0.507492500540969,-0.954139267054118
0.144475704710697,-0.735525399722604,-0.73473808698099,-2.22598774228594
-0.0143074131669134,1.28841298888649,0.846669635181552,1.05476495086778
-1.79028123726406,-1.91237926151333,-0.185640362068286,-0.415104425933308
0.034551067133851,-0.580367852412735,-0.228984680112061,-0.307900769272515
0.190230315692457,-1.91022175750217,-1.11483526300817,-1.47770340817732
0.174726396981842,3.12172860274471,1.84126191361468,3.17809402046525
-1.05501704260268,-0.1070262556146,0.41208244333947,2.23225509147265
0.476133278302629,-0.948617894615237,-0.694884641588038,-2.7802436082188
1.37857013695924,1.71781249850308,-0.14957123488079,-0.244804944030215
0.456236403179813,-1.08323947370513,-0.818342179111205,-0.562123338302949
-1.13558847037434,-0.955552012293269,-0.419433723533225,-0.519448100072702
-0.435645469691905,-1.60137162026681,-0.8194059130974,0.616121480115606
0.346103619553607,0.932816891633573,0.866075755055672,-0.534704157850417
-0.647045631318269,0.477547451707019,0.79907492506002,0.1686214954518
-2.15764633501528,-2.18886649346209,0.887742354939022,0.934343810181945
0.884250820028209,1.74367321599544,-0.252060650452816,1.10479000924206
-0.829477611624518,-0.943791631603096,-0.5607840741163,-0.494967679116485
-0.573560270768283,-4.2735836487253,-3.26436129259309,-3.61588743431502
1.50390060900454,4.10675058206167,0.680483644562793,1.88400011474625
-0.774144929605405,-2.68292331566452,-0.92856203294598,-0.652836591474314
0.845731540189296,4.43154716634004,1.71791334346598,1.46662768308543
-1.26068287881878,-0.73972035747259,-0.233811562740612,-0.211272045486885
-0.354542403073978,-0.78311100363138,0.122531224821939,1.64618673797842
-0.0735560191364783,0.84052239179138,0.952831162945516,-0.323931948568173
-1.16865142442436,-2.41823149569626,-0.665051022688625,0.723026392157757
-0.634748264908909,1.09738120102763,0.442861778894668,0.272095963295663
-0.0288415529283144,1.45466766224754,1.18245582695941,0.745604148048768
0.67069596873393,1.44577549370391,0.221204695176287,0.822513562267093
-1.65054654342511,2.23804945117365,1.82496907634588,0.228472336453053
-0.349754239211268,-3.12232210747107,-0.411800598360526,0.340555504456331
0.756406438545484,0.907782518191952,0.844686614048027,1.1361943057765
-0.538809159977592,0.832281845378164,0.723998844029858,1.46664284689928
0.227291921672942,-0.685986035219716,0.223459652532174,2.85865528630467
0.492228570064431,3.7345438857976,1.30049113213102,2.78395343891307
0.267835015331683,0.695505508043665,-0.141744935417489,-0.378743232369417
0.653257679471382,1.99159080148271,-0.162942824382517,-1.18083834630779
-0.12270866097738,0.373435896221575,0.131986820842733,2.12496299131987
-0.41367651359212,-0.800181761835229,0.683541635593746,0.65360888684143
-2.64314895202898,-3.07178903808115,-0.88782152817108,-0.806447582492855
-0.092941018479472,-2.57337917690103,-1.25062722557201,-0.558911626338941
0.430284696359987,0.818878441372791,-1.00240016638196,-1.28092759397404
0.53539884086815,1.34192920253464,-0.509290993486405,-2.2376890231164
-0.555278351313252,1.93079244938035,0.864390633985018,1.9625153324806
1.77950290977515,2.70470975426467,0.387619480516435,0.0264592622674396
0.286424419628825,0.99341433365016,0.0734557063491337,-0.225160240846195
0.126315858458886,-0.315709730077421,0.807510704756722,1.32412846543396
1.27226677946852,2.61547819358852,1.0787396471503,2.27029624084671
-0.718466221319259,-1.12914651563272,-1.57035885350109,-1.01150375663417
-0.450338623924712,-1.99704354329807,-0.121469124840288,-0.123054791685278
2.39745248004976,2.67487669695103,-0.210800225159767,0.280548287306657
0.011129187220888,-0.576213924844847,1.29620039262549,0.394761213082385
1.63356842140831,2.76201128261943,-0.394161802089905,0.258161380181222
-1.43850664491452,-2.02705424581027,0.140743912641085,-1.59649508399737
-0.190516802042901,1.49697204446438,1.13886492106923,1.0114915896245
0.378423903636832,1.03161605990965,1.43703441916166,1.2998113710669
0.300038545205798,1.0692448631951,0.777637402028006,0.0769778282550186
-1.00563625951084,-2.70135275937971,-0.0512979175650827,-0.0884032247262856
0.0192592746253708,-2.22812110757571,0.347398881337668,-1.47121074843182
-1.07742065311198,-2.23207593768794,-2.09255789587269,-0.938647983289014
0.712703325244282,-0.199718310426667,-1.38129143725066,-0.4343728843688
1.08477508986065,0.585144988156646,-1.65837181818745,-1.84261256270947
-2.22498769648741,-0.161481550572371,1.05727916974428,0.719310638028546
1.23569346230014,1.68924037511533,0.794299372384835,0.35092144373144
-1.24104449680849,-0.731561440846419,1.10635721206228,0.502296596871469
0.454769268982633,2.07555610258775,0.739848732153563,-0.318347702059348
0.659902638142608,1.53104913228219,-0.192644335621089,-0.33113974022332
-0.199889828101433,0.802291031931208,0.503703307776671,0.758356086442618
-0.645113956859792,0.0891122340484629,0.648591120927305,0.335956736767461
0.16532102124205,0.842299446144147,1.2613377609423,2.50977240224731
0.438818700714454,0.572550438918527,-0.770177293625457,0.192173422751424
0.883302819948705,2.05113734132476,0.351699795782618,-0.932522794955978
-2.05233698390195,-2.85592437739666,-1.30573300895619,-0.22920843926228
-1.63637926805902,-0.906776100427607,-1.84292673082857,-2.67670655413551
1.43040234118818,-1.3814376178658,-1.51604690235426,0.23525463843737
1.04662884711155,-1.38123452581142,-1.9248554602129,-1.28015154352606
0.435288948907682,-0.196808343523761,-0.875451572792967,-1.00770602252497
0.71517840711106,-1.73534915078811,-1.26754547414993,-1.19757715408933
0.917174917641003,2.10592516747409,1.82083309258907,1.3177571965703
-2.66092279846568,-3.21420340172468,0.770383742482311,0.73047848772681
1.11027709663882,2.55946271265832,-0.245255404482948,-0.122712678256866
-0.484987596562325,-1.47812856991733,-0.398540757134088,-1.03081365927167
0.230616830631202,2.12118556359904,1.47187991518849,1.11368235672246
-0.295157800883577,2.02446331575651,0.258448633413326,0.356400762318684
0.871964954078744,0.612697886664572,-0.773611497590118,-1.09595804269975
-0.348472448955611,-1.14595625332624,-0.126084417474142,-1.05400363587173
0.518503765888248,1.25684762488667,0.0425578147695736,-0.248237337083797
-0.390684978638979,-0.471426774694846,-0.109834423899592,-0.523174381918056
-1.09278720910151,0.642401951681885,2.22480081877303,3.98481496509882
1.21001051044026,0.331222085966302,0.974420224833761,2.49944181560529
0.740900011274274,3.33616588203537,0.590224361638857,-0.274361312498836
1.72426223915645,0.52936864715033,-0.516315670560838,0.447406185348973
0.0651539325793032,1.53646377190837,1.54770718873206,1.95473128228913
1.12500274582817,1.78320477315579,0.822201514669597,0.316840195407014
1.97541905401908,-0.31273743036287,-1.66999707610473,-3.13473361535533
-0.281482115038967,0.224637347635024,-0.681197060148308,-1.84919063726652
-1.32295111275522,0.557456862770513,1.61939710660986,2.51893851874886
-0.239351567138116,-3.38745415073302,-1.86759045532203,-2.03307962600252
-0.214041239985383,-0.508279679127558,-0.440752907266762,0.372741422978034
0.15168050450932,3.30095323797246,0.134821540345589,0.20940203847505
1.71230497731928,0.726809816762849,-1.13356493290285,-1.40392834265375
-0.326143892505348,1.57668476034218,1.26076791778482,2.10522767178091
0.373004655804915,0.919313143317612,-0.544524758193246,-1.17730452090114
-0.227684064895531,-1.19111343823743,-0.400822962764539,0.523074430325154
0.0204507085250325,-0.516282622712614,-1.60126756343439,-2.79820912786161
0.314057663506262,2.29617424284749,0.0195806808467541,0.352107722070912
1.32821469603699,0.988275869842792,-0.58622290572834,-2.45676926577547
0.121318377490778,0.884384498948632,-0.442929936262037,-2.05509058264144
0.712842320031113,0.261377660804868,-0.218075755810981,-0.963709842755909
0.778860029783535,2.74878911654586,1.12769242726484,0.308784629807428
0.914773270855634,-1.31802340728614,-0.669406751300409,-1.03384992007371
-0.574394552184383,-2.10920545947415,-0.638481126777751,0.366394089217456
1.62688121419468,2.13242138360476,0.0794081309748186,-0.0227895714906688
-0.380956739294013,0.539191782864576,0.335468576836845,-0.118564569614732
-0.105784167649752,-0.490327669445106,-1.82818804651428,0.340408493875731
1.40405026771417,0.453732533889828,-1.36864417290599,-2.0156787468959
1.29408390614558,2.81026557769937,0.044063621077813,-1.13842972920832
-1.08999187241124,1.52682985227224,0.873987453359499,0.992984709477435
-0.873071000417463,0.775568388987973,0.209025651705873,2.3058043777813
-1.35807905937061,-0.801350652560745,-0.612991646632199,-3.20536110855843
0.181847192619832,0.731771298559598,-0.209447604573074,-0.0570228164951201
0.164840867918466,-0.747961334334013,0.969859161114395,1.18146942684707
0.364114687355063,0.971458337279997,0.762869600205835,1.1305599932917
0.552157714218558,-1.40354819268255,-1.15287906265819,0.609429892770075
-0.601892845985016,2.27692828289256,0.986316651610666,0.555308887822663
-0.993698591098714,-1.30465337823679,-0.662967350872686,-0.00452803576142002
1.0267850560749,1.30097316334636,0.576721095275666,-1.03616234025965
0.751061302606323,0.0608837020495393,-0.137837766229678,-0.576947000665527
-1.5091665373287,-2.12772252915224,-0.16817673667416,1.95801389392196
-0.0951474508492868,1.41335955582544,0.57619298881224,-0.231072320604237
-0.895947822756499,0.848776888756994,2.48356723710774,1.5633153647414
-2.07075107054196,-0.473893996796448,-0.0321732234653198,0.137692739578152
0.150120131188143,-2.05998174037405,-0.809538126372768,0.620172475257694
-0.0792117092585882,1.01327119348063,1.03809864161255,0.26356143092079
-0.097369267513081,-2.71777312997589,-0.308130235682242,-1.34412255367163
0.216152541801233,0.480348020525965,-0.0438239778552511,-1.40399576317143
0.882465164396587,-1.51581139132211,-0.935428125974046,0.0340424858102045
0.205597504483387,-0.063294595539873,0.435475732280363,-0.296794560030441
-0.616435842873528,-4.01453224699405,-1.4339765327321,-2.50880267255546
-0.734799251921281,-1.27553430063492,-1.18437487077313,-1.83460180799724
-0.131802793041181,-0.0189776303579528,0.466978091389648,-2.41443835364867
0.310016986578952,1.89849576309989,1.37245071049548,0.215164343173334
-1.03968035270204,-0.956592530255356,0.891390334549842,-0.536623029214806
-0.184308868842384,-0.60012542304268,0.755817256413849,0.465366465974755
0.967267260167914,-2.07816548443265,-1.55961175321549,-2.95691212788953
-0.108280091234486,-0.430956291443649,0.455421258883168,0.742686648488907
-0.69842066759439,-1.69878181606741,-0.722021190584968,-1.15515254115045
-0.27594516842554,-2.69545039997756,0.0640311615053511,-0.0517919931002577
1.11464854536198,1.3594828536547,1.33781613034269,2.2782283550425
0.550043961214136,-2.5118261796762,-1.54030721335937,-1.89436737004351
1.23667580008161,1.66781649789728,0.885322802880876,0.672060925443788
0.139097857161771,-3.49583268244362,-1.82323613674189,-1.78974962771903
0.410275096490425,-1.25142236873924,-1.37906989544683,0.601839531189138
-0.558456912348133,1.30794998523825,0.223940254457225,-0.507166382424825
0.605370668930333,1.89877859330941,1.63379703883488,1.02155280408854
-0.506333542189239,-0.541517362606711,-0.561448218079469,-0.119397635571204
-1.42056550469574,-2.35793938223145,-0.902847278578098,-1.3309569703782
0.127992965684126,-0.074607268712537,-0.0203457611404163,0.133263732027117
1.94585121773144,1.2006433173736,0.99721599245308,0.566389315958736
0.800914339573062,2.9312996918212,0.853053787629553,0.670138113042354
1.16525338994626,2.95172166509342,-0.0902317780716566,-0.0793195809258765
0.358855723093152,2.32544982756131,1.0042347285402,-0.151658280347246
-0.608557178316224,-1.02902933912014,0.181566042547825,1.46364891960906
-0.202240855110284,-0.0851634266165439,-0.0768710667590331,-0.24572044155169
-0.273248106811925,-1.67659527431615,0.0433313463789009,1.04324962206864
-0.468699779782087,0.926565332748005,1.14001166590257,2.47359861573259
0.704167283929716,-0.642477959199367,-0.798052378208839,-0.386331630000833
-1.19736350236541,-3.41174188081522,-1.0192331826039,-1.46593436928018
0.866366132112773,0.347331741122875,-0.310268868942546,-0.56922087306993
0.864152486225893,1.44914915344508,-0.109987880800955,-1.55189838673328
-1.19862235906875,0.657458606656596,0.573746706431817,0.738412387040025
0.639491997900534,0.871867760407723,0.39766836427612,0.80815702670157
2.43022665234451,5.59195137405233,1.78033911120586,2.42903850269181
-0.557215481941608,0.275192270179748,-0.287608958130344,-0.586006347196846
0.844904241408072,2.30665595686657,1.90680471607652,0.447213838130355
-0.782201845619403,-0.733272649194092,1.40378143864409,0.850805778987744
1.1107114182028,0.722277847012696,0.837104051729313,-0.151578723805942
0.249824719926562,1.68486951334254,0.309084944947345,0.60425739931629
1.65191539162316,2.4852467251977,0.207685466226526,-0.579008761623966
-1.45897072853692,-3.99837939869807,-1.85366102274029,-2.51092160545064
-0.0512978861253612,-3.31980466451636,-1.51231253448322,-1.01185237635097
-0.526925176125598,-2.16203495000273,-0.790613259523706,1.12781682277531
-0.197264869076299,0.268168663867413,0.083766798408262,-1.67041327126324
-0.629578742686005,0.779548896222292,1.25935057108037,1.33211372885994
-0.833843580535001,-2.70581436140821,-0.956575187843633,-1.88716907179873
0.57872237461645,1.34232922907152,0.307097345266483,-0.339880383120873
-1.08758071407693,-4.24381370042677,-2.1677138989077,-1.31371374039653
1.48403093155628,4.45022377664814,2.45283578152427,2.57246597239048
-1.18620658531375,-2.25511649329679,-0.194542153187551,0.632056671183149
0.10107915139528,-1.9477900630109,-1.89254745527694,-0.986740696275612
0.532989286826481,3.16681205655102,1.04294795599579,2.42120560420199
0.586735339092625,1.45105988034865,1.23182241772421,3.05471163997834
-0.30174666386638,-0.16095875736441,0.773085825702324,-0.607846644648706
0.079501995328401,2.22996972506956,0.935995671639187,-0.299444452685221
0.961264151809677,-0.493499314781288,-0.214930168395309,-0.688643784451857
-1.45646591707643,-0.002626353016672,1.3217123045673,0.237517613217567
-0.781739711532082,1.29096621323402,-0.233979688913327,-1.33822028768048
0.32040231431661,-0.731671455766833,-1.89823820148877,-1.26162640976341
-0.444781978336992,0.717283246779196,1.89969733291589,1.79331487198641
1.370003993971,3.18616532095065,1.19185347151963,1.47242713619975
0.673253863354836,2.58984944101371,0.734370140695934,0.553691895171682
0.0721667524147558,-1.44631764448903,-1.27111474343939,-1.81001528119771
-1.50775731753668,-0.314970940336132,0.924610646634951,1.73951655240691
0.0261002253262418,-1.24246782169374,-0.135797819167665,-0.959252865938697
-0.316415868196993,1.90378363332657,1.16963174591003,3.294512347449
-0.102346513520598,3.08313876869605,1.96369389087108,3.32861737344407
-1.18155922705569,-3.13393368215652,-0.50458830156285,-1.34072442922512
0.498658043829925,-0.214220219011557,0.5294604726246,-0.514093748177147
-1.03895644030703,-0.0121107539007724,1.36610401449397,1.65921570022829
-0.22622198144241,-0.0981756531088535,1.10428654508333,2.16460608148206
0.381425829451352,-0.242211466678297,0.0507649386429138,-0.967683538202977
-0.783515789013048,-2.6758023160089,-0.569063134689783,-0.672918175947043
0.582991405680064,0.34889934332972,0.62927119718869,0.501183824455067
-1.31651040165169,0.966967964860638,0.681987925127966,0.665598772509989
-2.80977467896054,-5.65932275901778,-0.828339552836448,-2.60466690698944
0.464967990785852,-3.41649494566757,-1.57003210932533,-1.67463119652322
0.840539826961,1.75264640509991,0.5590555113877,0.945895780663068
-0.285845423591384,0.271315983426535,-0.0213331048688559,1.9511047238509
0.504126254591608,-1.51295051622187,-0.75116981210796,-0.391934175813426
-1.15591652508367,0.129476000350686,0.00353364827217656,-0.0346053800492992
-0.127148606825662,0.544402626137288,1.00673511580679,2.42847973098498
-1.94151837604062,-3.5010069631569,0.285653622887703,1.36713152191263
1.18118089143852,0.275136420043492,-0.199600545971138,0.263148116931716
1.85991086154316,-0.416385933814794,-0.708129661971503,0.0432245175191083
1.07401226028199,-0.600191664183334,0.0527316428946401,-0.651606721586596
-0.0273469664137418,-0.102145418336798,-0.24555617738294,-0.679041046000381
-0.0333303422759193,0.767352192568954,0.0348079133059089,0.510901187573566
-1.5160676231511,-2.05279919060044,0.818676379367284,2.9992530776775
0.790385343888228,1.8475256681385,1.03479967976113,0.4595364529296
-0.210734180691776,-1.74537130151373,-1.40806600304095,-2.39536712037024
-0.656742925361075,1.33180141579588,0.545764625120462,1.15024564213293
-1.41202579265831,-2.83013746511416,-0.378845497975486,-0.303154820873497
-0.299762496646272,-0.794620050746183,0.611884935403442,0.928986275778949
-0.849061135016708,-4.37711162153527,-2.15347385049988,-2.30278018855872
-0.397030520327837,2.73494888574393,2.56425841348438,3.86682096790213
-1.2175999877636,-0.800114505491292,-0.0415778079670667,0.28316679980957
1.6875894829457,0.826056493589982,-0.208587193274977,-0.610725695188572
-0.0160025272079689,-0.391689529535734,0.271651975441411,-0.87116670405073
1.07494507727239,-0.954136856112087,-0.892852513844904,0.265605191555819
-2.60169967025765,-2.30232332302019,0.027607611677051,-0.0589806771266924
-0.453197829994837,1.54210162238373,0.433572178117828,-0.0218522894622028
-0.675482291592071,-1.46021542452375,-0.334484629186323,0.305410964359617
-1.22292617936591,0.651704778572891,0.919668000079733,0.891453195794443
1.5466091542241,0.688242718598175,-0.467572061194503,-2.21734172163681
-1.41528191976949,-0.34027173582783,0.581129996694497,1.48717652126955
0.318390260408025,1.73314406093659,-0.267146951423783,1.32388737421186
0.846436285579692,-1.39727867189878,-1.78468380672686,-0.917741509371677
0.178190188418023,1.63708423915464,0.312331247260409,0.307084780680714
-0.875255477495516,-2.03927888920391,0.116892430440387,-0.768650637973101
0.941165806724167,2.32086562487336,0.748640762059923,0.638317683689441
0.170588081840838,1.13873051505674,1.61453726139819,1.06444490697132
-1.06349790638204,-1.22846146416661,0.0360229251250465,1.68890466171845
-1.38804904760206,-0.179410552640404,1.23074877736792,1.87978319669444
2.08671743449315,2.38245078834756,0.0384598937698323,0.70583166193622
-0.678503145418437,-0.282662288820095,-0.512092943348635,-0.31547286993423
-1.85557165391804,-3.01491051124709,-0.477126576884751,-0.46788969689238
0.533259362753652,2.00167310229104,0.971366075170992,3.35481373813144
0.310230256060895,1.63164799847107,0.0383144446027285,-0.2060971049988
-1.3538343357226,-0.512930598994262,0.766862946773386,1.7915805734701
-1.94295641358195,-3.66699260801237,0.111959583972888,-0.480518013711751
-0.116302517158606,-2.71936081854167,-0.942372708381095,-0.977868481939701
1.13939629170942,-0.0639173009651499,0.12084126729857,0.581082563383389
0.636124035182149,0.0649613182358262,-0.912624848872443,-2.17615766556008
-0.492937424161977,-4.57079074978089,-2.02011741669774,-2.37299078360953
-0.834188231584378,-0.908566246977317,-0.894342749431854,-0.905213077437439
0.271066756750545,-0.932367160734046,-1.47436869993154,-1.97132155709168
0.157353347216158,0.154730042777514,-1.20147154261364,-0.72689499713524
0.629711746692728,0.499325296929133,-0.726196805673238,-0.331529638362769
-0.395797950288896,0.325761047135426,0.793145323451523,0.558496784210463
0.8993540532031,-0.259410163576006,-0.41622918347275,0.360528660089974
-0.830811527336248,-1.38812862024169,-0.467476306359997,-0.325193269080833
-0.330544700119963,-3.61933142608395,-1.11863017976629,-1.13743524387126
0.740814523725905,1.99927203333083,-0.149141181245982,-0.179496164231494
0.989971608627113,2.4470774658076,0.956406943581219,1.11900793137458
-1.93850470145338,0.264251118528661,0.778589187495162,0.531011532459401
0.107190407016153,2.66893283915454,0.754984938819397,2.2953171268992
0.60877901173463,0.00852106924800045,0.453982202380462,-0.428253418246995
-1.45082431349063,-1.62842840729613,-1.19060475722415,-1.0979149081357
0.480625599875217,2.3633486546429,0.26429170181016,0.367905902876128
-0.828174270396797,-1.7083889385497,-0.60861471401376,1.16954835364192
1.02025301216443,0.404471091875047,-0.185333570444502,-0.323433083343534
0.538482032102641,3.0565499192052,1.16923044224215,1.9612648220072
0.76905229499561,1.60027923151886,0.080048039902605,-2.3712281240816
0.120719329287034,0.587357112526127,0.392073912422111,-0.917943756794687
0.863648434157753,0.994948276110581,0.456990774123588,0.110337791382972
1.38051452831454,1.44377380948989,0.532590775983243,-0.128124611928522
1.96624801545563,-0.135691569917367,-1.07355640887183,-3.42444325203901
-0.028395054749065,1.05106603944811,0.384197576890263,1.31920465648348
-2.2490510903324,-1.54132738508463,0.838443679140926,3.05462928211861
0.0315260045939917,-1.93160323712271,-0.970428108383226,-2.99514569843592
0.205561208449975,0.69402389776287,-0.518376979975741,-0.942809132326165
-0.155345347144399,-2.39085605970118,-2.0539454013983,-2.70282405304483
0.568288620777075,0.0197896789438007,0.275321680513181,0.703732506775716
1.01067796451426,0.728783435130143,-0.128687925184869,-1.53094248605186
-0.517982430167822,-0.657369557889799,-1.12932407772789,-0.353639531875685
-0.29409532715611,-0.423079533755985,-0.462036614957025,0.00555460789775808
0.397842208800339,-1.69709810806664,-1.43021208631901,-0.952675095263362
-0.550223741489138,0.846038116339543,0.888309738628058,0.625325503747677
0.0912673834882354,-0.078590345252164,-0.766266039420025,-1.07377887411122
-1.9617075988853,-1.2346272703807,0.530292738255426,0.590693089992198
-1.11989972139762,-0.627799723210792,-0.264820995169732,-1.4745001529229
-1.32775547560413,-0.554398125446433,0.437332079163073,0.473693996665071
-0.853623696727242,-1.6055999286775,-0.642784278613871,-0.673158714647507
-0.693304527930666,-0.672547758421684,0.891883220557739,1.3404252485353
0.38230514254637,-0.0221166735765156,-0.0890087000730499,-1.45232647094681
0.982113002522641,1.54699321598956,0.461687075822696,2.02544503600509
-0.727383529087535,-1.35046429159707,0.471730233724218,1.37221267388783
-0.996838982378005,1.33997345986824,0.746606051481751,2.63341373957438
-1.04168885898951,-0.488460354087467,0.0702588608724181,1.27190819121408
-0.414588726363674,-2.16821734609177,0.428132269444687,-0.657094414106771
-0.239029068152564,-1.46966467242031,-0.55715636855073,-2.48948402227013
0.483617533838269,-2.14156523352623,-2.17338254785377,-2.69679661568639
-0.32132484216839,0.637675009903902,0.936154259243359,0.482557595351538
-2.07848926886002,-1.14958036681561,0.0704292096271274,1.12391243861813
-0.0914342755501383,-3.65578126573689,-0.809102873245837,-2.56467095164844
1.18718681065156,0.306206582943245,-0.916059519509019,-1.75616648967023
1.19160126851033,1.45894324364447,-0.0611797974767041,0.288963745481727
-0.78896321811123,-3.282452008058,-1.88193297880601,-2.72158705581864
-1.54777654363757,-0.700218783674424,1.26899915864648,3.32352517114765
2.45806049186527,4.09067446661829,-0.230947422716418,-1.27678409050214
-0.162421942479419,-0.940257304511371,0.0849678922434273,0.403991511589959
-0.0974512501056172,-0.0971347026491285,0.429591831137476,0.506319969763424
0.420574188698147,-1.99921605325242,-1.65775076771501,-3.41044143778494
-1.61403945661912,-1.89364494216507,1.63215881326579,1.54288467587465
-0.728219111191288,-1.37824642460784,1.72387456056887,2.03374696242089
-1.54044240529001,-4.31708451945897,-1.57449711394856,-2.32025991819607
-0.693094614010595,0.300982400553597,-1.26676788042923,0.278370082751557
0.118849433004561,-0.031284038988338,0.309272206782858,0.630430670977361
-1.36470945798691,-0.810299849817692,0.733603489858819,-0.70997434759562
0.589982679367313,-1.41332832226404,-2.6381572318086,-1.64799993191669
0.289344028817336,3.77602711813325,2.55197203166135,0.855699964966394
-0.904215025620639,-1.43074670978392,-0.95124796569129,-2.80512392551973
0.226324942381064,-1.27404838941632,-0.248479372941319,-2.04881104232404
0.748081162493843,0.590441155498591,-0.0406881205101021,0.644405839458344
1.06109525326174,2.51738741774787,-0.398490471846819,0.342235325322628
-0.212848278646528,-0.615690564752973,-0.630675545844059,-0.912412142075891
-0.0936367939110456,1.66742497512608,0.0562216773777784,-0.0286421263247904
-0.0867141349819251,1.36481829329219,1.42233148790096,1.91897957464788
1.44146175605504,2.05369130858227,1.33707705112016,-0.212042326521899
1.12507189227799,-0.135144148232581,-1.35716901815309,-0.607477804416976
0.834401567757039,0.398024894406522,-0.489283726728961,-1.17428725371238
-0.287340799840693,1.79937653094041,1.74382898245475,3.10771602731841
0.373241434166406,3.79947707054638,1.55173083652324,2.41424328909966
0.403290331220696,-2.0030858974421,-1.02038672905355,-2.91539117450003
-1.04167329428932,2.27101913020674,1.86345273917072,1.19903617089483
-1.72830451532074,-2.82101636641494,-0.982660639729565,-1.69477277140499
0.641830027651616,1.15133067131031,-0.628163656527314,-2.61955597211249
-1.52931053118042,-0.821021745207615,0.201231672817771,0.781121456996152
0.00168368848420991,-1.07316253524556,-0.191308560236068,-0.969399550624377
0.250247821348331,-2.1982384321386,-1.87483100549287,-2.26073233212935
0.563867390305883,-0.143497048443189,-1.22879342112491,-1.68719294453439
0.189426237514811,2.63646605923787,0.819352400125067,1.79528182194739
-0.732853806297125,-4.17075663252858,-2.53705118744872,-3.01086903702872
0.986365859895462,2.42358009581351,0.446756555341712,1.2806982458554
1.73863376690625,1.07804339607981,-1.42150267660051,0.0900107011250026
0.881178808925443,1.3416876324887,-0.157720779641765,1.96419225554747
-1.94365090132398,-1.24815499005935,-0.0378629507805657,-0.663936514082521
1.39957618540294,2.88942254219379,1.2545223354215,1.40310251901753
-0.056055946186268,0.629870917390455,-0.471992807900692,0.644829647691108
0.52491427931929,0.570947025150068,-0.543791518525734,-1.35443774203454
0.62203323587106,2.33933818512134,0.84202992586467,0.798565823874214
-0.0966860732067051,-1.72974317826057,-0.397512273945224,1.27627410695006
-0.0752631976487263,-0.118385388127079,0.490873104387214,0.581043931870328
1.0191570693309,1.03031233595653,1.02986937117261,0.139494640822646
0.711601922486244,0.701804027526685,-0.742336173897072,-1.71140366734217
0.990262246044231,1.65361415039779,0.748520223498826,1.36562867986718
2.38292669523033,3.55074797551781,-0.369223050961594,0.783725478046338
0.664415863694087,0.515381545852929,0.475246295435334,-1.98036511640964
0.207381157385307,0.0707099928905135,-0.424877621240791,0.537903607791971
-2.21063311057562,-0.971359615901847,1.63999156503918,1.15835506536856
2.69171400324612,4.28507414632389,1.00576281999863,0.597277294431962
-0.482676821796308,-0.418095993315928,-0.194290883362495,1.49056967477711
2.37473471509539,-1.09523702481901,-2.63392040087345,-1.03284519103042
0.374643568004988,2.51942048510462,1.29021721283904,0.905585163563622
1.53843019889679,0.56915531967948,-0.181742974164195,-0.551946435868513
-0.109710321176239,-0.635234641721545,-1.33486962071789,-2.68176293899706
0.511470754698125,1.61074754590095,0.118438527605872,-0.376791414472015
0.213957979642262,1.36649645447865,0.0214367050481476,0.114820791139673
-0.186120699373496,-0.454520749783403,-0.459485627191494,-0.107105801907691
-0.120393824622494,2.01319352002806,1.02916728376905,2.45796666749341
1.01283433584425,-0.271424262841053,-0.840093919173065,-0.329140802921292
-0.2014581469715,0.162681645039525,0.182458042532446,-0.365162117694991
-2.0376824944408,-2.20492624641194,-1.25514209702667,-1.07773458806253
-0.195889248829828,-0.0523189103564835,0.375841778978792,-0.537491586627836
0.539790605536274,1.77557817939479,0.317336108376773,-0.411796314918179
0.61645571635144,0.979274979092013,-1.48114357249549,-0.940992820438465
0.616567817477434,-0.00250962311521125,-0.368364517642981,-1.78599027884678
-1.69210152086908,-0.962576559418387,0.691049564694023,2.02248208889299
0.368742058011194,2.51561050121595,1.20029445464933,2.8421084220641
0.967859209947064,1.10832239095048,0.547214752831438,0.393177294467869
1.27657868146766,0.901828306240908,-0.350190447683565,-0.610973363641941
-0.224961271044116,2.15473942713991,2.20023847840029,1.77649279177458
-0.321892586182801,-0.0701429902376174,-0.468121702278836,-1.18176853689577
1.48783783187804,0.353166204959378,-1.15712645061381,-0.915709696525994
-1.66792804577932,-2.45138042921373,-0.668499712171342,-1.83332740838019
-0.436829976913125,-0.854455623247831,1.3465003787089,0.299266868732975
0.457462079357455,-0.482371541418705,-0.401895607991856,-0.952716360124809
-1.61777376538123,-0.101217175380573,0.525567192959613,0.529608284739456
0.279627862431757,2.18286601728223,1.64155823740255,1.56879331430936
1.87786402105219,1.74104676423748,-0.339663296152943,-2.10841478156921
-0.00406065343634058,-0.734180265492245,-0.653210250007749,-0.0548224621933106
-0.278454024963586,-3.15490740215534,-0.48991119493716,-0.693500472328271
0.474911714034054,2.73019361800293,2.80216089605463,1.71233608992356
-0.279072170787307,-1.56402098657092,-0.776270775245074,-1.17814261946089
0.813400374079065,1.3248957226008,0.319638993452885,1.28652630807287
0.904435464449695,3.19942987441635,0.881039288394281,-0.0856477455240217
0.00269166123012091,-2.99987005926877,-1.13354222026815,-0.941695090176737
-1.17669215774973,-0.141402851575051,0.424104461698053,2.03013487387653
-1.31822072745909,-1.13429874180153,0.954328469072376,0.669344756997421
-0.592997365655317,-1.13033115587974,-0.0188344692007226,0.33378570745253
0.797380500549836,0.851596254434007,-0.797317733525216,-1.19954978128916
-1.95820517465693,-2.0469748271351,-0.194002083549795,-0.604560838717063
-1.88632515873255,-2.04318305656988,0.36858349507726,1.44484429704211
-0.653779824760103,-2.38709566576561,-0.504698006739927,-0.260542781138962
0.394394847980585,1.94652429225139,0.693274564712351,1.68290079416552
-0.913566048164992,-2.03707481278915,-0.249961965696045,-0.0136769084973918
0.886749037096059,0.059464971880579,-0.656194768797264,-0.836816222179969
0.333369970155182,1.81958293620653,1.500783849659,0.533624262658607
-0.17063961823861,-0.695298187359776,-1.44956104212849,-2.09733443356504
0.81882813653178,0.456035888676627,0.321623247233901,0.295623195849546
0.388365162819368,-0.493489807264636,-0.263388281550438,-1.73312599545648
-0.445935027212156,0.714824328184959,-0.107180510122984,1.63033510344997
0.23111493441816,-1.19348604593578,-0.101721386235634,0.758979771519976
0.647513357977592,1.31907829215067,-0.816716043671703,-0.570410299233356
0.356283344862047,-1.22836418966101,-0.635309797406451,-1.35371722822501
-0.658010207949479,-0.373112375708155,-0.511268802344212,-1.45723775468679
0.855202205064192,1.44631308755826,0.943912514607942,1.35904992782591
1.15293622555862,2.1713117895179,0.969908826597275,2.64414754757568
0.276274556543337,1.36001142736404,0.771317478176237,0.96777005584597
0.144104662462187,2.39917280555454,0.921733611960978,1.06565612180745
-0.075625080779838,2.46539885112501,2.2008881590897,2.58079306086403
2.16141584630279,5.43595270690086,2.76418639661541,2.19657119452762
0.276315532135793,0.880592115387144,-0.447284641747853,-0.181024345190968
-0.158294028699944,-1.38342355022589,-1.72822044763922,-0.491840662959733
-2.50791780219725,-0.701955772963886,0.545196883433574,-1.9841189166485
-1.56528176503053,-2.37782285521859,-0.731223195338029,-1.80492300035401
-0.0776732006105648,-0.904774468918579,0.370456695265621,0.794842891515247
0.206294044843098,-0.687703753926691,-1.14246261935168,-1.07722946545636
0.276872458861614,2.42978270867186,0.502180411980123,-0.791115083646052
0.821506780448618,0.0167869585818148,-1.21809765953348,-1.888571126824
-0.194152409320457,1.60975897719678,1.94126301925149,3.4882672576977
1.21458879448256,0.96176111048316,-0.918862196108237,-0.566730470531977
-0.921516042869578,-0.542888270704252,1.12432746304308,0.342574969498993
-1.20844272044307,-3.44237563320854,-0.931403728036877,-0.979105750520546
-1.22898617755381,-0.067958302036317,0.398282284514217,1.31985965687674
0.742297024186518,0.686147454274991,-0.451498276485733,-0.638932279438374
-0.082919942339226,0.239635154032111,0.679362892863526,0.116431859288399
0.789817921820499,1.51489428735189,1.34043204027576,2.23862085499995
-0.267706421557085,2.05600811490778,1.73704306196515,1.05506460612074
-0.591892102212813,-0.621657299711337,0.232555686036486,0.511966703814249
-0.368352575126506,-2.65563018038961,-1.10481677783402,-1.32544124396963
-1.85261682424173,-3.98758473747192,-0.744329655466602,-1.30812217373067
-1.16961526041411,1.46149036620087,1.97569391811183,1.91105635138913
-1.44203464635845,-2.70222870131508,0.128675725425314,0.366946124217646
1.05432227197535,0.469169333612885,-0.432848469079535,-1.24776394126073
-0.5973300913628,1.1057043624535,0.513078113012005,-0.0312732701433743
0.78945985279018,-1.72115788312731,-1.41832519329453,-1.75831977588651
1.51649060169196,2.88098581474676,-0.419389727633926,-0.837087039417079
-0.191774809109942,-0.781730195340202,-0.824528084886083,0.159360605568469
0.283878906352351,-2.40984666356505,-2.52925330739536,-2.31334579707152
-1.75106751939608,-1.06270432169933,0.474413380278143,0.794917575391772
-0.818669777519803,-1.4619714908734,-0.53755238315941,-1.38437228915165
0.0562148493828386,0.923185180376203,0.225129714875405,0.859797746388627
0.299086903336152,1.08372132570726,0.858773828666142,1.02959729154487
-0.759398117298882,0.381002869062186,-0.0438345558528673,1.44139868228046
2.6848589992268,3.69276481527177,1.0101447888933,0.512879051770081
-0.458390139092389,-2.27955269289727,-0.921719960067878,0.0318848093118651
0.0642435566300379,0.508585247630134,0.0262025485315122,-0.8284343877284
0.649791867153518,1.00606070979514,-1.00685666565912,-2.06126654751404
-0.0260186347739953,1.86017741867489,1.29647197817124,1.61726089597264
-0.643567387027114,1.41109949844019,0.791865987768324,0.357331989966247
1.04530566396331,-0.970771927078356,-1.22344782422974,-1.79133903506069
1.6155453232072,2.3722123594974,0.64561054980139,-0.238445735278382
-0.0296939710498354,0.937421100020177,0.421205304496677,-0.944599687531953
0.562267345403066,2.0404681016735,0.6523764030111,-0.846127961873931
-0.0974124985026302,2.7320175116184,2.16122882083053,3.62833521894915
1.01645521770216,0.456282370269973,-0.803047499123773,-0.147835516895464
-1.15616739425985,-1.5397793567719,0.27204055573532,2.11277647155282
2.32086022399448,3.04783653804541,0.812614581450197,0.545352899407898
-0.603531247788338,-0.594702768789761,-0.15075478542441,-0.565026119506242
-1.45884941443809,-1.03305477735094,-0.384643010791425,-1.89891057292881
-0.35091782719307,-1.9958883859896,0.349099401801275,0.897928534399733
0.146708484145002,-0.168693275060964,0.823806858325437,1.20660696862014
1.62362120768023,1.18633405107801,-1.18563007346905,0.289759259044373
0.91120967677132,0.167603781581163,-0.167762178332584,-0.0756690522671368
0.142458432045787,-1.19108141836538,-0.263968941429066,-0.201380671232212
-1.38948352398816,-2.48864864652029,0.0509817355922006,-0.268090856485251
-0.866037744672114,-0.315991445126849,1.57498862820488,1.82377859417162
-0.163284932229294,-1.98565425241117,-0.83488799248238,-1.31238234211372
2.55302611346059,1.0326417467566,-0.133464250187388,0.266495027235628
-1.86022757421841,-3.34772164210459,-1.5393885213113,-1.6608325959569
1.13105465184602,0.0245681964688915,-0.634778543470461,-0.349598842353812
-0.527234257233921,-1.8335083498539,-0.156662651098129,0.805680540082749
1.66599089998742,0.872232774276903,-0.413280154144215,-0.500976703954124
-1.1392006399734,-1.44998836627983,-0.595171336805373,-0.359942646064504
0.143623234662747,-0.700135269119227,0.353493189583698,0.269581908641533
-1.09955094170275,-1.88778661989793,-0.0625474221067617,1.49575260380483
0.903516426361675,-0.321902378464704,-0.698820747127521,-1.09997258529571
1.48377948873809,-0.414514177929523,-1.13653808697738,-0.733940384311866
1.95072100640115,1.41619242704849,0.697019659118036,-0.552641750366955
0.797600657589519,0.156398417540374,-1.117092217892,-1.26269999528677
1.84326625457782,3.70069219190022,0.840173113775297,0.269758090603743
1.24642390866165,-0.077812991645646,-0.0970279774103012,0.344836116776599
-0.131874911824015,-0.29730463798282,0.407546082286762,0.822647925494561
0.4770372382847,-1.66862426641744,-1.57359893709898,-0.0641037225108865
-0.971994211475933,-0.557017459369396,-0.0312608368003928,0.270894558362887
-0.185202169400994,-0.210515073604017,0.194676851368289,-0.984715971706469
1.22096370834882,2.72753125326464,1.80590441866928,2.0157418308752
0.54128414348235,-0.588301417179531,1.0185356959288,1.04264347166695
0.45735733162533,-0.512641937496682,-0.412111982730268,-1.08142759379244
-1.03813103968721,-0.20642258299986,2.15858879012581,2.78881338169755
-0.604513230334117,-1.6323877590529,-1.31453882659669,-1.92293961572299
-0.764606013753569,-0.405571978481912,0.399377852281126,0.0695249641954288
0.395295870013499,0.131157506293651,0.334319291267584,2.90780969862132
-0.990507630466559,0.861025313995589,1.0568158079115,-0.534248139348485
0.562041390099052,-1.57735391652952,0.518619006430888,-0.423219397495114
-1.11641641193354,-1.61667852377673,-0.0659467754383401,-0.759554541287724
1.82853045813536,2.04973774582052,-0.440970444821094,-0.745368961289161
0.460591349478104,-0.950901127671305,-1.32777972854305,-0.206117091204089
-0.70100361225327,0.932760000516077,1.18273202444679,2.52676533751369
0.241045932501223,1.14226734748359,-0.0214705588523568,-0.502993361298901
-0.352453199227956,-0.252617292299869,-0.608709344124092,-2.82727766090918
0.371147959759657,1.87490941112593,0.924139874752361,2.07964296572657
0.2435327187603,1.67726658244705,0.804350975080961,0.669211716740155
-1.01411417266147,-2.74126421794685,0.279320746874352,0.984246120843926
-0.79131387881947,-2.36839519309064,-1.66272335321296,-2.28103621744962
0.299593684739564,1.06121893852556,0.477518183220547,0.63020900876261
1.63905190875156,4.15059509881596,2.5806526908609,2.50216689343252
1.08461700867092,-2.25503304484246,-1.48563310127688,-0.644677434244238
-0.624567473618094,-2.17736003867175,-0.586176811045058,-0.838859000532888
0.825922901647494,1.14188794711813,1.13819306503437,-0.353035447753251
-0.0485683527562885,1.08982187197857,0.164595828796166,0.136946581139448
0.301313651718405,0.551845043958724,0.448191625485234,-0.645314258540418
0.260361490736558,1.38423070686017,0.332372704401165,-0.89082849493276
2.57544976372339,2.39618323451622,-0.368255750478121,-0.45185805342566
-1.18528881058722,-1.50102118984704,0.58957739910496,0.359624214093906
0.100919859012857,0.0655226327493567,0.241277489362624,-1.36037128457775
-1.77997728796762,-2.5483196791329,-1.06143443654311,-1.46917725007868
0.589835922958758,-2.0739892324607,-1.72936150066612,-0.602934116378366
1.0966084717214,1.52995800097641,-0.0295592990725893,-0.0462154239591552
1.44566224110115,0.315641816519126,-2.20258612632975,-2.70279525241589
-1.92514525183712,-1.01257969558725,-0.539816583816239,0.572072786225197
0.41276949719403,2.317261822926,-0.0967318665253926,1.06769845470354
1.59336995138365,3.27197309038021,2.48794520724546,1.69970569571376
-0.414015863042303,-3.56627803332715,-2.55418616811636,-2.113565382013
-0.212150532081949,0.12841581469849,0.986983885790677,0.111306013960143
-0.0365372222047413,-1.55631360997542,-0.712658699281149,-2.41264389072907
0.365018751433036,-0.991953096546267,-1.96150080231654,-1.7531341631581
0.665159875745969,-2.44001707041789,-1.25494872994457,0.0664938049359496
1.31782088371148,3.30479316165478,0.580494591832429,2.53009827154887
-0.0954875904449924,-1.75396326759618,-0.203463056389231,0.0606682422155038
0.196278045472469,-1.09883667201634,0.0507923242732363,-1.53055138988808
2.48799787722146,2.17862180716233,-0.400148582512666,-1.42686230996384
0.431098928114991,-0.452520798654986,-0.133561998301612,1.14971892963629
0.188753109329833,-2.08098684964632,-1.48978604201467,-1.89278864358145
-1.34224312528345,0.0531995118868451,0.883319416939335,0.370500889594997
0.00285604762222659,1.07401731091285,1.19584395609907,2.20679344865314
-0.221326153166881,1.42157607361687,0.690597401520781,0.521777256443453
-0.0110458298093738,-1.04812374353959,-1.24232285414443,-0.128993552837863
-0.575417641271167,-0.967649550160559,-0.320429242801516,-0.830293863020806
-0.686815652442701,0.856214219110374,0.596378265207579,-0.56130540719446
-0.720773631820122,1.96822678723513,0.515894466812632,1.33527128389975
-0.214504515399774,-3.0918513758573,-2.24568915528305,-0.286630339772387
1.36813264802863,-0.171313001763252,-1.51411570067871,-0.142128050358338
1.04908662655933,1.09579865692829,-0.756406259478971,-0.386031218738458
-0.359975117943056,-2.27085758947196,-1.86338067138838,-1.2021695076919
-1.68591645453874,-0.326874013648709,0.845944699947492,1.70218114415206
-0.844583428535954,0.618519098271606,-0.390085144058439,-0.337448916320455
-0.457760533240508,1.95583971131578,0.945009824224586,0.967490661153938
0.103638004228304,-0.182175174492514,-0.163828824036553,-1.03680873425522
-0.662607275700815,1.32815018991529,1.31249307935843,0.226113581660011
2.00668069083189,-0.165574044961071,-2.7837200140212,-2.18621841498148
-0.272267534418351,-1.163699479885,-0.73379516580692,-1.04667918914303
-1.21394447023951,-1.45409683972711,0.911163404517428,-0.433072155534728
-0.141261757282513,-0.250248353493893,0.30904492619712,0.538132570629053
-1.00537758159341,-0.901980239903633,-0.261404599347179,0.118057162596607
0.156155707275326,2.3803013835653,1.49635455121099,1.21887507575637
0.233633614089869,-0.562053313504679,-0.380455825543864,0.492989685879093
0.355587611628384,2.75059682232938,2.61804426122899,3.3028945246488
-1.62185825912421,-2.1447079215699,-0.0296801488267941,-0.0404402453449152
0.220711290970649,-2.3590458871356,-0.825207994998044,-1.523238537557
0.310450080541646,-0.731480967691115,-0.159248826142607,-0.678092245373253
-1.42110844750449,-0.533259972171884,0.705236225382433,0.824747427676243
0.955365639730411,1.95096858777885,1.28424770393881,1.01787282104733
0.784170879094338,1.35225032954595,0.974226323714498,1.55710022267906
2.29961936115445,0.917985450086869,-0.888310415002617,-0.91084862107964
0.156702987375728,-2.8911667455584,-1.93607885995311,-1.86853861172823
0.0467335275180007,1.49605321809798,0.560440103784749,-0.383506203966043
0.0965858340824363,0.498081816156546,0.115656774237573,-1.67295205900799
0.0697662309003006,0.389632268705178,1.72953320201896,0.735609167994375
-1.84847277533767,-2.41403399527737,0.350347186382407,-0.546504618361069
-1.67112705864224,-0.0203680014684991,1.41509429696759,0.43109073116206
-0.0775389667912034,-1.04141393246666,-0.229330092412263,-1.05414380598777
-0.581067380566498,-1.14152870069647,-0.0366532628401963,-0.172033195814508
0.0547365250574253,-0.131389978714128,-0.186885983760585,0.00601524532780773
-2.11120837326053,-0.0775125856401686,1.54367577819898,2.18667525195766
-1.49869825452676,-0.552084810502957,0.737971217893342,0.242722707862616
-1.10148343893874,-0.697541805701303,-0.658739396051618,0.557267504395231
0.986058221060247,0.702309504828699,0.0991084996907049,-1.53152723305232
-1.09849000709012,-3.13695685595756,-0.854624897207522,-1.87551994740555
-0.799513953576531,-3.08307965911133,-2.63078975537585,-2.92577002991798
0.0798738186740527,-0.86844985971856,-0.696361472593264,-0.143616162543561
-0.322746361825109,-1.27068307810354,-0.455356546290135,-1.51139929541963
0.146417178667962,-0.579557354581834,-0.56694670533326,0.258462905953243
2.30506198204569,5.90803340961185,0.845934498418982,1.10132935152231
-1.12460367125824,-4.71717911184675,-1.5401288947611,-0.426226187123458
-0.305469639909805,-0.56895521590015,-0.319142992044907,-0.0843127007616002
-0.516759449743733,-0.553714803995375,0.312449097852212,1.22107043310407
1.51239542683245,0.976545756836893,0.12426405736897,0.34239594785062
-0.769484922890278,-1.44536954906517,-0.614220681307666,0.805173990374969
-0.0820869037757183,0.40251404151999,1.2149766482331,0.219971275363901
0.787133614322708,1.8549209735966,2.67216919214594,3.14782290394697
-1.0585905359484,-2.49377882306775,0.0281144977959849,0.481830803385024
1.65517581574201,1.84197955384462,0.145636264614111,-0.974324182321125
0.675762415474246,3.6078761535581,1.35973973731487,1.70796602651249
-1.07420660953035,-0.643829398950473,0.747889992058458,0.195636715514963
0.454577809057738,1.74473861678403,0.550660689672687,1.1939193849783
-0.213307143233068,-1.04731393925897,-1.24723300803573,-0.921241049743244
0.313228771994335,-0.413507326329129,-0.421979777892305,-0.734765260673378
-0.0899751970156634,0.278373807399408,-1.29949663155509,-2.24653827798108
1.07051603677834,1.20816238510112,-0.969806863175914,-1.88801629189559
-1.35110038570333,-2.75085440858354,-1.04150635547274,-0.620596920673877
-0.522616697195916,1.31399497443578,0.896289895769245,-0.433997924977261
-0.249190677755399,-1.62222755835487,-1.57831466549582,-1.73283199779298
-0.995798724851333,-1.8480003341733,0.267790437180746,1.22052846146211
-1.03995504376619,-2.45513505259528,-0.399360881921485,-1.50742832868335
-0.0179802405766626,1.51695630661494,0.27688382469893,0.84444563512683
-0.132175132856735,-2.36708027081231,-1.23367340708577,-0.877418092692736
-2.54934277475043,-2.2035916774804,0.75357491871566,1.18751745594239
1.04057345571938,0.70468005504298,0.289261020656838,-0.791405352820379
0.24972573598519,0.650406861817126,0.675136077100762,0.889846254593042
2.41620737314833,1.45722352515234,-0.775135103508584,0.0500517054277653
0.685198238051097,-0.633629213182228,-1.0098992344292,-1.45124905963261
-0.446959308961992,-2.0285723876839,-1.63655876306266,-1.31702028271534
2.7973911469581,1.32324923512933,-0.597320774650209,0.43636608902089
2.83222602391551,2.33078079193441,-0.825307644524054,-2.46155919912673
-1.21871181629018,-1.09898787640051,0.106474515557641,-1.29101337210981
0.469031955955424,0.325516290377436,-0.217414375574229,0.753697967322273
-0.21124691863215,-0.0773162559769882,0.49246276734501,0.437865550005426
0.187051146554012,1.42305252009044,0.605719058942465,-1.85698633964193
0.227542728568814,-1.26683579424137,0.00745278383487472,0.113731934295473
-1.26190046286905,-0.527396787104211,0.731433020343089,0.0675242820521422
0.285589580242562,2.40718052892863,1.31702094116468,0.633766673124423
1.7492473631418,3.22614147211345,0.616626397015683,1.54222552191267
-0.164090004134803,1.32375997527726,0.994443039431021,0.780656493113319
-0.162926710698454,1.44965890720135,1.47529893738686,0.69542240919683
1.39857200633747,0.819329540388298,0.339493889388284,1.90021769151268
0.898396240682948,-0.409969972265249,-0.0442079900591391,-1.23626699052328
-1.64849481838129,-0.802706601513146,0.52761755399525,0.689999457654517
0.228556973262187,1.94077515403505,0.469960397697178,1.4914468276453
1.65354723467773,3.01183497807984,0.127009596021746,-0.112820114135371
1.41527634991914,-0.479970816362789,-0.604434608404726,-1.31426738705855
0.41995160381423,0.885224311366746,0.596818586080259,1.38008588043464
0.721220807112894,-1.59193067914745,-0.828977736485789,0.765075887759838
-1.19693521218868,-2.06058704250877,-0.595158479042155,-1.69759239653366
0.300131566881373,0.172895153508664,-0.269232754662,-1.80424867891333
-0.954448935187822,-0.995058063877859,-0.72902946403527,-1.34160674283322
-0.458018068096944,-0.987049066392528,-0.25406540219004,-0.528037651548556
0.935603683779603,2.9703090816159,2.36635417116471,1.91798896962468
-1.13689311169114,0.44228417210735,0.952528420348608,-0.657968510497745
0.266918250873058,-2.1370006832675,-0.76214320102614,0.429268642943041
0.428332039471543,2.46372134308352,2.60453202331699,3.63650012441968
0.0549119698396297,-1.83270606994282,-0.611651343749789,0.406933418625962
1.82218882183542,4.47993460693224,0.22048739456419,-0.543402059045495
-1.02234732857525,0.264151837412608,1.25888766964456,0.0734251890079505
0.6061302614356,0.840515422942575,1.1645649411449,1.73552371350931
-0.0889305674506674,2.52870057979121,1.04219718529503,2.308656626868
-0.260832243833924,-0.0713972584841847,-0.850146832109176,-0.218782127590152
0.464091233852381,-0.389542268871963,-1.34676611463529,-0.672545897850593
-1.02040059068393,1.19326161617443,1.41100753821192,1.14025883159243
-1.31345091651841,-0.921056309181588,-0.0559145688235691,-0.31165259502046
-0.494480875483423,1.65644483754294,0.254670045601216,-0.945486255228126
1.75175714975545,2.3521676156878,0.457574849650397,-0.054666656907621
0.0557647746125201,1.28959332019201,-1.74948761699163,-2.46049677300125
0.331434398227886,0.995649489073149,-0.123183323251137,1.89442967146724
-0.18984663767754,0.814360029824711,0.894270265898345,1.71211517122439
0.470492731953825,0.890075004000993,0.535061252000606,0.539881554869006
-0.951679543017146,0.794151907574277,1.25294531768643,2.05734594656479
1.15791046656864,-1.75663854817339,-0.438882168070288,-1.20974443612939
0.584705260241351,1.03733040097152,-0.0760959072597549,0.453415325942343
-0.806452822691705,-2.37554344715015,0.0388503611335693,-0.427089316994459
0.0545532458119923,-1.17407394331524,-0.257695602565683,-0.517324203812888
0.716331619499123,-0.540840416848359,-0.464519887852948,-0.789638369573931
0.557730982054603,1.36346300673116,-0.960114933396772,-1.17164946131001
1.48193401587688,-0.345918902570753,-0.252179812146942,-0.700123112447551
-0.61298775489485,0.157877790980586,-1.32568780685943,-0.557406826190592
1.11613661549039,-0.861660192194986,-1.47402986423476,-0.456853821809337
1.03654800994122,1.92574701632363,-0.538214312814516,-2.09334734760366
-0.162483131902855,-1.12031015619701,-1.31656795920386,-1.90564804147115
-0.975926692821885,0.577747917481142,2.29015242053053,4.00502247934411
-1.08914519088452,0.25413510462961,0.347130830959287,1.51886273984477
0.457786957944971,3.14972254927929,0.903781653991018,0.753140549724331
-0.0711267337208945,-0.49657952443397,-0.515223073166218,-0.40179222814141
1.77910266685145,0.162733084029112,-1.50194074394056,-0.808987699244009
0.535137960496205,1.07844360369933,-0.478039104563162,-0.127812427769226
-0.371944875163495,0.481191521980461,1.17958616303281,0.561902245642258
-1.02554224849711,-0.881347810039307,1.0762718602451,-0.457893301774136
-0.582401674605252,-0.949219779297477,-0.830665922130581,-1.06446987107598
0.342888392897331,-1.68419125780435,-1.96432479796314,-0.596754189354984
-0.450934647056651,-1.04895831838158,-0.353773300476928,1.40271431967867
0.51423012023069,0.961175964630868,-0.296088156467521,0.350905419671327
-0.334338052169782,1.3889654648588,0.832714210208246,1.13273874984298
-0.105559908794475,-3.09835131379981,-0.622948668471996,1.55207179090706
-0.730509672807828,-1.57464359867254,-1.56494758215447,-0.0612480322180948
1.9050435849087,3.84180495511228,0.679359157091456,1.17769856556429
0.332621731470394,-0.797368053346546,-0.749466090829345,0.314935521389302
0.230633640499451,1.11139613413976,0.316927966278654,0.542464091378746
-1.69186241488407,-1.44245067754302,-0.187144120343053,-0.0222136444582973
0.659791899549327,0.333777845381275,-0.444513538884691,0.123640352586179
-1.02362358887971,-0.584608642324692,0.307533163662043,1.93919620127676
-0.891521574354298,0.210027513217468,0.49882690842387,-0.276621032517005
0.918341171021649,1.39733935323843,-0.933308725618722,0.883534196427889
-0.45270064650823,0.0400347305783856,-0.294278741644632,1.48472436526483
-1.74837228000318,-0.320778599581402,1.08109424179818,-1.16110839458331
1.76990410988936,2.88945356751237,-0.268128091621884,-0.937207652654382
-2.37740692539252,-3.4213828117394,-1.4995862506493,-2.3425817811681
0.572811529859585,-0.523529602193907,-1.1797146245166,-2.54770539686127
1.01724924908461,2.36285980047969,0.75223220118687,0.63505631459663
-0.630967866660535,-1.68575811898165,-0.454721428321007,-2.28001204704166
0.444287051411554,1.26183852630587,0.19011293216017,-0.401592854271146
0.439130388388555,2.97694326792745,1.5001833406126,1.67973536907248
1.04062315291451,2.16442042704097,1.15893790561497,1.96161564291948
0.484099387952522,1.00257609438641,0.1243548227961,-1.52526040731059
-0.244883779092525,-1.29599692656613,-0.288201541712263,-0.919975381871357
0.915992057940211,0.607351573846291,0.313205561018685,1.00063076408863
0.800622356509766,-0.557236413200422,-0.601102619355156,-1.69190770939437
-0.936569034135793,-1.7059264403173,0.173076072274255,0.799500797677529
-1.40078743399573,-0.572774818983295,1.04037095274877,1.65705415179944
0.160277539993178,-1.23867126882968,-0.62299901033185,-1.37187576625304
-0.273962374775183,0.777837128714838,0.954348314139582,0.778190970897943
-0.985539112562296,-0.301458610645666,0.882753092281798,-0.446413132554578
0.0839306795150329,0.475061207568256,0.718559617100722,0.830250906330525
-1.31999652648691,-0.0756795711125062,0.652242387255895,1.76717608830314
0.161226351326199,1.35052391631075,-0.459653720182662,-1.80913141461454
-0.62492838754192,-1.48491281317615,0.922822509910655,0.715352572274757
0.957164274192481,0.564442908761508,0.510415885453541,0.253259301042783
2.42448914116153,-0.698833121170623,-2.51438298362692,-4.3890620424237
-0.915979243686792,-1.93006603067002,0.329713236911024,-0.944862549658829
1.05766417094298,2.56032727929175,0.535864349275993,0.117204875950301
0.825149727768283,2.17144980854802,0.32238546519489,0.793550447536788
-0.0701942243053587,0.506454306489437,-0.0687108305258113,-0.409709979902488
-0.453646374057015,-0.27435391136286,0.608668001700654,0.356577900573486
1.57530770683748,1.68340048049846,-0.5437009475062,-0.461808488749849
-2.00545781823625,-1.38438209744004,1.31028710917763,1.06949708300397
-0.643194791593663,0.148110573175213,0.443627790719485,-0.49195522978939
-1.43684344365778,-1.79968948368866,-0.463161459932212,-0.733616752665195
1.39531343894608,3.71690291065884,0.859972366935374,0.073552439601738
-0.190703432644857,0.69439511200281,1.32810363891631,1.05563503348693
-0.524671199469671,-0.0258016774100653,-0.783486982599745,-1.85483749353214
3.18404447406633,2.34643960814047,-0.901448680579803,-0.0472280161426296
-0.0500372678876282,-2.29831622224683,-0.78851901308991,-1.09103934105775
-0.443749311866524,-3.79636120722288,-1.90306717429583,-0.79775232792521
0.299865250136145,-0.0311344216225052,-0.233165815755455,-0.155062150836699
-1.56842462075497,-4.46288469157856,-1.64559419470843,-1.37361865973273
0.490302642672068,1.58875563390325,1.20890174088062,0.61763617119038
-0.0961632010799668,-0.371643817153027,0.431186559682187,0.5398532558812
0.468525122530146,1.09716623005536,-0.347494859624533,1.04710371581633
-0.982370635937854,-1.69017997595772,-1.00111019292456,-0.822769881283605
-1.02298384214794,1.08424892950704,0.677987068014562,1.47011125232178
-0.693414663276185,-0.675193254038866,0.498629103709437,-0.709788053959572
-0.767989573092782,-0.590448090737686,-0.265753409503318,-0.359105856884329
1.29904996668359,1.03936268435541,1.5641733191483,3.21642136113975
1.57914556180809,0.647434777085673,-1.77050810784424,-1.37750956453473
-0.156891953039067,-1.09828934798308,-0.0174661616738813,-0.169322593766147
-0.35893656058468,-0.640945304960297,0.205464770577046,-1.17027668642794
-0.329038830421669,0.938816419704661,0.606211059949494,-0.54960108997787
0.0692364778530165,-1.59478776402453,-1.04683274489841,-0.273082158773368
0.0969042337010548,4.06135207858808,0.933505265946082,1.68582641564488
0.29003438776557,-1.14885683729918,-0.444819656361051,0.849498123455352
-0.746678941046256,0.48217261022959,0.771340157880037,0.760823131190042
-0.846896388820319,-2.82749568041788,-0.482796020355272,-0.45793599602685
1.19707766374608,-2.22701046967311,-1.09740652327724,-1.52188073282118
-0.548627361103323,0.137847127883653,-1.26683537677495,-0.379768023205906
0.303045695225451,2.28154637347123,1.16656606703849,1.80863651474465
-0.056970533803332,-0.630740397824858,0.032233465256746,0.476950741106038
-0.957849392150669,-0.757926469938547,-1.27403453946496,-1.7624352404298
0.591061909411507,-0.530973268149758,-0.128391192980474,-0.0907466947285838
0.173104873492955,-2.61679047754064,-0.775772854325774,-1.81715755813119
1.39978335621251,-1.00611194229848,-1.35074515292715,0.686258692791793
0.117459584626988,1.45875098832492,0.296969340145102,0.022818120942563
-0.331545758200853,-2.38873605745656,-0.612971583571387,-0.664304296090245
0.278294913305364,-0.0210433552902313,-0.853729502899082,-2.15551043657677
-1.18559164903534,-0.592424300596349,1.19533598680608,-0.0102745682976404
-0.835894053393597,0.0749469918396297,0.185251365206731,0.300556788931819
0.510273251139431,1.13174299205431,0.403404011743455,1.19122110826293
-0.333120901223949,0.827182543492145,1.57359256245169,0.931672754241278
-0.0659609463524635,-2.21409476295416,0.213092279498704,1.37007784376546
-0.11522170942195,0.14896925956003,-1.50125706978639,-2.82199299970583
-0.650512618774529,-0.275722555905416,0.442650752025778,1.83256192272728
-2.01868865908242,0.48276346611234,1.51944032687936,0.899074851439047
0.348834970176592,-1.9708777406504,-0.517784448578737,-2.18462596393735
0.761639507646859,3.44124696179731,2.54520601355036,3.3509639236588
-1.28871623535013,-0.760985837190854,0.243442040413004,1.26415562636625
1.48240271845861,3.0400482864039,0.251134451233268,1.07759726050251
0.385154823687235,-2.0492343450818,0.424318735883183,1.28744419104105
1.34164029499387,3.08437098721002,1.08448534432276,2.39282360821546
-0.957170471242288,-2.0667783190331,-1.00754436922229,0.150863672300747
0.166781288354251,-0.684072354593252,1.42475842731415,2.39583826577783
-0.100013958938808,0.79908162986617,1.5423961329405,1.26500134926994
0.768507431881776,1.91051491721907,1.44873643510109,0.591254454537948
-0.575859567912693,0.282283213721389,0.370924349639411,1.35899239927564
-0.0100976719524611,-3.13106176206123,-2.53589416437461,-3.70338917021005
-1.77865914874394,-0.82234290670487,-0.00206388873151643,1.25423130434095
-0.7776214428705,-1.3841705544054,0.613370691906423,-0.120382164689251
0.12503388366511,3.14658701805278,0.800779584950544,0.711739252105144
-0.706321492388223,-0.0959321273695228,0.269632359325748,0.687876168193062
-0.04356948581148,1.76952687318482,1.41833809828716,2.7701801544846
-0.46792597392522,1.58215512064689,0.839731823875442,0.117398690294125
0.60693013616149,-0.473055462228411,0.000811529367983618,0.0273079149445658
1.16848830874956,1.42168132046148,-0.61304243769244,-0.985683709083301
-0.822501412807523,-2.71046070338505,-0.886181577645275,0.581633615234912
-0.307036558594728,2.08840402493793,1.40593776293364,-0.233386369340207
1.43976125836974,1.7397609014439,0.28209593370666,0.584727363462584
-2.19892325418371,-0.983570030890986,1.35620889909136,0.903869274455966
-0.319837791740735,-2.54457732752903,-1.94042639327398,-2.87415013116323
2.06470428414334,1.68945821631437,-0.668804839804161,-0.25155192197
2.19359006906425,0.168209721240017,-2.06166848584919,-1.36548169346971
0.156595323350149,1.71726994885189,0.56732745293274,1.99127275349628
-0.863608950613638,1.3788428534728,0.799150075099551,1.07186815933366
0.165457419490438,-1.16124822945702,-0.809332005802021,-0.715991248722022
-0.65277439594702,0.118703085463571,0.966102407624775,3.18479224792166
1.45281728229148,2.73529000907356,1.18228487325432,-0.276439615913036
-0.806482655703046,0.537273223983201,1.2031121165131,0.682417503499533
0.372911595208748,0.0555205319311455,-0.819505216429085,0.0160709886697969
0.619850074568692,-1.02886345984839,-0.284036509609855,-1.08063861164503
-0.757510160695849,-0.777568997395734,1.23108208263474,3.4167563142814
0.851524681506183,2.39800504076284,0.0401650614097703,-1.48100669970868
-0.747929970916306,0.335858836404112,1.64772821080525,2.42485811719221
0.63023982965398,0.825624147996108,1.22889207471798,0.439712636360279
1.09666163310355,3.07270546068071,1.07311828848281,-0.59792168860474
-0.988442922383206,-1.83594865824587,-1.03851895054598,-0.00851911874803268
1.1079950409796,0.589199630453753,0.798922758867952,1.16920190511245
-0.489532871212412,-1.95074722708276,0.0922089842953983,-0.426678830530982
0.294353388436968,-0.163194615130785,1.38691146868402,0.889967656231438
0.20183747228877,0.0572129727181311,-0.932689440820044,0.664130924434469
-0.427196386338202,-0.562301212401489,0.0690104443908761,0.333960956856471
0.268102869997785,0.593687301723696,0.370624511355599,1.195250097433
-1.23043092542384,-0.662168954780395,0.491180001901603,1.74642910540179
-0.136136872184964,-2.23471776320665,-0.345318497232943,0.107799698794091
0.825790831665171,2.87112608459032,1.95871738160004,2.08343790500335
-2.17412464922931,-1.36582149937869,0.471505835519245,-1.14692703321349
-1.48792618735825,-2.71382052838916,-1.1294535244064,1.12109278891306
-1.16193755759697,-2.78774692315914,-2.42498159092147,-3.09244844464806
-1.58908969414543,-2.40768867238312,0.0999982667892401,-0.972380338098686
0.419583039296359,0.235286900407423,0.795534482185088,1.85396649946672
-0.992928349756011,-0.505198600365935,0.696133764519312,1.74253756473271
-2.16454708532897,-1.96373596113527,0.0261145897138333,0.0666703613830839
-0.63756876508045,-3.18404968218407,-0.376915718065559,0.297991806390809
-0.390635251474806,-0.667544361845081,-0.322838308023174,0.708286970004698
0.85678547377811,2.8889934837183,0.798079698148998,1.75128436932948
-1.10375213599883,-2.62234536895451,-0.340340454716673,-1.82918175005542
1.1612892557387,2.51113095532289,1.5857867320496,1.63882517197476
0.398362715628605,-0.512443968320276,-0.530057638555606,-1.00835049926926
0.362352157635545,1.38288389405069,1.94475078464316,2.13709721067032
-0.852525670314502,-0.12850582330666,0.365942605947246,-0.224727687725649
1.95366787989804,2.56631676521146,0.0717652799138269,-0.146667225584669
-0.164270832097155,-2.50934222961514,-1.39904118842245,-1.81722403255806
-1.82489758417833,-0.580554198093885,1.11550333786715,0.859082160643086
-0.203856471392496,-1.84960182914824,-0.118232692943543,-0.687083565775511
-1.93444407073205,-3.17491765003831,-0.718385360300887,-0.396201019379784
-0.310510115786673,-2.03691809634569,-1.10446961590556,-0.963429446066603
-0.422227003189619,-1.5132532441441,-0.00790055935338612,-0.902937619470913
0.68182969040341,0.807490536968027,-0.46206711584021,-0.202338823899526
1.00949618573749,3.19769951624751,0.977700009702307,0.806422833767509
-0.726104964901155,-0.622560069668014,0.383761463345476,0.643656431546781
0.806108868375026,0.856706345054492,-1.02303440933919,0.166780532088137
1.42432310966876,1.73965802491614,-0.474203746061126,-0.474434215425354
-0.784144004842646,-1.01779501012241,-0.0378012593949961,-1.60871345718202
-0.652404366499333,-0.0411749478887173,0.278057648466928,1.71826287019491
0.650778363153682,0.549670690693223,-0.65031257160433,-0.1130676604308
0.183047969943935,0.541395018941165,1.25944580751475,0.160493898402677
0.548774960444283,0.186396046202633,-0.494572480392259,0.163536505434405
1.40468429454756,2.26840018469454,-0.135970470622594,-1.76624899971543
0.387083119576395,2.18613056286971,0.323478989780038,1.541870997558
1.05170127017537,-0.326324073445766,0.193847965706737,0.354813032823553
0.622905462337194,-0.84471034124593,-0.770288009135083,-0.365248296222388
0.433620389808855,-0.661110010525718,0.0534261027363287,0.337570835774907
0.386084438184412,1.24101025577047,1.02325123482573,1.49451191902984
1.29132330445808,-1.4294266474428,-1.37612124507185,-1.86278341100374
-1.00225987371065,-2.34324382891559,-0.72583944912264,-0.57279847443415
-1.10518272915749,0.446260489836921,1.37309455527624,2.41438104963169
0.591946003397209,4.32929294535142,1.77916376218504,0.455168673935222
-0.119689664133114,1.03575384000621,0.468510069013963,0.918763858840502
0.0740052116849605,-4.04085052870608,-2.61282769758743,-3.73292181359368
0.741277377171399,0.814165585598665,0.594146598383368,1.95944292476808
0.753295047849076,0.684666511772556,-0.0729361948342147,-0.152780719365113
-0.262670503361778,0.513296678906981,0.810027436075086,0.0561011573673381
-0.312543868997102,1.53157061680831,-0.24144383123764,-0.929978698975375
0.0735986090078693,-1.50946383292005,-1.1769014078447,-1.23200890613318
1.06301778929474,1.79150726342321,-0.464772694524624,-0.347530967425896
0.426020486679004,0.778405193885757,-0.21469996447969,-0.73242424456108
1.43300751082319,-0.613285392001904,-0.772764648326812,-0.431869680646785
-0.00763687041997194,-0.101877804150075,0.850308035526373,-0.188500308108016
1.12566760522075,1.17421204601941,-0.0209424435947078,1.27593805121351
0.883002311017247,3.11051261945648,0.0839978428590354,0.476354723116724
0.61208346090007,-0.641886335276492,-0.732426038476527,0.483595203312531
0.414700706778464,1.44564450303299,0.652926531416257,-0.138369744415443
-0.279882397142518,-2.18799003760075,-0.110631963552333,-1.80684596621691
-0.109037509169232,0.885947028842725,0.996086313549223,2.47121735009867
0.229395495708467,-0.543283582397625,-0.413734310553966,-0.323194689550972
0.0488888906792862,-1.0538730611728,-0.376937992853078,1.01060487301423
0.94322446838622,-1.0310868154494,-0.128225912611266,-1.24902253921191
-0.109317123186431,-1.43997428935436,-1.13394682390906,-1.95454277338332
-0.0703769215878276,0.178278569082412,1.41482422910169,0.89110492978108
-0.484319087565665,0.472906293829252,1.70168068818704,0.47880408074391
-0.138336328543328,-0.692141804005398,-0.558305612121813,1.75967425738425
-0.0687656423038444,0.106707121154499,0.353356814190146,0.678920991158982
-2.31373577389942,-3.20493182738924,0.224968219495194,0.97986467962721
-1.36483169721432,0.141370015878616,-0.152111064876625,-1.18584482700346
-0.072486909951959,0.776619570116894,0.338418957355371,-1.10580129988226
-0.265283774864499,-1.40275174987359,0.318361340070027,-1.11023605529767
-1.20086932820744,-2.25310094128183,-0.493568911817002,-2.9303952763583
-1.99153817604302,-2.7799364341241,-0.156628987415832,-0.421468784723453
-0.354369219913427,-0.148420967375452,0.565905817064873,0.27587992636476
0.653495765694276,0.80600977069005,0.477408482909135,-0.214414973747047
1.77323863192756,1.17889438435681,-0.960202640788004,-0.896579470516767
-0.0384567937093384,0.977705377204881,1.49137811820636,1.5157741280852
1.49318484062772,0.830869777934183,0.109502576008931,-0.100015140013986
0.0830221576359683,1.65523377575305,1.00640413762453,0.632071446800602
0.11553210425956,-1.69046817702854,-0.637613922789247,-0.689309997110707
0.324825313348747,-1.32692599211245,-0.439302274359089,-1.91107072201358
-0.870577245260919,-0.810396150759926,0.162423085557688,0.199103544003153
-0.0517182128948834,0.0521539587286534,0.346911744794849,-0.241569740327237
0.908447698792251,1.06344739348493,0.49739595233599,-1.25370794829201
-0.749725786852189,-0.416605868080511,0.53961063403162,1.02495632611576
-0.321606069887961,-1.05552080546326,-0.855512206661853,-0.857344102147063
-1.14777075045925,1.59022106750228,0.813239825157289,2.32101355228423
0.354352196449355,0.372714102402147,-0.236422225082713,0.31549958163873
0.424799782389022,0.286733767519242,0.331957349549086,1.10287392504435
0.648347351224082,-3.02539316061047,-1.96203154800104,-2.53741661915124
-1.2198100315169,-2.26955483207285,0.0771690458236874,-0.766604167362346
0.107235034754764,1.28974986374098,0.018767421105966,-0.428852733963149
-0.944057691649846,-1.87281534960651,-0.399642004163855,0.82147510812327
-0.000384648716023502,0.0503165382998132,0.964352508804463,0.673646360743335
1.34262392000608,0.144606049549367,-0.440868818136143,-1.65798517214206
-0.503525286934276,-0.339068842458052,1.39461808935259,1.01465160394137
0.716683320938825,0.716758137637099,-0.387054295373588,-0.0810087978875264
-0.749668584083695,1.87712800231842,0.0349808523397247,-1.56262823286582
-0.478528210450305,-3.48528106043862,-0.584770987106885,-0.956621688446701
0.438721750586617,2.24565990162981,0.619438162846032,1.47586216431869
-0.679112270457868,-0.328627899507041,0.693172094759333,-1.30103832074108
-1.70296483514544,-0.966472145071654,0.377379911811885,2.86763785340957
1.26516843521333,-0.367864946068478,-0.76189711556936,-0.900425840220537
0.360357237879846,1.50048578161476,-0.962253719569806,-2.72798777067825
-0.58363944056009,-0.193360198837647,0.0141228252272481,1.26847094408417
-1.9940787873306,-3.44354007444511,-0.654872111078838,-0.952641452472675
1.9022097713993,2.60922822839303,-0.539944668106479,-1.71355683082366
3.39037082127154,4.64373087951723,1.10560055627078,0.94905740363208
0.207480407355457,0.604012386403587,0.586847945763599,0.384788561254395
0.849806647511189,0.931665568419441,1.86218641590374,1.05247041956226
1.22456031207416,2.29653295617665,0.624910396807029,0.999353333509546
-0.701804433538609,-0.347299527809034,-0.0334578039119534,0.157984471594088
-0.35119622955654,-0.697097659698665,-1.28264915993209,-1.17424426061025
-1.7271210366452,-1.69475885983205,0.854623762112934,1.19735100616523
-0.736578232271872,-0.829493352188197,-0.833054032614971,-2.01097604509366
0.622409782886114,0.475267670333021,1.30866883995742,1.95515133280005
-0.29071598924087,1.99387571382805,2.06222074720553,1.97675801596851
-0.214211534183077,-1.33901760724323,-0.931974921988098,-0.958281255545174
-0.112559551502516,0.601246390755605,-0.889507423564613,0.417091236107165
-1.8636669824956,-1.85330932025822,0.851867790224157,1.23891760354748
0.83762993423167,4.64320524234972,-0.1158347577777,-0.616632286035211
-1.44349288893542,0.239667714271147,0.952132956007699,0.493567587211286
-0.208570162415648,1.93981162062316,0.803580491159643,1.62188958483227
-0.43856346205883,-1.10497570961537,-0.0187853930190893,1.04890987070331
-0.218593816856198,-1.54169791436066,-0.83047254701744,0.296408802537281
1.45996594473579,2.38395622822425,1.25664736529684,1.60079106418872
-0.58205991791537,0.686000309757505,-0.674077577372723,-0.980097511024365
-0.783097595711896,-0.343087575510713,0.956032614692837,1.40480401152622
-1.51965399494385,-3.09042451020764,0.782793154646776,0.608128996396443
-0.805698081611249,-3.34177508398187,-2.06203707940647,-2.63465047998097
-1.16618470736774,-4.07485211331464,-1.91874489502058,-1.03283018982997
0.407946196248296,1.26289051234384,-0.829086236792996,-0.0468801807703102
-0.863004246007877,1.80448783104677,1.62687905923875,1.11041711139345
0.304042035028136,-0.303792893179175,-0.524244593834486,1.03002093866485
-0.146427487847921,-0.111581650559991,-0.25269724752354,-2.34277750364509
-1.4335621799108,-4.4154188848261,-0.46062050497345,0.405238137770307
-0.790607785722698,-3.97462835457904,-2.64195831666654,-3.11560512135186
0.885112455057677,2.80568906796094,1.32488006444277,1.90927945385994
0.903076085954568,1.27514736952017,0.859203183850819,-0.271069237794389
2.00557327430063,2.94704609206052,0.242014316052544,0.155751533965526
-0.00358030839978085,-1.60487731139705,-1.27840610586696,-2.12095673719257
-1.49582681398214,-0.0975523525472051,1.34535476923453,2.51393730521498
-0.768417027015159,-1.77401055214828,0.642485098954966,1.53846248860072
0.408488504840148,0.12897502914374,0.624396563676758,0.558563687993035
1.90013633489472,3.46952383210697,0.805018489459841,-0.554126569518353
0.110009123439723,1.10276879234694,0.11426620015684,0.403634311998852
1.14038682512847,2.37676850009915,0.658725245659546,3.05163291351435
0.768081304692261,0.531928574930002,0.0934065075781848,0.114313090374227
-1.16809162211733,0.683288050415229,1.09632127334393,1.149699756586
-0.171112652264859,1.87552249947575,0.625168430193946,0.837259341027239
1.30526153634768,1.77509842050431,0.664044180961489,1.36248075474678
0.876096109595914,1.7149213834056,0.714687772651994,0.609870809291006
0.463796141567798,-0.494956868034416,-0.334783550667283,-1.98309722664961
0.477114245376879,1.3535577108349,0.635957680001029,-0.387758166333571
-0.491405300209402,-0.230940650387132,1.06121527547122,1.45277444086503
-1.3193853133442,-1.06149232376934,0.39704383193827,2.09476447260038
1.29542579083131,0.603597346004213,-0.935518095038537,-2.85232987985281
-1.42021949166693,-3.32333904769041,-0.535841604001426,-0.567769382527886
-0.93889591970583,-2.16852796332426,-0.642077459318771,-1.04344638595296
0.62896499251984,3.68410122953898,0.913798039723033,1.24464015859741
-1.2621945493896,-1.98204555852078,0.409431201355167,0.0649134677004771
-0.551870413272792,0.396477737649361,-0.487024941838433,-0.523444914120266
-1.18279950678248,-0.411649031022297,1.15343506635659,2.52037181434312
0.62066355772895,1.05763024744574,0.354732313161471,-0.080370025448967
0.446313016638096,-0.92696103482214,0.206602506804957,0.666811430217158
0.421884693273688,1.6906231766704,-0.0690442798133542,-0.246990397382206
0.442464772145637,-1.49060751341947,-1.64862003746423,-1.52247201200629
0.557245746378939,5.04192916000911,2.76003767632054,1.18751412040106
0.639356491970517,1.85895386023001,-0.661184626344032,-0.757081315073176
-1.96866155667422,-2.25704620554463,-0.160240889777608,-0.208876125933267
-0.148816361359868,-2.97503602212024,-0.670832501929864,-0.989699185962062
0.112463812551901,1.85492076363424,0.700525347810683,2.08080083732705
0.72467620264776,2.47053126333021,0.508631635102827,0.238506010370776
-1.18748607600528,0.669119655163795,-0.375571172415556,1.07997114501255
-0.499600189815913,1.57947265736577,-0.297372337893304,0.992050087626138
-1.07364299075116,-2.2148392376017,-1.77126004981374,-0.730859649109076
1.05724021270968,3.09658801581382,1.35517205980793,0.275340408265617
1.27907258320933,3.25326894364852,-0.607007611556191,1.29588281124922
0.787676725359233,-0.25154713911494,-0.340092309747003,-0.71177444382255
-1.22240338257699,-0.172154101972314,0.618246468653723,0.670895152235318
0.451952116736654,-0.736189127965012,-0.568170876213515,-1.05133563042798
1.15044918638092,1.06508240927696,-0.495363780380371,-0.864193092241692
0.167940980736459,-3.79526881556832,-1.87787137498976,-2.10493356639349
-0.56610933289597,-0.104780327449134,-0.321209798555675,-1.97246176569119
-1.08611824061135,-1.74170271243152,-1.36145292263426,0.268692109062783
-0.665302795560156,0.924007244438148,0.800478255227892,0.197397821559419
0.714848355949339,2.92242150755797,-0.106167297305213,0.834098475297554
-0.431661100381928,0.381680222255404,0.048431911338667,1.28738248039711
0.227614939940088,2.38320189099378,1.66645387447216,2.24405552711643
1.2949457956703,-0.585608247813956,-2.6428339448088,-0.743450492109296
0.578334940469455,0.710923270798992,-0.273676210843415,-1.56129496098572
1.36467278147354,2.25423706817539,-0.195979357503594,-0.685795127351248
-1.70157980266041,-0.660004088839147,0.783144788393512,0.462600115720373
-0.280676279713792,-1.261561006325,-0.974396329518992,-1.14659084828594
0.0650680194921931,0.357631474876763,-0.425829521867198,-0.261626798316432
0.578589291608515,-2.05361153948826,-0.615572197845815,-0.572891230682556
-1.16920662152897,-1.47097807953077,0.311234107323444,0.0329514281032469
0.806184855447289,1.45437673194311,-0.025239530461859,-1.29155554927887
0.307390076162333,2.52656391746481,0.461003359443583,0.72412532646137
0.263806013604717,-1.78032135076852,-0.548563288116446,-1.22563480947156
0.508484791605046,1.44035410252313,-0.294459852194053,-1.50138309177291
-0.116358439876994,0.676219258871022,-0.154015176977312,-0.00203446411868544
0.925546098499114,2.14853989157956,-0.238094022467546,-0.452926276930041
0.64822977373149,0.286002183366066,-1.22666258271936,-0.808912642312806
-0.150209374167699,0.402046172738826,1.74463197252053,0.671000597392551
1.0403770193407,2.98698214674779,1.30241593169018,1.72349682347563
0.292558684946182,0.121559149607621,-0.13783935232908,-0.752583921563251
0.668751399439465,0.41244090227236,0.0500403041382638,0.423073086918361
-0.594177641624221,-2.12229213225853,-0.718926297779586,0.566366953513067
1.58043183698592,2.87660285466047,0.312320411218684,0.919078986899023
-0.0039889443499837,-1.56515619095999,-1.43706419986456,-0.941850997605213
0.847842768893476,1.44290548392614,0.505786468654387,1.64748181413861
-0.100116525892691,-3.41229293900151,-2.01183883311263,-2.08393316782754
-0.279629906980599,-1.64709772913945,-1.03654962902512,-1.67982429245762
0.784438245280006,4.94638638976334,1.95457612714575,0.869863660633744
-1.58461664459117,-3.91594495954961,-0.0780441801891742,0.0517268308829578
0.47836614779403,2.21334645835674,-0.258349263555798,0.922696522373171
0.393566372994815,-0.385909995904971,-0.116950661064614,-2.29411215876706
-2.69532936912452,-2.90808971647488,-0.519635442175371,0.55058544924042
0.368377328533257,0.419826248463123,0.948763902596588,1.93512890773077
-2.16841774734701,-2.43712121048059,-0.237489729165051,0.281774598382924
0.65980437689272,0.224123606614014,0.715270301542728,1.16944214041711
-0.45391373338119,0.600705100444426,1.82472140566931,2.57012195278411
-0.694936825234894,-1.10863209180671,1.55278145266229,2.89461753459722
-0.00684630317266509,1.33696369759316,-0.467769576112919,-0.511079685958615
1.37305204498399,2.12563796478873,-0.0451727256556514,0.0716943352680318
-0.635323077217894,-0.465846367437966,0.798515711061966,-0.850746012960346
0.558103293948777,-0.48492915620711,-0.796221862956151,1.38788332962776
0.341157868421877,0.0775753201347247,-0.979549950322809,-1.35529302887743
-1.17951862914156,-2.74891201423502,0.320776203317533,-0.648754345970614
-1.74102201733397,0.306799878862835,1.3952756625689,1.26184033677127
-1.99258577123914,-1.90213447920826,-0.301497249252888,0.735071302188197
0.551274211467889,1.82136204706586,0.163300291994334,1.53141950666734
-0.0347420615312984,-2.59099086094428,-1.66977290166289,-1.44696020110273
1.85057170361062,3.09641885474993,1.05126810371485,1.18485614345579
0.573675108263045,0.629483688047049,-0.574106160292821,-0.959466554604996
0.849695891082609,2.47042536776528,0.441898878699047,0.190106976281761
1.33438358533495,-0.0831676295141114,-0.971707493581416,-2.53958256625284
-0.500719097964974,0.243956113758093,-0.634704431446322,-0.959955552216819
0.510097928228489,3.91920656789191,2.21208088443568,2.91281519163432
0.868793270244154,3.04813011683992,1.94978815033207,3.0306401207261
1.36935168800303,-1.12850869009099,-0.778587323966595,-1.24130080657874
0.762651146326369,-0.00146436746500234,0.755944794568798,0.361196912023254
0.421147173037333,-1.28106772607178,-0.784016267481247,-1.9163909410527
-0.868224047271223,-0.901946789980392,-0.406304141894481,0.483564826152769
0.729560360957693,2.19558773397151,0.878503260607816,1.27705176704449
0.500265872418287,0.447745830652948,-0.138233413547457,-0.347258825462101
0.634250253706911,3.25517800510998,1.52898507758977,1.87030235990012
0.423645045572256,2.24211453456362,1.10406113947864,1.0449463869903
-0.201838044710004,-0.637057471648583,-1.48912134920689,-2.46333849465805
-0.0768658984340142,-0.0313925083490628,-0.78172915179239,-0.646198174373109
0.687364113281517,-0.598955270130281,-0.920030223865207,-0.38425348154991
0.17163150692454,1.25322476537694,0.792522928997877,0.661101785212545
-0.830108574326988,-2.01417857880004,-0.692880593263064,-0.770361217915445
-0.290159119805667,-2.32085746162715,-0.977304890608712,-0.718712680683859
-1.31912572417651,-0.612954643111324,-0.276083458437946,-1.14038388410507
-0.967031902668912,-2.64192125047901,-0.835674666860704,-0.319233725971637
-0.144611070135517,-0.376285498949996,-0.764843919026665,-0.627721174401925
-1.79813255637493,-0.281017407075063,1.20351145277148,2.2479737636742
-1.68854247459158,-3.58364362370679,-1.02933872530995,-1.33440648382564
1.10256519943608,0.109596809096575,-1.69450676771615,-1.60518212967055
-0.57661892421144,0.571877919799457,1.19256924824882,1.79431614136086
-1.85169172955149,-0.265069511530453,1.53777474620017,0.192118058278117
-0.112863239428975,0.514973913917083,1.3113328055262,-0.786850203060915
1.32106926722151,0.689214148932254,-0.498706157471154,0.580791946646082
0.662254296934641,2.24212389278731,1.18313182849571,1.96252818536364
0.441383198353637,0.684793803061973,-0.28205850222591,-1.3600207771649
1.18374591227984,0.821216955624345,0.312963554413319,-1.50906791843752
-0.771501441100894,-2.56985410987104,-1.06127519916363,-2.0135326255146
0.729689191352037,2.55814644568373,0.75507345530836,0.112852233795326
-0.58708561577886,-2.39577889425018,-1.46730766517471,-2.18167229986781
0.000764186362514016,-1.02245535452366,-1.17450654525821,-1.83515954724507
2.21446531934013,0.0967772364989445,-1.42360171925956,-2.02417837808127
0.969434395709261,1.31727224522819,1.26166529950172,-0.0220223828754564
0.768007713717215,-0.561181438977568,-1.76081238542513,-2.02044444112636
-1.10832791181816,-1.08066716580341,0.493723542481987,0.817889985555661
-0.786235919994713,0.215480044806244,0.929568839257542,0.777856677521591
2.2841164802616,4.72107908734478,1.44351224254409,3.28471343963578
-1.09330076397331,1.33994458799891,1.97867015205877,2.26686908396492
0.214479375285073,-1.4449108028882,-1.40387880466348,-0.824576303173053
0.892571059637072,1.46716087564233,1.02928845935745,-1.56640357780164
1.01875797234226,0.614887369734685,-1.40795857953357,-0.934377371329193
1.08911201091924,2.59728658901163,-0.0535756192762635,-0.482537047980772
-0.163128989885215,1.18837199288566,0.955676101230106,1.29340087765617
-0.820986697119997,-3.27765150540115,-0.558281042189095,-0.344222084554572
-0.307257232988639,1.56101094882976,0.12542631621394,-0.741584920273724
-0.902098008539463,-0.181731740280792,1.81511034313144,2.32842585363153
0.627068743114984,0.965855082528273,0.16303681543884,0.635673613867338
1.12035502842611,2.45884475445253,-0.723466370823095,-1.1794476137602
2.12721355249353,2.70533704401091,0.58095493099741,1.29386226831983
0.366114382931719,0.303488150401425,-0.809712986500423,-1.68362692766265
-0.874781377193686,-2.57394385178472,-0.165147767241416,0.728119865556726
1.02447486299323,2.39119857134469,0.836162359017029,0.302992150247982
0.90475889369531,-0.0555909332383612,-0.833893244494015,-0.613080525093623
-0.238248695902827,-1.20415481801088,1.41633927354237,0.650143414005803
-1.55785490387231,-0.241818762422643,1.06741234200225,3.63885735339233
0.761309895393914,-0.79060376777813,-0.123098649901635,-0.994646315762155
1.12914439564163,1.72084080556886,0.744243160333179,0.244902445218759
-0.295107830705934,1.94301203051177,1.3279956204239,-0.758522008837333
0.536242818358026,0.309268170521947,-1.38994686810402,-1.55841633509063
-0.275890474750511,0.276449311963602,0.626394641991997,-0.264072569677743
0.682315245137513,-0.823675331592136,-1.37147095205002,-1.09906467630032
-0.117290714714849,-1.10140294252122,-0.432736025769362,0.440951484439656
-0.344675863920062,0.470307127175427,1.4999060611579,0.725221569348735
0.11162049819721,-0.0726170523028926,0.695649627489354,1.19259636892116
-0.283405314982296,0.611664224823831,1.78014328277439,0.89317842059361
-0.591017164454285,-1.72154140131019,0.615249894812748,0.553060826382973
-0.315936931242398,0.267945888541218,0.949346023460547,-0.357308311449705
-0.00815215232553516,-2.54583848103242,-2.51960414061821,-2.49538127328219
0.207495140718474,-0.584712751331683,-1.38705136059625,-2.07941737323949
1.53242362162584,1.89768654411196,0.277700099829746,1.78605857640098
-1.35799783095348,-2.56884939850513,-2.22931218352533,-3.32339295686036
-0.199619050552942,-2.22720878450509,-0.341318263845092,0.885035451517104
0.631523127780826,0.399391317275102,-0.624016649692437,-2.848779662441
1.76202090344287,1.86365304251298,0.458406735643961,-0.403864511917855
0.426014362615495,-0.166141812271216,0.0279662216711338,0.986569848117537
-0.0137534164753999,1.00806053322657,0.944940006904508,2.23787006050585
-0.307556909596359,-1.28449192794291,-0.659666771160296,-0.378097752104957
0.41430816410829,0.514010904323868,0.088428778921485,-1.15695163911436
0.98905792019639,-0.0694247584540858,-1.25474074819052,-1.19612494282758
-0.183858310546053,0.0255578518482762,0.636958103574844,1.75976223455546
0.163761406846557,-1.99837335331008,-1.21051913335789,-2.31011796987128
0.216936344144384,1.47849562256128,0.726023750922598,-0.790406255090912
0.729277634209656,3.99140275208969,2.66691339361251,4.47434226816532
1.11138040702469,1.38871103270244,-0.0399824399747291,0.2930035134344
0.279160816939631,1.37267027172912,0.579088672728815,-0.468282219320045
-0.0761706715471799,1.37010850887228,1.1961487795466,2.62813426067125
1.39466313220858,0.822755907469946,0.494905657532661,2.06984970947568
0.164534117605585,1.92208292391846,1.30079265062077,1.70262507476023
1.57785197879348,2.23004709921264,-0.954316122278628,-1.62377987269057
-0.0619226576195498,-1.76159678953109,-1.83618672823884,-1.56198938012972
0.613922964193686,0.190541304799439,0.548612599360357,0.301046074062522
-1.54608859424524,-2.760253377375,-0.135980686583043,0.85139073816071
-0.112391961337408,-1.38378079211882,-0.439371736220692,0.37406865480471
-0.0217945399608857,0.946783368223706,0.179973504829463,0.253467155122739
-0.758345417416546,-2.2619241390559,-1.06883169278547,-2.10745935387712
-1.0358928844223,-2.65958570077735,-1.13745004422874,-2.07795475350176
0.948159302551811,2.90366780423729,1.09750040833503,2.84767974547783
0.91415873392772,1.80641228123959,1.13978326624453,0.774386942721163
-1.29873199484646,-0.819581209442858,-0.206208642252029,0.519346037096108
0.424378794934342,0.864332826592263,1.27402200627055,2.24017496742367
-1.11254531995509,-0.907587251984384,0.692754454926555,0.684837948649348
-1.05107322618156,1.06146035441809,0.25377945485667,0.042413044738255
0.525412448266355,-2.53882773074035,-1.77079530213525,-1.85358018045613
-0.686024000093054,1.36103151293738,1.13946923468818,2.07143452605415
0.993479982122214,2.49617247216445,1.64805100906503,2.76196220548249
0.0385235990753455,0.71111757215646,0.202055371615294,-1.56588189953646
0.536148975785724,2.16285185657147,-0.0976922012087332,0.122201593973987
-0.523626697886161,-0.156419848083988,0.136824228761311,1.69366342807677
-1.15122133494359,-1.32395854258279,0.0983028731527731,1.40284285265865
0.914752241002756,-1.29913549613884,-1.39418657767692,-4.02904442801095
0.238071491562714,-1.03228668390684,-0.795856340742365,-1.44286289802216
-0.239067759454706,1.13024902643172,1.21855838647802,1.35716076748195
0.0692353265457363,-0.114923623377847,-0.0838599672275483,-2.18574757933059
1.32590834259925,-0.33144205315389,-0.298583970732391,-2.89608474019141
-0.698166634620072,0.513823760820734,0.668717655518443,-2.11563406891713
-0.749408444463181,0.504920728823303,1.24595581100546,0.498827864950477
-0.619615052707355,-1.45330721791852,-0.821321166297879,0.590463349797989
-1.58499126820987,-0.226287356231072,0.0629278990729388,-1.28337881958439
0.819628137503742,-0.290788062221867,-0.599247027185416,-1.4488310697634
0.192369646744246,1.22629673214226,0.274581559032773,0.70767162349916
0.207171974217929,2.43813549792091,1.50683982855656,2.79119078182798
-0.0433473543476873,2.10935490254257,1.23266074095039,1.0528846198262
-0.51016044142411,0.62923019703332,0.257905520749768,-0.0749220816949221
-0.823418613776223,-1.44788874529985,-0.118943640183549,0.968791119585496
0.851856403292672,0.512042741321568,-0.557176200488897,-1.86311440615542
-1.42618467292015,-3.16847890303686,-1.96506984884872,-0.340846737108362
0.440298941965411,0.429076560358571,-1.03678291661103,-0.267490646266977
-0.792611650757683,-0.823864995532789,0.194714425167294,0.918189475766901
0.282310214545467,-1.99205728523729,-1.44385176695516,-1.63450238361046
-0.740690522190153,0.664682903810198,0.456115030672721,1.43842652315918
-0.52334168268403,0.56060789202564,0.49107031181109,0.779893092886453
1.76936591702701,1.18858405397614,-0.789069051540202,-2.41806350842795
0.668282618933513,0.20567047230932,0.240205961000344,0.0873709700475021
-2.14489702427566,-0.977346825865878,0.616637110721209,0.965996838420094
0.126412416100317,-1.72901089164597,-1.15259631874388,-2.02639091053805
-0.451812936257225,-1.1381318255727,-1.94169650498854,-1.15543907650331
-1.13662618777767,0.92237904092924,0.682500995214322,0.364155166037913
0.209785890431194,2.34122253019571,1.20467788237077,2.04480814093921
0.129965516019362,2.5133146796469,2.02779635506774,1.8377203464782
-0.328506572568084,0.190213566782085,0.454527157037913,0.545697579776102
1.97270356733745,-0.177129491345096,-1.52399706722696,-0.965046365569349
-2.24869006681656,-3.9914797866415,-1.095540261281,-2.2351867691145
0.838219387278491,0.28431049164287,-0.46505385243132,0.222080394092801
-0.289023270462573,2.30690582193909,0.816265266891657,0.0660844614334907
0.656513410579383,2.33063655690628,0.32173021267203,1.17377774924465
-0.453997700638682,0.884941181418555,-0.184401778223894,0.216635465652693
-0.593864562445098,-1.38038443032655,-0.934639036477955,-1.17116931166774
-1.71037966639463,-1.13559892558287,0.725210515294587,0.174040437793591
-0.209448428272738,0.51001875322483,0.882652445404807,0.0690243717813579
2.47874580135709,2.98628703566546,0.979086918821922,2.13044139632584
0.989702208129369,0.916414990465839,-1.34884196391166,-1.84535847746926
1.67557215582683,2.14798177040378,0.883279047394551,0.430455186668643
0.914965318314041,-0.2567728155669,-1.26941511447253,1.17297981593185
1.14426270796186,1.97198789977257,0.420671026680054,-0.339138472905672
0.902876414499107,2.48033476088215,1.17398376800112,2.44677403474167
0.475392431765103,0.1132108402546,-0.655707833868671,0.117695258808244
-0.582528773997008,-0.386558011928393,0.897306041803554,1.67392670438543
-0.532934737323476,-0.905965908417286,-0.407914339344743,1.16519491176057
-1.60083999637529,-2.2881326275148,0.31376022096899,-0.916106520934269
-0.00581771387999253,1.91350062824216,2.2572657179578,1.77933069395467
0.899355675856713,2.61355309774457,-0.0771229404609852,-1.2018190868287
1.03192255652607,0.0329764936672357,-0.769400377996211,0.317974770641049
0.0951327044554184,-1.19558064495799,-0.410945387947415,-0.675912629120138
-0.547627617221911,-1.11471552626243,-0.405782150409051,-0.284010377146126
3.29051744331853,2.99336052791218,0.766105736700216,-0.453080726563725
0.736685531250424,0.506737602884021,-1.1895092369534,-1.74151179280809
1.42057530487914,1.08586071592391,-0.630365761752379,2.41805975159845
-0.337680640667324,-0.605173809472132,0.810225366106596,-0.39397547287109
-0.0379576270545946,0.319723153104259,0.129241212853255,-0.603276374129305
0.448607097706726,2.69316623654932,2.47366514885843,0.850165713110791
1.67652231194829,2.43095257810034,0.246081185137931,-1.93743757843581
-0.311474545456128,-0.742403026430725,-0.678353102319725,1.22771604696894
0.853615666783069,-2.04463753648538,-0.974270804070611,-1.82447427717623
-2.09481463432023,-2.68686879451152,1.2619730379927,2.09036287021015
-0.507254434081633,-1.09683154992143,-0.781673183496275,-1.12335919652385
-1.29200907676331,-0.660654246741017,0.152241255267042,-0.240029867963347
1.1133627173571,-1.43654881009059,-0.638031079743575,0.0475500844886355
-0.164453088280257,0.120029364146954,1.18349740442027,1.7376303358875
-0.390374082006742,-0.163552433324288,0.686608449874847,2.61230683595005
1.36909984619857,2.59664785561669,0.0986581828408654,0.713444321208241
1.11627285824002,4.51824701243373,1.47435300652694,1.87190971223155
-0.898021203467497,-4.80303231838997,-1.55685551952421,-0.262566536304584
0.427866487609647,0.0137848379864978,-0.130681218859771,-1.99031012194779
-1.22844456851225,-1.01449683112189,-1.31405232229086,0.0596967921471883
-0.475615024211179,0.0630116202092293,0.233166062471506,0.709910869322504
1.61657763714695,2.53678398029755,0.87432139268893,0.22663423235727
1.45012795133044,3.01520345957147,0.359950086019225,0.203505394963677
1.10901875546684,0.37017439709182,-0.857966273478318,-1.10273044480201
-0.570903886330324,-0.507903068739247,-0.335087666477442,-0.182164974500872
-1.88143147027555,-3.82181361465661,-0.553742633533302,-0.913931359881335
-1.17569818402416,-1.31060587246815,-0.444079027124276,-1.99671579977597
0.95255652462752,2.19657818079692,-0.206425962517665,0.218922015768127
-0.290567886165088,1.94449318176245,0.73014809017158,0.865126483348605
-2.16260814556798,-3.52949401255482,-1.02285413179485,-0.420641539456136
-0.180187487716462,-1.2931538752996,-0.454723429115082,0.0784699982782234
1.41023922112458,3.11748782411984,1.41978954020454,2.73444405796563
0.643468640519534,1.86859523073535,0.812676912261048,1.24931378953679
-0.821258543529422,0.138141878799468,0.829639214293056,2.30062073227538
-1.54591665206502,0.193375697934385,1.31916832878955,2.86454123233634
-0.826547225636788,-0.308705320295138,0.276913902068892,-1.82580256590131
0.0345276713215226,1.00540756376135,0.935645200192314,-0.221068848731798
0.888073700912057,1.02474667153967,-0.536092490752764,-1.36623316327462
-1.93994015479026,-2.46178935817605,-1.13888447518215,-1.50737038438264
1.02320175527412,0.661376949279587,-0.951225048313443,-1.62412652367837
0.00545772658802192,-0.807055492727927,-0.784154588579406,-1.81049400789047
0.569778969605829,-0.496670357534189,-1.57219420256506,-2.01363422876238
-1.65325556323487,-0.973650677244547,1.04034138483832,1.00854653826028
-0.666654380122182,-1.41527091955234,-0.689218636270736,-0.490008422345237
-0.448234189265524,-2.05794410877767,-1.76813797404422,-1.35194120114325
1.04389134830903,0.415987435570302,-1.08317263234423,-1.00598282727954
1.02817404739542,0.494988535025438,-1.16530463822622,-0.113491550569087
0.435090459248337,-0.623101220580698,-1.91306054163915,-3.74912678363043
1.60421218162388,1.63931901184356,0.430220673495473,-1.69402272663587
-0.515411199745366,-1.10174720729345,0.231260041121705,-0.982574966337244
1.01253719377392,-0.794471906993546,-1.77528111714159,-1.01410695715883
-0.035940029790719,1.9492583723313,1.60951707046383,1.0814693050954
-0.667342096176409,-2.26488677110089,-0.682258050097425,0.124881495798332
0.923380038330837,1.68774523842986,-0.495871635555719,0.777917108724498
1.3811003308495,-0.11021822438768,-0.47186918160595,-0.889789362464875
0.878250416184849,-1.09782278199605,-2.57414367289252,-2.65243476732126
-0.509403455422264,-1.77262077181686,0.315443090531431,-0.474515172709348
-0.469787634155099,-1.76768779955112,-0.202189899566559,-1.07497594264215
1.377675846806,2.7674852727499,-0.335555288882723,1.03279878615701
0.352826406417748,0.728231243894764,0.702646443620457,-1.16813182716885
0.829573979321121,0.706101949318092,0.314334956761227,1.07334520725263
-0.338701983664306,-1.89642767877163,-0.646763096796466,-2.6875912752357
1.26103493646465,1.09875894948851,-0.317482980454064,0.973291219912634
-0.808755144962193,-2.83726245600798,-1.59505812787142,-2.25205348051903
0.625351520866631,4.04734359405074,2.84299579922489,3.47935302581836
-0.817174965568112,-2.69198746877216,-1.06175268091363,-0.814462413368877
-2.46257501658577,-3.79948956986447,-0.711522481960975,0.98077632644247
-1.34295751067967,-1.3853065552243,1.63766383136668,3.59275485200623
0.136295199210162,-1.30662608217571,0.33657973485862,-0.538992470970352
0.882922749625827,-1.2811189651838,-1.33129409422823,-1.47816519507855
-1.75130208309482,-0.571396398744821,0.493352243818293,0.541419389923374
-1.25142446891953,-0.993871553762429,-0.635728906115521,-2.63975829986941
1.76454599657549,1.58884788925432,-0.245383789508977,-0.222757522557929
-0.433899349823264,0.304212727884795,0.90733608717862,0.885449732228473
0.505700131930602,1.08881337220624,-1.00881279770205,-1.68911746698334
-0.526935321377321,-1.86605739362319,-0.887885047961877,-0.79348447810984
-0.298582885151505,0.69547910248684,0.0571740093442175,-0.922349327418803
0.0872442066052375,-1.10494577744011,-1.29298209138725,-1.62488495088215
0.0109618427990058,0.443582088145486,-0.0265714102279512,0.0352268695850509
-0.192560211042065,-1.40913237490534,-1.55663878769542,-2.06108662950797
-0.469796485143739,0.433550786318511,-0.771046568746703,1.10831513649728
-3.04786088979872,-0.530594293362965,1.95696487654005,0.774249993363351
1.8686555003337,3.01059304366564,0.567244241726587,2.70152029403418
1.79042420824304,2.18943413140917,-0.152767922022342,0.817297806433249
-1.10108174171923,-2.43548338140568,-1.15956013132652,-0.92067268100959
-0.168107522109968,-0.264330573267762,0.79459777642812,0.462150650925752
1.37527530471249,-0.317238338427119,-1.06586353060855,-1.87958096963784
0.998290023052202,-0.146302009396135,-0.513292069823521,-0.119595686445537
1.27660161874577,-0.104465685560324,-1.06590987482196,-0.478325541310254
-1.0717469181598,-1.26479533533716,-0.643175787437826,-0.651954795312443
2.57726809619797,3.67766306210091,0.817414048095855,2.0482152514732
-1.13345995977033,-1.23447308624239,-0.629111341041525,0.225220946612108
0.753916341883288,2.56415617766082,1.49106647715451,1.6091393700236
0.141275980445689,-1.33348927259689,0.233849803781046,0.346810330155969
-0.403710317962031,-0.67579628200857,-0.00779940469138597,-0.386298253624919
-0.379415798181019,-1.8094439537859,-1.31491680501081,0.231943467088706
-0.991396812531003,0.0157898724571524,0.335385777734641,-2.63315755313025
1.62265979575681,2.05599775659684,-0.0931673471056493,-0.241740401468947
0.0895132277627515,-0.117757006294745,0.646596213783363,0.74358513784153
0.259217949214378,-1.89486530675012,-0.969331732161616,0.324590860007089
0.209632833061035,1.57295478832207,1.68119118718415,1.10674402548751
-0.375170753060867,1.28445707490707,0.357307412587064,1.27723259940774
-1.13402124475505,-1.98168742834284,-0.94019914142887,-1.75555014823094
0.253726309683961,-0.0476955558510917,0.0595560264317151,-1.10739741617744
-2.09363944995893,0.356562856673532,0.0986465287434092,-0.153628276565056
-1.41856694283561,-2.03681423679823,0.324442235722563,1.14599998209329
-1.07639669493838,-2.25205654346086,-1.41463318738123,-1.09857987194217
-1.07867886267235,-0.294484240675108,0.850281850630581,0.662224095993097
0.107188816567081,-1.67491701313015,-0.94089367248082,-1.33356436092224
1.59848754832474,0.537954247259431,-0.518758750749041,-0.322965313533615
-1.51532414406497,0.200915609428728,0.524663647066704,1.33669110267875
0.433676020596611,0.442911590599617,-0.422794383595679,0.606179992089102
0.899544753321039,1.88330165572903,-0.17390202456361,-0.570600682302792
-0.989532202288876,-1.78342250401815,-0.848576851835234,-0.154459496317922
-0.0527994015224791,0.897466506527414,-0.832919679211164,-1.71316688422668
0.823610902622057,1.08645267215234,0.604547477501536,1.73263154371725
-0.255509102547389,0.951773957637805,0.975441869563043,1.63947012365881
-0.220684347251213,-0.715591622046803,-1.15576227860804,-1.25778458237108
0.307726791210618,-1.20385814166247,-0.713799007265085,-2.09341634525362
-0.0600132533332709,-1.50717737850867,-0.650206630037684,-0.164758854196777
-0.555652889939218,-0.537435396641204,-1.7003173958916,-3.75522826391376
-0.138615019460891,0.815810683471203,-0.216608095957807,-0.0895371472592402
1.88283979238647,3.9686155997875,0.239704211237647,-0.281460645451945
0.873668679606028,1.67707227642525,-0.0459065403009179,0.143346317139483
-0.914597072827623,-1.19260439369852,-0.32252048883557,-1.45886117530885
-1.24491762233132,-0.453668643869708,0.640966858668473,0.727723668319109
-0.359982240682608,2.03492447411248,2.73927385800919,4.06473322827628
1.32877470094798,-1.36858091731635,-2.32238540226561,-2.84641188460769
0.292679118416953,-0.950702310346859,-1.75584041428257,-0.650122878007055
-0.701505236840661,-1.10986514144585,0.266237290940039,-2.28130934944844
0.88223456781802,2.46352996160417,1.48229367948265,1.01943962595789
-0.133370388722892,0.599721222505335,-1.55909961667285,-1.4079492752591
-1.12067849929142,-2.43016047133836,-0.104030466700563,1.3052092779991
0.461192454211788,2.18325738323655,1.23504499126224,-0.408279420005294
1.52414281017881,2.31779496462631,0.885353571319344,0.793487587298723
0.434468298132828,1.70190737698319,0.109290240476927,-0.483569580835139
0.192000371138929,-0.34666204004121,0.038337639939938,0.20753243890423
-0.656243128417058,-1.11062545861087,0.613507364508639,2.67597740608772
0.568398530869528,-0.396207097432204,-0.215483887354058,1.40284067504597
-1.07057053489039,1.29367552445914,1.65352267872229,3.24757062937993
-1.65314902448089,-0.507469267621105,-0.557507154692367,1.02752928280199
-0.0433527684937541,-1.1945241479568,-0.675592852974489,-1.77898775147293
-0.0345935057990383,0.46641761658074,0.948145873342988,-0.0514528206848806
2.36505553200281,2.64065373155895,0.410451992772142,-0.569821422550314
-1.2163473078919,-0.103036817679028,1.30379686134697,0.970136356414057
0.170906323349044,-3.26371727686306,-2.11904366924109,-1.520986479217
0.805053093622193,1.01273535583104,-0.141419495127464,0.183501551030532
1.05059284411588,0.384271887628697,-0.405090596205424,-0.875226723045544
-0.0107244846593236,-1.8222225759077,-0.37286589221625,-0.563451047370007
-0.743256141429252,1.34030795053733,1.03100251539801,2.18559665275871
-0.0657840518699871,-1.38351482234975,-1.40382828294742,-1.37338449563111
1.93975599193716,1.76809987040195,0.127560308307144,1.4732967770523
0.482739008175833,3.11947853485138,1.14014933061942,1.67843855545394
-2.04447707255807,-0.973224279501124,0.702146665922958,0.385999943812976
1.42345912865025,-1.68237553149115,-1.82184504113897,-2.62854684952782
0.540502660915081,0.84478074982172,-0.513557518266675,1.17781755663584
-0.033571771837525,-0.523583994825954,-0.978208191975224,-1.45451626237334
-0.0178636211100986,0.0711897568609346,-0.925527200280866,-0.58534366605494
-0.149789719793403,-3.14690054395544,-0.86727597584991,-1.53673496753021
0.25655948095525,0.149509551336485,0.71568147695989,0.926069799857888
-0.503866933037016,-2.48691450645193,-1.04405558970566,-0.236268458369234
0.277011251660008,1.21997095290603,0.799605874844139,1.92253597779092
-0.931356024820741,-0.658332870576746,0.0280693897319254,-0.845848252538381
0.200146875274757,-1.812316442782,-1.19736130173556,-0.919917780370406
1.10683742066645,1.14450594698416,0.247476199530727,-0.366837047686487
0.509206113653801,2.02721644652943,1.13860710437698,1.31332749063375
1.03374967645111,1.42561568454561,0.359040812869342,2.3389119446484
-1.09086876180262,0.407074121167644,0.966047224355612,0.786768209473489
0.0547927844725968,1.23066095042056,0.378185412930163,-0.380813672955882
0.617250302722063,0.702255119414744,0.128149845284955,0.184576732382929
-1.06800486773328,-3.32455734570797,-2.14471269824329,-0.795818037411266
1.56581433705846,2.19800870562498,1.00774210087195,0.600456142847083
-1.03480801098526,-3.12021065782707,-1.55719089367062,0.227792408310786
0.16451870850584,-0.450733800219907,-1.37485410917248,-2.09709473729584
0.151832330355081,0.609151054621236,0.484094593414599,1.32586084783109
0.121670301966854,0.333427832158999,0.41921772299392,1.57240647545332
-0.210424583643468,-0.269467846802965,0.329083267988458,0.751158839715083
0.449936787146205,4.10097736517648,1.68275249817925,1.63167209612201
-1.03116449189746,-1.75721427659416,0.955724820066245,1.49937153095775
-1.28936418822322,-2.17466450983057,-0.600582317725531,-0.526148337816315
-0.654568638113246,-2.52711741709475,-1.09145585285803,-2.15665313734849
-0.0573241038477797,2.10000083098333,1.53020806705285,2.16104184570899
1.25674782035705,0.890379921725126,-0.268507020646499,1.03893220950313
1.58745413986454,0.504443178018498,-0.0210811931828601,-0.323205448215837
0.319481462544746,2.05808375514281,1.21913844242898,1.15195439048018
0.381591622693148,-0.674738911399538,-0.395270076929037,-0.941632432862694
-0.243644883639445,-0.646554598403858,-0.423502131607827,0.328871236798357
0.0480530840530341,0.814418761897058,-0.769326756187376,-1.07786228161988
-1.40454586110179,-1.42628719367814,0.753619651074455,-0.961938168181409
0.289933728895764,-1.45661615047737,-0.856719339887791,-1.39413232947568
-0.535553582293745,-2.90368859872045,-2.15307931479826,-2.71418995533539
0.334678773100549,0.668458229390472,-1.06944609400903,-1.5272029691799
-0.345981339154502,-0.298091697259598,-0.117933106665012,0.357446062137402
-0.661615734836447,-3.37564720610046,-0.942034068639586,-1.12902094790642
-0.219111376802046,-1.07935272617298,0.280872535587194,1.08523048915982
-0.366904910633707,1.77060389403936,0.313023071531276,0.21742506254459
1.09457820784237,-1.67568763888613,-1.61054701590728,-0.191523748684073
0.209208082437128,-1.72070186292732,-0.258239469804211,-0.214070615132285
0.432491426153216,0.0295659752904485,0.90362020137728,0.43612998236295
-1.24085358580078,-1.42616036371711,0.386283209544877,-0.532794629187843
1.49682170962802,1.52809361596677,0.106030438368904,2.13659753416745
0.159370441160762,-1.81350704067455,-1.78701668612159,-2.94551415095145
-0.856281403403253,-0.76159506297324,0.136867523945138,0.293807426827908
0.309046645446821,2.38462911242657,1.39028159972082,2.33731997588831
0.870434029844877,1.70837867876724,1.25310723078363,1.72310850697485
-1.38367713830156,-1.61959069672105,-0.467190525841476,1.13925163041325
1.69010697003056,3.50032249410407,0.910865417441358,2.04204791037652
-0.158030705178362,0.0295692112571674,0.882817296853655,-0.263444088529884
1.12117078064864,2.22007251427176,1.40656745022881,0.397865212415694
0.0722613190889151,1.88847552651583,0.817612316839589,1.82473425627958
-0.332422844566724,-3.55975882799544,-1.41333756118896,0.27597960131794
-1.83492004662686,-0.838804909828081,0.759253751263531,0.590970385425447
-1.10017221858719,-2.36056415801426,-2.05198866278075,-3.02105399755331
-0.041340299917431,2.06085685166021,1.12118633068811,0.384104259265016
0.827852545117142,2.08295140632911,1.28365900221593,0.56212385078305
-1.88167865415457,-2.11393555007223,0.245416766558549,-0.299884890669936
1.37544111232424,-0.431306854920988,-1.94260240385201,-1.30031841537288
1.39899046430298,2.29294423791559,1.06787014667391,1.1680181431806
-1.14331625591094,-0.511066002404798,0.9220602147129,1.21825592912401
0.47230056219311,3.58179848094588,1.29580840826716,-0.0242300227707599
-1.03363921335421,-1.50753101159983,-0.163097573415994,-0.559541317929921
-0.125199978688284,-1.5831070859027,-0.0509562293185318,0.740680670672006
0.928662738846683,0.583425313013034,1.34784864203916,0.0385860373368543
0.868339647698771,0.296540998073669,0.585007018674145,0.886301843072874
-0.849174603633478,-3.63309252876023,-1.08411742032739,-1.00855624758545
-0.386636454475566,-0.139249901525428,0.631431848690978,2.11932757476021
-0.976163570997166,-0.854121047217632,0.42221268124275,2.04466508599049
0.339543659904915,2.30357450219872,0.692813231023617,-0.204770597196884
-1.55907516443377,-1.12621725498877,0.523756798950708,0.760034524490781
-2.62932544155136,-1.92388649989254,0.520337025704725,1.51656018932553
1.46981228187286,2.51858268242937,0.743740573971396,0.4481998378993
2.27347291299472,3.1382478196455,-0.292717927760914,1.03612226247552
-0.455033540238828,1.53377511453487,1.43813481744454,1.2509069733874
0.761102487094892,1.04177931638807,-0.897517675469201,-1.63970336736742
-0.00750278370972113,-0.32823329268235,0.521582853361192,1.5796114147595
1.47431379971599,2.08785226642934,-2.01326756481285,-3.63264542640535
0.554143932569381,1.07414299871803,0.0757178102349771,-0.479665284634468
0.203663965116151,0.641612799693549,-0.044534235633752,-0.441690481764282
-1.79913645176587,-2.3608434582403,-0.514981450140545,0.568251592877149
1.08295568079775,-0.540738540668476,-1.5703752756446,-1.6588274262386
-0.350853615046856,-3.15694181104367,-1.94586133083539,-0.96485589847484
-1.40349008471503,-0.373812870813632,-0.141384130364892,0.506004863488792
-0.20179666491333,-3.21295016789049,-1.79238824043226,-0.929924183815467
-0.126778159792303,-1.8092285658329,-0.109971042354063,-1.10712322525756
1.05920687266615,1.09553779451909,-1.0102510495708,-1.27134413822252
-1.167396032264,1.46178289772035,1.01383790919444,-0.0596270434717265
-0.557643627318445,0.737685800201857,0.763021801598356,-0.294795332364735
1.48811992838316,2.63614772563882,-0.562909441800322,-0.870711069319701
1.35866576877003,2.41949258343442,0.950086879444533,0.39357060682412
1.16321454390236,3.23317439221755,2.03690497378464,1.25113657207928
1.66152394534788,1.72752702585427,0.725339104677446,0.976535656735482
0.204030979829896,0.0157438838298796,0.456811236368881,1.64939024446955
-0.581883686869775,-2.18820656925717,-0.652773693482435,0.334025524630696
0.555204061863422,2.37539844646739,-0.851281717836986,-1.9234255066556
1.05872312582593,1.64823046041166,-0.102961421549036,-0.328245090314771
2.41363327147105,2.82585210929888,0.76101105093758,-1.01098480058741
-1.96498233271119,-3.00847832753735,-0.918176964369304,0.0469523522151368
0.273235703066817,0.139262691927109,-0.821618796742792,-1.26411799728408
0.654794582869646,0.726353383701765,-0.500551993427151,-0.845008751370197
-0.0545986553603831,0.0665156676545554,-0.687828642294581,-0.826293450495213
-1.55782224848511,-3.53011180073599,-0.134638962841209,0.490934850700969
0.741500892086244,-1.6950984117727,-1.17578830937602,0.378904526209219
-0.77908574126392,-1.32050220824029,-1.51017019597306,-1.64459164897018
0.505861498830513,0.792058444756549,1.45243574938515,2.6500942835969
0.90755170601785,-0.145808889261786,0.586412053152102,1.01051294853624
1.28395701047459,2.77742866835088,0.349712061807419,-0.884935644820352
-1.55786379738557,-2.42227356192403,-1.62033593852788,-1.80949875900265
1.08174184817912,-1.92995127009565,-2.79869816972233,-1.50650038989211
-0.756981356946019,-0.136300750223828,0.952201262427621,0.778814012191546
-1.28901947384896,-2.35378003752248,0.687914127542976,-1.64280883544136
1.31432066591943,2.10416815951393,0.550253334334798,2.02950616292093
1.14625997326498,2.05466102390937,0.725513115303438,0.101542519996465
-0.242583267705004,0.495804601046298,0.889742205352727,0.10152651496214
0.759540706238345,0.939659843393724,0.0510564490929476,0.9106356279836
-0.860325741423062,-2.4928741235283,-1.58743172074196,-1.87303200255164
-0.151031579052044,1.2483053353732,-0.149090656434247,-0.225260876397948
-0.0937232337608719,0.666002499865452,1.5934470621653,2.33134706567727
-0.280740054504004,-1.54583509588588,-0.583052034902538,-2.32131753342625
0.734098736497243,-1.06639899348512,-1.07570619078323,-0.81951061449457
1.53732753549595,-0.71655356478734,-1.89230719310006,-2.78729480022444
-0.455771062778902,-0.530608850212848,0.323341983367843,-0.0846119213422598
-0.0326584523557289,2.28173012021616,0.717549356720922,0.103860823260532
1.6367573491655,0.974031294615203,0.892392029694064,0.066286386030118
-0.329041970526538,-0.187564138400075,0.600426997990332,-0.358085441502132
-2.6040381706071,-4.11476858715318,1.00516171620007,1.3330552962779
0.513983786447932,2.89214106070571,1.31590436042304,1.27427404321606
-0.886468011111257,-1.24187799817918,-0.464420506524517,0.554793955463436
-0.998538406003926,-2.38650777548449,-0.796710090274296,-0.247267023746208
1.42081681358485,2.56361278823371,0.784223733852386,0.49280318048035
2.44799800701523,3.5984350449441,1.80683639154714,0.848483979235375
-1.03978254140354,-0.832648501873313,0.0954684041074178,-0.885838816944474
1.03102518166676,0.870316141688229,0.89333271004283,0.314809023776187
-0.0941478383696331,2.15384671797768,0.991144026939049,0.614983423157273
0.141807459220448,-0.658684014913812,-0.462587254239144,-0.128382523102631
1.2222367014564,1.20066366939215,0.145192337940531,0.982769996828793
0.213674518441066,1.20074068085437,0.437247246394411,0.175713595703811
-0.851365353860758,-1.41359501798188,0.699617544353776,0.239813614341333
-0.470408874742861,-2.00099496301437,-0.435239284624948,-1.85674907813404
0.686135255298873,1.44415473820887,-1.21897868351808,-1.97158782245113
-2.3359473318599,-0.809248043713619,0.670515637082656,2.47097709869808
1.09524438184847,-1.51106832319062,-1.50710086938011,-0.109060033638586
-1.56715009883224,-2.34347737882848,-0.472642602857836,2.16271034685211
0.0219310628183824,1.75900086101221,1.01290873991771,0.916192438258361
-0.19035897759196,-1.21230821240705,-0.48322043237618,-0.828150385762741
1.29306948602434,1.62160163966718,0.19874898736895,1.01417709924702
0.188849315056629,-0.784708789989327,-0.854473933288782,0.48570204486118
0.101939134905212,0.986364287636027,0.286365448361139,0.976687417804288
0.698135808858598,3.33966249354382,0.733599526597262,0.393539908348977
-0.827014556190432,0.282411487218556,1.14638901526947,0.0346915137078025
-0.195898856066376,2.5458804829844,0.58794821477731,0.997346087830403
1.17758441380777,-1.3300214790873,-0.123022367106393,-0.710091013090629
0.683473620979851,-0.150269954817783,-0.878551938399482,-2.49346599524189
-1.27549670675253,-2.21194882988662,-0.270783105840257,-0.0158543189513772
0.637956367410881,-1.47033810095473,0.719181374272694,1.63128676664352
-1.37758962460372,0.420759698175205,1.73672083864967,3.19709202180689
-0.59831080371967,0.158283768892655,0.259300699741724,0.272832840191097
1.21092038385701,1.00115283129311,-0.520594076824039,-0.968178171312082
-2.25104517544585,-2.4984713238785,-1.14965472106946,-0.37487612397404
-1.77901419088083,-1.8914185989609,-0.336264923960264,-0.37201388009125
1.30137267282642,2.377109328116,1.57906933758637,2.23450543094846
-0.814792784052655,-1.80099972369791,-1.45994480737384,-3.22418148425028
1.24370701857891,-0.961657918425523,-1.00591945825303,-2.0047123366716
-0.168250200756106,-0.553760800348286,0.313529003557367,-1.3958456173679
0.427775678362924,-3.7219800045607,-3.10081544733344,-4.41298930732102
0.813278889629239,2.13154905303938,1.38527761951034,1.74327228190351
-0.651211869360044,-0.348737416212166,-0.263253991210478,0.842623808365646
-0.304590923146605,-3.09376549997876,-0.234787716390368,-1.26455530025033
-0.415097169645636,-0.465456295937532,0.566987068505727,-0.143538306466986
2.81608427602238,4.95557337095222,2.75359291363067,4.50660720054676
0.126147069097579,-3.38089583728,-1.00038595770904,0.122999279743929
0.472800423111086,0.520721950550258,-0.67006754452081,-1.44837771611762
-0.34075354094095,0.682519644892893,0.561308076707618,1.07159324560913
-0.24179064265461,-1.20581425159984,-1.5755222990964,-1.73564598423005
1.37875466885731,1.74142686686674,-0.0397434929297792,-0.49726457925266
-0.338883669537391,0.0441637739309477,0.224932785710879,0.051270951249477
0.0201363027607609,-0.156476688875641,0.248199001899066,1.44487081029602
0.376962164141067,2.21288836802833,0.0539513629798608,-1.62835548633049
-0.431723745037877,-0.690248936123125,0.700225724746293,-0.581443802496181
1.95906415617703,1.08980236480329,-0.377459988838623,-0.21914992758775
-1.42845961222117,0.0321379783512503,0.234903561189003,-3.07978804562763
2.01129297984563,3.97988339019043,0.944441723293741,0.266999932446633
-0.351591888879179,0.568259474218574,0.584734141720419,-1.31440557210412
1.35711964684949,2.01500698541159,0.215064002844092,0.44296699826861
-1.99917741100747,-3.21628046388575,0.100327203725653,0.937756881588033
0.956080621428453,3.92282731649637,2.41430570825886,2.24934894109429
0.876431264976865,0.80879692895369,-0.262291236715308,-0.901720136447424
-1.27121697156009,-1.86609530794765,-0.240088466395096,0.383341747828897
-0.768323878489628,-0.923336387983863,0.239866735198364,-1.02944160298529
0.193524845470222,1.96484077441059,0.971971854796723,0.667753356219165
1.14383542879701,0.225651244746086,-0.00845436681912273,0.0409958447284521
-0.765999304028674,-0.486466458830504,0.0401609372061594,0.823590116464282
-0.224125999053298,-2.3034529961981,-0.768470345090566,-1.64107543384836
1.57134693497734,0.661825654880359,1.3925628540876,1.08213098064685
-1.12734724085149,-1.14722736416006,-0.405739371739195,1.22786712331971
0.947793980716858,1.83573198539773,0.314001786513158,2.50205553995129
0.448768189234897,1.49906597324894,1.19935562994858,2.33338995158641
-1.10581452855633,-1.96031874520439,-1.64842460758216,-2.10320970275934
-0.667867842173781,1.02881062699195,1.35445520553462,0.923406059188291
0.783277510302197,1.43916471405055,0.558091442361505,-1.27826186418729
0.248959432712127,-0.425905186465156,-0.252772816029414,0.624768202448162
1.42509827746748,1.41193095712869,0.639309084430817,0.597261813058825
-0.601783962091586,-0.286253078443241,-0.576420783156381,-0.747084936583176
-1.71448769637948,-3.22567000853082,-0.00942830586639381,1.16428017541655
1.04782692647826,-0.324190996847637,-0.816597740887029,-1.25237015684643
-0.608621618434128,-1.8232924220855,0.481049145650598,0.446077984789768
0.120340526822556,-0.232688821096339,-0.264037358548823,0.491894904972296
1.7190418138518,2.197697712766,-0.230222558651579,0.0688801655159185
-0.250414052311195,1.51547266101842,1.40370557004679,2.27991582512579
1.54955532739698,2.24247459408883,1.4791034230017,1.34309857304533
-1.09713964993245,-1.45392140686515,-0.698744964954042,-0.950959878311619
0.925511236116236,2.49727477854527,0.860911662067879,0.498873917336932
0.246799211870998,0.462641653098705,0.490106712389221,1.44900523265679
-0.73677153935145,0.8243646518817,0.740470852019787,0.30121934640186
-1.28000893888965,-0.991942761733828,0.629040529558861,0.705455049524367
0.0766436635945079,-1.33004173935734,-0.594829557679583,-1.69731195253698
0.255164762454082,0.580440508899713,0.00209155428519222,-0.0371829606809316
0.277446817034678,-1.65611012584052,-0.656208334534476,-0.551383631003055
0.536856022231548,-0.431887558012235,-0.30571271204535,-0.414855407392736
-0.460485565976711,-2.25858782568521,-0.503665041910418,-0.174800299281604
-0.511603722189581,-3.94221694480699,-0.150629960444101,-0.258848190562509
0.236937879127631,1.17941179608185,0.800940558387889,0.732072909225919
-0.541589171621698,-3.09672834060514,-1.18671784824664,-0.219214038128656
1.21922764704307,0.922115358084271,0.430636363736109,-0.760487830037401
0.174135875106149,0.322889648746841,0.216747094443226,0.625687751456419
-0.615268316096478,0.859928684620944,0.961292345517448,1.4437997532895
-1.80689296408533,-2.56033546553204,-1.55656431030924,-1.16994756451201
-0.643681105896039,0.0409564358297833,0.544843926460806,1.17822563509313
2.04601885213282,2.08384046462466,0.327768822410872,-0.586888024739192
-0.560762421131065,-1.44187799686632,-0.488809232804017,-1.0472347039836
-0.835999305852858,-0.81865359849127,0.124061212674077,-0.175381116767205
0.652947502777847,-0.337993088371608,-0.373938119775673,1.13705117145742
0.441293124842934,2.33529287974716,1.66964674817633,1.073368191146
0.751629056591275,0.828668246477917,0.304418251135568,-1.15847630611805
-0.277975085155337,0.860312058023681,-0.129661250884983,-1.78368151135338
1.12265421625967,0.12604031641101,-0.0614056054424501,0.108449014800041
-1.17260886019801,-3.49245128269059,-0.604183705656452,-0.598495234361021
-0.048876767973659,2.39027354825119,0.269262247626327,-1.38333090444567
-0.704140337217957,-2.92389645213552,-0.96858313337448,-1.5509340684984
0.680758638017183,1.01657086786057,0.190657518428592,1.11929297982448
0.130006761402136,-2.30444666948836,-1.86597326098004,-2.30876365534227
1.10970808177014,2.35941454314721,-0.291141880810867,0.776711172173857
2.05850086898135,4.3698113718252,1.10530977677517,0.387699324976312
0.140655531724984,-1.15103740884365,-0.408348810733532,0.368242451392529
-0.534616652198382,-1.14934265622362,0.66964530986992,1.5121552503092
-0.823516726518704,-0.0797276370897713,2.06528923788075,1.52064383199727
-0.263033982230645,1.83644608880618,1.02663108946843,0.214691311340179
-0.0696018363603779,-1.1849244793571,0.638331846421192,-0.169714046069558
1.99180191472057,3.92278168555026,0.779955035238633,0.177665220742835
-1.12910954273777,-2.82436553102491,-1.36533951913371,-1.29828378884348
-1.09321743652488,-2.69256843724484,-0.91963558155934,-1.98336625236653
-0.407966690317779,1.76430670390284,2.03849386927678,2.71211597743373
0.587559463498313,-1.70661235937214,-0.52682880926582,-0.673730251373792
0.821111859737407,1.09359845470308,1.14208013538799,0.751690122135173
-0.907934699241847,-0.352695792002328,0.485492824862778,1.76767289551319
0.127038606349588,-1.55858158648429,-1.29757137375826,-2.10726159678049
-0.0428929778975765,1.01952119904934,0.732456439186754,0.725196414569406
1.19520647042577,1.72846214558707,-0.521015837388732,-1.24370886849977
1.08919223650205,1.76457399200348,-0.446028623417949,0.600151632014677
-0.312280694434521,-1.1521310962799,-0.555405845015943,0.00355299241827789
0.0459937666619196,1.81103109713657,1.0135102100717,-0.0691264242376526
0.652722613401543,1.5541205167867,0.760511004792329,1.45211759881836
-1.65349263659697,-0.576691455529108,0.515606075631556,-0.479466545070704
-0.310270965480046,0.717809784666807,0.703772350408912,-0.991433880793189
0.574872884002481,-1.90385378353359,-1.8705803178203,-1.2026095329488
-0.523232154380118,0.471257705805716,-0.0426224717091766,-1.69922584301262
-0.0599182013481885,-1.83587155263426,-0.58033376096083,-1.05114255606641
-0.0210075354337069,-1.42260578697026,-0.765195867451319,0.154456297745466
-0.723653214316312,-1.32179275009876,-0.825692103905697,-0.78076321286296
-0.994479836178391,-0.174093751350642,-0.392132246106756,0.106199129181166
-0.199867234998128,-0.990499877890467,-0.814464750576459,0.0784519646750412
-0.347027822807086,-1.6999125480214,-1.04896881717259,-0.220028710302533
0.834095065661453,-2.12871610885704,-1.49800313472532,-0.4240641486883
1.52988221249492,3.89160082719354,1.8754449999876,0.70111555883281
-0.0119223793666472,0.832878787327464,0.471965431682863,0.568522004052255
0.398671992491547,-0.193862379482396,0.101917080159456,-0.549384452969075
-0.0704153139057291,-0.535822425335801,1.38851610194636,2.25870673846031
0.601359843881131,-1.10950333094367,-1.02062904671337,-1.57352632281251
0.218495462278797,-1.98324178762334,0.0318538483486216,-0.508251659840033
0.236595501860209,2.44308969213709,0.994622667246874,-0.171084276554357
1.112915127616,-1.04483637905661,-0.446426530955318,-1.83009791323724
-0.987421149395455,-2.73771172656009,-1.28952949407893,-2.35910965351084
1.44786401312549,2.25759142729692,-0.5803432748902,-1.63657581080918
0.349112412179829,0.658257179855067,-0.739221128036138,-0.972354870689419
0.180822010712195,0.322630555173791,0.457757469726081,-0.0620831309703512
-0.560241851130579,-0.0708472400243239,0.888011838745243,2.06598562536976
-0.16387759158253,0.420159879656238,0.019957132345329,0.412722323874776
0.373684804430444,1.84242989482166,-0.371331509156777,-0.343163228173491
-2.06371425739842,-3.54184523644576,-2.26091250328135,-1.65597284414259
-0.601521948838093,-0.96228223781471,-0.240435875126252,-0.838085100882957
0.58599161230581,0.0800938831556668,0.677716886832238,0.895961267780927
-0.294481786351775,-0.379545369511484,-0.960054740411522,-1.17391914676235
-0.800527545484263,0.7549065792255,0.259146015871318,-0.171544709355273
-0.63569453113499,-0.497683584662526,0.220976052037295,0.586930999207181
0.235749032414043,-2.03680516999744,-1.2077298951659,-2.53861698131191
-1.63483238484751,-1.48246269488001,1.48340930712977,1.56097321064519
0.871229240582207,-0.550701654175642,0.533265347876546,0.318310927301572
-2.16893467443595,-2.14143922058412,0.837739565979143,1.14089983675583
-0.503339522315559,-1.67617586510678,-0.486926273303882,0.62143111524333
-0.787182478973486,0.24490136105264,1.49662448139402,2.12384158479522
-1.24860020954842,-2.70205974304691,-0.579360171804034,-0.860587351560074
-1.07790734011295,-1.79067974510815,0.195710060361437,1.3610714284528
0.250077353605602,-1.98407344235729,-1.29513596299738,0.0047430992455948
-0.11977403121588,0.228292998029235,-0.78745610136141,-0.482039000161873
-0.30085263245286,-0.105890214005892,-0.128123165404554,0.692745889915103
-2.32076377558186,-2.90622992959009,0.732029770375811,0.534288175530985
-1.32432071149579,-0.833843121789921,-0.490321894479721,-0.617320921803103
-0.131307112462703,-0.612911181787188,-0.635537866712807,0.632197399598233
-0.87803515301306,-0.499892807244847,-0.0203026480728,0.450477835997175
-0.796768930311008,-2.39839453905976,-1.78574030895321,-3.73458625318155
1.0495407129977,0.700186849545004,-1.07383926931824,-1.17551160593633
0.175588348517341,-1.7126215664002,-1.57090353287607,-1.36103388120003
-1.04384462163877,-0.141569800181823,1.12604749004013,1.42946316937043
-0.468696015002214,0.309480128272256,-0.126580117022206,0.0603991806305586
-0.28490348155087,1.29247976242302,0.0528409582510012,-0.0739631514080732
-0.680295181235103,-0.805542955065207,-0.116528112417953,-1.438284679205
-0.964053610494564,-2.51498422907537,-1.38458609129384,-2.23758319444759
-0.0518040820003942,-0.195132043214725,-0.781132677033532,-2.03042761059685
0.741194719519762,2.77172099777167,0.72933820964955,-0.0601040980559496
0.226852003567295,1.65299633980995,0.175111483065577,0.759837364244862
-0.200147012715761,0.600110629020169,0.855533164521198,-0.369117293679141
0.387820244768823,-0.766800231929785,0.334850020961827,0.7752320657383
0.793918367051497,3.63120304041777,-0.108529874214463,-1.99602408548641
-0.140513958248364,0.0290942584115204,-0.44974613716595,-1.12502229470291
0.455805198945874,2.55884902486142,1.86817878395297,2.04087659748994
-1.14557290708596,-0.648261076743509,-0.317541156931268,-1.575243381731
-0.249650688168871,0.201686650380499,-0.241496789582845,-0.0875037072476553
-0.420298275494042,1.58562823189152,0.333186531907172,-0.54918259879662
0.195664503560041,-0.594079212550607,0.214775377630061,0.077842522693197
0.357319513842984,-1.4818388089969,-1.4322688758732,-0.510355332293261
-0.123617978997338,-1.37122627772316,-0.196080218025818,-1.040512949007
-0.766214222789801,-2.59607249884805,0.578954070452965,1.30370972992338
-0.929714216784719,-2.45596408396988,-1.23851485535283,-2.20008657522209
0.278520610602079,1.01582572628584,1.1872954085899,2.1197015676353
1.35683685227542,1.77096837050417,-1.05598822527035,-1.66657530205727
-0.787135594929695,-1.337812388172,-1.88165751401439,-2.68324274383513
-0.384798672297195,-1.7251528386779,-1.33231470099253,-1.13364034927961
0.330680560251943,1.32684398610963,1.20945073301126,2.20612535411466
-0.55462045006283,2.19857144249035,1.00965151734779,2.68928369881084
0.121572314820453,3.00283795821817,2.07451834027279,1.92370320757827
-0.0475961169783602,1.28084421460348,-0.117647138501049,-0.441555441862573
-0.776251590566683,-1.16603842492852,-0.450038363625214,-0.742439862929305
0.831441251138311,1.62503017053358,1.01203773214142,0.0746493810709269
0.84630783722297,1.63899347718374,0.979332497028785,1.99277342223713
1.0241395066572,0.0348529181151329,-1.7573406505175,-1.56792545886679
1.26799658618238,2.90020387310081,-0.165597451776538,-0.863857741961642
-0.506361787922575,-0.440768210300704,-0.120607896713876,1.36999295422876
-0.464481896508305,-3.36861853910118,-1.72322294043448,-1.23414709454498
0.26121800049174,1.55023410650052,-0.263115336142614,-0.677963995978872
0.630080976551625,-0.521191049248184,-0.913028772884858,-1.06341538533689
-0.339626156224904,-0.725554305703284,0.235127002090626,-0.0508065830590066
-0.423344808400481,-1.15228751624396,0.82695531860974,1.89141269132966
-0.618271527554652,-0.805584618037831,-0.72468864295142,-1.84871706714956
1.48220189072674,0.468572990827229,0.240226404870602,0.0158435029466688
-2.50816635204148,-2.40672083936212,-0.28805416480241,-0.208177006452646
-0.16757803378388,-0.935528685795516,-0.268587183086092,1.25398747699361
0.0382128770535341,1.38886337212846,1.67327705513208,1.6606610833751
-1.05960960299357,-2.13644410841768,-0.453095230965119,1.18984210970393
0.385425894820638,0.727891973487344,0.201432679538149,2.61295307077677
-1.96708768381011,-2.1972591145888,-0.443926192797612,-1.50750032966409
0.954968861111918,2.40529992143419,0.354496197150051,-0.700705148998046
-1.6633605848706,2.00741646950132,2.414924743698,1.90229817068779
-2.20273488009703,-5.16301267291855,-0.865470347247734,0.718517282671903
-0.763563825792029,-1.78021493975146,-1.02318024969011,-0.805939653111159
0.162080393912321,0.686614098786635,-0.348224328259305,-0.915176057074758
-0.651567164764164,-2.31672880490943,-0.849923120427802,-1.91005209089603
-0.559286995277619,-1.51297303311727,-0.237001827437735,-1.13220462590372
0.333204975057779,-2.05974899124692,-1.47521058037124,-0.849800217442205
-1.05890092148845,-0.81876330037275,0.0717121656283101,-2.58345196430328
-0.0858495457604726,-3.10217819207326,-1.94740597075287,-1.36117921528397
0.497932992929394,-1.91825026365298,-0.820605963196813,0.41675281141382
1.63398965670861,2.1935118805509,-0.240444802575717,0.133942275426695
0.479451881240197,-1.43416051275336,-1.15556624755688,-0.820439865192799
1.71476299216676,-0.0936532580796539,0.291973129478715,0.167117430319326
0.453160033529716,-0.59784288700265,-1.0656473570545,-0.582960863943427
-0.00324112682536025,-1.43793489973263,-0.0956847295793767,-0.899712235148213
-2.25653485624939,-1.76407990501667,0.271708659606423,-0.416072180893178
-1.22465855193064,-0.77237297415913,-0.84342438483173,-0.271781135597171
-0.318962623738223,-2.17635587391726,-0.81356663836575,-0.734976210205526
0.712270455853782,2.27933869540696,1.00269994321644,1.72640975947624
-0.32251357317817,0.751567342935687,-0.532540539411741,-0.220519506705104
0.543648621254837,3.04821624024149,1.04980628511168,3.20857623430326
-1.06381135183874,-0.729681783489919,-0.980258799174485,-1.09417708266968
-0.274129717350557,-1.41401819275701,-1.38912464180295,-0.122956838401421
0.21700603247715,0.151785872167788,0.618205754701307,1.95458797364197
-0.359385718165611,-0.794027766439048,0.0573838872018155,0.76406962195651
0.11283169498315,-0.758933355083381,0.0804246257378406,-1.08185229855857
-0.670748026053258,-1.95111114898,-1.30659620372524,-2.01622437105929
0.374345223259504,2.40537425822677,1.39038599617606,0.492167453827115
-0.0810548925112574,-0.155691586952995,0.0229338925588531,-0.0918277815122756
-0.0470493466531285,0.437374490312744,0.0343420400670102,1.05154350479445
-1.94878708644615,-2.86285691994713,-0.819450845900508,-1.32152685862431
-0.673668581278741,-3.89309704621276,-2.49749510433214,-1.93940974225696
-1.48964408489825,-1.19324317642437,-0.78563321750104,-1.78556567408383
-1.6057180576203,-1.87579772046224,-0.531567975274847,-0.873141453722788
-0.493883100845236,-0.155753098591229,0.34990592702235,0.752074981509626
-0.160798367745603,0.412237469548886,-0.55538277546915,-1.6687241630331
0.283600225800619,1.39785611673956,1.18977290983713,0.614137536225767
1.09126265030032,-0.170773503273418,-0.0662044561146614,1.16050998337903
0.444400296922585,2.36380677348412,0.394505846567028,1.1810790214203
1.01207034075848,1.13105406392295,0.514431098288697,-0.371453958264807
-0.526310287634533,-2.2300855835247,0.270877411795897,0.241008180742516
-0.307840173188787,-0.0487200899166248,0.223966589284363,1.10065360485762
1.08516888442625,1.23077395734313,1.06439319565683,-0.100888748227818
0.00120718393810378,1.01913373000441,0.295684352088708,0.461682312293817
-1.68024471568337,-2.1959751852969,-0.47096015176416,-1.23166108651883
-0.846555519092125,1.16451779893047,2.28921256091298,2.42335079841549
1.00759205983273,1.58148662339993,1.02964616481002,-0.81576127234642
-0.61073725767746,-0.433253695806265,-0.216722559383865,0.121689084670499
0.333444132777122,0.171509856855161,0.41637209643793,0.115344209098321
0.0142226956806451,2.06205625295233,1.26427092770204,1.81596600284123
-0.496357607349662,-1.43182273742818,-0.255076835741981,0.30688844365701
-0.350786392406381,-0.221257820344816,1.1184452686726,0.0544075652905232
0.391720547858095,0.578785608389157,0.717774267679461,0.719290538957759
0.209578828892245,-0.692612968985389,-0.763623997851172,-0.769714810604865
1.23467013989917,-2.67186726221562,-1.68806820088176,-3.46428493144989
-0.199819784434937,-0.142023635977834,1.07070971244277,2.20758813849139
-0.923208042026682,2.54755171372986,2.71924247803751,2.9865849737989
0.165903101579443,-0.00415914932782724,1.50798163776749,1.12123179058672
0.70533455324418,0.95302243408227,0.153245994133012,-0.0700479705464687
2.28196695572699,2.35386984096931,0.408452752283474,0.416491763945504
-0.463683013103733,3.84266336548875,2.84615910691811,3.0577112675877
-0.326353571908267,1.48746390423223,1.82122937157117,1.95101241605596
0.882493210397949,3.15092660193246,0.461572979506669,2.33441845670121
1.28128612650446,1.05507342397391,0.186493713750628,-0.165777532314471
-0.658681856604976,1.45517755720474,1.09607063792032,0.96920518831619
0.664570454944413,0.958146078939557,1.27204158459232,2.28777801113115
-0.565157514042339,0.449171962582822,0.0998279509307027,1.25033356610728
-0.962178270242238,-2.90504854547318,-1.22006999320058,-1.0945128650745
0.623360901900257,0.457394682820102,-0.264299864129181,2.21300997293481
0.106497772201071,-2.63990667055091,-2.95717099737463,-4.10632135245909
0.38933087814222,-0.0434319205388694,-0.439850887595192,-0.398529814771268
-0.580503496721951,-1.03171934515343,-0.617346630090634,-1.29372535132579
1.79497795592676,1.67361197189997,0.016416573859158,0.466328028409939
0.665288009047707,-0.797974987210723,-1.9044316467548,-3.5166269693194
-0.374402425652033,-2.92594345636661,-1.67740305565452,-2.90306088723284
0.702748931010458,3.74747955843682,0.945067047462514,0.105167045913647
-1.21451438389368,-2.12730318205635,-0.378994242373767,-0.662747583213431
-0.137750126949227,-0.516530842978294,0.588993551762156,0.922998401234446
1.40335789868052,0.643428657257766,0.818058864905111,1.18397540464325
-0.188839311604344,3.24066243128093,1.94719203371028,2.38577165218509
0.910490371995549,-0.548071029649646,-0.621953769983214,-0.315906867476099
-0.221922000189912,-2.48943711869819,0.125024917999127,0.462803977485324
-2.29802640030622,1.11365507837388,2.91947380131073,2.91503821990163
-0.880212545566096,-1.82275639859833,0.463781570151652,2.52130439193943
0.22273568903497,1.76345370534372,1.61866996388101,-0.338166180749744
1.44655271093401,1.96530172494907,1.05578570939887,-1.16269215491119
-0.593402125000833,-2.32713596792899,-0.802581761280662,-0.977898897700897
0.275979011382551,0.489996382018989,0.548168110935353,-0.794546548625472
-0.964819289479567,-2.70234583465084,-1.52619206761251,-1.70598664896335
-1.0164562413338,-0.0561364912397869,1.72143724068198,2.31663702149356
-0.777316643416822,-3.07395957148532,0.233040294437111,0.824328229193158
1.36906206733358,1.9420794922689,-0.624630172599895,-0.824293052409562
0.940310089910901,0.985251612851912,-0.457182645748709,-1.88888821744989
0.5936651573177,2.06402960353523,1.86440228998655,2.06972394459793
1.11546255343648,2.68438301442724,0.325233153112611,0.846889892395855
-0.424424996733506,1.23354867985732,2.14151934013487,2.53434685400775
0.759576936893122,-1.41653887903338,-0.78036930365218,0.744537953314113
0.209629277871549,1.11150603254242,1.02025729042043,0.631830383879628
-1.04910092481282,-1.71236991035004,-1.08601943601228,-1.02810163541444
-0.831062222281743,-0.539101107059639,-0.294480887677448,1.34441141090971
0.0500529319191458,2.10116750539221,1.36148277591632,1.90047832305796
0.205630061496544,0.439877271993981,0.684102567052816,0.289804122897404
-0.321358418660978,-0.138490477885421,0.408123545050895,0.501557061393813
-0.996491243786537,1.25480727322242,1.40905362030893,1.82266185450307
-2.09089194048916,-1.32139718587194,1.68121339182695,1.92607867954652
0.425235479441099,1.96129695334084,0.327218018770692,1.39820487025157
-0.295271709137097,-0.0130196166087692,0.0850418708929588,1.25833365965818
0.54916088318128,1.05640191705365,-0.250897720844666,0.178452581244711
-1.54589181325016,-1.11915448801758,0.0986859182550671,-0.724046689348275
-1.25333593531244,-2.88373534517121,-0.377251462807175,-1.29115301243736
-0.111331874671968,-1.85024114804673,-1.3956077491784,-1.3189245413039
-1.4128135356317,-1.66009493458037,-0.338197937084208,-0.276364554686442
-1.98295385072071,-1.44652282017275,-0.681098182928233,-0.961445499962394
0.783595407833566,1.82805953586687,-0.0441530616542476,1.84434260012131
0.900869339749533,-1.47357726840093,-0.689825746517302,-0.75267519121042
-1.0299636420045,-1.97721130076923,-1.02167794142721,-0.308634610084537
-0.272057268566593,-0.0054748730119818,-0.41540939181012,-1.21024177159871
-1.13397290517125,-0.438134596834657,0.38931794207006,1.36350584839393
0.316426916752984,0.713580789829354,-0.411479951269973,0.197586237650425
-0.0296783010019916,-3.05555198113674,-1.42423091749104,-2.03595524455895
-0.869460450959366,1.26009896624102,0.741060317007823,-2.23805500799041
-0.774217543896185,-1.17688766879358,-0.974529110841298,-1.59701540180986
-1.0620811934282,-2.28043097144723,-2.27400171753857,-2.36431446378817
0.436374262192543,1.19330187211774,-0.131242960910397,-0.431717136088119
0.571008847814101,0.153702121376038,-0.238453323435656,1.0508493498988
0.376474894415886,-2.32988527085459,-0.00704102353778934,-0.597298673986095
-0.842889697415977,-4.05250540582828,-3.10648443717189,-2.50904870179622
-1.78616962823527,-4.18092940126074,-0.786348320924561,-1.89225889810381
0.530875663154472,-2.48217937645702,-2.81367222969614,-3.68828428886484
-0.177058947394319,0.0183830598959891,-0.95565292488849,1.079555180261
-0.0393923499714967,0.56226420058974,0.474993467578643,0.463214232209767
1.03212798487339,2.04116997963074,1.16621335126948,1.64893716325051
-0.8935158344016,-0.113739102308945,0.257740431339078,1.87018157952071
1.14401532568501,0.237900091742171,-0.800828830971239,-0.22988614593507
-0.413191495212929,-0.46298587016866,0.348514957499862,4.13873157889737
-0.713187821756013,-2.02579867505296,0.194937083398553,1.0990003849389
-0.205746143817567,0.132342965347142,0.293686275950037,-0.7329276491171
0.390019728842846,-2.24527806724296,-1.32688845208815,-0.842384426216954
-0.207215645255724,-1.06103821881473,-0.804291725514589,-0.324614522671468
-0.900507220547859,0.193698879061901,-0.241902187222694,-1.30000643267807
-0.281624278790779,-1.40224100548592,0.41394372278082,-1.1016617333944
-2.54193110113798,-3.28970599410825,0.875947042483976,1.59310754386461
-0.508511681872445,-1.82398940735279,-2.3335125315889,-3.39324908288063
0.455966217539027,0.916203251062442,0.381418576995337,0.0536103311110259
-0.169259774532087,0.373277378425317,-0.428488933077656,-0.705312060729992
0.688327722261226,-0.828418042201143,-0.583197390771797,0.0077650758729767
0.48598243397446,-0.41933631559416,-0.50207882496893,-0.924230313500772
0.645646746355588,0.223186532949125,-0.0539750845823659,-0.155569343770381
0.656044945025482,-0.136278569961346,-0.155194901609538,-0.220956845914014
-1.73858076137427,0.424162968945987,0.0343099163787527,-1.47058639670432
0.00415968001844305,1.00280329062951,1.4680141009645,2.63546855270314
1.63006733460683,0.715484654170791,-0.133881904504806,1.03574465478137
-0.480485227044419,2.09563497249771,0.184655020260185,-0.237820879023287
0.452802442420564,-0.646659675332681,-0.67990336449381,0.986430626246029
0.143393730979936,-0.450102264491753,1.03910089440806,1.37329765799295
0.557012225188023,-0.327884869809674,-0.752739331493546,0.0128672222617354
-0.272030117170514,-0.871768282085301,-0.0274853807778274,0.625325764270334
-0.648299296516002,-2.45618174854958,-0.686284324856764,0.552686077042335
0.071960844365645,1.90676338033927,0.878468695279774,0.658354304479769
0.207814830703413,-0.182839557530899,0.261881548337336,0.17951176319573
-0.185332289683865,0.709821418397407,2.22703702988099,4.44575744071884
0.0314406650264462,-1.10133273226412,-0.620133497034257,-0.115383161251401
0.411351933690778,2.61763894047306,1.13239505318859,2.08316746062144
-0.776183890462463,-0.856450197666732,-0.618684010780002,-1.42439841058028
1.13967765719806,-0.194619850461469,-0.838756723030099,-0.794182081985563
2.20076027074659,2.04882397149552,-0.682460068787328,-1.86326109495791
1.47720532873484,0.800661713928063,-0.871485883234438,-1.78451143162103
-0.454417850707568,-2.21932741580885,-0.550534482529005,0.121340446730035
-1.82288726903245,-0.472602059878982,0.410294198596371,0.489939467613941
0.0541979571095952,-0.912824561906554,-1.0210777174321,0.479698699338461
0.880273220604069,0.623952375725166,0.544943138255877,0.615119911124234
0.778106697935667,-1.94443483889651,-0.805742299176357,-1.80623364064097
-1.22974677471174,-1.26267759353627,1.14046684613887,2.24428067480441
-1.11314851074341,-2.17267549849562,-0.30821739469878,-0.826421067273862
0.133744634877637,1.34992994487838,-0.221739052346975,-2.67595643496318
0.626081345376854,1.94196725246569,1.68982217003067,3.17923313076566
0.872931663855459,3.04755620676004,1.12099246177963,0.531559486067816
0.816391978938957,2.39174129979582,0.817426682823403,0.73920346795889
-0.967975491966489,-3.08424028827382,-1.29168175624841,-1.99210670903964
-1.31260505619999,0.168135297455146,1.34196890193784,0.675776048245689
-2.01251977795928,-1.05940801732852,0.756946003766945,-0.112535471476921
0.504932697727817,-0.552911798634322,-1.23986692887063,-1.2638349033714
0.828111565769426,-0.657350417356561,-1.24063301275434,-0.936291127434269
0.335850688825044,2.24199002461229,1.48490516027842,2.39354835199096
-1.05912444601131,-0.485493018013961,1.3770109027241,-0.461459438637525
1.56771674994935,2.21350419382712,0.376801326023817,1.48184714983247
-0.370146624363391,-0.664156038996141,0.36414518560325,-0.54443202901556
1.77903836149569,3.76567430902269,1.60769656943749,3.45309595459822
0.551402005080575,-1.39376128181422,-1.5196877168524,-0.4586372137315
1.19031064508552,3.44588643544834,0.00395312553577807,-0.56806174239577
0.330602226294406,0.184316214411576,-0.157476632932461,-0.547400474810787
-0.0646522280998777,-0.0838804204233026,0.44767670291585,-0.568575418098853
-1.01254806837321,-0.7156133264658,-0.44919612493635,-0.358798001974121
-0.55851419019136,0.0882748681673705,0.544007290133286,0.835256009423719
-0.0471078362764253,2.11867071690574,-0.0160705067382597,-0.280720054068651
0.282074067985043,-1.9841548396801,-0.430021919441724,-0.594653467185238
-0.0332192123310964,0.69448941345779,1.75138402986579,1.20142753588318
-0.177971989093417,-0.77396859214589,-1.63916403397134,-2.27821845555464
0.183485516942061,-0.146122178837784,-0.0247267865659582,0.177688118068187
-0.524372042597516,0.262366015853955,-0.951672135676316,0.0850996103518381
-0.53593745633951,0.935808046425979,-0.522286470546874,-1.43477443512542
-1.45570470165602,1.0137769395586,1.14644338784929,1.86105291204617
0.846271470268007,2.10642107174124,1.54100027623725,1.64522517991794
0.046932368001524,-2.58057543037731,-1.22655357361283,0.731150122802771
-0.0836242334273476,0.904930573050696,0.573499313406249,1.24689959522141
-0.740918614774916,-4.07692761642177,-2.16462194833333,-2.81201198714198
-0.247773863902407,-3.70259710655798,-2.79944049683275,-1.64354780875596
-1.0867828557013,-1.78312072053479,-0.962761155680945,-1.64782361081074
-1.04929735235275,0.135922519377937,0.172454643394807,0.200842968256886
-1.9189517717066,-2.81549711657339,-1.1230857092951,-2.64488446941116
0.981698772648436,1.53467323047543,-0.198871946054345,-0.0616259540052865
0.125964082145297,-0.669490602098378,-1.79854657479576,-1.69087900344803
-1.11677637555443,2.21765369749326,1.4772575152199,1.0284073662179
1.1637866037459,-0.465486768262416,-1.84696192888893,-1.9842902872109
0.624591683369118,-0.306828868282372,-0.710705386546302,-2.50594975116854
0.742382274584664,1.35954627316473,-0.445259709642626,-0.782994184006125
-0.225770566942818,-1.15544009586172,-0.962087979961452,-1.58296033435318
-0.422872006585657,-1.7443170577939,-0.446885875645234,-0.651204872925593
-0.0980529020064929,-0.339153381348515,-0.617612621023906,-0.727383781006139
0.404690656237582,0.0667575943431495,-0.295905023898113,-0.0832618146057025
0.799914606641116,-1.34643064913085,-1.65070823247515,-1.71714427932543
1.58946914995693,2.36367129612533,0.543054954855686,1.70027262109291
-0.509070404137271,-1.23920936446306,-1.42305712956734,-0.261048078277454
-1.01556474815148,2.07324002680444,-0.583374109853549,-1.16812368096614
0.100858665610429,0.327579887397786,1.0203725300625,1.57516611049239
3.02210418529039,2.45400730052646,-0.393841897282922,-1.0046020910116
-0.428615845083704,-2.19427039159341,-0.0815326566760316,-1.46625077080131
1.14568121778476,0.0142407081161514,-0.206356159991049,-2.02191794746931
-0.243098209585093,-1.22595599297758,-0.183142588704389,0.696238864752555
-0.478543237763877,0.686306204360597,1.42712751437914,0.372386552325843
-0.710417122207556,0.826259385689638,1.93713713542,1.30753166300709
-0.211244627717603,-1.09806092863811,-1.08049999216467,-0.363602361112223
1.64178447087543,1.1805939795496,0.34547181166486,-0.42992051707449
0.301846720563439,1.66283059995168,-0.576252657052615,0.727374186920205
0.487329123215285,-1.14790885663053,-0.469830879999165,-1.53410447858243
0.838735792432261,0.864731616748825,-0.408892669903645,0.820875287487448
2.071741512886,1.70507508462275,-1.26500531916922,-1.45691315571103
0.77561884207953,0.49401692480369,-0.023434354092446,0.615867561426449
-1.42711135295193,1.13264790429054,0.490516654265106,0.600898631253491
-1.03351133546615,-0.504079407050506,0.518797879461434,2.36830796500376
-1.58945511359183,-3.05676591228181,-0.90089052957416,-0.957999385819854
-2.84854676989379,-3.06630199236083,0.740964680818156,-0.501813989772387
1.29073392779261,-1.58036962880132,-1.59384343969197,0.131427155502184
-0.493723874282408,-2.70499925368326,-1.48876342394912,-0.807490120830242
0.394970677706016,2.22835904055596,0.97636076661837,-0.518019855617813
1.18161785314391,0.799503628755678,0.697848467399625,-1.72123135595949
-0.511832694580471,-0.842797034114429,-0.741393896829097,-1.55519860216839
-0.134967648662221,0.413429386888272,-0.474619077515512,-1.95311246843474
0.350256179524455,0.600244540375383,-0.149478144027594,0.725727004392455
0.225879221817625,-0.358004083063926,-1.18689372995714,-3.12239157061905
-0.774315249588103,-0.352179323034618,-0.578242777117217,-0.380066994556649
0.730815610006591,0.794825527441188,-0.4724759747223,-0.335129324046584
0.545635528242466,0.175936290389461,-0.904151782035468,-0.294519759988965
-0.288449295921491,-0.570762938319064,-0.552027719304294,-1.38292809265529
-1.222380910859,-1.30376242421387,-0.945726070647033,-0.843534554371852
0.633333595568586,0.0531605625663126,-0.437328043473851,-0.319296802469091
1.427519655915,-0.822116249218675,-0.72636141618694,0.918780501382627
1.38051749338936,3.2305043655346,0.961074786261412,0.395970568658911
0.872634566795338,3.12441696310348,1.71660673257551,1.3263153887466
-0.483135068652272,-1.25151021096076,-0.706859902277359,-0.736250580690182
-0.531346919490549,0.571881519175206,1.60654717937619,1.2090431937598
-0.587684756585901,-0.632399812872435,-0.171584457271832,-1.07243215291979
-0.411697868987503,-1.3368168348363,-1.5981121175745,-3.08053676153352
0.709185621253385,1.89870113705856,-0.647321269589118,-0.512159976501705
0.256396753535657,-1.15872566115732,0.590723386570179,0.835693698082214
-1.8563605863048,-2.72694274457395,-0.356351580000971,-0.121218537146351
-1.86058762981445,-1.20722287389069,0.887005457505042,0.426533518516994
-0.0228340937343522,0.8852378540243,-0.161455693096072,-0.20203296466189
0.149938747281039,-3.00860978750507,-2.00531347926449,-1.87245778088946
-2.30747434203529,-4.87951757194785,-1.68412431420301,-0.601252734634129
-0.816447225812107,0.671047043453808,1.86521545533383,2.87761408515827
0.0275611516966839,1.42358823815451,1.02597895123057,2.30096836175742
1.46178591517648,1.99613308819164,0.269400473646899,-0.367552695205778
-2.01286872832228,-1.93102909891434,-0.854780901166963,-0.436188950679419
-1.25544427798198,-2.88845394711364,0.607412086495088,-0.60303505355536
-1.08030684721822,-3.11506276253763,-1.6250425711917,-1.93712019393825
0.175396078648851,2.06397046043276,1.02255506018182,2.52917195776262
0.330839221414253,2.23332325677713,0.389260148844935,0.189176226392683
-0.320689231300393,-0.021781251737122,-0.588626784838669,-0.838910831240526
-1.61232868794999,-2.88865336957551,-0.397194890364654,0.606695830755588
-0.630552416864319,-2.42092459150648,-0.933405410801591,-1.14061282961404
-0.560485986655885,-2.0003931518661,0.443110295011294,0.918671152759625
-0.202581284417019,-2.63949355833193,-0.902279737832866,-0.959674273810421
1.62288518113168,-1.61204345176831,-1.3616690130833,-0.776158122623921
-0.676770530437996,-0.701504986760969,0.622906660196073,2.0253994677117
0.0762644051386911,-0.280390428560381,-0.0768052339094131,-0.281560598788254
-0.705398341626911,1.39842364375221,0.341267841173304,0.401321830717831
-1.24022784904392,-3.05280515458573,-1.3904235095492,-1.10277497792037
0.635947897868601,0.477409078298098,0.437442882374954,0.607487095941763
-1.05062867965275,0.302246153059237,0.705185373421634,1.07544817869844
2.73520918962219,2.74133390592469,0.211887088787304,1.04049323294078
0.0925629378272146,-1.86103426548723,-1.22661429165899,-0.750168406072584
0.0602535760786764,0.766162411728303,1.14079880041417,-0.0641622819729815
-0.0665452110108605,-0.127117640151168,-0.387589355040817,-0.153688912756232
1.84364554004006,1.87378076542993,1.10751747329643,2.42864112946891
0.663927110403606,2.22024080700039,1.58805361109754,2.58593579334761
-0.250990643747969,-1.68141634784783,0.225558570554305,-1.32136112215675
-1.16618980661084,-1.06368898252879,0.102096857392341,0.367576274861934
-1.03872776071744,1.3990335059225,1.54163195468303,0.187387759947743
-0.78498930533731,-0.755415519954498,-0.829655727191398,-1.47543134194566
1.21494843097831,2.35580631773092,0.790268963808162,0.278345519782524
-0.188981575770903,-0.852032255726415,0.377414310996902,1.1083859905107
-0.757198622679825,-0.412478352070746,-0.297011057685264,-0.981443623337521
0.792059477880274,1.7847389511717,-1.62912689749943,-1.32950163954804
1.34518001902217,0.91796274532167,1.03028322471671,0.621042013234335
-0.694531484071315,2.07326289816494,0.754261594912219,-0.87039251670622
-0.444932544042374,-1.36612428558324,-0.17766114957514,-1.42055784854862
0.345284186723786,1.41193760112222,0.428876292579336,1.13774675129917
-0.00484443653596692,-1.56323883188484,-0.960665371956097,-2.9818342524165
0.406366471484777,0.160018989018256,0.295840412233023,-1.09898097911847
1.71419852577143,1.92061927356188,-0.387695070222156,-1.23155830511806
-0.0603865541209644,-1.71983637500369,0.00873332119721563,-0.0764535930658011
-0.280702267534243,-0.283751037271298,-0.0418800000255994,-1.34896220446677
0.485414460894456,-0.7672874613982,-0.865036019006051,-0.559270063446639
-0.049344529739962,-1.40764086277917,0.350351165141388,0.44332868924336
0.627765061532786,0.802647671467037,-0.458396567117685,-1.02845666377782
-0.223971151420257,0.444912942583878,0.85672706860777,1.20141370390799
0.443522714401107,2.36662827378883,1.97728937118057,1.1195288590824
-1.56374070756789,-2.47430871680539,-0.208982658592631,1.51019322501461
0.0139036583033916,-0.260533430629694,-0.323066979536599,-1.07189380210572
-0.516215987283684,0.517766760370105,-0.306428447549164,-1.49237326247036
-1.19054257551753,-0.563580873357922,0.710582786186298,0.157491485062915
-0.413069207837028,-0.851556775492852,-0.262514596126327,-0.451826929927806
0.371994945422908,0.938464295272683,0.295185196118034,0.405215399293172
0.0923429640204638,-1.19086079068601,-1.00880417504463,-0.761324313558048
0.693483762521126,1.21839924175363,0.509187398902318,-0.588140355882167
0.940899243153547,1.53289227947345,-0.103734071193328,0.656903058232676
0.828464029727859,1.80438695509943,-0.964501355407011,-0.330445790967269
-0.324489176475348,-1.36025165448556,-0.667532935189074,0.123429167147005
-1.32815619805706,-0.90407210697241,0.530939206894733,0.271499276885822
-0.280334969912362,0.257518616238104,-1.15224957555355,-1.51204838325718
1.16965543651082,-0.0482080924313962,-1.07989512600753,-0.344583838730546
-0.121476364908072,1.55235721528165,0.539395391122745,2.44593446472086
-1.63729165104512,-2.25609281307167,-0.436228040727348,-0.923323688569592
0.491383222869776,-0.0746532933847255,-1.86168330556059,-1.6034631695488
0.281819310693371,-0.450545147594329,0.903665802195412,1.68930725939377
-0.400603355192185,-1.05920248440776,-0.426301134592904,-0.801220130090945
0.173361502856003,-2.14449144712811,-1.00285802115108,-1.2134637313665
1.36938766954533,2.88659144887988,1.54320000135717,2.53994985701021
1.29919609375684,-0.940282425400685,-1.99576114796244,-4.1810150279659
-0.456296893545459,-2.50682440745703,-0.967298503258083,-2.4956410272357
0.010664861858056,1.31042507495229,0.642650639132149,-0.510082635853262
-1.45408914493424,-3.20239710996055,-2.2639149136375,-1.22599079682756
-0.727753325968744,0.723807168734774,1.00420635196813,1.66844507141851
2.00824039746518,1.06738861774265,-0.128934096571679,0.661473235634882
1.49800968551095,0.976775621212401,-0.331855568312924,-1.39683068143188
-0.229254725283134,-0.851641878260606,-0.0599670435231431,-0.557620376151398
-0.692465145302773,-1.67901313294008,-1.31121438344035,-0.837848702367285
-1.3666232971684,-3.62582784465733,-0.657647590948287,-0.881789314446233
2.1260518537637,0.851754288059732,-1.17617256761232,0.737610464245173
0.114629724838474,1.33874521890097,-0.116316205068109,-0.229374282772097
-0.593948909367117,-1.3295640112219,-0.516849821673601,-0.31751666582215
1.07806733795125,1.73512833665641,-0.128626789357961,1.02369303902767
-1.09958583285891,-1.91548656649066,-0.0836065886624141,1.24257139074359
0.726564197606452,0.0887635819056077,-0.880373938770265,-1.38690752328598
1.4408703022386,-2.93194908837376,-2.7014006616314,-1.90806126600958
-0.210170159621664,0.232731365029134,0.766591510628652,1.44314292128871
1.45128094388337,3.82506135153651,2.40553565650551,1.06737084684321
0.641551431409249,2.04276097988696,0.46011963144969,-0.116462427910123
-0.678807618879959,-0.391433192789326,0.0101478929415063,-0.385188858691984
0.574312736347461,2.62217214204538,1.56213812037827,1.17140172869704
-0.704514526288929,0.000158119105792665,0.412846045461375,-0.136831033523906
-0.533984057229936,-0.877789308158107,-1.18886219188327,-0.757043657199058
0.774384606617658,3.01395211127479,0.714549932099743,1.56723811227363
-0.475621395338803,0.0679800497970646,0.585076173862136,-0.0836186639519461
-0.0244273788868501,-0.738610600284256,-1.25196116891899,-0.305108684492736
1.01900809628437,-0.564922893815243,-1.87956654908924,-1.47219203828669
-1.20558039559856,-1.66108170135122,0.0120830674316974,-1.53590151235868
1.59529386747203,0.783271237194069,-0.708108894277591,-1.60091960259017
2.041955459993,1.2297319032963,0.380096481093087,0.930105086515818
0.614481250043309,3.02929463728174,0.0663082947838724,-0.0604635060194478
0.421931174136824,2.14025465917512,1.74011670294428,3.7436937014154
-0.496421667693228,0.197372491235419,1.62957411256175,1.82391606114468
0.490961412826035,1.73440707471043,0.554810072461919,-1.06201212884064
-0.501982169603514,-2.17118262175912,-0.66677797276689,1.79155676470737
0.288169818251616,-0.67710475044179,-1.4385532459931,-1.68310368493567
-0.686626008241128,-0.549154507380622,-0.532122378589908,-0.443370839200885
0.788403786030499,-0.167143107390374,-1.21821619176631,-0.922376256017204
0.691368840963686,1.04742357801431,0.845542465756615,0.960904789146058
1.24299900805133,-1.12457620628154,-0.657796552032738,-0.0920766468340783
1.98220971242917,1.95661160434441,0.26520020368201,1.21468438759182
-0.646441834619146,1.14208540224054,0.614049678801282,-0.93707882259663
0.96618929222735,3.33927912060409,1.07761850174053,2.48906079116277
-1.42726744709521,0.514511585812412,1.01009540810859,1.00833486205113
-0.457483758648024,0.197727823292105,-0.126615111240188,0.21438855878557
0.945466684608465,1.21383409309046,0.147833017797974,0.541891596784497
-0.738389150369058,0.290960755319265,-0.492480970481469,-1.73116058985158
0.345640699877904,-0.471453770102806,0.105833422495397,-0.243604693211658
-0.900444693895271,-1.53936602804298,-1.62713039422519,-1.75595378513972
-0.37035070411506,-3.16365775852966,-1.45682717673073,-1.30485799600686
-0.0407969264500623,2.81300852961918,0.495748999826259,0.231407652338817
-0.612318766406044,-1.16101643788079,0.0604757964385503,-0.427029859677626
-1.94585208981637,-2.49867517153604,0.192022765234594,0.989326117807426
0.243096329527575,-0.236370702723325,-1.15888481392383,-0.608561374276274
0.474900095404527,2.3402082945705,0.286194788665791,-0.162016807714639
0.136714574061142,1.26043033826268,2.37726562611118,4.23058859560635
-0.48874772568831,1.69564876897869,1.31186851003724,0.317115168115854
0.900203657260438,1.27667528502275,-0.532430866934913,-0.121295666155613
1.07753566006142,-0.132122968420043,-0.934693200014643,-2.12323123231112
-2.37367085604992,-0.730530425379418,1.4904537092388,2.00038297385429
1.12457483752911,2.16330494372441,0.22756126682971,-1.75977375225921
-1.77954774715351,-3.50688799953177,-0.548393922429268,-2.16520420230658
-0.344550362435428,-3.99667066759224,-1.67319559232013,-1.32546307799722
-1.10917311375928,-1.42740949186922,-0.467122029293922,-0.16405572636818
-0.630105782923093,-1.83331138681843,-1.06733854725975,-0.254375877910942
1.31688376872424,0.186767852419094,-1.60326687003921,-0.984918885990625
0.534513388284073,-0.0829021043479561,0.65515338358574,1.67877119798875
0.493898085741881,-0.756050236510109,0.745458404159359,1.03106920959274
-2.07799243134481,-1.88857466124623,0.522493194464307,-1.21869568445513
0.196325342741564,0.318954169955645,0.235064916565629,-0.0205419610959683
0.628803153873898,0.212757723897206,-0.883941912184621,-0.137547521011382
0.860947143393616,0.310072197513257,0.403798988925767,0.622073529699679
-0.973247350475229,-0.766439032619198,0.770401677210099,-0.0237355258852848
0.937543052030658,0.656997096283722,0.197758114653897,0.0247604690688232
-1.39520577829527,2.71841598606345,2.12796398585981,0.996584570693768
1.73874301887633,1.99616783924342,-0.688994959596743,-0.267767976090005
-0.798634290243535,1.11866275581923,0.651166677914118,-0.610716182800852
0.765024386769347,-1.70424482953158,-1.74241163199467,-2.28298064518956
0.317911345135436,3.70373087700905,2.69244102394467,1.98696117825069
-1.06360051761289,-2.9888067719123,-0.810309808776208,3.17246843407925
1.1442586560686,0.129937701046595,-1.27420021003345,0.843344661876743
0.0333768426273916,-0.595638927987278,-0.937593259773779,-1.8214395651223
0.818407774847846,2.41473503011927,0.246395938617687,0.238505334389717
0.218192085822206,0.872509737277571,-1.03055911734689,-2.74719455093487
0.868497252409914,0.0765303462025002,-0.53278518517171,1.82441873180155
0.0216805208980772,1.59150586622451,0.2403826585792,0.876878555976857
1.11522864969301,1.41913786637473,-0.24374446594479,-0.3414328668183
-0.352180864911126,0.567195796038337,0.0586465223392025,0.198142240093742
0.527288318248801,-1.06213981142222,-0.928381418202209,-0.719325209450136
0.378571522243943,0.45802894757923,-0.530798674263668,-2.40568807089742
0.843859777098379,-1.07368722418055,-0.487353005967518,0.421302757887944
-0.621042494956867,-0.528828671100503,1.63574929695891,2.03874484849378
0.177691497867866,0.995793018230225,-0.345503958230036,-1.3094141579641
-0.580165079131849,-0.679272448713957,-0.648086100702782,-1.05432630224376
0.908637825733444,1.64681379944682,0.686176846771982,0.661144713747805
-0.636686379475083,1.0062962685454,0.838349455071418,0.327705786014332
1.73223869637675,2.17027394267544,0.0344838095319345,-0.0584535981807403
0.790371602039116,1.7122237984738,0.959133780596116,0.725721394451231
-0.0137079788538398,0.618438905117914,-0.713563582484869,-0.990235088064815
1.20619647520582,2.80385474152278,1.35407241973063,1.18800157538927
-0.0845909401382518,0.16071377250382,-0.817497164197308,-1.53149148274103
0.563262281636034,2.52779318657177,0.768808277704727,-1.27692540488367
0.528194400015101,-1.25799922222901,-0.709645657333254,-0.47181954896827
0.423038432410325,2.15415958786615,1.31167152889206,1.21136006956568
-0.596764229709111,-0.135423199730126,-0.0201066193296767,0.528421701199586
-1.2508442776012,-2.14347209000688,-1.04816476583171,-1.93534864504777
-1.68160070977383,-3.72350291359017,-0.439745551586426,0.407816293360964
-0.456296359001271,-1.47826047818778,0.277314760567181,-0.531538841425224
0.682793192202467,2.4391575988739,0.025963052015571,-0.78959862010523
-0.23903748350282,-0.985196639412389,-1.67567955573018,-1.18667506170493
-1.20335093346794,-0.487345016106085,1.30365944267725,1.03513769910036
2.15647760195008,0.185911310838405,-0.0995079582800251,-0.989776425194093
0.702009423048609,-2.66463908922023,-1.74132723314552,-0.790595197448206
1.94661810026563,0.997482988342542,0.63803109182248,1.60887000271972
1.21303635372129,-0.0114600472262801,-0.478252658307972,-0.607997315097929
-0.611379118364512,0.535950024443634,0.673945873503189,1.17654355102582
-0.411921203246786,0.916456994866531,0.647983984274655,1.35373827766898
-1.44068097826971,-2.98088300116458,-1.71001132282658,-2.07553319493259
0.74047345310968,-0.868524803464612,0.598883147444585,0.290978928263983
1.62365925222734,2.08099232815791,-0.537560692015106,0.637015566180122
-0.920484878072598,-2.94835733715334,-0.398002988003173,-0.133187705143552
-1.20219764681918,-2.4187812372723,0.0135198863242752,0.725418065742997
0.882678068364482,2.61463020656647,0.238845262223161,0.306069681499775
-1.51647903560073,-2.42602248436012,-0.113318366971148,0.773143056518925
1.92161155776854,1.74468883820867,0.736228878191029,1.76267613288397
0.572135777806248,0.376769989637903,-1.37300411238467,-0.918993889923134
-1.71489505383856,-0.911091668558957,-0.548254784734123,0.496424341183953
0.354918895732423,0.757067577177672,0.264802741880008,1.51587708732537
0.105181865810994,1.36817938353481,0.0486528773262721,-0.95094237368199
-2.46841353318467,0.226918645031935,1.44228122801527,1.05419187790215
-0.0418580303239525,0.537457912126462,0.0282839738725768,0.62589816833703
-0.587260767867037,0.972067763946771,1.17925079170996,-0.246693682229002
-0.887296992757254,-1.90417853930874,-1.66947149232859,-2.62478402232591
0.238716819750682,1.99360854765511,-0.0536494835998959,1.4570925760403
0.850890302293807,1.38074048820097,0.0729190203898084,2.0207721303277
1.72700883321405,2.61032865600382,-1.0551997902795,-0.24285142282389
-2.63250764609541,-2.17940415605984,1.57882646310512,1.04109080558959
0.743611327809965,-1.16387979301025,-0.615659955348117,1.23636986852593
-0.952351111335292,1.88507420406444,0.513110559795734,-0.122506695252016
1.15633016538051,1.66969783548974,1.00836594026664,0.438742447575664
0.345861674157838,1.9969816662713,1.88013452067401,1.16810100526479
1.44495717206043,2.22299621472046,0.498925631597321,-0.541786715916748
-1.48276130575666,-1.80517470093467,-0.420630812911644,-0.58307479204072
0.49463129762884,-1.78870283882164,-2.51390424387428,-1.67348138027529
0.295159338034633,2.51324588631817,0.0728487268942732,-0.331797188097117
1.04786224591943,0.137484495524394,-0.373313893277696,0.183996223058839
-0.231168508634999,-0.184281446856921,0.856937735268221,-0.142289186103416
1.14401684592874,1.92787526765309,1.50999715277372,1.53658271690841
-0.444960875475881,-0.870839269132058,-1.62247431413672,-1.3307712444427
-0.429237403893111,1.78798961848335,0.140226694919078,-0.772728990653195
0.0253793014557843,-0.531603837830276,-0.974288820317594,-1.54083062511549
-1.0692521723823,-1.32629619346367,1.10130994107812,-0.455334785355351
-0.456571640834288,-1.44643330668747,0.00546102508559725,0.278172732704732
1.11000382848242,2.12823342152072,0.488797057645407,-1.44013431288372
1.65182870430573,1.01904408074009,-0.337907395895035,-0.116864377844047
1.11425467962836,1.34115605865185,1.43359658143532,0.448747281642185
-0.424865175188582,-1.03306987975268,-1.39014434853987,-1.798037910213
0.318479885539619,-0.141653777017622,1.11023928977076,0.395908977771265
0.098489648944743,3.03515141242328,2.09038488059711,2.48029535978076
-1.2590274729358,-1.74365475739588,0.771070740608785,0.290215114217573
0.257408211140715,2.47261976206422,-0.180583910689635,0.806315778819221
-0.824293327671809,-0.367686333679389,-0.379356771700465,-0.487240274620994
-1.06062421894714,-0.706990957508943,-0.163581886605107,-0.489236045985324
0.725505461365908,0.424735148443568,0.0795826527185117,0.280675946678379
-0.707931887106341,0.444182468280292,0.377531007262679,1.1675905836284
-0.144048750509615,0.971101837380405,1.58085031004863,2.18663270262056
-0.973715576881434,-0.5262525724966,0.409114683701565,-0.657592094160029
0.0559444258531401,-1.72317719804043,0.296343371325752,-1.52827165924649
0.492346553150489,0.812677240219904,0.436672843136606,1.13914840388857
0.502545254666909,3.46211911963219,1.24522912992202,2.82084661602472
-1.07525797722939,1.26850998535985,1.1399515648827,0.870845413166747
1.25804225002658,0.357099822885851,-0.568215806112446,-2.40990908666357
1.49297171304439,3.02710807717168,0.116019103833036,-1.06471104962997
0.372910426410749,1.64210457295303,-0.278618513041039,-0.37705674297308
0.157479547884347,0.51219377684518,-0.771949248441266,-0.646755704132593
0.0773429033210805,1.53704841230861,-0.454758752994852,0.742041975401961
0.257545945939747,1.41600462577826,0.0627009825883551,0.463889626581212
0.376423588722638,-2.90978951879475,-1.75962930701084,-2.20773845585633
0.136823618948169,2.33205717565214,0.113144177978698,0.847433061743571
0.653823170914733,-1.04327760210917,-1.74466081688041,-2.07564925521091
-0.335768542377534,-0.473714402753236,-0.00571124448057672,0.761242826209637
1.12934492850217,0.503485179014084,-0.719228647756081,-1.1124865110527
-0.0376828117706237,-1.10060205832675,-0.624166459634448,-0.233061886485391
-1.75569401653616,-3.58172703445002,-0.765841827840974,-0.937135858322335
-0.0997203693834034,-3.87380094879293,-0.859475195721393,-2.12754282145573
0.447020452653874,0.00878047017234929,0.955607724906105,1.20692872671121
1.2300316728337,1.78077566310694,-0.463765500282963,-0.901473078417136
0.0602104326151076,-1.20632012162103,0.0514518631350535,-1.81029841030309
-1.940069201671,-0.43949636606524,0.990747997860366,1.41394277184179
0.00483176592536138,0.209890665771251,0.167566706886692,0.274002745983002
-1.19921192196747,-0.218874084102795,0.0960374245908292,0.132566608183697
-0.976105703649749,-1.99328518982514,-1.05706851808391,-1.99651545709849
-1.02562705123497,-0.668548044591297,0.765747957612312,1.16680974158514
-0.799226924512563,0.161800215753157,1.37347731842169,1.45731362952319
1.13712909055669,1.27060290751802,0.504127721544879,-0.440879188139093
-0.831528899543843,-2.84295730446227,-0.402609834539998,-0.720879751650588
-0.439062773952966,-0.91021002384906,0.707128620191003,1.95147509279911
0.184173461400253,-3.47140333023103,-2.5456574237759,-2.03856637434277
0.89037962557919,1.21945871309794,-0.648837511211769,0.69527702397569
-0.666705010074985,0.799727485981247,0.0789334190805224,-0.128745689694957
-0.826223863869995,0.889373847779623,2.07019019909212,0.840313260611493
-0.518615722213841,-2.17796024505709,-1.15574481586887,0.00907561890917807
-1.17171869923338,-1.31557327272047,-0.729721481446873,0.429162268634695
0.920033349469812,0.870429080089443,-0.507511419855573,0.907778869714655
-2.18195813409894,-1.17438206677107,-0.497393391695976,-0.918358632869124
-0.5276920773549,-1.03313912060504,0.223981752938083,0.629457225823827
-1.44114002209388,-1.92806954377443,0.411686901648379,-1.04001116418708
-1.95678478418978,-3.06327729399443,-0.517257324958655,-0.0184436729757058
0.0286581970792618,-0.097155653971853,0.0988315757533838,-1.09352497072254
1.53823566132278,2.23453966759249,0.114195420708222,0.953785082312313
1.63464035479982,1.16444330740007,-0.980424274609714,0.0526174035867322
-0.562776208352765,-3.25877231128435,-1.43607841428819,-1.36281228406913
-0.696955708518244,-0.612838811431014,0.224297285030193,-1.49919413837288
-0.538226303471587,-1.4805688844332,-0.108354136137966,0.251312613977167
0.710110231783851,-0.0732665968368262,-0.125879802209296,0.869441869432527
-2.56169696298002,-0.624359320365913,1.60344334398016,1.92465252399286
0.24770047442229,0.638629972333638,1.0214210308409,1.72602826016041
-0.405540381007554,-1.27978209555244,0.489050723693276,1.00912874093388
-0.743938496851104,-3.42521899467216,-1.40382184743839,-1.62644179526535
-2.00612003132012,-2.57952441646623,-0.95476401597327,-0.93041734821645
-0.205826417782953,-0.469516125876143,1.45660366192456,1.79750799860062
-1.64905677245587,-0.000182233531935916,1.26196714742037,-0.071023235281445
-0.0153078731923365,-3.70090468206531,-1.50882543955634,-1.49312804416933
-0.894901677513419,0.924163933915467,0.82753464529632,0.077975057374193
0.0463197241835662,-1.46418726252704,-0.807882998876682,-3.31685495467562
0.461004079383783,1.83305599265972,1.52631848417153,2.22161827057599
-0.503738767197944,0.119175420695412,-0.150446762773506,0.323438589063829
-1.022398456216,-1.1038916879954,0.518924257233902,1.52965502561718
-0.61174222903031,2.75255345449931,1.3508316286096,1.86390009035036
-0.667393503214493,-0.0468083960510267,1.14463658791934,2.1740246996116
-1.49327582905547,-2.89474203518511,-0.0837748980418391,-0.12716794377843
-0.780618213906196,0.840760480878287,1.17595739804752,1.78007574370226
-0.193405134857153,-1.94059340712977,-0.635155442268737,0.823829063779044
-0.220833309799399,-0.0692498517931756,0.311234498741318,-0.712824048917601
0.329541739887292,-2.69657150109325,-0.542745942827856,-0.319222523334373
1.29187572312354,1.60914013240673,0.403799278736178,-0.444901319765786
0.333671031663867,-2.57178164884021,-1.31737638043248,-0.450849195594723
1.47578697474206,0.815746627412123,0.598355214359557,2.08335732336228
-0.647925964720306,-0.558371835487061,1.23801370075047,-0.0906741863682723
1.35066841000033,3.70692682097593,1.27814891989824,1.64978306512149
0.593408907817607,0.507257861987904,-0.134163849173458,0.0379869160443103
-1.19170888523403,2.10756374755963,2.35986623069626,3.69777274383357
0.402171012485224,0.313740420905423,-0.565393629886806,-0.44011579172188
-1.23769284056948,-1.33352769801335,0.343093784412856,1.41857451409635
0.947230675691712,1.19188904404002,-1.32304894460773,-1.12807644941149
-0.539746145027583,-0.0104881376631545,0.363631734760087,1.72450446982518
-0.236110187036619,-2.01740895759113,0.251295835459898,-0.560485741646499
-0.679536488943232,-1.52658337183826,-1.47248607830501,-3.47344888184307
-0.852178292364297,0.268764069813829,0.0387935235415553,-0.657770416622604
1.70213970919678,0.829176883088639,0.319269277373277,2.71247915021066
0.991804522902772,0.408236400267125,0.492448885902941,0.357377635287075
0.675213077027448,-0.294609251135662,0.196957164006102,0.985294033633097
0.0736199590039371,-0.312490825496391,-0.728699814078242,-1.23235195775097
0.736333814551808,-0.87198551593427,-1.3713024830817,-1.99536938336098
0.661712776915951,0.74770338989303,1.47797309505065,-0.177029264415851
1.60352059838129,0.334475082906017,-0.317995657772192,0.527411256872611
0.85003977821244,0.281157144660908,1.23964115986045,2.36251459698902
-0.206189006457514,-0.628583390304,-1.99285916128155,-0.817419515259919
-0.214892943259896,1.48058250936767,2.02097745537357,2.01694234845627
-0.468072564336127,-2.13750965465497,-1.07805222691592,-0.592853730071564
-0.363738560815834,-0.459151593842805,-0.277328503053143,-0.200051017136385
-0.236683939495527,0.599517659473061,0.801512953813225,0.95408775234131
1.22288074959827,1.65286614598283,0.253281664142214,0.839561520066554
-2.32835963269809,-4.25144319214389,-0.720383188951653,-1.83771807288825
-0.701845828410341,-3.06800494608311,-2.35841529852654,-2.1858378507646
-0.132880719366657,1.13563938836149,0.040607558483195,-0.41826214754069
-1.2832584037532,-2.77605804017202,-0.8839613295211,-1.46164389650368
1.61910061010553,-1.57411442913438,-2.9657185898159,-1.17020805762738
-0.233948301011858,-1.50613212584081,-0.4090414740652,0.119624527983651
-1.11691813121359,-0.688717147713411,0.408056088067469,0.00327258535715946
-0.891613786810676,-1.49393785055609,-0.637596572033545,-1.00206528580811
0.87239516251344,0.494356791934495,-0.0282480482031304,0.257528677450312
1.86900934050409,1.70999418999659,0.393716023999008,1.11687643837543
-0.124268503812241,-0.684730520946897,-1.75540588354937,-0.166773128218859
0.107028807376313,1.29000282486312,1.26188369101427,1.80382773298674
-0.948535060055103,-0.489328862377738,-0.0757767364330347,0.0681713378433108
1.31664471072918,5.61675062905178,2.78944322022268,2.40134543747472
0.722656926345969,1.24696443227848,1.23387276485911,0.893027082435635
-2.32925346285753,0.0820413408118046,1.83935136093132,2.43383204477897
-0.645232545817526,-1.45296302395925,-0.294464864357709,0.89966487756283
-0.234117494341529,-1.68936645723012,-0.567243705522694,-1.07044892061409
-1.10816067338053,-1.21695427907064,0.440973573348988,0.553267725210395
-0.273224175602157,0.0648652974698883,0.198768336501073,-1.09675746336879
-1.13344115426419,-2.31631115669484,-1.43703629290611,-1.56827144139588
0.359307953730572,3.64419720610252,0.923776580562528,2.14068129727421
0.335644763865137,1.53824477583915,0.59609627959775,-0.0797489706808084
0.81098435313938,1.22331168570353,0.379804686539844,0.540116157818966
0.41645613593357,-0.207505993330445,-0.0314403789918698,0.73455801438163
1.59411403885386,0.550192350163768,-0.697995839763524,-0.87053112307409
-0.386137877288101,-3.02827553981214,-0.939915597409738,-1.60745197718994
-2.15330336743643,-2.82971102239717,-0.961914896599376,-1.92501729455115
0.025659213079887,-1.65360285174282,-2.35488585844651,-1.55813597100888
0.649848845025497,3.46503408356176,1.9186951504925,2.50385120622342
-0.401235599512803,0.141932643933262,1.06182828120605,3.04964021783162
1.40087647763291,0.274642498423124,-0.953332482549991,0.519476527689598
1.09476867868607,0.0454632797947646,-0.126222494837503,-0.407826119605005
0.537493298921215,1.04006427202305,-0.29861457798324,0.506701492646287
0.0697747577746106,-1.48688689488701,-0.26094161391976,-0.888394983944881
-0.551500633193785,-0.674155188648716,-0.227863839282363,0.252324184763903
-0.176943367781943,-0.353717320071094,0.687742189190782,-0.493685437964416
0.469177847669925,-0.169659928522846,-0.161203683918347,0.490612218281194
0.96779678824769,1.90253085783365,0.278517210097632,-1.96781923058576
-0.296114656814332,-0.189926874948729,0.740872100970869,-0.592735340034237
-0.728253258423636,-0.925683146242737,0.467529996975401,2.58609485736134
2.4756058618661,1.85874238727939,-0.1186862918386,-0.39922066279605
0.5185571703497,0.848095693313376,0.406052776370243,0.378561628892123
-0.903603205337453,-2.71642503431273,-2.3921645734745,-3.02645424445227
0.930979056343251,1.11729890022737,-0.505326282273176,-0.992343572511065
0.061686497897853,2.58775272571888,1.48747780944964,0.586629699778112
0.826789248521633,1.37832131074753,0.309696975734833,1.05311990843701
0.0517969525608289,2.22773865099441,1.44297304997456,1.25775136999114
-0.0584290512452095,0.482180213125223,-0.326138074675164,-1.19493410608352
0.0906116207122605,-2.19168181290255,-1.0136404825199,-2.23420462761325
0.412780797052548,-1.19513487051612,-0.941078979966413,-0.488334573125706
-0.61008573154393,-1.72145022726381,0.0496497433020877,1.36865521632347
-0.65536323027314,-2.12740195360692,-1.31833005026384,-0.0745573667080881
-0.184779206139361,0.901086145234758,1.19764494436533,1.99526785870779
0.171301431637089,-0.0583803857645118,0.271441100243064,-1.92024550509936
-0.317376455269396,-1.74508157955932,-0.335284761747492,0.201836046975955
0.316984562457902,0.00812248099684387,1.2544093431643,0.927230680997657
-1.101735412602,-2.03013382033207,0.240993548982543,-1.01625301449826
-1.43095845286738,-1.72512904062935,-0.297543067105499,-1.14167763267026
1.89201063250808,1.62739461487944,-1.72572551362349,-1.48381938321085
0.397877113060311,-0.174840309921825,-1.38367316890516,-0.50141948600757
-0.397028133394579,0.237568424018808,-0.518510483849649,1.95585905081395
-0.279957848490363,-2.37124658706121,-0.43930092720356,0.583239013278288
0.78511853104356,0.828632207881915,0.238973288103992,1.57107332261342
-0.210320814229356,-1.04074345526396,-1.26325239845917,-2.57511959120123
0.192114963876683,-1.17384372901001,-1.67902012270426,-2.35754950991705
-0.264725626098451,-1.7002271081465,-0.708645891345727,0.411508657244725
-0.501391057936759,-0.312443694280371,1.42084464014029,2.63444177043416
0.602189813520256,0.749163569892972,-0.699187406577556,0.0563390940281014
0.141494558350148,1.32664577718461,0.182709845095956,-0.0776306332279342
1.30181266697034,-0.889683341134242,-0.0941646022647609,-1.69821157240897
-1.12539685767474,-1.72905460417134,-0.688660178650385,0.113900206803546
-0.135307406049395,-2.2857273246852,-1.01715981588409,-0.798042856038828
-0.208988948819788,0.352739402488533,-0.694670372471697,-2.02450635216183
-1.07486233391367,-1.56433576486536,-1.14553949100393,0.356914501232483
0.997858726258268,1.28185938703083,0.858818853523449,-0.122789097672895
-0.107399749074144,0.980894248586445,-0.0178144374134341,0.544372266716835
-1.38555799043147,0.164455335355598,0.145307430955974,0.274826932637467
-0.59214062739422,-0.69319302728199,-0.0753706569331759,-1.62081475042414
-1.10533356064609,-0.169988258831583,-0.234553123933625,-1.68683632675829
1.03908851261442,1.15728583275186,0.191711414782532,0.708546331266142
2.54290445686211,3.0380710080945,0.0816452991029548,-1.89368525058414
-0.673715819136411,-2.06665266358106,-0.41436962255936,-0.402672997624555
-0.0922300081017977,0.707010240610632,1.20119567677691,3.05730016693897
0.279735034290658,1.08805802825468,1.02092204406994,-1.11311948941314
2.70895941900681,2.07975566641139,-0.306038909045788,0.0230652697064008
-2.32900346367574,-0.958491366506241,0.0214588031156312,-0.0548289881645498
-0.513955735696316,-1.04778276445717,-0.0328439276513474,0.371532299164574
-1.20279475722774,0.0483118868886402,0.463346103356993,-0.110444196764696
-0.227624806236914,1.55968593996418,1.04825782393139,0.741008901142299
-0.275899217586007,-2.32706084818776,-1.10103863530637,-2.31316799719967
-0.72980880602493,-1.46949817553607,-0.305512402232615,0.382836664073479
1.83415571752355,-0.163717093365831,-1.45960605026074,-3.28279908636557
0.257065337064977,0.59458140701684,-0.475540772322962,-1.55001229422534
2.39358537418796,2.27413442696091,0.29658655805866,1.80346171673381
0.823616626218353,-0.139625717327303,-0.235784716520134,0.713072787457873
-1.26531215025604,-2.56460415509411,-0.951813189660791,-0.594487556187944
-0.753491215068184,0.8362553364051,-0.00772379233213613,-0.604147059076772
0.273038419162952,-0.67271992211495,-0.513202141214347,0.276191220385526
-0.577898941085042,0.199271626276185,-0.126587040398756,0.159710748254511
0.35428968907761,-0.534062770503777,-0.37437482284549,1.1308255752619
0.732572641958218,-0.107805691917944,-0.658521303336464,-1.37121126462167
0.421122276651071,0.342617281559781,1.22032024177743,2.03967707332739
-0.13461283417085,-0.633222628183767,-2.08525634531991,-2.92341499056558
-0.643538933862576,-1.90986854921539,-0.0245956551918814,-1.0565763013962
-1.28932068916416,0.324499689069573,0.358137795453747,-0.151707554266008
0.340894898598314,-0.147006545058902,-0.429065235895232,0.551826607831588
0.922335674092897,0.525521783442133,-0.136459201803494,0.0998483268785547
-0.0796694097451784,-0.155006567533167,0.0336505321628274,-0.953850622954392
0.75361765272448,0.982271868453261,0.0887762332515705,-0.947094430038664
2.227529683524,1.73557853129821,-0.0165266533390564,0.795096670186604
1.93382128195771,0.470883000214974,-1.4684593679377,-2.84270526722216
-0.494905476776135,2.160633210017,1.80838663324564,0.509343871692829
0.546711841395066,0.0422083626288725,0.159795332431695,-0.624269252147298
-0.702210637746134,-0.177551198706103,-0.34957277046491,-1.05824341023557
0.68981342390161,1.8066800791645,-1.00124424195225,-0.218335451851774
-0.0583631400767486,-0.0967479210149811,0.931142983546169,0.551028570201187
0.277587578066646,1.03311854347825,0.192429289375088,0.34695485361883
-0.859014614409201,-1.6171472661052,0.490655927835181,-1.0557250009393
1.20537791583264,1.42517291907363,0.292267638703789,0.228225736157691
-0.0841799664768694,1.4125937805021,1.01843228641258,1.43222722393755
-0.445919957955063,-0.86809482464896,0.470395837624841,0.0695501655911798
-0.0766213726151868,-1.93840401428048,-0.0240766613694158,2.25005214901209
0.0763983799958751,-0.443621134596483,-0.055302730915983,1.13746473572666
1.63686401169385,0.628934255640523,0.777568710980952,-0.536704877663427
-1.11072398833375,-2.59175416761504,0.202309018133026,0.465882957132253
2.45899120349098,1.82123008398105,-0.435432872944953,1.44885994339779
-0.773312386463012,-1.12742448378143,0.694581969748361,1.25905688849064
0.174643374960065,-0.762303129562235,-0.363310866958545,0.0503263646746561
-2.05814136474925,-3.08011582873885,-1.37768490583107,-1.09013721660053
-0.654460530329722,2.29631231359605,2.22296589056049,1.16007800950557
0.731773364128733,1.2421278662709,-0.20884932894668,-1.03058645224928
0.50523305857902,-0.596232736241317,-0.34044823216018,-0.028226467558667
0.410572221752549,3.86307530676267,1.87615437992782,2.49074253638689
-0.466765303532686,1.8734085112735,1.57733179143023,-0.178632106739476
-1.84357246605783,-4.06996163830191,-1.87932580182162,-3.07728256718832
-1.07282462705942,-1.12087521141033,-0.247085870734137,1.40185270407805
-0.229828765324043,-2.15554144163644,-2.34112951857508,-2.28894934871679
0.6216371749907,0.797214960207528,-0.576744564497246,-2.62956631053268
0.837445481389698,1.52812106856903,-0.191491544793446,-0.353939029566453
-0.302888049153909,-0.40618980671053,-0.209666773844512,0.84571846554805
-0.151552534412389,-1.64288229101893,-1.2990625137291,-0.599830256691439
-0.162851522523741,-0.466923553063322,-0.442782324820863,0.721648239467917
0.0578455329557257,-0.526924901386564,-0.178329290182591,-0.935831430842939
1.53714488558615,-1.46822583196189,-0.95734794164561,2.02165238093011
-0.726712528090392,-0.879422847388776,-0.263473306300618,-0.65401301835491
-0.204762719552353,-2.31554270499251,-1.16341175913754,0.0164246278419899
0.078726292442996,-1.16729184858688,-2.78712875824832,-0.927255053139345
-1.33826589318506,0.0564011590527214,-0.13377521990076,-0.145656712959293
-0.921029235202948,-0.193775941077723,-0.161518153475487,-0.0452756480099957
0.200261948609106,-1.6559526650448,-1.57435230509629,-2.50352194996398
0.427069127739095,0.250870255028757,0.520209696076609,0.186830004927746
1.14009020938031,2.08779610658998,0.999996058146212,0.238765063322336
-0.465705956438507,-0.810868160971369,0.221678411008498,0.55659691002615
1.45390062123435,1.39662836645298,0.340737773372372,-0.148097388945004
-0.864556217319535,-0.559165419954771,-0.11847162733664,-2.77087671332377
-1.59628307950226,-0.207792002903123,-0.288406576156098,-2.4458353203042
-1.94601344555199,-1.85975736102825,0.457482090366394,-2.35159959193099
1.10405027494058,-1.06197035957328,-0.565902634258149,-0.39306302728437
0.304872111305456,0.854540366804052,0.821732090816313,2.72245491520024
-0.130421889948526,-0.640188174237207,-0.316586001704371,1.53769005720676
-0.293613387011894,-0.35347026156028,0.660503534097658,0.912620190471883
1.58625545540677,4.91241013972606,2.09589303162018,0.0276615527971651
1.20114550405925,1.73560413750218,0.00371514351001284,0.980103778774546
-1.00373971119925,-3.25151836457208,-0.669403893292739,0.460944945920138
-1.39101698281623,0.777760293182678,0.968898946917788,1.09949275838576
1.08529588092986,-0.477627106689956,-0.511503901290451,0.041644477325372
0.560611806017343,0.609562286360764,0.641846096680094,0.6045476692745
-0.510980985089714,0.449321823348872,-0.536100539203618,-0.258453060183192
0.396451965571097,0.325403243834191,0.0137257108518989,-1.02188842074395
-2.02323110391136,-2.6221192766777,0.188534955015981,-0.147889713437065
-0.665141472933446,-2.9619909818552,-0.381462071982128,0.0898612772427575
0.435007205526097,2.13738570881701,1.74027557015569,1.80428403104517
-0.0729116390239619,-1.39385663171814,-0.308042097518185,0.478233961986851
-1.28188764411534,-0.913481422746208,-0.00266626991209013,-1.02676063409561
1.01526613067697,1.28514468934555,0.679343468111705,-0.270537945673303
1.16305933920202,1.61071573311575,0.70904735680558,-0.7159520772265
-0.940039838457001,-0.803973242969251,0.133388791091669,1.45631370918121
-0.185466629123019,-1.69817268951922,-0.140668994613043,1.91816932139836
0.730613939460249,1.98949361688591,1.01490104979486,0.769363884474062
0.863724842718663,1.29349656614134,0.349409141564894,-0.416396217996444
-0.528747614634865,-0.320028886199859,0.998466501476161,-0.391897119232932
-0.878539839568099,-1.39946656810241,-0.462254435688721,0.0549254827931068
0.345075406845387,2.75331203055631,2.10580729105023,3.92228604025232
-1.91601821802967,-0.62054615101837,1.63944901726989,1.03613535004875
-0.950077589348363,-3.50133531425278,-0.923638370588678,-0.496937531086174
0.773587127057442,1.99255339907052,-0.310004976687858,-0.153106447510335
-1.7037984055143,-3.2077858380729,-0.725524288995276,-2.72673704399298
-1.20077712678264,1.12570286711478,1.27963995629297,1.97643419041363
-0.240785063614367,1.87883169124796,0.309090332089011,0.19378231723924
-0.302073501137212,-0.94673113576407,0.18488932840946,0.0151806011666716
-1.75404475768728,-2.14284172194179,-0.771478472171254,-3.34563161380659
0.50937884189092,3.47214064572481,1.76581727671695,1.27580251042627
-1.02145633708376,1.51245915997686,1.16939699105723,0.89538932075092
-0.158058937403218,-0.188678652623258,0.419243561448986,1.77804985258267
-0.196572207000955,2.37541799229295,1.69721456484334,0.712708966317498
0.696628740831187,-0.183826033385059,0.163339503581311,-0.841275676344166
-0.0659814597136106,-2.40724778096247,-0.395100847335786,-0.616722751307643
-0.13434798554826,-3.11944688043511,-2.52448920522367,-1.52731003115086
1.65474084400222,-0.468528252893971,-0.928537605030405,-2.44113135114353
0.371894882020314,-2.16850012690255,-1.75925077385886,-0.898226552172765
0.623540462610103,-1.88110146437963,-2.34419533002935,-3.24082027614093
0.474898626830697,-2.1423396966113,-2.61589114561932,-1.92421955676083
0.571634626645242,1.58792601035548,-0.569051635488182,-1.12044595712014
1.33573646703799,-0.151131680082467,0.348775786164002,-0.244903902912093
-0.0571041609665933,-1.29919306016297,-0.888018672393197,-1.03365699112564
0.242843946422432,0.224354835033369,0.220390945235588,-2.4372863859252
1.96963413281427,2.5368083455323,-1.11545609745279,-2.54859898500006
-0.530038313429479,0.729618007048317,1.27106212498676,1.86575941343494
1.29100897953624,1.21279497578778,-1.25330424483474,-3.02578236585722
-0.607078196072321,1.69225791261377,1.09504287273718,2.7177630943301
1.71013967532023,2.6463744282077,-0.222103941422885,0.64963689592124
-0.666247379760654,-0.374271503717342,-1.2994023883439,-0.556815562098847
-0.814372276715255,-1.20734149603224,0.498382847446822,0.542638002625202
1.03640262444953,1.62296574371836,1.41976096872757,2.21074498705899
0.964931532612911,0.596363287961594,-0.224309271296319,1.20562287873072
0.551710837460081,-0.263068288427197,0.576726053740584,0.716000515159174
0.273188529340283,0.376304043169966,-0.000447033653375203,-0.943612297040827
0.2418598033419,0.560757640826776,0.224857534349148,-0.923508835790841
2.05476070604651,3.32192404077833,-0.299490369170022,-0.85315406278014
-1.43253449521809,-3.47986473505592,-0.479304713787154,-0.544463720154351
-0.986336317053269,-0.273224140321726,-0.870727399079225,-1.17508414362524
-1.27914012290609,-0.882460564925121,0.0549283796922109,1.5904982188061
0.960755490376344,1.12460020291562,-0.91450103640144,0.0935068198261101
-0.245641935333867,1.77387886569801,0.472308456635559,2.66881649911308
-0.130008455896796,0.570861111024707,-0.0746029025117608,-0.236289835423702
1.78330681833913,-0.259173898593882,-2.17550837577061,-2.86830074292909
-0.579026452784536,-3.34793622739675,-2.99404366238138,-2.63557616047415
2.02279460124328,-0.294277641856457,-1.80309330455921,-1.21242824888227
-1.40944081364363,-2.65313168222411,-1.21397019719181,-0.70756938655436
1.31783561304849,1.7366878041033,-0.559034732474352,-0.476855843051509
0.323121002574827,0.963857738970203,0.380007061329318,0.938490810037158
-0.388600519991625,-1.65634895537436,-1.29290223786372,0.0493107018930263
-0.172836903387074,-3.1696876902728,-2.06485913677683,-1.73486434534417
1.33897466777892,1.8162961168448,0.299987722655013,-1.9188143363539
1.70380587237689,0.133242832285875,0.191329939238907,-0.57647513507629
-1.67846782105134,-3.62808692121788,-0.770506407397534,-0.987826591437013
3.42109460835705,3.20911770729381,0.227956513828151,0.512546357901275
2.57794265437777,1.72066413741702,-0.34755654986475,0.696550558705369
-0.52532183465562,-0.0781939234141373,1.61906756414827,1.82334616609005
-0.0643819052069338,1.45678278923425,-0.186414614363406,-0.686041811646902
-0.663547355536672,-0.543096177503345,-1.11689718623153,-3.71353348434574
-0.0930010885901879,-0.202943129724772,0.846478389659375,2.91068230058876
0.739859438245835,2.00258922785813,0.878604089606388,1.53341729881567
0.103362814930562,2.89108391280442,0.880519347265291,1.57930348363705
0.192006998204335,1.15228812216574,0.779270603208138,0.573386593557456
1.47880760269639,0.668808843182185,-1.38286573052683,-0.756852176752939
-2.20386847858085,-0.908377418437481,0.356057952999586,0.298173056936484
-0.491443047401821,-0.142254330284579,-1.2069602606565,-1.28829005752578
0.144417271262889,0.0510381446428032,-0.000929922306602976,0.692783470531421
-0.783100637317684,0.139229241992972,0.0171269271136333,-0.638956685156724
1.06096624028704,0.5206034119373,-0.0101030007117489,0.447308217240253
-0.445505642122027,-0.374996437812368,-0.746299776721678,-0.767838982553864
-0.429180153772765,-2.02513968485233,-0.677787062018475,-1.37765197817136
1.18901180052985,-0.09819305215718,-0.73027098301898,-1.19913212160787
0.834294073061504,3.77520430767566,1.20104058063386,1.89748001726385
-0.150307477864079,-0.744186811782274,-1.41006994015072,-1.21116146674554
-0.327757132786462,-3.59298035991509,-1.72126496974681,-1.45803402245559
-1.44816529018399,-1.37632946905122,0.665444916759445,1.42557645161122
-0.697284584551622,-1.31183366739979,-0.430806717748039,-0.106784620707325
2.59849023212988,1.55875063469733,-0.329038718826338,-1.68277622032471
-0.0374150136340493,0.981379600539564,1.56330946569212,1.79710821206637
0.91349189044332,-2.48017864821317,-2.59587353465405,-2.51806557317117
-0.184526498264729,-1.61578376783971,-0.942469684661196,0.365825581863885
0.609824296161446,0.235206047753043,-0.0516215156808825,0.216379541386401
-0.0527268089879745,1.32735641485648,0.638954546096488,0.667685539836989
1.36392195568146,1.78012949949317,1.02914233944032,2.02574524105417
-0.503633417134383,-1.14216106383919,1.38098237920341,1.50890100742617
-1.7090601686817,-1.11939928027834,0.253639998558237,-1.35437927708055
0.898549683127699,0.965106402242971,0.564873924689296,-1.13211024815464
-0.237734026494317,0.993065268200777,0.567841189726443,0.717788641182206
1.46340758053025,1.57023759876518,1.2830282417643,3.1196892220529
0.124378266479307,-0.106019195547734,0.147752798538407,-1.66910010086172
1.45374084383311,2.89897140848114,0.524539167207897,-0.941018668095017
0.350226959507424,0.315911164610836,0.019613450294547,-0.764562012733259
-0.349025479659772,-1.3096764041838,0.585404404617625,1.33728314293551
0.725598607819829,3.05070967991375,0.985036967135534,-0.373100550600699
-0.45923842962147,-0.54670372537106,-0.00369233694602668,-0.659123002235721
1.68475923125394,1.05700993205041,-0.581377376699713,-0.661608015632078
0.146584016803509,-2.14371889067533,-1.08314229565257,-2.35542772985183
-2.02985709292959,-4.34009849019465,-1.25845266090089,-0.833867561378065
-0.472170080106029,-2.7101997087861,-1.12422706500934,0.0974388765764316
-1.63237192678704,-0.800866321117333,-0.0252494236623436,1.4868945107503
-2.1783553060946,-2.80812732642185,-1.26250490693325,-1.62235544651236
0.0592086510876087,-2.82408869974613,-2.86655913310991,-2.82330635931079
0.647860636697636,0.377278372954,1.64359894708529,2.44602461308901
-0.761426888665313,-0.268302837324849,1.08262743599625,1.72902893680934
-1.32884232612394,-0.457992211017326,0.0072528482881149,0.997930845280816
-0.602030747228367,0.0919148338957409,0.325580279469279,-1.19296635303697
-1.55052527235048,-0.515989783482016,0.0820095708402532,1.36473028051566
0.703001795150071,1.76014300497302,0.300555920795019,1.15116911753237
0.574503005108308,-0.712357760895517,-0.204049551447405,-0.302108185485535
-1.59529150956621,-3.31078380922204,0.701710573925252,1.16081440480518
-0.624068861570706,-1.87307832920134,0.669385076281828,0.908864720075184
1.04721605508961,3.23307761262455,2.01740948686677,2.19192740630004
-0.168059235328074,1.17181903831653,0.736558777134564,0.911227512167148
0.00951589246488359,3.11067230925163,2.34695802482338,1.52929820588591
0.417240223978003,1.00082932550213,0.843500091497801,1.64434822548186
0.626834196680769,1.1986964059206,1.7177083947929,1.86684681537557
1.20624313870859,1.11006864686008,0.470769583351359,-0.0733857723891162
0.772565368613624,4.22606216912299,0.104437505876076,-2.77870118664951
-1.37756706406485,-2.93295600748559,0.40361974347412,0.37718554130361
-0.362426925315183,1.4879598073706,1.49524386208464,1.6649616550054
0.302298495796781,0.944026191042047,0.5512903660687,1.88533208360775
-0.109079876118132,0.70717545325556,0.835632439414148,-0.805339475594318
-2.17916528120393,-3.29271497776045,-2.0727006495852,-2.30113367181684
-0.758114724994385,-0.580873212988579,-0.292728268160846,1.18242413161605
1.01455115132308,1.11770704175254,0.376835555663793,0.752831370259212
0.158047162065185,-0.165705687769509,-0.304660935718405,-0.271250769717876
-1.47256043761472,-0.36855646226014,0.301981691146168,0.787871526060305
0.215926206229537,-0.275627428586235,1.03783740459173,1.53358698499099
-0.158707473207847,0.934253705721456,0.769629970804908,2.8760567332767
0.671853873401115,-1.0156194466185,0.044934095019962,0.246198499966503
2.10655860175097,3.61644976553172,0.788201532984276,1.33605364037296
-1.51590013106286,-2.02348456596229,0.0658996768452389,-1.23397741962097
-0.505063521990801,1.56802160465468,1.42741392801265,1.68673674823969
-0.138762940342402,-1.3679540241686,-1.11174421751041,-2.91282532001197
-2.13620500038377,1.10930659350801,2.13902318000637,3.11786975620008
-0.031219995960159,0.718118253183433,-1.54824442307181,-1.26392388165762
-0.593169037912431,-2.68912325953036,-0.645310638963772,0.0258787183159247
2.23560276857964,2.52747005840948,0.46004167412138,0.835207877459953
-2.91797621388336,1.95791181048531,2.02543215368023,1.63468642292177
1.48822116820748,0.744661305119727,-0.268546251111179,2.48757411593417
1.00802466769112,1.09089180254366,0.554412753210808,1.49156057205585
0.735091629620298,-0.164553881601986,-0.599149934172802,0.0295188536018954
0.146811992724805,2.76405809768235,1.20164212534577,1.39893329575987
-0.710800295204202,-3.21707768005775,-1.41034364990337,-0.413623897786481
1.10563140078162,0.877509276925323,0.547697462597947,0.662754326936411
-0.885747065035595,-0.202613317945566,1.43291020650724,2.26742829064739
0.694761817861876,2.15772276216465,1.0193748897205,0.431686173003143
0.402639185314637,0.160480048712119,0.957926211044232,0.72281203890395
1.07623819643517,2.37551607774293,0.229928325104731,-0.113172209075293
-0.596546431488492,-2.14352552852663,-0.944042620601678,-0.817805420157245
-0.580987627977025,-0.289045043947955,1.37120409271794,2.23532129002918
0.302076563812211,-1.60305134843894,-0.775329184092653,-3.31896958488789
0.305685155514337,0.0633207032443122,0.868837986808641,-0.3606686634806
1.37399835400225,-1.59418617393927,-0.740248021330466,-0.0318245445205347
0.485399428386068,0.767562051962687,-0.11888473095991,-1.30195863583959
0.144840039347648,-0.626297497069869,-0.686759528307539,-0.333665879652884
0.842619843915447,-0.101020637182889,-1.72649850065971,-3.74134481297015
-0.543607815762762,-0.634531486592889,0.264165383122802,-2.17309481051962
1.0929718962791,1.37140504364877,1.04156834315024,0.19331842468512
-1.02254160386159,0.0213430544326243,0.416865434831267,-0.375047193959299
0.338147371372873,1.1954373913646,0.349181825759086,0.2891707826653
-1.70684576361273,-2.90873841699505,-0.690849258443054,-0.949339894609443
0.246449258206672,0.184059785046986,1.68450296598381,1.87752620776152
-1.56796313114203,-3.8857794861763,-0.795636332914339,-0.936491213265128
-0.231484944965333,0.718212458133973,1.22048946241452,2.02226398915572
-1.75745545006646,1.77404288503078,1.63892420584895,2.56098623083883
-0.639619829898748,0.532669142967058,0.986604898013112,1.30926779684989
-0.776166909934286,-4.26041841512752,-1.59383507318635,-2.15605734992248
0.554774652987968,-0.182877203077622,-0.0435475454763422,0.368609205775711
-0.582122130085705,-1.99202914598718,-0.0440242085841349,1.29782177724565
-0.768595101872549,1.02815839128776,1.32013023310694,0.979890342110163
1.22151568781476,-0.605749944848163,-0.64859997519339,-0.834047396455549
1.66917040967207,3.14110021343797,0.334219982367116,0.44910439830696
1.09348038421025,1.39822705164432,-0.0232679028027737,0.330832555161163
-1.49124250514145,2.82382165496733,-0.00775104684411276,-0.266008807498255
1.27665308259526,0.930999238744998,0.227802583206337,0.957265789919039
-1.2285375707397,-1.33802445028763,0.121944799543636,1.09171713290053
-0.0719510219818068,1.57526550389049,0.844952865613576,-1.49959414823427
0.734458203312735,0.591541009516942,-0.511140776082115,-0.835341901369024
-0.213887080390025,0.969905563063535,1.96504615591388,2.59417641826878
-0.150392803617815,1.69196327715458,1.22831274644518,0.0491325522450936
0.125382426230553,-0.0900564103467751,0.0102523743472154,-0.690225537254278
0.427858022106523,-0.894713438309251,-0.98465259087051,-0.381563787476024
0.411350679073257,-0.90151633324767,-0.0273667337395839,-0.614570920908377
-1.72636125386664,-2.39316087352796,0.0367327201710248,0.585196262239257
-0.175648234059894,2.23820405793273,0.493216987626224,0.139084278805406
0.286838523204975,-0.653647150939137,-0.058297944192972,-0.258308016996685
0.590740011639347,-0.736437555179731,-1.26459201408914,-1.43025895627679
-0.31736028416263,0.0659222664322896,1.63762598049329,-0.22461743790308
-0.702651640434172,-2.10212648874437,-0.656443155658582,-1.20962551514196
-1.36758780159598,-0.729272856774283,-0.944316060815934,-0.919077261545344
-0.728807248919832,-1.81984578984385,-1.97350578833825,-1.92728006049438
-0.121524925642922,-1.45074890979768,-1.44398474281741,-0.766695901971391
-0.635206048873192,-1.87254249600224,-1.15864410162267,-0.751257191778771
0.594702688120578,-0.959040744856749,-0.137120379074442,-0.710286359418133
0.367501230897759,2.26844514763265,1.45496494595767,1.65016219789792
-1.60873843468627,-0.204573538837022,-0.178989918933815,-0.532012507880055
0.317331844798329,0.770974523926414,0.330591716135941,0.0474841464114465
0.541704658217943,0.0984325604354703,-0.0612293253305394,0.290279941502114
-0.261326989914513,0.715425846684827,1.84457333749385,3.45691263763909
-0.0264957619663642,0.427343866481837,0.152831914973808,-1.09760897733681
-0.432238306953734,0.259983046294775,0.543457335394647,-0.135757994141264
-0.293386742786612,-1.17259041545104,0.142974938197127,-1.57896375333715
-1.00704012536731,0.154133718164539,-1.02630258147187,-0.251523353751008
0.425207599639901,-0.237837365876909,0.113182259398429,-0.107397125368952
-1.22481659233549,-2.2947252302382,-0.437452692285724,-1.64149713851454
-0.590464655327117,-0.411806112696404,1.35604928096409,3.04206434681676
-0.91363806913849,-2.44709299679656,-0.75509888841885,-0.420157046485805
-0.870917714356669,-0.518400817706116,0.105578700735197,0.895030471156243
-0.368555639793572,0.334503425072236,0.687726316905538,1.10332281143967
-0.485252516092759,-1.91494745649623,0.320639110452008,-0.19103029749643
-0.699961879182035,0.109046763571151,-0.52658124591443,-0.235607837180539
-0.253433896782625,-0.555271174053237,-0.378104044566584,0.720104993245646
-1.58489760807918,-0.977450295484336,1.16534521499795,1.56568282878788
0.111038367521325,-0.521109501074059,-0.469389880439333,-1.29838393286731
0.631846158956852,1.93038141281221,0.464026375508383,1.82155550487492
-1.28309869203391,-0.78664403171565,0.984106216133436,0.466620890442718
-1.41310062159301,-0.741751080648156,0.347282301663732,1.36068865766821
2.23199711011046,1.00560010060036,-1.62598443068622,-3.12087452624104
0.239507240812717,1.67314753426036,0.82140716250357,1.05653487775908
0.0531929269048023,1.99883415097626,1.62363672948815,2.29991268295428
-0.198507455577018,0.451515063558582,0.369118124304887,0.197082755841088
0.492647761120744,1.88768197785396,0.247271936483962,0.270147839398769
0.037241061093232,1.04001196596591,0.543087857287702,-0.694971239397187
-0.545911952356732,-1.64111423987002,-1.20341202081043,-1.20127764117018
-0.432476067022042,0.238269234264957,-0.176280371894972,-0.167927869656423
-0.344484706333552,-0.669528592934031,-0.478750179503763,-1.52342687464495
-0.319669395772421,0.81646443640719,1.85985278112782,1.52703235572976
-0.751698873596972,1.0306471314107,1.4066646694979,3.00779211570303
1.07410152344092,2.67995248508977,0.853349157147973,-1.11861555451011
0.0938221556594885,-0.935513536765937,-0.491144635946094,-2.23885047414578
-0.773066829488245,0.163219845871131,0.548380419645791,1.99872022622692
0.591248734948418,-2.97402009384418,-1.61489769337309,-2.26685576764424
0.350228478678131,2.14911215307298,0.969196590526607,2.31035363112821
-0.137579581182907,0.978565158512095,0.571934537645872,3.53338862625332
0.400881867040071,1.11325345141497,0.497771765122688,0.795310695057261
-0.906378995284437,-1.53532435951626,-0.155683630244289,-1.43251129774614
-0.198840252562068,-0.801109197660798,0.971707389959617,1.3148849425257
-0.999154704327225,1.48044643474163,1.67701575892126,2.65770582736122
-1.1838104344236,-3.61076993651268,-1.65269096788232,-1.47240533132647
-0.331398650181689,1.50801575401982,0.257921169829115,0.885109997765622
0.168024801248484,0.631363797407456,0.578158458233626,1.44060365781233
-0.913005530683512,-2.42664572175766,-1.09564830527882,-2.29255457362496
-0.17505812828446,0.899394909365477,1.00313866284181,0.767713528579431
-1.83044612088624,-2.18587202009266,1.60372035755801,1.8405168148337
-0.446737251934726,0.0457162747855882,1.49792604712809,1.24571632402851
1.17066727472609,2.3414590304224,0.38934439661679,1.9039318753924
-1.15141589767973,1.51163319543341,1.71641222008591,3.42732204355868
-1.19293202004669,-0.553869399214472,0.404116634315717,-1.29045554492456
-0.21986145850709,0.271708073149289,-0.262456804656575,-1.07103589858421
0.534670732983126,0.538504637174011,-0.226864143815612,-0.0289656077542473
1.23610916552029,1.82949094787563,0.744557747719391,0.967804866638488
2.65374072860382,3.53783946047168,1.0631151316836,1.53684883031085
0.800893238074751,-0.816604003375245,-1.05296772261342,-0.739075336203788
0.671453526553663,1.36960832564405,0.432898430501191,-0.394922465122795
2.02792411706594,1.79345815870318,-0.478842276831122,-1.15008884529662
-0.300924303869464,-1.6616888507863,0.296207611202149,-0.0754808874046696
-0.213349405510672,-2.48956932054317,-0.923399800386908,0.137509432148171
0.253270149612449,-0.157739126104425,-0.767368524570492,0.124567670699906
-1.42008804484053,-1.36466470258706,0.0500595402593795,2.47305622342808
-1.83543665542799,-1.58318122225823,-1.47467061459527,-2.25103632431599
1.80678937403827,0.947877841897459,-0.639063288246927,-0.859383372711255
-0.574995742510381,-4.82968010295632,-3.24451303110391,-0.595392817686358
-0.457880856793051,0.403658953880327,-0.0989400604541091,-0.114523063320287
-0.992955765989436,2.46820768315316,1.85492857480466,3.36881968179721
0.144072596665995,0.999947872136888,-1.01907167600168,-0.716073061613091
0.591140522435689,1.56953778032334,0.13785012197319,-0.221495271643596
-0.228611237873408,-2.08137694600552,-0.805215705557392,-0.189531361173971
0.0147046935473733,-0.462551344522936,0.476193492888081,1.37992037581443
0.951392914928735,0.194843574249732,0.43983097721264,0.0520336377697284
-0.0107680770137928,0.984608605026455,0.390487667010812,0.105117508081178
-0.561343472177005,-0.539959165467692,0.214056494431368,-0.600970833504066
-0.0606100814465088,2.54884029873971,0.93693970832593,1.78426967029766
-0.842326346047997,-3.4703734143816,-1.56519643093305,-0.422760129598106
0.101888083639531,0.353691877438533,-0.258445885981439,-0.345012074512374
-0.897925784148349,-0.141284694135016,-0.0936641788148959,-1.22250548003396
1.39392544527667,0.750748314241012,-1.46070543645854,-1.56591473961419
-2.48652390438096,-2.14803693751538,0.24710724927751,0.83747070136033
0.401294135810678,-0.794455266361437,0.468646963223235,-0.139405315944643
-0.488027222960909,-1.76119417593223,-0.295936555543583,0.531431174616097
1.9871488081498,2.52647076804268,-0.421321553623053,-0.277200781987959
-0.234463430687309,0.670450168282653,1.70916282707951,3.10390092975647
0.481837360399392,2.61451728109965,1.02271557791236,-1.39377334587054
0.386893969204339,-2.65412598827018,-1.70750399990292,-2.10799425631175
0.247672409336777,-0.404086747888109,-0.313374260676139,1.30646708616795
0.518119835350654,1.02915334723339,-0.268352516637233,-0.665806796315892
1.99741373388409,2.73080328915583,0.223132079280812,-0.0970893533865062
0.927508823680672,1.16443823467878,-0.0100497288316784,0.217384360795028
0.19642414887758,0.0449840081070226,0.322783718356706,0.517671949080028
1.79026621898744,1.19236333645727,-0.0369070428549324,0.132958940081255
0.58319774918996,1.77476926155888,0.904484327031588,0.415516447009061
0.650333599101656,1.00180329408562,1.11138779285599,-0.149409663903681
1.2450301486185,-0.557962051851564,-2.22150816666723,-2.20908120975671
0.161106626019968,0.55105400140849,1.59327933270122,-0.223525732885692
0.725490691457639,0.767671111543615,-0.783800225109421,-0.26395500025215
-0.274480218132268,-1.90861831108393,-2.22109467358583,-2.18879391756722
0.124836065396146,1.78683012732413,1.29442350692169,0.418695989027991
0.0396426273274589,-0.635211186647676,-0.108849499304938,0.122134906408503
-0.63973303753229,2.04582991045868,1.39169909984526,2.45461634912087
2.03465321892986,2.90537814185657,-0.355825000808686,-1.03554388698046
-0.558897599388836,1.11295453252117,1.01065105336552,3.55500238973212
-0.355779410672021,-2.11160557040607,-1.75520326580382,-0.827408586503316
1.32441739035745,4.04937042452633,0.557000699892017,0.109165406600383
-0.0206222292289781,-1.78746677754924,-1.19117737752132,-0.971497201560658
1.16812642718924,1.72582605829798,0.956621191285795,0.978522573025608
-0.607357120914811,-2.73254612180505,-0.173556508416155,1.0661150377141
-0.0128416593054387,1.40042455838752,0.575262820860214,0.201307576500869
-0.250936878426421,0.200372143485127,0.0888444406814634,0.549809165353905
-0.969113640406662,-2.58015325478876,-1.25782067280473,0.928236604753626
-0.30331195336701,0.255857712241653,0.187681942721613,-0.905887399161311
-0.655267139665184,0.171145518149257,0.182371631960053,-0.123997690495934
0.857447324947049,0.212145513097153,-1.04058060816108,-3.21580378890242
-0.290983583023627,-1.31130266285718,-0.407180922379968,0.55254189435303
-0.0827812044442989,-0.599663181644535,0.0780058754148295,0.327329195978519
-0.827844692804802,2.24110024006271,2.80110367668117,3.60415235835231
0.215199005610929,-1.44607078052396,-0.16004455032493,-0.467098286293012
-1.61193635690363,-4.48747781277224,-1.65619622034796,-2.00245924001328
-2.94987178428323,-2.41021062895133,0.0642497815183808,-1.29332779028196
1.88010634326583,0.632673450978977,-0.235421158239893,0.170014936597565
0.757261697422699,-0.257545446374361,-0.483447612747935,-0.325301969324291
0.634728634060444,2.95567187591242,0.716512433092761,-1.55253455910259
-2.23650826580299,-1.67776345864272,0.347566106767377,0.482370012654503
0.677129117027189,1.41160144304408,0.233658698566,0.718078276850825
0.519814270578053,3.10086419565588,0.745561478967222,1.89508288765672
-0.0776550413999491,-0.435750748024978,-0.522171604226191,0.583675858801225
0.825038762653747,0.318743760440934,0.23787912398364,1.34530288660512
1.1205690307062,3.62853286003978,1.74896944696999,1.66226827729046
-0.122163599186946,-0.573843504182951,0.46694408109582,0.74599166458785
1.94533707765883,-0.583687252147217,-2.03220129098533,-1.52361567256456
0.988362699499805,1.69331940055041,0.76537901402111,1.65826256720916
1.22438538128579,-0.747059701656672,-1.92683514040522,-1.94055513159702
-0.315117614832637,-1.47843224177179,-1.86099611990119,-2.48088420157803
-0.131122855661501,-1.4929023966458,-0.482406902070667,-0.969117220469713
-0.922585422453901,0.524246003251358,1.15328467192036,1.28607168464263
0.407369085480355,3.08663320852151,-0.159908148318938,-1.85489511170745
0.264011434380507,-0.612184360865896,0.0989509864600506,-1.0648138623991
0.0912835539416647,0.139548260415995,-0.635535354924468,-0.610012662731877
-0.680687428865753,-2.09844341014366,-0.765868046252209,-1.11313107867565
-0.231969495130984,1.85099936673718,1.32188881414549,1.27138561924791
1.98511178276459,2.89858655968527,-0.656150402770512,-1.51865807594932
-0.929159357105225,-1.80946818793676,-0.221229788482074,0.484926684921325
-0.406090232626196,-2.80931658533237,-1.26244491582055,-1.28581499135814
-1.40343255381246,-1.84700656909254,0.0821574370875093,-0.63459363960617
-1.24072906757593,-1.38273135895317,-0.150389467876972,1.17049487517232
-0.286765201435186,1.44409673023653,1.02269946197322,2.16988105332787
-0.391287301787077,-2.42018570055002,-1.27602278508208,-2.03225804713012
-0.616901564232573,-1.47925759407948,-0.772860142544066,-0.576368488155989
-0.773844309532882,1.10460343443669,1.0016943898274,0.701456024541419
-0.196626923218971,-1.96723777615248,-0.996167098057085,-1.43726045704809
1.13402054312043,0.847058784640601,0.390403233445881,0.824430788915441
-0.357801185526678,0.712871181384764,1.03754348686749,-0.20352098552186
-1.2832038636231,-1.78990817854442,0.792310600577029,1.16980060972036
-1.06905180450069,-2.57315518563436,-2.15520971922013,-0.996230435707112
-2.00434764907113,-0.420986755681102,1.36408984781559,0.594449243051054
-1.71051632221807,-3.36062657238191,-1.37632675134927,-0.45169694003854
-0.747420182762966,1.21609613771245,1.08435240240787,3.02058308289548
-0.976415461234376,1.51989182748636,0.989101251548765,-0.421700500795552
-1.14902611060112,-4.33146157660908,-1.63320895872862,-3.09907611265556
1.98924365380742,1.49374707600883,-0.335482888703871,-0.491569544559725
1.7511310826985,2.26286265204009,0.784607820579407,1.47592242245733
2.56440930061295,1.81271846609677,-1.58989034194039,-2.52401616396355
0.776495901541338,1.37157004314007,-0.246405904378423,0.305653450830544
-0.161248544839263,-1.24827041918298,-1.0955976600039,-2.06354538614145
-1.04326069445062,0.190467955862669,1.85659168994658,4.03103993062697
-1.10076626213621,-1.43497228510659,0.578434671868046,1.4258588386216
-0.496873947470779,2.90858678463138,1.48880686519094,-0.0221947759407848
1.28052092659645,0.599692338296026,-0.685783514134596,-0.44869009494205
0.666470562339114,3.21958771605681,2.52661827034976,2.7370204196096
0.889500197272317,-1.83496509991451,-0.757837385705272,0.554049091176875
-0.187121427736611,0.431317995668906,0.853978516543677,0.9730651536532
-1.55363634292591,-0.709071287032817,-0.551458064444848,-0.157838383721831
0.326402671779581,-1.51340433334782,-1.65024014858974,-1.79152558681748
-0.214611972064497,0.575503929146574,1.41499288060497,1.80972934810698
-0.303958307149332,-0.857055431506588,-0.32925944587728,-0.906693470365388
2.18417322839228,2.04127864817154,-0.767874868314025,1.79156449713643
0.869691283218553,-0.438254447536125,-0.0915910887172496,-0.269283843925143
-0.228406203687321,-3.05499346396011,-0.624788373470561,-2.00997056461505
-1.90344641952332,-1.35347238323542,0.530220011580549,1.23864513059652
-0.286641470723756,1.65657133976191,1.65648911963067,1.26260712839857
0.990388920100186,-0.54989943333682,-1.24521012033969,-2.30671803417712
0.37282099271425,-0.506501089164976,-1.61668059415878,-0.925050827811267
0.272107368015517,1.06090489930118,0.163973688231991,0.0530296691128511
1.04509363912809,1.05056986424356,0.454986348407608,0.142931930048877
-0.169009987214824,-0.249536281759155,-0.393270060254165,0.00364661594032928
-0.345802025216759,-0.581464195810505,-0.821902759213076,-1.28119350701202
-0.253966133668967,0.0195166780015774,0.37138568016561,1.14063706253027
0.734512927460703,1.77324987707764,0.781040626342232,2.87019485613159
-0.269348130964323,-0.0147156120178482,-0.687095852793583,-0.363173473122703
0.760301142439061,0.742641256157037,-1.03107948763825,-0.632753239200698
-1.2281836193586,0.00699669272977343,0.593786139205081,-0.624832204256833
-1.27106502138202,-1.23648254559891,-0.681838969710806,-1.0920836084254
0.127383608306443,1.70710774520021,0.175564396274469,0.78275901376224
0.760383157988027,2.23835908668169,0.400491110972987,0.315115369873516
-0.407652916022205,-0.83063456102445,0.493459227949538,-0.447788963736496
-0.577421344918043,-2.19161792830731,-0.458808376342663,-0.390369919867147
-2.83937616690889,-2.78668187123477,-0.110752663025387,1.03390587899698
0.374320874220963,-0.162399499446788,-0.591786716859995,-0.409686494123192
-0.902854978742815,-2.20902174755662,-1.42527871162682,-2.35901101939104
0.402574906183067,-0.129027575668667,-0.564951327926288,-0.615792588658494
1.4272117229534,1.0939229566892,0.926179623973766,0.753552533875405
-0.495919045927329,1.6746804498004,0.244244883969543,0.926086838701495
0.696725381553881,1.91733792039112,-0.268125757604161,-2.65381245828127
-0.152545773297634,2.67878916199809,-0.0925834918524196,-0.389378773314808
0.368604635711658,2.86040916088478,1.3048237094693,1.6079219107793
-1.15579938527956,0.778872061925492,1.66156535743331,0.83264695484504
0.417823594928106,0.14275106791735,0.186739370812401,0.250122519297565
1.30496154444897,0.234131275130164,-0.267899700363426,-0.0214624441137206
1.79671185562111,3.06662312160341,1.47844168280603,2.1659748968768
-1.18738065485708,-2.48176940403584,-0.486525918308516,-0.424802471903764
0.533685008357217,0.915388613330311,0.142178835191298,0.583154045251113
-0.508024170765753,-0.794306694425593,-0.686039558778665,-1.4105399356706
0.522720628103725,-2.71068825106195,-1.01117664648801,-0.749709368601369
-0.178463862456432,-1.60838076720002,-1.12027442865218,0.652378596103072
-0.248033265601507,1.61754023064999,0.694260130087873,1.99638461664907
0.682099496739719,2.37110636969757,0.489793379612867,1.11086661018915
0.746201526735843,-0.435443985703887,-0.834725485678904,-0.206414162442295
0.279077037786067,0.0835043561219498,-0.694795392211346,1.07438972514508
0.46404938204628,1.28089694121134,0.576585634063538,0.988517369305244
0.378460412533289,1.01119119062073,-0.296650328109066,0.656482407997453
0.278374001552994,1.60437490473311,-0.304469144046669,-1.46588086037
0.0912301601069542,0.788387358204764,0.653392690198042,0.823297418611086
0.915610225764827,2.56897722840916,0.0579304641765293,-0.466892601894745
0.709899292255341,2.37074963587511,0.63115695196519,0.623073154019537
0.793932838572023,-0.748499338903031,-1.43326531993459,-2.40950620897214
1.1069684984941,2.35044277890965,0.296414729185797,0.872320200765416
0.549337333014554,-0.67428938027336,0.363613448033466,-0.606224244112283
-0.152998328694666,1.95419969069741,0.62166741790436,1.18219978967645
-1.08947042324526,-1.37035696466286,-0.285126694917454,-0.603704789087732
-0.488032453801593,0.864475618986544,1.92864250423474,3.11804268675583
-0.869954917300795,1.23825902995236,1.4947621022955,-0.82276658879542
-0.298508586975253,-0.49187475692213,-0.356582900340472,0.407060122323981
-0.525294572640387,-0.961956984914826,-0.628434359427824,0.0473426363730735
-0.196685815876952,0.133490396019456,1.13793752225978,1.50009566154879
-1.02389991827425,-1.72084407808485,-0.433491943118345,-1.39277041290812
-0.622302116573955,0.329523415482304,0.282462699912938,-1.62067342016023
0.35558715707793,1.07228077627851,-0.567596392977968,-0.929933141386616
0.213605953502618,-1.40292555475122,-0.224784893533785,-0.973536447907658
-0.404069681572142,-0.145059558236758,-0.326888585031817,-0.602641115789177
1.01282233205102,0.515314295828593,1.09654022464478,-0.781698159684814
-1.64112944133307,-2.68708732850666,-1.58648434764906,-0.676755582184955
0.482758608560415,0.121132479406197,-1.23970234412454,-0.913059050943818
1.56983056712062,1.9230933165738,0.343846626803787,1.00342010522134
-0.407847758248619,0.527942412152461,0.91857148147805,0.39250376072754
0.387584918040847,0.490667158386881,0.0110095913631412,-0.375252497204056
-0.558288003324279,-0.588592936813305,0.287507574867477,0.519449286078626
-0.0220150362400862,2.79968641980531,1.71575123763093,1.18948543284145
0.815603462122397,-0.0710879195490879,0.271390832339718,0.309533234361591
-0.914014481393565,0.968191425109593,1.36581310420161,1.62179656965635
-0.554820797749138,-1.45885176734322,-0.879075330921441,0.0542495315425281
0.532223347384848,0.00172969219096131,0.644634637773963,0.408012893743309
0.415709689724458,1.17377303967527,-1.11354013523703,-0.899536952225537
0.806859181812312,0.218703476856986,0.23141099166857,-0.790505355389225
1.25274819689651,-0.305434217212766,-0.261762347675815,-1.35292086849277
0.769852741781516,-0.293923784829728,-0.359585355337272,0.305145411009321
-1.07763260721319,0.148877305260507,1.01116811369882,1.95177324015072
0.153781366543957,-1.00102097666378,-0.0144757323471255,-0.11150989093013
-0.399087420248963,-0.610678763881603,-0.639178619929021,-2.04564738300713
-0.00585749811279422,1.4885668865099,1.99815794534783,3.37515983723175
0.917362355389143,2.13327109925583,2.10382791831822,4.19574064267449
0.276155443869339,-0.252682422431679,-0.949212157870943,1.52331860015616
0.155188360208886,0.329855957230953,1.00342391128704,1.23896258690267
-0.120114745397783,0.0106726555494447,0.765145081461041,-0.847345132690416
0.397018504856981,-0.13038317097978,0.348905490487017,-1.38756294983792
-1.17862518855815,-0.580791017729007,0.406585886286424,-0.623038415951107
-0.421548024007117,2.60546193835271,1.17248075808454,0.759428718540503
1.61657603604283,3.54292262797854,1.5152838117267,1.72102456979004
0.616122843297705,1.29244583714202,-1.42237039657894,-2.22791920576211
-0.9617940267648,-1.3145939954752,-0.136107727812848,-1.786222139016
-1.22855665934927,0.112249207618443,-0.0470971018139319,-1.2655491830328
-0.959330253589292,0.00365422741183041,1.86894577811214,0.941848909455576
0.580156856563299,-0.334790475506673,0.700841259436395,1.55527551012407
0.433158964582613,-0.498287257703336,-0.970354771838411,-2.51655555873767
-0.568582303141119,0.706784596922181,0.604201032153176,0.845583327095531
-0.368684340898934,-2.70430190489575,-1.75325660852774,-2.36068100608531
0.978228069525606,0.735575794369972,0.572419467765244,-0.513904447423127
-0.307073609966018,0.224143986156732,0.563353981415384,0.892603869071048
-0.0584092798451658,0.929614157059175,1.81181723279347,3.14487095987802
0.352533747158679,-0.235790817266087,-0.0110222688905415,-0.0662900358294087
-0.182327630508894,0.915481154040466,0.635093996497691,-0.16345587189964
-0.735026404402801,-1.45834972673983,0.273015510951818,-0.188892066909946
-0.41294127515641,0.0898240592486961,-0.673189132045193,-0.176044244391128
-1.08100043519868,-0.407212182030126,-0.527575022526903,0.792160613966946
0.469312616007674,-2.32544309007764,-1.12985754191188,-0.745172512022194
1.33204012251754,1.80392174592803,0.580104721783702,1.03340448006374
0.244262635869097,0.0867628709081344,0.255252309686056,-1.60051873294397
0.81272922619384,1.91994673311592,-0.77518791414077,0.592686984043235
-0.651135024934329,-0.993870763974764,-1.10502267103713,-0.285911491854596
-0.140308776263568,-1.03599677474774,-0.861703768533097,0.542413277148674
-0.13611215659361,-1.25596250972884,-0.421966528122594,0.0635182603987196
-1.43064062509921,-4.10453200492955,-2.35900186440948,-2.7156638768229
0.08889294253109,-0.0522137915869682,0.0264717499476895,0.758990686592821
0.479237258969012,2.38463360425308,0.905004414559342,0.0827113121107846
0.683406455538803,0.655261509373094,0.0328784887183902,-0.337608979138562
1.3156540407747,2.23965665763732,1.12453357771805,0.674292688659442
-1.4726494367775,0.0101767949957794,-0.332343918501093,0.123358240347805
0.617651459020608,0.703083406978301,0.146127269800463,-0.474482001862603
0.717074072832601,-2.17200311353505,-0.633212777332287,-0.309239239952092
-0.210025808024777,-1.90091522253572,-1.72809673837613,-0.747042691409099
0.602459332748625,3.33692702324999,0.318769540258446,0.35515035600668
-1.4145324747417,-0.322743810868884,0.517510386927338,1.05992599085297
0.214394673940768,0.893511069877906,0.373065095225505,-1.70886389635711
-3.12908819139171,-3.31814411803531,-1.3627223830077,0.0041899094126292
0.31205830314547,-0.811943024107186,-0.615968099141587,-0.285352727297314
1.60156345500434,0.900961438509996,-1.04823154828283,-1.83353633189763
1.54198702770824,0.11923251382711,-0.768870401358995,-2.74434450013869
-2.6596693797359,-2.33640848405011,-0.227944866871359,1.38063121463077
0.535026842684138,0.498521767163238,-0.687473846711804,0.370781987795253
-0.349720994346983,2.18551384335491,0.760748764532833,1.63663301093394
-0.0250080580964582,-0.387923784840297,-0.316127583308891,1.24326961274173
-2.2161334557135,-3.4828512223369,-0.714384081903649,-1.36507576828996
0.385040501175137,1.31844464434318,-0.708403456998084,0.0363040662233567
-0.526720687742884,0.791922777906914,0.781813803666414,-0.720744240938994
0.373889488898866,-1.11604760679815,-0.73687208815438,-1.14305343655783
-0.191218200356621,0.779812297580284,0.110098513060153,-0.41941707427416
-1.02543755537228,-1.95790489825524,0.279088738093676,0.350965442669187
0.333196336107161,-1.82525239275844,-0.992450550915932,-0.815293160372399
0.595069071311139,0.575742998212771,1.30633808438067,1.83258690741194
0.0543192874307289,-2.10906554548196,-0.450153164119154,-1.2005263794915
0.567101587438083,1.20942429481234,0.592053275849651,-0.0617504929241491
-0.464010628735977,-3.52144991906171,-1.83729941069259,-1.9930646638065
1.28480081505999,0.949363103409228,-0.807652139422778,-0.993161911727208
-0.35797228180566,2.38795363377379,1.43851117349902,0.567989141671516
-0.579651889845945,-2.03099336212566,-0.882164351800004,-0.205395860178339
1.04159278248064,1.31875556075567,1.44095921682797,0.970000113928692
1.11488218107788,1.71850074975852,0.193917782132556,1.61804857226935
0.680655637101081,-0.587964346616904,-0.479841401462735,-0.992573096699877
0.220506659926104,1.59493443746673,-0.0156167183559989,-2.14872655500121
1.5948859846481,-0.863810862786491,-1.09727487835674,-0.0191716364831929
-1.0106408939135,-1.22867305958618,-0.498838553315263,-1.37862721186311
1.1377699929415,2.52456650926786,0.978887788873877,1.36975906417747
1.71439383448494,0.0129378517929972,-1.05799892141153,-0.54506551408937
0.0546095741367307,0.141366998388558,0.502102401166272,-0.662492260698401
0.585722003945402,0.911132375235193,-0.454303528346146,-0.782837347675267
0.609702193642644,-0.261480805434009,0.0171859095383888,-0.541900961523634
1.19358200831037,-0.532967871969199,-0.94635162558389,-1.00231998855765
-0.858810426620774,-0.565137056905246,0.816420407620138,0.265251792301802
0.895706193348967,0.579577383427954,1.04191067805178,0.53730611892937
-1.70894706616893,-1.77892497406977,0.12028715026157,1.21580592963049
2.07690354539009,2.71546296695361,0.342431001691356,1.91812415458126
-0.571339759295446,-2.52067297212066,-1.24443752783954,-1.88005782047982
-0.316190965486705,0.0575401642397191,1.48587970996335,2.58873982370527
0.258885176649788,0.791922126324945,0.108765031220982,1.51437506222338
-1.25031206020367,-0.542387905735335,1.00975233028376,3.37637184062587
-0.262894843235988,1.47717662113731,1.79525652780425,2.60572138569256
0.0614874404655674,-1.07319500160372,-1.219425336508,-0.390780390827882
-0.339967488178091,-1.62469640703242,-1.12813254823831,-2.26771995697706
2.02629406134448,3.06781671993216,0.792145144399708,1.41082029602897
-1.78676065095644,-2.61867729886817,0.909497299053458,-1.71239453990771
-0.105388415641915,-3.17983507430997,-1.21027770452741,-1.17480143575316
1.17884728859329,0.458077448644109,-0.114938329810004,-1.45488220185623
-0.836164804463538,-0.817298414412432,0.703869506641927,0.449111143856512
-0.138951121805986,0.00286195030120062,0.361527678673598,0.904004383035302
1.94328489677314,2.33086659909259,-0.354563374720144,0.603413184299749
-1.86734559765039,-3.18333705736543,-1.02441878282213,-1.00296480382403
-0.80359786515808,0.822256469692068,1.84075093242385,1.85670709552432
-1.19840856257805,-2.73456470003871,-2.44591386731632,-1.83786974309635
0.62952138428992,0.0570147033940008,-1.21710516699133,-0.405899475893989
-0.866128522960584,0.0334139595581671,0.709114273075273,2.33775298460494
0.467805602966812,1.66231884392393,1.38773244230573,2.20565082415292
-0.645806382206571,1.12796718064735,0.71914387834435,3.35642623316399
-0.152525559658479,0.458074397516716,0.731668491006726,1.38752009069743
0.856214879376642,2.92549085840341,-0.393697977598548,-0.566924097878758
0.137003753628528,1.72259978917846,0.114099114603336,1.24763114305152
-1.94070545396635,-0.352090522908791,1.81737873407812,2.65298455582764
-0.535887467461224,0.344362221405726,1.43866743314808,3.0999054218238
0.713595097676634,3.04182301663668,1.20330617616197,2.5050254985744
1.86014831963883,1.16513685769837,-0.375997006276349,0.0673125240077601
-1.11482614497505,-4.89724520407704,-2.13745068034255,-1.87707754663512
-0.228621036089534,-2.4250848027425,-1.52230476561117,-1.85380821707342
-0.0815898798548839,4.09533191045454,2.02561514902275,1.49329257928801
-0.732566487362174,0.272286506344068,-0.423085913263084,-0.949337420839066
-1.38263282305576,-2.40044525611508,-0.179750972886419,0.387411085539576
1.83879660034406,1.38722966299578,0.0628800750859495,-0.179500618970308
1.47833445941722,0.281614515962042,-1.15017272913011,-1.53946620213689
-1.40678671660781,-0.73832364671838,-0.137243220949175,-1.49287592967453
-1.88397213212785,-2.36195263815232,-0.419503663412589,-2.15164401116572
-0.277366227607279,1.16854069576502,0.762509481472903,1.02257981476778
0.430427805191253,0.350009115056424,0.016731941269528,-1.0868101787546
-0.128786668054707,-0.850813259710149,-1.2336868713361,-1.91944169264847
1.1292645954138,1.29022448989248,-0.420549395552965,-2.2892324486917
-0.246528493011147,-0.811393730870241,-1.09954335554822,-0.0682746801482197
-1.16554781579066,0.40655490781074,0.912291635547194,0.814459391350907
1.51988229295041,1.25463363527673,-0.124207422912251,-0.701464760197089
-0.234026743812637,-0.873243153987535,0.898576296486571,-1.72496892803182
-0.283973587038927,0.651041405372991,0.171946144174811,-0.346926030110826
-0.263158284120996,-0.0513847731142256,-0.315281085684624,0.625752536615759
0.0560043037582182,-3.02493859196894,-2.13775960437404,-2.63130403226469
-2.31866188966679,-1.41720097918816,0.732749886571916,1.37260949782464
0.683297132017777,0.764668087657989,0.049304161004559,1.21851920759298
0.721231898711608,0.569608730831807,-0.18264045414027,-0.638857134584588
0.629245190810868,0.576838847544846,-0.253162468569529,-0.999901893700431
-0.411125620176541,0.0410494076426985,0.0627734933641551,0.651372548844517
0.0993084268808665,0.140731524741428,0.769563332305791,0.682671935860747
-1.4349126716445,-0.0835674329599401,0.319151005944065,0.0122433236146139
0.359780354270464,-1.37246972530839,-1.40743099326565,-2.15090336886617
-0.817055357054789,-0.284162084143858,0.398792988064905,0.922192107386014
1.31689292485862,1.12522104098602,0.800758828576303,0.371682282890725
-0.9258235679908,-1.73951083037268,0.463820474038392,0.556547720363979
-2.05908538293546,-0.916916205398113,0.936874202446041,2.48603419839522
0.172659183962971,-2.86314902088035,-1.82833285194706,-2.16849700527677
-1.63055613264585,-2.90209967494728,-0.109738583832795,0.142017284786151
-0.927846619109304,-1.6469728321,0.655686898378199,0.615448917435628
0.804032290142514,0.807370427559048,0.0757122649953796,0.480117576482074
1.8723317486393,2.02284684162824,0.159712240622364,2.09935621156394
-0.262678090014843,0.493614472599339,0.610379441043772,0.983590029319232
0.971651297680579,1.76593652731077,0.943562284246043,0.941417357792137
-1.37736386169196,-4.35524775460294,-0.901209318460694,-1.12811714611484
1.73050131428387,1.08715926159451,-0.693771793461413,-0.83017447838101
-0.00508718145513425,0.73219047715898,-0.591898055525648,-0.261665317571501
-0.779880243419497,0.650302518528833,0.738650016074299,0.524182246696479
0.397543921415631,-0.330753367171545,-0.0602241215960477,-0.638860638485971
-0.809248936707142,-0.758377288136816,0.706948117692478,1.04123223699287
0.050323030248645,0.9648126334008,-0.172718823959341,-0.124299366167044
0.101772041721814,-2.00443841615505,-0.832718394435131,-0.471445880859828
1.16912354606323,4.62152574560237,1.69904987437239,3.07268113185539
-0.566591093897041,0.121855145517261,1.96189218497303,3.63098245414451
-0.375340288323561,-0.890400535107048,-0.012157780589487,0.307430007915382
0.123993538996108,-2.36773528894385,-1.27534228867444,-0.198282989010164
0.897374477733325,0.910490702924492,1.58441603975544,2.58441311569859
1.89559699317342,1.62433968389179,-0.080138101331242,-0.543157326444723
1.58218645567045,2.30111403030458,0.476603242612491,-0.70670902089341
0.960255353783174,-1.52083990016046,-1.47054951416845,-3.41747184535462
-1.90307697710446,1.73921147729959,1.73189250950808,1.63573411822131
0.947324753875237,4.48513140079427,1.6890614838874,0.548985457783657
0.753420372173012,0.437941058552695,0.169805097703587,1.18520065207319
-0.697797127021826,-0.956218347253798,-0.596773483892366,0.793330987573246
-0.564930211034253,-1.77635262249954,-2.20887079124532,-2.48212228144397
-1.36915034494198,-2.96560366511948,-0.380718858499669,-1.77911546761845
-0.0125469747796106,1.4936844438414,0.734802353992525,1.52717406154458
0.0906300156783073,0.0244652943496694,0.768723667833359,0.806166863463186
-1.75355046064458,-4.0049901753826,-0.615397264299072,0.175013826874115
-1.58133763297504,0.414484510482484,1.6366589556123,1.26393518621214
0.174485077417376,1.66306878147875,0.554927914117904,1.64571608596975
-1.02688393836773,0.642344517126788,0.0369511456061343,0.652188250417871
-0.299216322369481,0.420834167553185,-0.197382354918815,0.0728634998722999
1.00771668611063,2.22412123225427,-0.563612339437077,0.713885727728055
-0.42591120128335,-3.7254925675792,-0.406202430764528,-2.23458845680515
0.127064314826948,1.90693599531356,0.246850477096573,-0.199122627377114
0.615771024583157,1.72704915435086,-0.0504969692924145,1.39507460532302
-1.12465771102114,-0.0247826871877311,1.53438764112519,1.11865332458519
1.24267702194518,2.03984837806552,-0.0279114233581441,-1.4416215987586
0.917015357279716,0.0148389941958431,-0.730314563925114,-2.09396048392661
1.27296529299446,-0.685294430865596,-1.9163506928201,-3.5072325647552
-0.42620110290016,1.50941902041377,1.18503271923781,-1.14979838031519
-1.46431958960135,-2.29429404085617,-0.28976143612608,1.29202178909392
0.511162949780878,-0.271453634933916,-1.40476237322014,-1.6276990964186
0.618532251784249,-1.39695595994097,-0.879432674781996,1.04469234205664
2.54036862385644,6.08208278514125,2.54298800883599,2.4034730402139
1.71949292604995,2.19067846385355,-1.28533523310782,-0.680330652196985
-0.464882764513658,-0.0969114445111378,0.292203659952852,0.116888996902482
-1.00677729019296,-2.77679332814066,-1.8426682959356,-2.04593761736244
0.620988963443898,-0.337924347392766,-0.241022594064045,0.76069051687529
1.99324249254339,3.52410508535617,0.320739359560787,1.92127621167885
-1.18313396550829,-2.49142090809585,-0.242121325433994,-0.466033931729994
-0.780501608586493,-0.825845308506848,0.00801963812099847,-0.0682412851850305
1.74769498790242,1.32987374647071,-0.235329215698769,-1.904048343687
1.83718698216698,3.6581282686929,0.917778055444301,1.21621837490191
0.194556414446477,-0.229091326252152,-0.0767666559549431,-1.11379157854617
-1.62023028423844,0.060944332458283,1.61196612412767,0.945382606700248
-0.542570527423244,-0.964103619868204,0.739729828702797,-0.124323300399757
1.16741884047502,0.921617690327126,-0.0986318780144596,1.30048304666293
2.15373357487731,2.56574035253693,1.10282635787543,0.770541011034816
-0.0158765401725334,-0.389550291939515,0.0371571780460954,-0.255537153791038
-0.631445133964004,-0.535839441587943,0.327593448140245,-0.155177774328863
0.30528731624952,0.895255398063449,-0.265575948514384,-1.44090068756384
0.144878603892084,-2.30667625221022,-3.01111522010195,-4.13984494855869
-0.909335306190533,-1.67699507261032,-0.492664942850859,-2.9194210442337
0.591884173719186,-2.20661928737982,-1.48852903018764,-0.645101221866786
1.39044430779123,1.42350040605624,0.0199449401850468,0.055687866445816
0.0131204272854507,0.869355879131299,0.133561765924158,-0.0209210603074639
0.625750200559898,1.36852800843707,0.40795412075066,0.272715664795248
0.252085033197336,1.57342991857866,0.269037940165687,-0.339124236855718
0.461566093810851,2.85554943352045,2.2088787715598,3.39670000055194
-0.21362309040986,-0.58327030307046,0.0228312518226173,-0.382718189058961
1.19787605791361,2.12879651668879,0.693324477312238,1.07351703227095
0.231803133441912,-1.08148266192415,0.0678358858933361,-0.176621230216568
-0.502841451950738,-0.222770915979036,1.83186846388028,-0.356881058267605
0.630457130487061,1.81076972177635,0.73511926606533,1.95141300651421
0.957297525780924,3.12603363502446,1.11729653536888,0.502172168446902
-0.0744828631416607,-3.02967465871919,-2.02088826861195,-1.72117280911659
-2.67816441082093,-1.37946690846913,0.531189734188564,1.93825184334467
1.63616438658732,1.09463474378914,-0.80511444409112,-1.03671914271215
-0.750630548636383,-0.046154664776434,0.919868325296479,0.570126025336127
-0.349143907623776,1.31103482539338,-0.147128984537846,0.247967364619949
1.61863073979497,2.65881289053754,0.683649963769939,-1.78661702124931
-1.89803988850216,-2.94678391944411,0.43810233642297,-0.137776842369
-1.1065443604311,-2.08561180737339,-1.97468177390464,-0.834139883799642
-0.749450708751393,-1.56033700666479,-0.943065360125384,-1.95697405599015
-1.31288137012789,-0.378689377375483,-0.52934049633808,-1.05434382454323
1.10328832396475,2.07407195313857,0.815819949827092,1.7188181879938
1.26449613364349,-0.0838395028793467,-0.369974626790149,0.245620433385791
0.500876131100523,-0.329600934190762,-0.191736479242306,1.32539292781002
-0.43940582572685,1.42283689927231,0.333348075440105,1.17543511708848
-0.423679975612137,-0.46596633159035,-0.0830371439744179,0.12300041198072
-0.568073072207334,-2.50475737679569,-1.12759630480998,-1.7006697765398
-0.524706366281828,3.00837173584287,1.79036495385344,3.17662504185163
0.482825593869976,-0.809497869418441,-0.681261184608709,-1.48166204504092
0.909263365392755,0.802648153114234,-0.0513658133591758,-1.02598234895942
-0.456577687018755,-0.834461295294133,-0.452299303482326,-1.3263283445161
0.318990398966857,-0.311214614249733,-0.722286571270103,-2.66460983085146
-2.38579275089487,-3.21441948522017,-0.574184759711775,-0.116318232280119
0.075836973157585,0.131985028272435,-0.214271752179563,0.342605388115285
-0.878441856374896,-1.36360948309618,-1.1671916417008,-0.733210173049915
1.09853317980309,2.02437835980472,1.86611580148952,2.2674153285222
1.18582440763367,0.973425320612866,-0.26378515300468,-0.112992334952755
-2.19649538110396,-2.66576323920395,-1.39333519890394,-1.09975755799859
0.92231751847207,2.18004873292314,1.00928583699386,2.16665002695161
-0.565728393717844,-1.1570149673699,-0.131229006184165,-0.486428753725565
-0.163941021677803,-1.5335213176996,-0.622132598503772,0.433641255052086
0.898500827015439,2.00780746361235,-0.576286009574799,-0.1534360551541
0.68916731902298,0.996291295269491,-0.120372271070585,-0.858811289646317
-0.819023245342681,-2.69461288292431,-1.65690685531624,-2.86371557551563
0.320066756976218,-0.945085778285157,-0.113792616536761,-2.03242569160029
-0.467075231215858,0.351138770152077,1.91236445192699,-0.651900383188778
1.25185533604649,0.101439250040376,-2.19082062386216,-1.77877150407433
-1.57147258552999,0.0320740755255851,0.650234872785155,0.670315888232499
0.819754452082411,0.0175724938394997,0.321910696068711,-0.814061839991243
1.39109608819633,4.1997270162054,2.61195251871208,3.05417083801863
-2.60952500918578,-2.78762513383212,-0.560361895744937,1.29028663876747
0.647746596960509,1.50588991963677,-0.472080818153382,0.963164591269229
-0.362979582071462,-0.74925413594784,-0.240645872463798,-0.186827722947301
0.110221751018043,0.393042926054409,-0.11157043472708,0.237489937890965
-0.270074147559846,0.332467528342654,-0.752731502463392,0.449262652517197
0.692097306933716,0.471022757047756,0.117280180311934,0.575829535989028
0.928280305471999,3.748030017434,2.00107004659704,1.30039191000725
0.593130101339695,3.10024345481499,0.345479370829227,1.57963119764065
-0.106292768822515,0.709096481589702,0.893642249231753,-1.16456461644413
-0.42412912886889,-0.336208763360765,-0.00824396184554374,1.7858956836959
-0.14031375201881,0.385119753767744,1.32686657245959,2.03857359625059
-0.227291151311803,-0.528893416021136,-0.210451678326361,-0.830913472680512
0.205061938233205,0.213060029883834,0.0244180285901029,1.21768191327716
-0.824595488543724,-1.76265115703388,-0.932872259593832,-0.690503151921198
0.584580583678504,-0.319780018424186,-0.124323127040787,0.425117668492065
-0.998298665870284,-2.28004454956894,-0.435922355373505,-0.782756561459096
-1.48428150612725,0.0274552145250369,0.15286525288029,0.838355857621329
0.25777748308749,-0.979067137188531,0.623380051324935,-0.532509164032307
0.415290004058814,1.17349158430982,0.991843171766217,0.883294770747178
1.02541957291262,0.436652675301781,0.215402789784035,1.09947771113933
0.726076067920901,0.289328907095283,1.85230005438306,0.592010859874724
0.219787376146357,0.891159959121999,0.131104628863639,0.860724886380072
0.691599611796066,0.921666815612831,-0.329040254620163,-0.486830098296572
-0.980497735371133,0.58792751429853,0.746051976909853,0.721001137455541
-1.14060970386147,-0.804846749873816,-0.562910846644531,-0.748692688373376
-1.21548799679483,-0.137587755789425,0.173658303097238,-0.719794621117207
0.0447285363233251,0.713357039856904,-0.254593962871416,-0.260944494857771
0.661470374680939,0.566365970503733,-1.16731368151569,-1.71965655582856
0.906392247142644,1.00063760201836,0.398107243837378,-0.34990537140003
1.48370145305015,-0.236165577413019,-0.490022012165855,0.252640417015417
0.329200587574838,0.967111478283735,-0.389142005813999,-0.712115087495522
-0.128191449344178,-0.447518007267089,-0.509227757340361,-1.11079737636179
-0.661276942989563,-1.2412667878668,0.192499955270867,-0.361058855559294
0.254068219646731,-1.4044658013237,-1.96722435006296,-1.85771194805651
-0.0643552748031504,-2.07720361577508,-2.38590839863095,-4.08231652646208
-0.325129316662193,0.452528571206422,0.793855345897559,1.25879343466589
-0.677023065282562,2.57317754582348,1.38421028435647,2.09920183482727
-1.0058648980287,-0.244874547202936,0.363907357782524,1.4607043989506
-0.982946998026845,-1.60104930300745,0.260955537098369,0.562535631900454
1.46883036183792,3.05667600111054,0.910255509360465,-1.05061058393208
0.250617833293516,-1.16691992235313,-1.04343175305092,-2.71925353714514
-0.430071756633296,-2.46049327087803,-0.922231379415496,-0.738716749292461
-1.57919107955978,-2.57469501102079,-0.0600088056181498,-1.77528301611733
0.192863736910639,1.96184064997153,1.66255935940255,3.54909007446904
-0.497300055180433,-1.43137503054243,0.524535083957625,-1.71032903251605
-0.0858915513421521,0.231835841730794,0.856449191821725,0.419580550475964
-0.207148755289783,2.27610705906245,2.26848037877614,3.14623089419567
0.776055388702504,-1.09713409991654,-1.32408201426139,-0.721740208621176
-0.0686352590528387,2.11872094088309,-0.0888232321939642,0.778770259385912
-0.178001417030709,-1.48269356492647,-1.93401309217163,-0.402994161279612
2.3728384785312,0.645078736534646,-0.590864655350865,0.17980704411223
1.08720419757735,-0.65262945639328,-0.869856317224308,-0.901007988150401
0.130018231301872,1.32803003959502,0.767962633496084,1.94055029516492
-0.731197996627968,-1.41682359035753,-0.615860517274851,-1.46691007963609
1.17912968355308,1.27298553593562,-0.432033819954957,-0.925993008570281
-0.932649556192767,-1.45221693664149,-0.10873496840893,-2.07927081718222
-0.0480641732276498,-2.17959238983585,1.01031014674791,1.95632684094427
0.852585748520976,1.66312087535549,1.66844564593753,3.85195383458511
-0.411312115325928,-2.38141933543825,-0.365194741714781,-0.267026663175832
-0.367209823908698,0.122057289490858,0.4887848379094,0.33892816891817
0.440309141403076,0.529883905877011,-1.22941177685305,-1.1347747395436
0.139471132630852,-1.85453599170905,-1.5234209773267,-1.31663319483438
-0.249252612008858,0.203303876132051,0.610428344114251,-0.0710626360800591
-0.209374034941842,-3.26540394178237,-2.14721053712935,-1.68671661045801
0.250899225803122,1.51493594526938,0.731258686742599,0.356887567458817
0.466728667413922,1.12352687068098,0.623655920784555,-0.226487820666626
1.29426181595304,1.76848252583806,0.336365703669981,-0.223836010803771
-0.419232279340387,-0.83117850061392,-0.0509386865693302,1.75471032223641
1.31665945128356,0.687682097876576,0.194685378350486,0.199760174465759
-1.46521635684288,-0.297681444245902,-0.803647810850366,0.807970702553491
-0.645086569893443,-0.815800593330556,-0.984605784135054,-0.475263114407298
-1.35290184950346,-1.32602664173183,0.739783656366274,1.82017742851368
0.30944156174369,-0.534299016994646,-0.0225226036017636,1.29031698335944
0.420861380723434,-1.04185248557212,-2.92804931099731,-3.78670865006768
-1.36602541858539,-2.14137666248376,-1.61109613903105,-1.11286782169413
0.0478644721567874,-0.142597747792937,0.91421013004894,0.600952339390947
-0.91386627420982,-1.66759469634559,-0.00515995843242173,-1.5036114927883
0.493842855094217,1.30205640570667,1.56524215218793,2.91970770062595
-1.55491383941194,-1.88291764007108,-0.618510865886842,-1.15425162865737
0.864717315822876,2.62893955491083,1.69892961820385,1.54443522333921
-0.044407932368369,-0.773388272871801,-0.051833539080454,-0.86693868347793
-1.03594269374147,-2.24413027340635,-1.42353067065204,-1.35986642913029
-0.0829221120128502,-1.69951080870493,-0.382852441308543,0.966747173846527
-0.265667025139044,-0.428932814988474,-0.603717500121869,1.26966983719278
-0.364461374099185,-1.54299104754227,-1.78968691645622,-1.06280761629124
-1.49734909156591,-0.744722474650376,-0.099989901727814,-0.368913727317221
-0.585210155969012,1.50447037976923,1.47439827828477,-0.591795645792093
-0.17332762282201,0.601881048198871,0.425172166263379,0.195789522744993
-1.48325220728214,-1.10345025939384,-0.312373828273013,-0.0691004382554055
0.302361385182744,-1.32106185429982,-0.443487999374283,-1.05876606550033
1.37311638605898,2.65417941623209,1.17702882101461,0.821684997396296
0.782087200345919,3.2692290457803,0.586360273850079,-2.09613278082663
-0.798532957525137,-1.22112767938754,-0.822812361358817,-1.28401995521855
-0.65686621713525,-1.21883682411226,0.73286399648012,0.675313800595772
-0.465692254480316,-0.182997508821876,0.668450307603454,-0.612201310738198
0.605893415386905,1.30630889153622,-0.681581904310009,-0.229739094781666
-0.0395195372513891,-0.656896194568102,-0.158909459982668,-0.370801091882703
-0.945056502792231,1.0415107258751,0.748823223176291,-0.303646666356616
-1.51198461058447,-3.52352350378418,-1.60215590026068,-0.110335985966124
0.559297162978602,1.24251784394769,0.170906658454038,1.42653770314778
-1.04396345037488,-2.17039752374816,-1.22971520021574,-0.846946452145936
0.497012072437788,-1.0892125267259,-1.21698243026987,-2.35517834503048
0.0730709155813911,0.00394350003673782,0.687777510965026,1.54812065754078
0.721771014943123,-0.299830165274001,-0.395493221554326,-1.52217537583129
1.09417150104969,1.13936014130176,0.42555060657397,2.75829542057901
-1.42329438949761,-1.25948131203432,0.978035101030043,1.42099679689882
1.02230365754448,2.98363123972879,1.19653500084901,1.13064189356031
0.687815078920929,-0.799996741638604,-1.43969566290783,-0.43784816080356
-0.307454889660927,0.277053293213766,-0.684376716111625,0.222448271072378
-0.0197490555703713,-0.636753577834341,-0.781762355196814,-0.587426575573402
0.488398385701636,-1.00007108900115,-0.312927362946315,-0.41401850217759
0.660500810354084,2.27291255496622,1.39735162514283,0.180736161795987
-1.71404332731453,-2.13141905994445,-0.138621517216762,-0.772050472196389
1.45885698110729,0.25930732928894,-1.80175625933663,-1.19606307751683
-1.40789548336394,-0.761486131777146,-0.814936098537302,-0.916588002191304
-2.0811641192689,-2.45704498967121,0.498918563296504,2.55500799680678
0.954239385650312,-0.710434664670611,-1.05121321818971,1.17229610107571
-1.51159225445321,-3.21807650642304,-0.811194586908848,-0.964112105401911
-0.224143134032667,2.29333701842905,1.53532408211032,1.76553919173389
-1.34652889551142,-1.73148484395047,-0.955009944055,-1.91603918451763
-1.79458430934769,-0.509505295112507,-0.828046709857882,1.05187766321701
-0.442113996050495,0.960372155282277,0.365593417507592,-0.782997565715353
0.647112024498933,2.26719254961255,0.952715895024838,-0.27970029369017
0.315899380117686,0.246985342981621,-0.238851030044969,-0.8505692931684
-0.642473816319186,1.00236183933064,0.0449221401744261,-0.813970059670805
-0.0157570470708231,2.68378567061033,1.30458006691834,1.25835857963626
-0.0986951474975073,-0.659342836345006,-0.488929912920058,-1.39607258953398
-0.0235244885614462,-2.80951857545827,-0.60787268144767,-1.56064919629137
-0.446038295193204,-1.48953919673281,0.339880960683145,1.09158046469597
0.360949902610342,0.658108149912778,1.38669845996642,0.956402777879915
-1.08270251099142,-2.13633940438624,-0.859372627411447,1.19446963144534
0.377517395774565,2.59051430449477,1.29373291502453,2.06532251916617
-0.339407704479161,-0.379398377317014,-0.204893131823156,0.360489458272385
-0.335598592028236,-2.109866451881,-0.297439906584115,-0.49523212245879
0.7058040936338,1.99643477232719,1.07585934385188,1.15859778530577
-0.427571822018134,1.69363984411217,1.34884392270012,-0.349043265129302
-0.985350251537578,-2.15466733613485,-0.943375272589171,-3.2918544721125
-1.20303834151224,-1.60409250662311,-0.779352518935231,-1.82435224232127
0.669032743364687,0.911061917319353,-0.278781736973767,-1.34324666546412
-2.33328737733905,-4.16769976261219,-0.983346809093704,-0.983890774194946
-0.416915573563025,-1.57246626089199,-1.07649947405721,-3.03318959665392
0.181456387645657,-0.485421110857429,0.551162851998328,0.0378077319128438
-1.37496040815191,-1.04233774734219,0.263411260772684,0.719583324534584
0.00696295872373336,-0.0119721494562307,0.0508918444976309,0.293754532599323
0.670240018934236,0.58566723190058,0.0507779399995197,0.411964333917245
-1.82442858730991,0.671673802538103,1.29627382251852,3.09620389782593
-0.887213958856379,1.31047335899313,0.0560509642654513,-0.116591608012552
1.76226244398383,2.4212812583107,0.725841979348706,-0.237961854160239
-0.65462442147273,-0.244864122595969,0.157287920500809,1.16363984379697
-0.966094459928818,-0.235153223118863,-0.481381081140555,-1.18418002684393
-0.857718561750186,-1.49587588080413,0.360261647313284,-1.76567519943799
-0.434319399579906,0.298348372853975,1.2736068174618,0.2314056839809
0.185919886253164,-1.08284120696017,-0.638670395343081,-1.14485414463773
-0.703667266915411,-0.665334707862738,0.655798660836742,0.766388606207291
0.201719599167546,0.0772094409283943,-0.9431392882275,-1.31961756325688
0.701952747275458,-0.42264202694111,-0.685184984956938,-1.94678515344473
0.336181512220115,-0.808244625145001,0.228734584689463,1.25928427859054
0.74982570129541,0.704909487486518,0.497823891531962,0.43713990549111
-0.800882335188553,2.9096354161381,1.88185132428108,2.8126502125376
-0.122741393064011,0.158509213722468,-0.40159315867736,-1.84861118568976
0.664288591501356,-2.18832492668592,-1.29957958277874,-0.673249883508254
0.0549578832347883,0.556603634865391,0.625113229882427,0.759376049430437
0.212695033841387,-1.52505115376115,-1.43215618059195,-0.8199785065095
0.0508606797200874,0.271426814272124,-0.319134810048101,-0.106568478535536
0.182916850669564,0.577939137629157,0.599951829482513,1.30082980917487
-0.0246729283718233,-1.81068884075121,-0.713279019680579,-1.63791311394071
-1.09939099821092,0.334161374726176,1.09380019905373,0.509137048585289
0.173999331072479,0.244121043447249,-1.65808110738455,-1.31886642098932
-0.45536672234928,-3.00444374590225,-2.74342015990967,-1.4645682612149
1.43577886180154,4.26376516757904,1.77591721533744,1.60691942942539
-0.529590169612876,0.40777913759278,0.717353018895609,1.51246217470331
0.152151396071861,1.25386224781604,1.78205906348755,3.82058159804907
-1.97326132409618,-2.6669526373158,0.407497943417942,-0.159773993630608
-0.658878760701194,-2.49863959173322,-0.00368822511066039,0.25443101573702
-0.828452648882737,0.278498807380339,0.35496095121908,1.45145320170489
1.23170354306709,2.56738881643087,-0.681010982578167,0.894218648922599
-0.151085950935197,1.64259573457768,1.3725072091264,1.08113348948753
0.144956274656509,0.552671382182003,-0.488821859637853,-1.70945395656228
0.300296912049029,2.02022892769519,-0.329490288375254,-0.76503561163133
-0.531111479264658,-0.844054167784399,-0.826736572005956,-1.76227261331532
0.300715141684049,0.422292692980318,0.390794277528899,-0.634553947715371
1.50662404051982,2.3855769654314,-1.2483145892703,-1.55329778320542
0.616992709956802,-1.15157519898651,-0.180707106448402,0.661598503434377
0.714400058203048,-0.85207444682495,-2.33748544187108,-2.41824145262771
-0.834522825751897,-1.09949407847466,0.249865156951706,0.266193885181115
0.179047539276805,0.0336232892839303,0.540546177559171,-0.00319947547355193
0.293346436715331,0.847871645142869,1.05997463557796,0.139626782508302
-0.655101630091572,-1.85331856336177,-0.725165075338438,0.534986355207824
0.117420548335933,-1.7235634824557,-1.61097713773266,-1.6474372470035
1.97352809039938,4.1053957577298,1.67420127648351,1.41927356329416
-0.974533231961422,-2.88285520622815,-1.74572732811934,-3.35049438292351
0.552947651207812,1.63698419662427,1.57479703410615,1.83950549938081
-1.07382112975227,-1.77979894202821,-1.07126778596292,-0.696063372712585
0.351996769280441,-1.79272124398897,0.497321834196899,-1.12101920590837
-1.04182477574096,-2.10037578727801,0.076781652579501,-0.952076424290057
0.590351151685933,0.885226002268481,-0.109106202999386,-0.684492634865529
-1.26843989879875,-2.64910470042239,-0.872723778516502,-0.980521681438456
0.0204776647071165,-0.52909065564522,-0.657284787379594,-1.72307525442789
1.34131625877434,0.17023572464165,-0.690368106181434,-0.57338290772588
-0.222474087449441,0.70698787185654,0.610917880107465,2.07517213109778
-0.106397594203637,1.96663830585856,0.474311151536694,-0.991848365949303
1.40419031178976,0.0204229980049797,-0.365099789569019,-2.65542564600122
2.03629655316149,1.38486188744667,0.252849311858152,1.47583538746059
2.48310511270667,1.56331409264475,0.442233389929621,-0.0755494317272162
-0.393625324430424,-1.69129867278862,-0.321179905656441,1.63096303821162
-1.05513659065903,-0.557341767253419,-0.398435553295776,-0.870669308887642
0.651154342417501,2.71955585913951,1.36134489402298,0.77101925875482
0.435595444256836,-1.79640342935966,-2.19981927110317,-2.58102214708531
1.28520823436664,2.42562745673528,0.224562590221716,-0.197379884272757
0.150213367683698,1.16685226335123,1.68005494573229,1.44004929330735
0.160819359448959,-0.900944373386512,-0.575170982303645,-1.2719970659783
1.51375863443316,-0.0905194475403223,-0.769479441806948,0.630947755405336
0.161990769974966,0.221969420956699,0.706635317163395,1.03911119613382
0.68223512694434,2.71327744166316,1.08497349757153,3.26896298763219
0.484517544998582,0.553399853184848,-0.724554188561923,-1.43966816339374
-0.0444719203914545,0.65850010042707,1.06937252450041,2.17064573607687
-0.53481116323028,-1.50841299133229,-1.03519757597892,-1.27597511336252
-0.337547843522416,1.12674993534267,-0.595191311056911,0.262562720056726
-1.94852696812301,-1.85797528769952,0.685919336804719,0.767327932055365
1.27845501649895,2.4209442633034,0.685369919113107,1.21411691032315
-1.59511082920805,-0.194927632456085,0.490891330867727,0.531104437648655
-0.590700483309733,-2.43013141104768,-0.972087486924428,0.186210962516379
-0.370331045729754,0.556663530272919,0.954920700963155,-0.396143910501387
1.20552835668786,2.08498646456925,0.36490986671914,0.824513341234467
0.0578507042481702,0.201773582457239,1.66923443528563,4.36535463859595
0.944225289376759,0.86294551366968,-0.580962046244088,-0.596154437152828
-0.294231849492569,3.02640309319141,1.90170510191478,3.027601376667
1.67136844844011,0.965705565841742,0.123072224846249,0.295175951182962
0.486997818356882,2.77342305923915,2.11780659219975,1.87372023190013
0.547294217368083,0.0796331198159,-0.889498950542973,-0.859482765823396
0.877530983969036,1.80586377164473,-0.672663718793396,-1.70786590957478
-1.48223225272895,-0.676840108403457,0.147354258376866,0.988545332265543
-0.0105240124009548,0.733681058410218,-0.42681994318846,0.304179225867536
0.214424248543628,0.451971740718565,-0.539300297643327,1.24264024034124
-0.76672924833678,2.2384415661122,1.47717898665308,1.10810795105887
0.0121705199650967,-1.49266178141974,-0.901383528908577,-1.23356612624357
-0.721340330848372,3.554748216428,1.74971663676762,1.27354610436541
0.219747429679615,1.49832308132579,0.0704861187516574,1.21234497580992
-1.78482822322188,-2.20351181629092,-0.0604238342708059,-0.707532494795963
0.284409588673499,-0.15826141754184,-1.20691778220491,-2.62594651616988
-0.636273493528611,0.0860749569126608,0.0911471353297722,0.0606572961582367
0.939339897411908,-0.286853845214387,-0.808685498617996,0.931489521622298
-1.97311049815324,1.14343487472465,2.40734903450742,2.81414156529992
0.0425133093058528,-1.4019033701601,-0.564895183043425,1.45313333043546
-0.22090964246246,0.63528240011802,0.319730698948703,1.00788365621857
0.940523613128399,0.653682793901505,0.0984323915645522,0.168509059480495
-1.58001110881281,-0.292918412623179,0.514531485237624,0.907580796101346
-0.548731015064968,-1.08408045827652,-1.10103506453631,-0.717660053573286
0.711861517361881,-1.66011577024999,-1.59490993749539,-0.413640725693371
0.612873622598499,0.436779641421037,1.11721965706339,0.867902529364594
0.356334107598921,-0.218566891547418,0.645216626366825,0.981409367992484
0.288570307268879,2.83608363627106,1.74046042660734,1.05830901895287
-1.66854171402762,-1.2334765383093,0.591868730107581,-1.16750768453631
0.851062197178538,2.76083165021859,0.927674864245106,2.16627255045608
0.215776063450083,1.43534653288789,1.64084624724343,1.3284714829352
-1.81470708529688,0.0171569328131354,0.846529180369874,0.0824217701888426
-0.173451330152109,0.254540836100822,0.490144731823218,-0.686135226986067
0.953767761271997,0.294828352908309,-0.933968901315096,-0.0286781117899982
0.703787584477816,-0.0368967956190925,0.144486316436052,0.329644225148686
-0.631284950402577,-1.28945200418651,0.61828784718679,1.11295161147982
0.907591768209854,3.26566551759772,0.451783958518325,0.557970159946139
-0.396963325733646,0.169936363012713,-0.652993536357336,-0.23368375681027
0.381958965453471,0.5687465180396,-1.13404286068408,-1.00320814605282
0.928532701142653,0.551463161333472,0.697844622323029,-0.354961705389035
0.390576088768169,-0.376269509409497,-0.0584959984528127,0.843613451979612
-0.652702548747161,-2.21156388165788,0.127240918921437,-0.802037157084594
0.819982366814568,2.78915290141531,0.661925849837448,-0.218068554213605
1.47743008578332,1.286292462419,-0.267027973304195,0.43409635256503
-0.929196433792633,-0.53842182091835,1.11416124585176,-0.536163681120499
-0.182194333185985,0.087025107656321,-0.60354190056863,-1.56308505468394
1.0036584716744,0.10896329414626,-0.169273074529556,-0.517539312475226
-0.851991888128706,1.2774826521703,1.66192463835738,1.1025590415733
-1.71937580296318,-2.51831965772006,0.266312671501715,1.349740434477
-0.494699035304771,-0.351382900137827,0.0112766842972473,0.281967371061344
1.06648977745833,1.81569374062747,-0.746560655170731,-1.20227107604367
-1.36184763274346,-4.106003476561,-1.23716600922986,-1.5257609580719
-0.24830383060076,0.702403425279065,0.235140039097495,-0.314122367700361
0.961930078148629,3.16247826526073,0.218461675964965,-2.29139288448077
0.0469274542718289,2.69388394195394,1.49980453526117,1.21834818984835
0.566919054335015,1.0282241405761,-0.392170266765949,-0.0809675901275652
1.62398016004902,1.03807610641256,0.25205565646689,-0.481263467015639
0.900771211455154,0.0924790018979854,-0.0997062654635902,-1.24165415464836
0.591190651472621,3.04422155440796,1.3635737807839,1.60723344847896
0.490986408183824,1.13181032614929,-0.533413890027956,-1.63813528483234
-1.15841660363659,-1.41200821876974,0.401120521844276,-0.503082562626084
0.839196893439883,1.80774482928342,1.37918783765618,1.36206833711628
0.542106621872022,1.99884762562618,0.774889032379677,1.86813417132678
0.403620734272322,0.411444697318002,0.773668903930539,2.3541384024926
0.0572003437749521,1.91689031175785,-0.374100466647701,0.0759175703057464
-1.27104788310115,-1.31131077340382,0.488560441952891,1.57751231176996
0.153593751976728,-1.4424448729761,-1.08351186962715,1.29813672822938
1.25495609521765,1.13643798417791,0.494734461796066,0.683533425587628
-0.611712959847967,-0.622172243642715,0.389141235091739,0.0115254923928146
-1.80084924747675,-0.0350976556674938,0.606392097425656,-0.501680790286056
1.83802787018593,4.80774400364761,0.916969080069917,1.23835308018002
-0.564277936786275,0.392005054711808,0.878450126232076,0.405320838879559
1.14035660065238,0.590174001405946,1.24229832014071,0.445130316270587
0.624053470472814,0.903243455728501,-0.568748202513967,0.242746572928715
1.65773610024556,2.70712519983952,-0.463532369282528,-0.499357995878542
-0.0420905845473089,1.75115584923084,0.596099080577029,-1.56501463405929
-0.300444528172987,-0.576692966414869,0.858892855270203,0.727173761272524
1.7322579791517,-0.331060378780516,-1.13603872149345,1.36821339117944
2.15652982339948,1.68363133048426,-0.123298732953193,-1.91996207281928
0.318518880351254,-1.63858036778007,-1.27043350084972,-0.260981156614852
0.16984704552344,-1.03575768046817,-0.0501976964187789,-0.178565096139484
0.742349498291056,1.21342909976373,1.07000835626499,-1.18667786091054
-0.672536690409532,-1.4744103920153,-0.0259514273494928,-0.0810830223483407
0.49782615238744,-2.87682095028742,-1.11106043837854,-0.294721077277222
-0.989612002140715,-3.21960789876147,-1.61736416511363,-2.6303392183928
-0.297479614412297,2.57661741924574,1.99832847774621,1.82385202174006
0.794883533831671,-1.20857322385093,-2.02332138493506,-2.1348905486026
-0.762953410175363,-3.01759793215614,-0.693596017793058,0.245776828563758
0.850860623631441,1.38213594955819,-0.63265227122536,-1.00530402157228
0.502179059686094,-1.6785158647536,-0.251169719544975,-0.215030408824668
1.43374253551606,0.749200003256668,0.0278411257827249,-0.358765351153523
2.16566298935473,2.62454153671211,-0.457153700482286,0.756526282784191
-0.575375757570541,-2.61454015028799,0.764543019565487,1.57392705152657
0.390638832603374,2.37817050728765,1.34273868740539,0.894341340684902
1.55866378109588,1.64187773666961,-0.72638527120921,-0.859341023509399
0.199045427726552,1.79874779791777,0.714324689752607,0.548811765682302
-0.653813001319679,-1.06750878742763,-0.0826502604996665,-0.411799883868325
-0.997570805415241,-2.13937007804036,-1.23586786012049,0.286006615519865
1.4004443032093,-0.207888897424434,-1.49908932720969,-2.48060164622416
2.59949170568404,1.45757810919351,-1.00335885405888,-0.833739502830695
-1.04730028301091,-0.608731644690373,-0.915781232751035,0.724216111132023
0.1105373040221,3.29751125215195,1.78870515010697,0.72720385898402
-1.56806914561435,-1.20681570195187,-0.825581064502747,-0.452827361985713
0.0696712063141521,-1.80699007909795,-0.642532616773735,1.27353068790565
-0.307179864752321,-0.140043713641685,1.58409552111207,1.38875656207926
-0.0120532862537221,-1.31187138656211,-1.09118789756743,-2.61294964491361
2.89485439080467,3.00538107210474,0.216249291581424,-0.0976778708771791
-1.39868047845967,-1.44749608455628,-1.64373005189987,-2.08537709853602
0.432113401706453,-0.847476385672726,-1.48094681215475,-2.61666884206189
1.83265771671135,0.931472056458303,-1.68796526981832,-0.261201152707271
-0.611022543415865,0.885705209931343,0.138739493291466,0.159198067763509
-0.819342713160187,-2.77822834656532,-0.389575557137767,0.464171132057811
0.04830946044581,0.35502232539457,0.114195757090117,0.576086798164341
1.30055136995643,1.79980297247908,0.150914484744995,-0.18595217082616
-0.343124840404993,0.698606672541042,0.662052019726812,0.0153569542684133
-1.02579127077834,-1.93410130866097,-0.505965577303176,0.151411819862786
0.0705485417925557,1.94579653900236,2.10848918600289,3.04536974832639
-2.01781926811074,-1.61428893461406,1.47427938572084,2.63150201244746
-1.4754551209871,-1.60363078724364,-0.560693103262478,-1.1055482042244
1.08646279809096,0.901126040780206,-0.587711112278821,0.168708028274945
0.458815574442382,-0.877847925454642,-0.616984290723025,-2.14113190549285
-2.17399642996397,1.18930961658956,2.5705879397651,2.98539535151239
0.617616257222932,-1.63533053249367,-1.92276533637034,-2.62302128142524
-2.30479535244892,-1.49778653148597,0.342014515370014,0.362440299501226
-0.446968711845108,-1.34998243691059,-1.27577973302916,-0.630028788044281
0.29949067695872,0.389548229787396,-1.04285571441084,-1.72957087026722
-1.42847458672458,-0.522113206921445,0.814576628168987,0.465066030624626
1.26749748403291,1.62108504202885,0.983239805463428,1.32369199492965
1.21450578994531,0.273011905011654,-0.344153634425429,2.03266030896878
-0.67485593104277,0.99521876950941,0.298648136671311,-0.804079964489354
1.12102190988245,1.45106929198833,-0.352205236341743,-1.18851847133011
0.19654977656002,-1.52501428888148,-0.910061169987262,-1.58585782832342
0.650113188667264,2.32183227466343,0.280662667558854,1.82008766273577
0.671004187901994,-0.376545587826443,-1.03567039657968,-0.40253309101722
-1.28415776513223,-1.90716385615944,0.273048743671169,0.189701652913551
-2.02610958278953,-2.57617682707098,0.537798149646025,-0.0613714024905018
2.20532606437083,4.26739983364506,0.500393176459709,-1.28648993865405
0.231389929911167,4.22026304833619,1.87729040437169,2.40562354432718
0.375642260184807,-1.86561526946103,-0.546623630763912,-1.11383824715849
-1.1929685182981,-0.613298605656939,0.208316112481015,-0.60581986137992
1.13254984181008,1.489139090754,-0.646145901574886,-1.45353519917922
1.83947679495165,2.58092855955751,0.421790236643586,1.62871257807782
1.5278701045484,2.38984350195316,0.0386972905212245,0.889381669108762
-2.02362702275776,-1.43372526973504,-0.325940455008396,0.312648698018768
-1.04050799863329,2.10652551869095,1.92729657309301,1.13093526825529
0.09779160179052,-2.06909679839687,-1.28063712697593,-0.639069245370197
0.696840799385693,1.36203130702967,-0.849554275308674,-0.00673087314825438
-0.5438885166101,-0.870834333426645,-1.04706256042671,-0.520167761018259
-0.858549301944023,0.770947016224196,2.1004823645706,1.48843293936534
0.229785936335843,1.62798364626631,0.285218528763316,2.89730366135606
-0.942643151607528,-0.655612239863473,0.791185213924314,1.42913729822765
2.04350430210435,2.24068738785963,0.905671114439797,2.5124917553653
-1.82549539989984,-2.0735555621157,-0.270472688559692,-0.728711421882555
0.508792207400114,-0.177794642102097,-0.467239668302704,-0.393357460924266
-1.99632720673016,0.258691712043145,0.43812721051169,1.15024160248757
-0.494322917187916,1.77365601020051,1.27822559707972,0.923209761015076
1.48433728415762,0.677849657570475,-2.50323629842445,-3.94777816834324
1.12176857432144,3.66422880243731,1.22948907196532,0.353067912132838
-1.39986064809992,-2.50425345878566,-0.474453414432279,-0.445886199745206
-1.47609803629455,-2.38831405647788,-0.555631344064607,-1.50529230635313
0.0581058397407739,-0.827800853647403,0.477039442246977,-0.450414673873825
-0.952976638746264,0.125955036803338,0.690687616145886,1.94445904570249
0.405770114828656,2.08065340893499,1.26976273533114,1.6243631302683
-0.983938483895197,0.507736441210562,0.568035925445408,0.642836171204716
-1.61012301596989,-1.32966367755565,1.25407212188683,1.29468221906887
-0.430168767896826,-1.35001443798413,0.272941045819971,0.471454830907498
-1.22421063279672,-1.0931580331262,0.595424748290597,-0.1095934463352
1.0866419673221,1.58912501037858,0.426076598912088,-0.260931452153296
-0.334805580381143,-0.592866773722442,-0.895169109661338,-0.223340287223023
-0.0378407039000508,-0.755815288019219,-0.578745136630716,-0.0286713601027702
1.38059132989247,1.89369751563924,0.166338016605717,-0.233181497430385
1.85782124241692,1.76224325998415,-1.17233252991978,-1.23656450780478
-0.0529502178125204,-2.31702411306867,0.516568511587231,1.08552775204373
0.333336200779982,1.12219554042208,0.558095866122937,1.84173807238797
1.30909768203641,0.736112918557403,0.270929372226913,0.86567992790398
-0.17446224484665,1.35024702043267,0.618172710740393,-0.0529759202515524
-1.04362586510721,-1.67945605932437,0.593489874966404,1.3927133945229
0.994200366161547,-0.94692958046561,-1.16048477197309,-1.81223628899331
-1.52463453962983,-1.82871053432947,0.00490504257020268,0.441691935096316
-0.245253129149815,0.530350521986343,0.716705500814478,1.51932197882036
-0.402155077823464,-2.75374001360521,-0.31350125069516,1.14006904034136
-0.522744336367696,1.84094521489144,0.691074181524208,2.06271256549529
-2.75360875414907,-1.28852463587504,0.364505076090122,1.66440851956586
-0.586900242207328,-3.55279711838306,-1.58009396248025,-2.07487824410404
1.26631293072596,1.58152648789061,0.355531345892466,0.69662997743515
-0.468870655033282,-0.266310918686796,0.732720806148321,2.14662622397486
-0.619043185207939,3.04165126862381,1.28962254363286,1.34928359214527
-0.66613948273847,1.01534408162422,-0.779441314055837,-0.897171339047134
-0.874739293700878,-0.0674781965569831,-0.0443542792865832,-0.852531080207376
0.146021703841,0.265634096461965,-1.29959043213035,-2.37740762569795
0.592780708087627,1.32981943390258,0.472403126456224,0.880938300569747
1.44870575010661,0.472206407892292,0.284593702989546,-1.28082679751871
-1.56609128850758,-0.383025110024732,-0.518753148135604,-0.440670727674546
0.395353330683666,-0.909869338161565,-0.987537262493674,-0.766720528520617
-0.153233959963217,-0.765634710582377,-0.339068745430957,-1.53677773296858
0.285286018572319,-1.63136955926196,0.38342412116561,0.880433801293837
-1.03171726842629,-2.6205308180452,-2.50379064605361,-3.60844303310338
0.0455114176114473,2.29657317378679,0.966760870775922,0.809096609096134
-1.15361378713773,-0.11037182387694,0.301678756080508,0.640793581107088
0.659703276387862,0.108091268717097,-0.169647164873557,0.223683654534036
-0.946189816730988,-2.04042297870273,0.080315128195167,1.65496950712324
0.0635472785679089,1.58458504606407,2.58888597604129,0.931543217846858
-2.12723267692916,-2.05382387446223,-0.501183986749773,0.497460086202477
0.326966861093077,-0.322059938668024,-1.84922142733087,-2.46441434225854
1.10772289770159,-0.803744442568017,-1.36853996254695,-2.26447016413283
0.766162876774896,0.257844206888524,0.00218644448266582,1.23153975626132
1.0536729823113,2.88752186345736,0.0690579708181846,-0.910685499162925
-1.35594279846149,-1.90702891332919,-0.95471404109449,-0.791849658146341
-0.169301386573387,-0.99008226718125,0.574706026354052,-0.650606236372361
-0.069700988018414,-0.619485671572315,-0.55464729636458,-0.376847634653333
0.72019564869517,0.12727859501498,-0.0554683595434154,1.82198674401441
-0.167781876538558,0.494344118973936,0.643963307880633,0.140306584035622
-0.203278916015153,-0.937813426696557,0.230246015220771,0.708046027412889
1.67812825011243,-0.59073302706599,-0.642410642423917,-1.5892712266781
1.0909351280286,0.345831990909283,-0.62533599044298,-1.9971163468647
-1.75644462967178,0.0876439089082819,1.66626936535701,1.77746617235
-0.384610792994895,-0.45177305961596,-0.545568138481645,-0.854230275806884
-0.992158187397834,1.16089415596607,1.88907420450771,3.30891601797346
2.9715850332843,3.5830480418102,0.0680306299435917,-0.841916696156725
-0.494334531346305,-2.09761104351339,0.373336253138959,0.955487707393231
1.14803978343915,1.68125542978608,0.836497223187933,0.244302150875026
0.0962712490458892,2.15662327950417,0.0550071116009558,-0.930036185106738
0.108830210144798,1.13497202678546,-0.327983197136589,-1.39239176527982
0.495236949037723,0.352042564671488,1.19396812220619,0.894958716648026
-0.142643497669046,-1.16760030421918,-1.28656844121288,-0.130934414715056
0.832936996059557,1.78201987851055,1.7119202412192,1.78896830623575
0.559823773483781,2.67836203413199,1.26013702718059,0.813605088023104
-1.68509594570751,-1.63014697581345,1.15677919185007,-0.404176009511379
-0.555612312584034,1.63465260678387,1.13404417026019,1.39350409454899
-0.523353123310595,2.57456940609186,3.10242022045963,3.45270678756257
-0.506104326333761,-2.66141199802163,-0.713855604655241,-0.583254639917815
1.06528488521985,1.76883276265227,1.62376880739268,1.74603270333801
1.48702703437434,1.31916134922559,0.17339996995308,-0.35217228997727
-0.921800949287066,-2.54171421683843,-0.865528840291361,-1.09130812011644
0.541435465702584,1.52537222789563,-0.562741851780642,0.0179998507469266
-1.16976792602983,-2.13214824076245,-1.65257532240707,-0.135975926572203
-0.557080376687621,-0.106331692848912,1.07737349478733,0.367859581849314
0.298465543628126,2.16415179857422,1.25022479246183,0.503450271899775
-0.188922789114515,0.35490727103523,1.13270000188783,0.922056000164027
-0.680450203122764,0.955772145925654,1.96956368633168,0.855119145237889
-1.25744854173679,-1.90474863765528,-0.114099839966169,-0.45473453665191
-0.31176653668682,-1.72284646662803,0.847838228850406,-0.635699632529331
0.0524980457691653,-0.492649598015596,0.0213745990592464,-0.935649574040627
0.562233812465,-0.74234227755574,-0.337628587236425,-1.40475648463195
-0.87581682336253,-0.715469602690456,-0.480274624863652,-1.27793453086206
0.586755962790902,0.874086193861167,-1.22183212377007,0.485611252378832
-1.16383957087157,-0.645343910874068,0.425419507477312,0.360308535371312
-0.54611202207988,-2.06293079213729,-1.05053730147949,-2.3404742727086
0.450377169868581,-0.707810060661584,0.493705500835156,1.57721918304243
-0.692515474185169,-0.0737178122984188,-0.0756495332826113,-0.387347410290919
-0.779596108965332,-0.530338138509436,1.15185230746282,0.79313737686026
-0.047332659920564,1.56289938677464,0.437170112467879,0.974754442929559
0.03543456559178,0.271734970480377,-1.07543062227256,-0.273889015896573
0.934481958737551,2.38202213885329,0.059303318227389,-1.21199172841782
-0.233386020255715,-2.03104474399074,-1.94622705860296,-3.06888742045591
-1.70078808299975,-1.57717829562652,-1.33046101789776,-2.10872369314593
-0.655838098813589,-0.514881284396072,0.886155667673658,0.429197836548829
-0.630470468347582,0.697189902465773,1.29114189368693,-0.318519820268101
-0.932327589303977,-2.74846238295148,-0.379579876018103,0.758539890624587
0.321903702210027,0.156158053869627,-0.425424336762656,0.47899254232725
2.50176509605977,2.87705454570517,-0.485545036207481,-1.56397370332688
0.794167471420084,2.04035380705399,0.288376625179099,2.09243717687451
-0.154839559706279,1.23961294572673,1.74527076151504,2.71074718391861
0.503667184079687,-2.83690559081646,-0.969815582206109,-0.0769275637831633
1.44276824076692,3.412427626363,2.02258644893144,1.93615440846933
-0.309267177170206,0.808418417540838,0.999134951755198,2.41248608831104
0.66448047052591,-1.20656371111214,-0.293593945625184,0.254658881584977
0.561899116459364,-1.61586886084035,-1.64107752483491,-1.82711672709366
-0.122634825795052,1.45566728946707,0.352470824398518,-0.043484824708557
0.0565460066372632,3.02978117832216,1.24422879190932,0.174148718858726
0.65189100301244,1.38078676271849,0.749644475883012,3.78542959206025
-0.0262386429965182,1.24631099406529,0.765192316974237,-1.60135741714153
-0.339508996123272,-1.42904355814189,-0.8668964902138,-0.12474573016194
-0.593989980081054,0.0197325966949415,-0.967609415942004,-1.78608260530031
0.290962076036892,0.207829768568581,1.31786128179691,3.44952467174541
-0.0550219977069135,-1.01362031039981,0.227838158824775,0.648777364254384
-0.371738277193412,-1.13463581747965,-1.19301236796567,-0.163017072427083
0.17658846965934,2.35633325807714,1.0895374090019,1.83341201736782
-0.773066921989977,-2.29550853449893,-1.57119470817184,-4.10817144913837
-0.802419608349066,1.50447870828615,0.819835733489886,-0.315158192658032
1.37356613266313,-0.275316164865734,-1.76436227693913,-1.18897717916979
-0.881356062680646,-1.06390646871201,-0.197299538615478,-1.19815361257206
0.315788060527378,-1.02402063081827,-1.45921957226743,-2.27060309046017
-0.968386578638255,-2.05487673510608,0.0977491166384465,-0.011341939807346
-0.230609646495428,0.203266078605744,-0.290874793215406,-2.1284112109894
0.390362282133484,-1.59839235556103,-1.45453673116377,-0.936466490913379
-1.00953678417864,0.412225904797483,0.553484045656043,0.70045501513058
0.595038671126996,3.83907400516747,1.90732795680059,2.6477051996985
0.218915228575553,-0.70426170615359,-1.70857639441442,-2.68259390616271
-0.316606290644603,-0.558789024426356,-0.631850393223552,-1.48659547678275
0.245466542402521,-0.626180973470606,-0.795951168008534,-1.20900725647242
0.0750448352632334,-0.0491724692120448,0.957366505848016,2.5998078056041
-0.839650033769067,-1.75249580348318,-0.490221317021396,0.453609904466751
-1.39706392020774,-1.46923700997764,-1.62762063358151,-1.12413994847287
0.106131768782063,-0.618665865515205,-0.5441119033821,-0.475609299717836
-1.00472117009238,-2.56416029203937,-1.42136001852301,-0.892399506165836
-0.0352199893647191,0.750681338441418,-0.458895618834756,-0.132556224953965
-1.64807616548373,-1.2135098149481,-0.92131204432081,-0.831763722286191
-0.929032489887539,-2.35997195323803,-0.724342630495832,-0.435450099992766
0.272110814193612,-1.60228441274146,-0.353847095731316,2.14898929192402
1.04532279459033,0.896348337732553,-0.810837010316146,-0.804437788945857
0.169278549215246,-0.283001535282611,-1.22391719143303,-2.03324497228229
-0.994434982580189,-1.68667371100901,-0.256015732970581,1.26526770794287
-0.415337398323979,-1.29737157447602,-0.584878788707543,-1.94141985820276
1.09363612666732,1.70397280877385,0.478162114586495,-0.229006310787855
0.518684257567906,-1.55283761980124,-0.4766255914504,-1.37948927514116
0.787040338989375,-0.109640745652362,0.288694025931945,0.518610318068264
0.996700953789853,0.0472552763058934,-0.375771083388225,-0.400941673667996
0.377467977221097,1.62933150348068,-0.273359118876608,-0.329486052186912
1.10937999763642,0.668283304922349,0.907855750331856,0.541093285502764
-0.973213955735574,0.234154018046142,0.905096157583417,1.41899098243746
0.299645255805759,1.59904403110034,1.2918096299636,1.85322601970343
-0.339482321326464,0.90430631400951,-0.856222143821362,-2.05930500680814
0.201738895091501,0.173176944724239,-0.341864999481795,-1.55127362695547
1.32539797092552,1.25937889510154,0.221474312183808,-0.746472080696224
0.50379348202283,-1.49203654519605,-0.228437494701221,-0.0807118362308455
-0.629636693792144,-1.43907164151958,-0.323504102371267,-0.537401712413009
-0.350154112917245,-0.421358788248284,0.410667578441951,-1.04761758008243
-0.951338626808144,0.0911113072510183,1.20977870572646,0.411088842328124
-0.0898142512489909,0.703316973919098,1.41076946055692,1.46797996780943
-0.499596898078723,-1.86825330903889,-1.1895945593453,-1.13488682483582
0.791572694963361,4.03772161447945,1.26922566561324,2.92018090538029
-0.492727604293671,0.923511672449533,0.888037809688985,0.184121488680467
0.710314711011948,1.94039803276582,1.23501776745474,1.69345221837537
0.720730133867399,-0.470116960430886,0.355899112538521,-0.230185859926336
-0.435330216064654,-2.00598434858507,-2.3057703106046,-1.33295303779995
1.42649174309633,0.0210509220313349,-1.4738253404138,-1.10940283437966
0.0269243053279024,1.3415391379311,0.964876241847798,1.749596836703
-0.652818422046043,-0.559696474898668,-0.468013127020043,0.912294696159924
0.0743993511918555,2.26613590805696,1.2589212691049,1.284759999634
-0.990962518471982,-0.976793477798763,-0.0183705433576331,0.289953130109287
0.650993279569504,-0.963841311716484,-1.18510821222161,-1.64906466707915
-0.89516798811002,-0.700732414377702,-0.0605443730706068,-0.585628144262841
1.29299293500947,-0.361480914408768,-0.803278675310834,-1.51854495944224
-2.0742065856962,-3.8538889008902,0.224574527121698,-0.566107103280158
-1.11246012229362,-1.14038015453972,-1.30284849932538,-0.790625638666854
-0.338345892460005,0.206685182596038,0.51171991908019,-1.56832298790167
-0.700697519970714,-1.03446260714839,-0.0507444180062242,0.464052975071854
1.34694517132456,3.51921354477747,0.935182899708775,-0.96067067156986
-0.0604259719260048,4.83815725413658,2.21662646328209,4.14098629524802
0.354804415624792,-1.25611757426862,-0.288565603198377,0.526855253909637
0.707369557331155,0.465988016478773,0.803511567336872,1.55488948987834
0.152877951357064,0.205517391657993,0.505504266320098,-0.0607165328482624
0.961010037635776,-0.877356268930467,-2.01516831325981,-2.51820048966681
0.439716226872132,-0.549521991659117,-1.48326948447139,-1.63842148862937
0.698213804189321,-1.08830952844695,-0.553013388354226,-1.09836596769406
-1.48600746435487,-2.00782951025144,-0.335734772483729,-1.61494811431019
-1.12632173407088,-0.152280105651288,0.408797797192582,0.54672958789611
-2.2264074859866,-1.85240429594572,0.0925503339656168,1.1659716082057
-0.253272863743923,-1.55393736627187,-0.0560534789914384,-0.644413881513505
1.4317564961981,2.6882920766518,0.656082777251185,-0.606102658079717
-0.978402832216023,0.272539411455922,0.721126112790756,1.47505178089452
0.315063222248321,-1.19349754061202,-0.551920365938646,-1.11165101171093
0.440956164186974,-0.957219409267228,-1.00763355051177,-1.14992229738061
0.23852639929048,0.0536126292630344,-0.349229950948585,0.148768377355467
-0.284222614442247,-0.418099051461648,-0.653596898566007,0.087133121314303
-0.618144042623548,-1.72335613759133,-0.955617734150658,-0.740445319169182
-0.636767960604578,-1.19769509960294,-0.157382636347405,-1.27535693112174
0.0174532471596551,-0.0306471976425735,-0.288150969836874,-0.805181016969157
1.29963841108782,1.81652032505914,0.235865360409615,-1.54419376293392
-0.793507485143925,-1.48407083666119,0.410448021417639,-1.26715039984291
-0.122534387113049,1.14161431503902,1.77036496084654,1.40973063104147
0.0992681566007817,2.14289706884282,1.91639451174246,3.1722010977664
0.791413490106773,1.7032520624534,0.816292429570088,1.19140173202252
-0.231328117024349,-0.19354973794623,1.15305640524394,3.13248225769077
0.637717307425324,-0.219829811591462,-0.818293793696153,-0.0876092574386593
-1.49673280807476,-3.01431990869451,-1.92795548275233,-3.75448278462633
0.718399655443105,0.753066216171771,1.32710803696873,0.518425397280935
0.0963710077701884,-1.0958038147371,-0.747826626019449,1.31601962373813
-1.09564527432851,-3.74551831034297,-0.119222904777031,-0.323919403529226
-2.33035863632177,-2.01157389263835,-0.884372073022732,-0.561037995322716
-0.365336634931301,1.30895637224564,0.571916881821471,0.56341443050526
0.668860732126122,0.422527100290385,-0.332869580807237,-0.270109702861391
0.319055295918316,-2.92734874208299,0.0279809086056299,-0.939316210802936
-0.364166389785408,-0.362379865759386,-0.243741509533503,0.416437953499723
0.0500653563275891,-1.04431382762772,-1.31531260594901,-1.48922896285355
0.155990601900036,0.769495743155874,-0.626345638464872,0.960028120699254
-0.752410526194919,0.456792423489763,2.4994716852631,2.15785483348749
0.0545550789313691,-0.820318972492896,0.244028442044174,1.98109494759097
0.112268546968159,0.315228390486903,-0.653606163556059,-0.796126889975175
-0.72283146044824,-0.131554083150792,-0.274843371417944,-1.2015870690138
0.198195563814535,1.11993924451759,0.202615104444639,0.452736220234523
0.310560313837698,-2.73135659791762,0.286926380379424,1.8909368187608
0.52632360170575,1.02749301849093,0.760842280303709,0.950170938954131
0.711046522019671,-2.39902641832879,-1.2895877181296,-2.08042183739837
0.410310613259374,2.98560889202989,0.946051393497156,0.582809604588338
0.301398927192011,0.117294043930705,-0.28197316769896,0.0493125810320915
-0.0954300964622639,-0.623835030499575,-0.12394851162893,0.0256623323836614
0.448760305225703,-0.372406482918856,-0.212080500336464,0.914253888065725
-1.26924504211123,-1.812735810025,-0.448415836832291,-1.08824758078788
0.654270193041473,2.68399395174334,0.496031801247016,0.477768119468885
-0.534909374630435,-1.00640478377822,-0.200673439486942,-0.918610172869853
2.33752882268268,3.75974370610715,0.975749465011085,4.04398828618954
-0.596338058924886,-0.860194116187614,-0.473357558142335,-0.226832879215224
-2.88762982904888,-2.40807935191377,0.131755443820153,-0.892179710329947
1.37208530087141,0.818223219224994,0.0146958050849043,-1.75433149880788
-0.598652381678844,-0.0650246162420137,0.352878581040665,1.77230230931887
0.592950917859602,1.26252839665131,0.262672080261767,1.44956467866187
0.22574206980329,1.05355066912193,0.648963447096205,-0.143184610049712
1.09631206213814,0.0680105083877083,0.648372419071798,1.01026157184083
-0.903266023923327,-2.19098851494701,-0.23237500343691,-0.32249597899423
-1.18906159124793,-5.44961667493984,-2.66582080171014,-3.15917977763595
1.06496900017888,1.80631680802291,0.31253605566754,-0.575976169514856
-0.958567467505941,-0.663924628055726,0.848606003620845,1.70382562001751
-1.53369411787315,0.53146928251126,1.01587824877309,0.0412161515236034
0.777969495009857,1.47819573019403,0.374022737861695,-0.675590891279966
-0.0652582755903693,-0.983435453905676,-0.0574440637034373,-0.00772513650953108
2.27820422438891,2.0332091660881,0.0435966496535557,-0.420600468245716
0.343609622634679,0.399522830576629,-0.549260459015021,1.28420632787428
-0.353092740361297,-3.65253836370678,-1.70625873052258,-1.68335838640063
-0.627184549894849,-2.24272988747884,-1.32416294004793,-0.741329442740995
1.68460867330367,2.49833458291124,0.433909486677667,2.10417284536205
-1.21492788423149,-0.140249892032427,0.0801058724095755,1.5270449334733
0.616962045310911,0.326872998314321,0.851693666413768,0.323853093368689
0.561680015246336,0.239790664021208,-0.343689640606495,-1.77085579403176
-0.572805931639577,0.0667902550444615,0.11967739673795,-0.200673863806882
1.53571787982434,0.597915248433755,-0.493452810235867,0.744148486943073
-0.74765546446844,-3.92831644157344,-1.25781915262555,-3.68631087567666
-0.019471857856035,3.16810846617002,1.9302036912588,3.34961965497132
0.387628403916459,0.263055271802031,-0.408231489688575,-0.0171055724400356
2.32312597346536,3.39339575707055,0.32601851168974,0.139460437637132
0.615152238314757,-0.349439106694512,0.356974078327085,0.532684934389553
1.73154802913209,2.92506769749584,1.27467091973167,-0.691967152998923
-0.728562623202175,-1.84811639144108,-0.391549721581057,-1.15215781604257
-1.74544030678352,-0.349176453611315,-0.223412283460396,1.59640343560898
0.889356785182597,-1.02015760495794,-0.338708314833932,-0.457512631565967
-1.62846899968612,-2.27394973034603,0.940380879579941,-0.314376532690131
-1.34221036389457,-1.4944402859562,-0.60566793037902,-1.31928831344871
0.610770202238328,-0.199820066018086,-0.869758524584967,-1.5816238743469
-0.0557766266686415,-1.73813884857712,-0.367649971177305,0.334873513962192
0.84701928165966,1.85218062496196,0.545336524211221,1.24995437292195
1.43317474126775,1.45178176854415,0.112542941434063,-0.331729385533863
0.912744882660601,3.47009458883771,1.04200934121168,-0.244357733986892
0.382329981106898,1.11690492765062,0.0602431347005657,1.38821312652903
0.552018613628635,-1.11574963229723,-0.91744822810892,-1.38340956773986
0.144826651838118,1.54079281808807,1.10178132149247,1.83649957990265
1.70839228572527,2.82206302295112,0.917422143981852,1.39933479600675
0.0523893824520919,-1.87260594166477,-1.20292096210137,-2.14193376652305
0.807143831935644,1.5229685298684,0.302718751132455,-0.0990786329802146
-0.940116280192513,-0.918638759016084,-0.396448482740007,-0.253409862376067
0.0392422368472649,2.61191568689135,2.5626698746239,2.13557574057008
-1.99762732818409,-0.887937934982897,-1.24601567329526,-1.58828452094491
0.138729601683047,-2.53791669819558,-3.34690249303504,-3.1185402456055
-1.48827676613971,0.197943915588253,0.185103326558195,1.93435980038254
-0.132874384428308,1.51324708581461,0.336967656620515,1.31760045989481
-0.240116874283649,-1.25227692001358,0.266941895055964,0.414172059965571
0.972019277591751,0.723450542884383,-1.20743566346424,-1.12076114035653
-0.642231450884744,-1.22429874180545,-0.635029913805538,0.778589261434828
-0.664178443147495,-1.32850061715538,0.070662480578013,0.640243673538941
-1.97301371082498,-3.02320516870324,-0.770245207771318,-2.21117556855202
0.62038170075029,2.58638884521351,0.129576798394436,-0.349592802452868
1.08867161825065,1.73609058946096,-0.916310501811177,-0.0924476613485383
-0.226077238947635,-2.04372729820661,-0.124974491072366,1.86124859383191
1.48023793951334,-0.0141903301235189,0.0420721937695758,0.367897075581573
-0.409756055441592,-2.58681539462328,-0.879087891648266,-0.135809165393168
-1.00232204198398,-1.73365918642813,0.538537767737667,0.869013344839479
0.229145399273747,-2.11160055017835,-1.07226499626045,-0.62439975011521
0.686284539494493,3.67446453813682,1.40339354970799,0.971216068207851
-1.49352037264224,0.563350444543462,2.42054097928873,3.55942260122947
-1.6356334016827,-1.41632072980555,1.59482184831775,1.5664927478767
0.0464198809005516,0.61057652089694,1.52157880069127,0.551780955996626
0.480435287129279,-0.845965426376342,-0.941886285856214,-0.113805053404471
-2.34448637435628,-3.7250189009453,-0.193914495841223,-1.03894535915146
-1.70618749954248,-2.808012732747,-2.10591811740539,-2.70438462146641
0.307769939615024,0.0693421845355959,0.727987349709359,-0.502083295575671
0.888734457216717,-0.912461627250603,-1.12869582041774,-2.45915253932963
-0.380935589430475,0.68522486802805,-0.00454057078325528,0.36853771622174
1.20042237058618,-1.20708937752126,0.0778441333167672,0.712796844068143
-0.613786417628227,-0.56620114495145,1.08905987007983,0.585195574155443
-0.166695812608068,1.50602822940352,1.97335254392216,2.47311129379585
1.3497427411458,2.8719350309548,0.832789527423472,1.5620216070338
-0.08155736257615,0.37585704179423,0.170765663102519,-0.411770486469545
0.0258731020851069,0.0890190833248724,-0.545794909766596,0.245675835060972
-0.899870707064619,-1.87949520236837,-0.0227149750124776,0.991638497435386
0.0670106043901452,1.56864148751052,2.29985144739473,0.997319364531164
-0.644265584699205,-3.31690331224668,-0.672660614132153,0.65578898837213
-1.79943951694229,-3.07097798788135,0.0492970154772752,0.989519624667173
-0.970491872039209,-1.99577454819592,-0.421538423592557,-0.6359568080963
-0.23864909058919,-1.02111307947536,-1.3745016852604,-0.411783704551519
0.163631745977142,3.31622485557233,2.61306786020128,1.14109344698453
1.06803589634442,-0.457741591481802,-1.26502942363283,-2.27143870312794
0.0385342268220356,0.310416161321305,1.03735905077595,2.12356073561088
-0.127406724329176,-0.755171204818431,0.170449807294301,1.48684234426633
1.10613338969307,0.744124688723152,-0.466984774029889,-1.76253495290842
2.41505639305858,2.70321816456534,-0.0675717913261895,-0.357664554036921
-0.0854377496312043,0.501999014355143,-0.396280873208068,0.413417147845198
1.17798559053759,2.34002304265764,0.693757505092483,0.354944103773638
0.486182864879867,-0.864481918813986,0.0785280076841366,-1.58561205622122
-0.0760459783736424,-0.102072652785486,-1.30344778582681,-1.44539022243969
-1.92088504995097,-3.11554360251235,-0.439836567647686,-1.63306330172557
-0.967552745503026,-1.63409962615744,-0.172576487128342,1.25514545501779
-0.556743932301024,-0.479346487734065,0.505130934650635,-1.53755072460051
-1.11020718374346,-0.657149166093937,0.645715775337096,1.50469848802426
-1.16124993960642,1.87682666597321,1.43384890007435,0.773483047726463
-0.412925484950059,-1.48621326877249,-0.0839929121228295,-0.503823675070991
0.951889434480402,-0.314633444823052,-0.806791071403346,0.526907349652808
-0.920180526501519,1.27848909036702,0.499860450165151,2.54371388488319
0.118175117960979,-0.842229257444548,-0.596590446015768,0.870007272092117
-0.202992795359762,1.3589419750894,2.10522899029575,1.94896577804963
0.79309979915499,-1.10742106729166,-2.18963066942869,-0.722460250181529
0.0384368414759949,-1.78460054820911,-0.429164197187692,0.486661174280067
-0.16816299181802,-1.53201552712552,-0.993415875394636,-1.5014503342587
-0.584189408985592,0.611106916013148,0.540332164700897,-0.0361458134689179
0.891898666517829,0.166817380071783,-1.6567651964565,-2.00850515446157
1.13933307604848,2.70385660336724,-0.0619748771264361,1.39177428951095
0.0194424834681,-1.12340277000125,-0.200622101408084,-0.58431007203824
3.27178275094146,3.15642796586113,-1.18253944419945,-1.61741505339922
-0.00299321217346231,-0.142461439054819,-0.614386141795168,0.96579619244492
2.9238239501318,5.37420832036254,1.04344600517671,1.5420263102081
-0.133879522065291,-1.05503407697827,-0.389626781595716,0.287877429205086
-1.57070706216679,-1.94910162762772,-0.138972610107862,-0.12790240277201
-1.42476658017077,-3.18261722543011,0.050415859546416,-0.258808174010301
-0.871469943087801,-1.20345245148995,-1.24672909005853,-1.03886985803182
1.47840798244259,1.14834535151046,0.475395644199087,-0.0391343953678853
1.70332330212618,2.5623197163274,-0.325698024117477,-1.05729565753497
0.397608592961342,1.5227569140923,2.02417046506377,1.94172081567401
0.308495292568104,-0.709767660180842,-0.311173751512228,-0.00114022754092885
-0.536955292638044,2.08186067053613,1.51896828105814,1.95776548528399
-0.676675596367901,0.604285976486411,0.756434791827118,2.26783887024725
-0.717903102159638,-1.47561364708692,-0.0252144483946808,-0.391625466221861
-0.870549994900966,-1.03135887219009,-0.877656465804008,0.355865562075907
-0.539922449848325,0.0867498999884727,1.50055826834605,1.74702379545434
-0.622689767958637,-3.40267967499123,-0.887435717824882,-0.196189570360638
0.52853744956257,2.77423408808363,1.25326485245321,0.424770392196811
0.77081867169404,-0.00939230352734421,0.01847673325752,0.250989495451544
1.60318075443505,-0.424513256146169,-1.42231028307717,-1.30076338053422
-2.44862135362922,-2.50939007562461,-0.123755068727172,-0.464627388238566
0.495119681899253,3.80277893456215,2.63800067334424,3.64917253418069
-0.318468478289267,2.8196399988321,2.41236188951926,2.76131743048896
-0.266390602550299,-1.14642571935884,0.993663498164742,0.572264674898515
-1.64170410993825,-0.486077242395725,-0.19649597544554,-1.2430043634618
-0.0328780548058861,-0.0522650293196634,-0.406071721348297,-0.403976141780334
-0.776007105490692,0.628767233462592,-0.88325316520024,1.14061275156676
0.355759428247928,1.3813062070766,-0.378569219370132,0.928588742298461
-1.11280918419286,0.329037085998215,0.721853936109585,0.595413972001842
3.44599197819979,3.02209312009794,0.206937178704225,-0.539866210478189
-0.78209886700799,-2.79926102607817,-1.79470098773038,-1.44153872334913
-0.282203311332044,2.2427015793139,1.88853914784185,1.96445628767864
-1.22876619131156,-0.630838333905555,-0.441832686915642,0.975750920972224
-0.325172996563801,0.53351092795256,1.21910975245584,2.06209619529499
2.13425460540829,3.10123659617145,0.260668008177026,-0.426800276122574
-0.386892082931343,0.0285921892124356,-0.595972903977402,-1.95513554825805
0.610203857819049,0.0362074164489115,-0.311850214069561,-0.941043339747035
-0.939779775135914,1.03892460268871,1.76593483637289,0.494504471623789
1.53836358801599,1.20254729114012,0.122101031761606,0.573255792259453
0.468351598166099,1.29289025318634,1.10789381804492,-0.671479531131675
-0.71663302769885,0.775594719470612,0.791300638873832,0.41905812529759
0.230438944862016,-0.957882933367957,-1.07518386830168,-0.880897980276831
-0.38686369131377,-1.83473720038679,-0.567487916652973,-0.329472143830471
0.50870846650783,0.705856982758606,-0.225278528212036,-1.30558245578081
-0.809396597344662,-1.55230338809446,-1.09943419405032,-0.671174693576831
0.463215859683372,-0.337986733515664,-0.793397182086285,-0.248085473076945
1.58317836100403,6.15663224118564,1.74141429396772,2.02904663467269
1.26276162796841,3.52969954315195,0.373491095593859,0.986184995469735
0.304992512785019,0.824485126571752,0.262461076678548,0.0207164414511976
0.333676634814215,2.04283882161209,1.47218089727487,2.24122520512475
0.421503008938672,1.4889565377448,1.23078266676819,1.6870954006227
0.898379755642647,-1.56113123634315,-0.345252518461173,-2.35033218110475
0.385927146861621,-0.162586330342932,-0.305553333924362,-1.20588353364217
0.606090117308301,-1.76417023708906,-1.68826934005277,-2.47516100284584
0.637811527522779,-0.458865231960065,-1.61545364668415,-2.74152174339308
0.227793843711254,0.654660133026277,1.10424785393352,0.651825493280948
0.720449424080687,0.260206295276173,0.256481440043509,-2.0694520461841
0.0578393567246293,-1.032817913389,0.231447418836823,0.719893893900657
1.01128638626024,-1.36775737201914,-1.20829394287424,-1.20322642621581
-0.428251372732744,-0.778162035827481,-0.805351913326295,-2.2019488707646
0.193770942237221,-1.58051343037644,-0.119811593954067,0.160394178319455
0.0324641118561838,0.406057083935873,-0.162520966638434,-0.437134947434631
-1.07415455414373,0.286266660159324,0.816424611069935,1.01364798195251
1.19882598973803,3.73623335569964,1.11696820628326,2.94091729453216
-1.16243321340069,-0.181464761019122,1.41387270153347,1.62321581571269
1.30512922116238,2.36884512654195,-0.28293981115556,-0.543227776182061
-1.06846647571752,-0.446998696561003,0.431532910188287,1.30582089559694
-0.982083465583142,-0.27380263477531,0.513109449523659,0.313513318614716
0.860888491074712,0.187272208542904,-0.317874725824698,0.5049691757612
-0.081744927167929,1.63111610188624,0.891903842349376,1.52480531348485
-1.8451908393036,-1.50152454795596,0.258862235732539,-0.358734940398851
1.50342038213375,0.0364668851494416,1.00056817914837,-0.272389472540582
-2.48852743080384,-0.37550214040189,0.635892911170213,0.305888571956698
-0.692526021320325,2.17704040459191,0.709550884421078,0.909644806519144
-1.52033934327632,-4.6590240400694,-1.80771381211754,-1.91004200701464
-0.567967502113959,-0.349095902009179,0.466454699033943,0.875719380563982
0.0886811291310934,-0.53708712216731,-0.348118765300224,1.05002834089872
-0.333540775490231,-2.01176798497601,-0.802034985185081,0.997509080710287
-0.578854149910313,-0.531080576366089,1.60904466847851,1.62583994646235
-0.163795855729233,-1.7388220767889,-1.26352788116611,-0.644561441083259
0.269165410758008,0.144838439289146,1.32264716373419,2.25579436481182
-0.855759582087002,0.710318210558238,0.0909115791396558,-0.437809805380275
-2.07485622665075,-5.42298942055662,-1.91443009270855,-0.560565898358004
-0.925845864287955,-1.24313698105488,0.336511224456475,-0.719687993843949
-1.90435779127418,-4.18483236353404,-2.25344908664382,-1.29869221779525
0.635338733866089,2.68142390778676,0.58645748836854,2.53976469086895
1.87015838792933,2.23687470389923,1.23391933555664,1.43341549454402
-1.14546193848128,-2.14755868042216,-0.0723535427197958,1.6315167324604
-0.885435444170508,-0.727598127159003,0.423163788884299,-0.00461975328163389
-0.875533900687168,1.82891366482423,1.67703851618181,0.323371998397429
0.788390456341582,-1.05813283013734,-0.81708480666288,0.0209340760112612
0.0313446839741886,0.349439951992793,0.262198957464708,1.49190714027039
0.488947815943938,1.04365683076371,1.37058732735121,1.50149555215925
0.771469878691198,1.33052515048416,0.616073881165493,0.431395137344636
0.247834608669137,0.484901201305353,0.186870707017711,1.01287539681455
0.447831638138293,-0.336413581107248,-0.853654294772278,1.48822825255785
-1.16256526522146,-1.21707670569892,-1.24454299682221,-1.20984041993447
-0.0617882821038358,-0.289202809939657,-0.654761088656886,-1.95078030674628
-0.616103464566919,-2.13644870090705,0.893796976105833,-1.63634906979211
-1.30482930362763,-0.549449092127633,0.511045330372662,-0.14524334429704
-1.16898434302642,-1.34352449009229,1.15657118046525,1.25891033539098
0.937609547717227,0.774415038290123,-0.742474963388102,0.152590819376053
-1.3005469870359,-1.44259704649372,-0.950340817359536,-0.685634041329437
-0.404328026761701,1.31671802699673,0.747995282351239,-0.0268595890857279
0.982565049225279,-0.104882470585372,0.607937936818785,2.41190663909943
0.329259493151393,-0.941545664828715,-1.01162009320091,-0.994601308416592
0.652347233454389,2.28986239220768,0.536076998255013,0.532883157528876
0.33137935811481,-1.24757088345635,-1.55554804834549,-1.61983360855365
-0.148875337173038,1.01188439496106,-0.280656424283765,-0.100531740765428
-2.19971757795955,-1.96127660339141,-1.34950131343842,-1.00392932387934
-0.608838514896523,-0.8627996012248,-1.13457120484568,0.811204299333453
-1.37830797006746,-1.33685747896379,-0.771675265055478,-0.955870042484764
-0.37808428586824,-0.679077818802324,0.0250989064942282,-0.612754165844547
2.05410707311695,4.03377063554712,1.39425044044739,2.59386885023342
0.138225403263888,1.0870499396942,0.38341598725504,0.123834192733254
-0.719146277753351,-1.76155612007324,-0.839772712123172,-1.19225800571513
0.888692440655481,-0.265304193531564,-0.517721089664259,0.103055292771107
0.491372928474695,0.152374002314251,1.33036308505679,0.454382704276101
-0.0803500691057765,-2.22350403660072,-1.39845250800107,-1.2702638850852
-0.227631250524714,-1.46512463610137,-0.18148523460398,0.145790642385725
-0.145485583230482,-4.1110665557271,-2.26485370111713,-1.78351297497345
-0.0714200255752952,-1.32022673936374,-0.126922179048068,0.201805900325705
0.619530244648906,1.02262946789664,0.763775459810372,-0.183875901399555
0.127656676246875,-0.812155543485058,-0.372672818590422,-0.787878506989491
-0.627376645697984,0.179089502070311,-0.0944569343248268,-0.414311638197932
0.834371493937897,1.63045305726538,-0.228734537188852,-0.585121319342897
-0.698403948311629,-1.60781681990285,0.393937478387465,0.434379828534016
1.30924048218871,1.09667672051763,0.128326486833156,1.28039109036346
-0.980177626888364,-0.0367486929155608,0.460782989344721,1.94625065053461
0.747985102745544,2.00862705863652,0.0317317912835401,0.66570356180926
1.25779662068081,1.8348616574497,1.26935056776202,1.2326426765349
1.2221833523778,1.20632305515176,-0.333106835507158,-0.0075012130463733
-0.112160842700522,0.585872488509386,1.09281504383211,2.5741989955411
0.692200142934224,0.0499126204204111,0.257418103209721,-0.825223660262125
-2.13764149985513,-2.2489714080837,-0.352933880721822,-0.489718966519522
0.444235984040234,3.40146392165886,1.94727562460448,0.91861496409636
-0.109286874357898,-0.168030876619924,0.823566162293491,1.91234008553109
0.599824655782442,2.26827111127936,1.29092557422602,0.898472570245727
0.108759073688381,0.373382686228375,-0.837661232878455,-0.196413452060383
1.29479689861678,0.359074495350477,0.302644253532553,-1.44460332357638
-0.170650755658055,0.927135597346884,0.614294787129453,1.04047661396629
0.733739518696074,0.183032439316082,0.119299094365516,1.35439103024868
-0.105956081619216,-1.47069854992291,0.419855757671693,0.0827752151304881
0.655762571951209,0.376302288579336,-1.03594818402802,-1.13035462146652
-1.23126609336929,-0.626001485486548,0.18894315520704,0.702185654969717
0.606569514039166,0.214734292371373,0.618998856867302,-0.88943241664152
-0.389590456231888,-0.922744525904788,-0.378269407607982,-0.236810776691546
0.394815020131042,0.662421084941876,0.273580875399069,1.47511815276733
-0.875318548777549,-2.74990428225807,-0.820198016610341,0.0992160745425229
0.54164091212584,-0.327520116142717,-1.74029718179439,-0.511748415918188
2.99152532733133,1.23666168420717,-0.93397222442798,-1.136127112444
1.54052050648587,1.82374946559262,-0.623980224256539,0.691869829698105
0.980378794904776,2.39797940958226,0.284167646156933,1.09063121316607
-0.619014968381663,-3.199871415197,-0.829950620124162,0.584884879638902
0.324860466266969,2.31279494877821,1.8062438869409,2.89147303342759
-0.158338330946089,-0.97592898888649,-0.0611811846087857,0.492885142982343
-1.98512889480691,-0.00876707761393059,1.08581076483846,-0.194289342636577
-0.240167897097374,0.653229085684668,0.212863567440729,-1.07008830160067
-0.316538046267265,0.521171968359962,0.452575589159848,-1.31093675856103
-0.0896303158722854,-1.79688853071101,-0.168264176455794,-0.0456432428751127
-0.532006993707045,1.57287456428828,0.847289095213602,0.0167026008002643
0.651828959763116,-1.12187267678926,-1.58711241624118,0.318756170793407
1.91858057970287,2.6781005005537,-0.267174771636338,-1.80886576690662
1.15565715134385,1.30493273509077,0.445792935394261,0.844814916793966
0.660185179168459,0.757030027706639,0.186994158453121,-1.64119663218156
0.0550690875835367,-1.29414043234934,-0.33598146978565,-0.356822861995136
0.0757323802746318,-2.20328051972848,-0.758377587799376,-0.78200243665311
1.15752258181319,-1.93680288239931,-2.09719637688197,-1.56359826323524
1.28164889939765,2.30571176847189,0.262124702292858,1.12272199323609
-0.591946857097672,-2.31918983713906,-0.825526716362823,-1.54737339782307
0.949803349503218,0.0144530754031207,-1.08823296237182,0.71802490869424
-1.18310978507429,1.30136794723713,1.81371173499466,0.410514899928839
-1.19265860477875,-3.83562550117803,-0.825588677059082,-0.237039269486567
1.59578333479431,0.0103766690742479,-0.277452129545715,-2.13092292221212
0.0369392685017888,-1.85715181313945,-0.786550821890051,-2.11530075309063
0.0337820994332734,0.443925237075257,1.5163619888448,1.94935296798324
0.979023019683957,2.60817267467577,0.384976721431354,-0.438919411274068
-0.19665658614585,-1.25134192929362,-0.624962143917129,-0.760864101687998
-0.84666438748252,1.43392119340436,0.999535413575092,0.346630580154953
0.138357324986206,-1.03242851435922,0.103489120578919,-0.0257414881749328
-1.70863333602975,-4.55222738641898,-1.09520010783964,-2.78894094029531
-0.472466103539983,-0.368222604950988,-0.324239207385718,-1.29276330888401
-0.156740160934217,1.22892060184447,0.613213396996517,0.479611075737459
-1.44256268479559,-2.23910051873925,0.722710529613058,-0.584128300142392
0.184764335937665,-0.274735436145356,0.358329772187866,1.27831182955867
-0.732733102643874,1.47372122663988,0.466093120910915,1.28590394685198
1.11407753323473,1.55918952019004,0.995260484190023,2.29386824663282
-0.281042036472996,0.485998410323904,0.51194396951502,-0.458460411969668
-1.09100027664817,-1.014176168078,0.402214419049105,-1.00493349178189
0.239222737737268,-1.76384498051077,0.265671586069401,0.16430665706333
-0.0532176840575105,-1.39147061820041,-1.19135169115085,1.17073210054382
0.0403178822322321,-2.18120609617329,-0.480721020594104,-0.784827730951703
0.215454744346174,-0.268399895867529,0.105246191549667,0.237879988745917
-0.394021000135933,-0.449392259561445,-0.558526287268107,0.304990302340414
-0.326590873793965,0.199266796753563,0.926262712662328,0.501535969454179
0.648003818354912,2.07944627671206,0.764059300371899,-0.0578634547874689
1.62673701629703,3.202160425174,1.16962852287581,2.83226095925717
-1.92569377349633,-1.5097633407116,1.0935855630846,0.640481861771268
-0.135680412514509,0.226042010746605,-0.850549525164159,0.482455386242563
0.979682304928802,-0.342274554928054,-0.989243467144727,-1.34010205808402
-1.17921193210068,-3.44039536277978,-1.46332166361954,-1.09755937942077
1.16681337455667,0.785753820728316,0.403525146825956,1.14165310627983
-0.379227415297271,-0.437818430817588,-1.25105207426048,-0.555074478949107
0.70775212141734,-0.0306606693915854,-1.78453817716319,-1.83944195095493
1.47376577810174,3.46654330176411,1.95058565458436,2.37003512303123
0.898576833356327,1.32104567462113,-0.0115907102198303,0.588741154152065
1.21431502306541,3.84413877425841,2.31993718158382,0.990257595931602
-2.2078270583898,-3.39303169296669,0.147097980115971,2.97036743799306
-1.2733628036548,0.22645016753918,0.203148727093317,-0.932761170556574
0.581466657889296,1.28960994534156,-1.20885499817185,-1.06286576710137
-0.910780798192153,0.0621528432261579,1.08396254707487,1.93274360282271
-0.551874495500953,-1.83036777618473,0.291009435113486,1.0555868456539
1.38422224664466,2.43971328510173,0.942595597478714,0.683546358797854
0.116494123723035,1.25178601198621,0.497645937965996,0.512116334378727
0.0453178784831703,1.94809117908562,1.2328382230349,1.7309873290697
-0.245585632015596,0.904274713660975,0.245855695738124,-0.591131732276611
-1.59789551871642,-1.81415779425421,-1.15079237386209,-3.11314465324359
-1.88057396502837,-1.19395374623926,0.130234109432703,-0.598254648769879
-0.217766243830373,-0.324635277100963,-0.926445447954429,-0.447815767016364
0.354738794936102,-0.384159602160915,-0.0692413829341544,0.224747192358628
-1.31894478115298,-1.70532845252846,-0.677712344999766,0.924630091696136
-1.80778009715662,-4.26455146612719,-2.51600251029469,-2.51726219828084
1.2755091369191,0.753823292228699,-1.02170792592194,0.112307858668609
0.50699835111917,2.48655520759214,1.74801780811612,0.756229988513548
0.482094871689672,1.68723499013828,0.447330857874204,0.0180264952402808
0.917096497774865,2.5607609989696,-0.33018252198737,0.269147556626208
0.554743570423318,-1.21699967335847,-0.54558130003725,-1.77357252075493
-1.05550268160105,-4.07164630526337,0.189690504238938,0.160499737336659
1.25015505558455,-0.551674080299425,-1.0547358222305,-1.91470299127874
-1.27736005340688,1.50811306955877,-0.00446045864763201,-0.456904834319367
-0.478588320720279,-0.750887447427314,0.206161408898237,-0.496054968409655
0.333595621234046,0.711787100026721,0.451394372707818,-0.210420429114338
0.280998469151164,1.77357474259833,0.763888698356092,-1.26335441969179
0.589335500714839,1.18063738808334,-0.362465292341648,-2.0941823562992
0.876592079389192,0.625851794296258,0.167284279227267,-0.232702470910609
-0.809672330735992,0.515591262841145,0.501403598614455,1.06077417822685
-1.28742628778282,-2.15571787521384,-0.124326772305502,0.266985194977395
-1.16773308895199,-0.31102355843057,-0.383720971818864,-1.98005509844085
0.574483137039138,0.0466755237849347,-0.0225486762658907,0.4412042882854
-0.462754276400969,-1.52523867269788,-0.876888908484693,-0.716588131299571
0.412912128628034,-1.53589416470798,0.198789611344039,-0.342663566897506
1.18298161074152,1.52108805348399,1.07208956448184,0.87516778405044
-0.671733976875938,-2.39104271222139,0.00408777074907922,0.379049421634495
0.924698947331539,3.24950597262765,0.0356734910693581,-0.459689599335413
-0.64489251592825,-3.06773962315196,-0.812394298634052,-0.646737570653243
0.616813884899903,-1.26858175321391,-0.0514646558511022,0.660045749185887
0.0340745981039207,-3.12612469414966,-0.689337923307011,0.149805440893401
-0.850439447987543,0.567503384434833,0.318803273758821,2.31024175588404
0.947850371730136,1.57645575236043,1.1576158073502,1.94315200941758
0.722604398667226,0.0629890961641037,-0.293681241682188,0.525066173229416
-0.868606252322955,-0.710575661920604,-0.528360270943244,-2.10821089756502
0.0377018047450394,-0.60894596306743,-0.218096766204033,-0.260639818830471
2.52239807042822,3.84565999403833,1.16140866059106,1.03353637317612
-0.751862790605904,0.0546372610813998,-0.0708381626634644,-0.661546566139141
-0.166712862493818,-0.470052011519027,-2.32131689617676,-2.59268103193283
1.4028930698445,1.78919376364595,-0.461252722306491,-1.06535073541305
-1.11369772678606,-0.327794810854815,0.639814798321838,1.5489659259342
2.380413636511,3.68050430906831,0.454782726006981,-0.0101800675410766
-0.667302144757731,-1.16707228382191,-0.650257347566012,0.398522898498202
-0.521432196322171,-2.87406422098648,-1.99401462737953,-2.73844901416728
-0.0385537561204246,-0.411377091377551,-0.197911256347231,0.575735286016504
1.07467642177463,2.0227813033196,1.16395238806002,0.00482877874502341
3.23554281654337,6.80266337064736,1.42432777058809,3.42437314463775
0.483314635182074,3.68257211967918,1.7329853332281,2.40036220853974
0.619616219204552,1.22335972856399,0.500434802499709,1.57566494030444
-1.37352867429314,-0.297012929954945,-0.80357136591832,-2.00751493217357
0.141241738837254,0.452292362256566,-0.0100573719366767,-1.05421010738191
-2.35978263907092,-4.40376659327292,-1.53837718171781,-1.14325953921515
-0.258273243330735,0.949544072420963,-0.736429008325098,0.586999393458356
1.46142509399092,0.604038991117723,-2.16017402135998,-3.64818055674897
-0.198070049692169,-2.36773090352888,-1.94101942766103,-0.616319235318269
-0.0576426334267687,0.552323255946606,0.97344064626542,1.01450782891368
0.0390446413634702,-1.2928198064675,-1.60546476737699,0.170706005103738
-0.123729489633514,-2.39795593705365,-0.51161155768019,-1.02841248319482
0.100049582245978,1.93023518885077,0.816808887314857,0.700930595786796
-1.51123341901236,-1.5564778389028,0.26511330093652,1.54412049463537
-0.480871431890273,-0.0549078267900834,0.670805356580949,2.67391345153144
-0.341587648007823,-0.535022358685191,-0.214058818653296,0.570068042027706
0.569773368026909,-0.707209661419121,-0.032637008914519,0.717578247347446
0.207376636370952,0.58949283542075,-1.3794864317131,-2.66574513590076
-0.75859247225466,-0.683239085055888,-0.0709221926872788,0.361300209496952
0.849013844908703,2.20484692071093,0.796671987584016,0.691801274505635
1.22658542110533,4.34959405526891,0.000962525921677138,0.840614476751235
-1.27941767070771,0.0810173726469566,1.80389971655156,1.44335662256505
0.184011110654948,-1.14370513766994,-0.277864464550118,-0.77199770797999
-0.7490257660595,-0.996564618573663,0.663161088948817,0.209463559885241
-0.608148531230079,-3.58396168688488,-1.05414816999275,-1.80397104673308
0.419863624728317,-1.25451621206183,-0.883450708416018,-0.865992469278396
0.841849795634128,-0.78674810582943,-1.62955392864927,-3.50928876442291
0.380156936736672,1.63487817041173,0.957907240164793,-0.330283386541238
-0.534844330403008,-1.17383313460577,-1.60964003090436,-1.87364274357213
1.12971200930182,-1.65901408474773,-1.13360708431652,-2.07929038621788
1.03188963184648,0.845394805517253,-0.343626406563336,-1.03019448675398
-0.989382575570002,-5.2185089944085,-2.98333559023262,-2.61509323394068
0.31316852556151,-1.20410518308257,-0.266841404461793,-1.11233897009129
-1.15966477035314,-2.86235645648464,-1.70432577116442,-1.79634280872101
1.46673353907052,2.54784032812748,1.61873061681801,2.14698805929863
0.270059578028115,1.60997707074698,-0.0333812323672981,-0.995827792043649
1.06713532118701,2.23186323836101,0.100404960328926,-0.592609787756812
0.388143801506102,2.6992816920822,1.30338391513521,2.26617611792781
-0.108270386698755,-0.732749597469739,-0.662267051867836,-1.19188400684423
0.750488542155902,2.59814657465021,0.627203961660149,-0.263811673838219
-1.10331774675753,-1.85051738384838,0.0701367352742334,1.00204307138913
-1.43268242639769,-2.1982186104749,0.420595471404327,0.56691618818044
-0.631153638334791,-3.04487706747387,-1.90420972690469,-0.285597754439481
0.263617951041476,1.53146179080641,1.0322816996804,1.69729693076631
-0.413688070505232,-0.462821566562222,0.915815674400641,0.0191224243362662
-0.465118741895463,2.26977702866713,2.13407711929558,1.48724915826305
0.920851504045787,0.638592322140738,-0.165634204724443,0.596901442243017
-0.502192713878502,-0.183710587672143,0.294558238932382,1.26816270223869
0.974456871806679,0.860933568969347,0.0211166224592327,0.00279537560442323
-0.772935917727367,2.15148090246791,1.70005895294184,0.674516540239039
-0.256483362676747,-3.27052843486287,-1.45159911277941,-2.55816333132817
-0.826313344778546,-1.3507374678569,-0.837624804317893,-0.638894182167442
-0.426199321602835,-1.72621653492421,-0.081719533127412,-0.190195565860996
-1.16169686834141,-2.970934549286,-1.89518210831794,-1.00759898380253
0.446986972332676,-0.156172951215917,-0.120725849794559,-1.03524844650611
1.18231429883526,0.426780414646969,0.175386970335846,2.01419519292028
0.283358694174729,-0.259492249848898,0.929481664597981,0.288227510827673
1.71226784466114,1.65026438197223,1.23995752965081,0.658420410116975
-1.64010000474981,-1.85430772747168,-1.69418310154888,-3.03239462176258
-0.751552073945755,1.60311313535397,1.60518472665532,1.28512264534041
0.52464440269118,0.443447398321149,-0.475187374794174,-0.0265435021221656
0.633379288392583,3.45837230819423,1.11845722552353,0.699849591076849
0.32699671904924,0.151144880184336,-0.711901845116001,-2.35892589044924
1.74568499211517,1.55113809144067,0.618266003364633,1.77086276131949
1.67538956644338,2.78177545550686,-0.231238863108405,-0.0496300820996775
-1.4593043614019,0.986944090839806,0.323101209322253,1.163637080993
-0.417404252867921,-1.68123850114204,-0.586460984231546,-1.16433290204358
-1.43403337067262,-2.42726831699069,-0.266877945195377,1.54225524109329
-1.03077397230637,1.27487258667608,1.16926684652571,1.5542645990646
0.248256394147199,-0.1835945717423,-0.119981031064229,0.196731209511863
0.351407773967145,-0.054699191363668,-0.417083754031194,-2.05784396679658
-0.780451694935575,0.0886283023340768,-0.294594079123485,1.06809877052746
0.301600444867741,0.76434639981369,0.238897809028894,-2.12239015084775
-0.727835428176207,-1.86660418409403,-1.02086672704833,-2.02267135856598
0.249413868883769,2.62083088669153,1.12714230691736,0.94979968242972
0.113145255522151,-0.951506424039479,-0.359929304423946,-0.250686946658251
-0.284012580696411,-0.820511566680182,-0.405997011095109,-0.704883292674058
-0.960092462975384,-1.09435213629777,-0.262977745436814,-0.263599036362076
-0.465325060092531,-1.9156806746908,-1.13647498718821,1.3071099456151
0.491146204122848,0.608138375439318,0.754615760962349,1.59392387394927
-0.494181843877065,-1.41416151375272,-0.954944531033418,-0.890942048053665
-0.325507791607573,-0.913761577384352,1.06876216862148,1.15361113672076
-1.06976068195843,-3.02495410017717,-1.17722241294929,0.484222170193152
-0.434114796822793,-3.88083751159748,-1.88525301869002,-3.02888956023338
-0.0248566438012168,1.08133940659404,-0.231855668504376,-1.73115971710625
-0.729108845461425,-0.3374922083654,-0.361343604373188,0.373044558961519
-0.38271233932852,-1.27245838626267,-0.0975281836305622,-0.678658077240774
-1.10069412034449,-0.14907797384996,-0.191371715761617,-0.477511717918889
0.749164757240454,0.990617308376099,-1.61526088702646,-1.12405923201968
2.20977517791002,5.081885069011,1.880292653734,0.915891130793372
-0.425230228920035,0.209669567527442,-0.58131198923487,-1.60435532245858
0.4666662872896,1.15524952928169,0.885393607528822,0.850464276510305
1.58196744706869,1.8579990775149,0.779919249738322,3.03893175579451
-0.384444162472612,0.933525437386274,-1.00836609784273,-3.42000173853472
-0.389164984085092,-1.03583766268874,-0.145577720826754,1.61281827679853
0.647275142770483,2.98209039830874,0.673900261320228,0.962184094115624
-0.952345799282998,0.31792334128139,0.26950314461552,-0.945462827889504
-0.173136503089637,-1.3392240020378,-1.06359045136863,-0.0926049933354576
-0.55316507526113,-2.98213984779439,-1.29756061400985,-2.08389214443111
-0.967837023816664,-3.20786029484315,0.501640173878235,-1.76079097788147
0.420695958687057,1.08505427511957,0.0472468311999414,0.341270135356454
-0.13881389317545,-0.0902882481189233,0.76948686969722,1.67530157986591
2.1695257924131,3.53560971754566,0.926515897477735,0.0731393300227299
-2.84301789503408,-4.94145987459665,-0.314379277303841,1.5116426761022
0.645281929502748,2.39883600498703,0.546066105297588,-0.216631611433247
-0.821321707080598,0.796398937709727,0.333467779217275,0.0396481056640346
-0.286229169578084,-3.1976204203302,-1.34760920685489,-0.0295531876457313
-1.08880098387599,-0.938795780850638,1.05955934661286,0.519913394866722
0.578400488855279,-1.32794950507995,-0.709002753052288,0.256769471321663
1.35541776928185,4.70498291262599,1.14957156597975,-0.203291951506853
0.489112200603266,-2.60261276584427,-1.79058400034507,-2.2581148023261
-0.911856524356647,-0.776559136983965,0.188300152977901,-1.23769620621322
1.61447746884251,3.38970499170313,1.00743092373373,2.3129564475528
-0.163726665585519,-1.38149141205918,-0.883805894076238,-0.263332056173917
0.178738701781817,0.409842171617812,-1.37742161301562,-0.458943740173691
-0.0492386288291377,-0.575731172561209,-0.549156177562146,-0.800246914379966
-0.215800723580408,0.18625583405512,1.74160878725909,1.6916418636269
0.0809770830406314,1.12574516349796,-0.352575657124482,-0.812486986197597
-1.03055273658386,0.452222973018375,0.39940640548904,0.0616900712813003
1.15321130232285,-0.576850689683623,-1.49614532698506,-1.48273175470954
0.646328884938565,0.714991031299024,0.665525264911712,-0.507455123777402
0.0788285553783438,-0.07568512524623,0.479322637486253,1.39094156136045
0.945405729852455,1.14008746185503,0.538877835282434,0.373728976119779
-1.22214879072262,-1.7319026951729,-0.771429390130006,-1.48029819315122
1.08512896360543,0.407154112744408,-1.31627683665468,-0.30899690665992
0.212001873527642,0.749390226003915,0.276021131059653,1.81480500457422
0.503221026911538,0.369079872754186,0.678383620096349,0.599092382732865
-0.455711994077975,-0.0660405671577137,0.689851833772646,-0.105054835436312
-0.782293586541174,-1.12767462381265,0.741580261036715,-0.882857141117553
-0.54620305037046,0.66924031625605,1.48370381771584,0.0322687761220843
1.03625304627522,1.96204728654694,0.91921919115456,-1.54926433039476
1.09077665503263,0.957547916907189,-0.418953916310981,-0.975376067701916
1.55487239810675,1.22021287415062,-0.491226360500814,-2.28553025458986
-0.0619972054953878,-0.629015798622012,-2.02206099196296,-1.52706186200973
-0.756056442753469,-0.0712275051066553,-0.590774208366305,-2.16030635784843
1.47246617375261,1.98235336972751,0.758667089045106,1.10037757729846
-1.55194489509854,-2.80653681583252,-0.0990094087148466,-0.647351885779878
-0.15888537828916,-1.3700364434309,0.757871498326506,0.214040587474548
0.603257019789009,1.75976762993318,1.00279763701987,1.32273089330136
-1.16228473907955,-1.76640285403251,0.921196398151041,1.64271856594169
-1.56009578379087,2.47551963176541,2.07795242953329,2.3093263734071
0.489185585613409,1.76552107196463,0.826208214130109,0.624658898572446
1.62105050747679,-0.589299426742676,-0.521162096374829,0.378916987770134
-0.714736528438557,-1.139229689478,-0.660963259671186,-0.019681997171988
-0.686687437166656,3.63494930135186,1.58653839770385,2.57530598436711
-0.941603766118093,-1.24808483375127,-0.0114078318663923,0.0893687774357601
1.48472599900393,3.31537620865405,1.09712815331382,-0.191178801562151
-0.707935194370652,-0.60615939599953,-0.297402317731917,-1.34171697643002
-0.837443806426317,-0.154368224708692,-0.675659478831254,-2.05238482130032
-0.804029989369464,-0.807700889863051,0.810061152834506,-0.716456618264782
-0.58790398966908,-1.36041113368823,-1.7950245591759,-1.07554568627439
-0.597717941949531,-1.07280104825271,-0.0489527052353197,-1.11370408860821
0.606447474560152,-0.638747457699011,-1.99234285670172,-3.91164700766989
0.301728112720811,3.163084161498,1.08803077589822,1.12007910444943
0.474748254024927,1.48262398294256,-0.569530462396244,-0.846203170093625
-0.63020028988294,-0.588370031930364,-0.446173128573586,-0.0677486915960084
0.724514310071569,0.920303473214814,0.783211398156357,1.38457075920859
-3.04313484257759,-5.29708633847672,-1.47114377495209,-1.75342499971632
1.12770217136719,-0.536286686232517,-1.45593580902677,-1.36529463974544
0.199846383343375,1.16023784738536,0.10670051732849,0.267311331215817
-0.405102186288378,-1.731784767763,-0.431080948883436,0.33950047366341
0.475527499245612,-0.114432275654601,0.682963445794287,1.45843893687002
-1.22312208393652,0.158786395457801,0.352304029714224,-0.135110478494045
-0.632713554588276,0.291408411067658,0.461177965913971,0.253984418400849
0.109171617679726,-2.21123232009897,-1.43609304631913,-3.0052696532166
-1.5625565841361,0.544727501570517,1.70114685126488,2.50138548215231
-0.040245432814847,-0.177409453077348,-2.01806798099481,-2.05648630081112
-0.0363299297187298,1.13870049655314,0.734977422716633,1.50300660239616
-0.278925581491909,-0.943052606522568,-1.14644706302114,-1.07332088484493
-1.29312944937939,-4.78566890956319,-1.25118935112985,0.469854381347476
1.16680080614526,0.659779200386955,0.361347397860504,1.47437260083224
-1.48537404711266,-1.54075620853579,-0.185504963286085,-1.75466531156364
-1.47712041031981,-2.07700874928542,-0.736900767001557,1.18031062169794
-0.58264035626689,-1.80739157806634,-1.22533987981241,-2.20892051918746
1.54930379091226,1.15410762524699,0.318112040372227,-2.43288802516371
0.10688293076497,1.54806202380823,0.765374025222497,-0.415430243186208
0.259566728752779,2.69265319901914,0.150683358687245,2.10337480760778
-0.215988701887296,0.796010272707047,0.285442724685664,1.94302587273219
0.270847411651089,1.28789220053632,0.471152529262154,0.0426469714793097
0.633189247403892,2.30656087164477,0.0521430904463708,-0.565062664440912
0.707469331514634,0.616903441177055,-0.43773597620438,-2.62550892504376
1.37068146839201,-0.204111640007208,-0.777900020872206,-0.863092058870652
-0.778056134077629,1.89462739813233,1.40575413180023,2.80617730092213
-0.158113544897406,0.211393921739286,1.5551502921589,1.89792583627611
0.413538663207615,1.14639436852655,0.852734228128116,-0.0948037071590153
0.825075725328577,-0.218813088003786,-1.50348662272153,-2.30296656586542
-0.333022248776666,-0.750520456707956,0.47215599793467,-0.968312184116914
0.650773965410399,0.0579238962169981,0.936924598349923,-0.042890623760552
-0.548452682937463,0.221753434985168,-0.373676162364363,-1.63612538095173
-0.341476452668467,-3.45758683701857,-1.9428691317004,-1.51537298835972
1.0121437662515,2.08986434561281,1.1097653366753,0.646740255285501
-1.88275450185253,-2.11367300480864,-0.305205055634321,0.394344571897819
0.221546740723215,-1.41783680453505,0.206979611381862,1.01657010198569
0.925939991622145,0.237848351443589,0.345598556288784,-0.684010033662578
-0.344776981722618,-1.92537349731765,-0.766642946869638,-1.14297886144262
0.624855729729621,0.743858807878974,1.03969251966097,2.82313784898543
-0.706496293740966,1.99700263126819,2.41313480606882,0.529888022330973
0.171207414363386,0.550377411674083,1.48572878775896,1.66164176491402
0.00977875691569575,0.785618393603307,0.468381171900265,1.45165518536105
-0.0285917181661211,-0.523669870392377,-1.89721926257361,-0.691676608674015
-1.27578726414557,-4.77330495905418,-2.33098900302063,-1.67693438438849
-0.162588041070684,-1.46547120107203,0.377066417422485,0.222966527109616
-0.813952668017409,-0.886811263846911,0.0854605148604815,-1.2179035964016
-0.35960728144336,-0.60917488843659,-0.376487804727268,0.154300798931323
1.02424399526782,2.04014809156657,0.349983530902174,0.826331149870117
-0.5665925820569,-0.261869500841791,0.362389550226918,0.114737771057172
-0.0327291610703558,-2.66029073109106,0.063807146962547,0.584291783673983
0.103023621831118,-1.21069523801261,0.423350162494204,0.958610375946778
-0.189466034412415,1.53552511446686,2.00544355431313,2.78489562481628
0.806090490556974,0.744253781963035,-0.940858663158586,0.300355646205555
-0.0424478238394652,-0.132404400978904,-0.875565060719205,-0.548490686695572
0.154898225663518,-2.63329069007505,-1.47589399358018,-2.50829939204232
-0.890281200482892,-1.73843436049096,-0.240335524246583,1.51062668043517
-0.382259076212963,-0.0352289605621796,0.298663702000616,-0.333540967344272
-0.64700443202483,-0.491195389247612,0.392163373450739,0.205246744031499
0.474278292025528,1.97639134980293,0.247899855048703,-0.871767921342046
1.15152892329233,-1.92285338659075,-2.79842891726379,-2.91542192822235
-0.460631493696267,-0.844493919912902,0.168880878906918,0.213376058452332
-2.21526238484571,-3.24956452496393,-1.05266777896558,-0.611188850794405
-0.845512772514131,-3.47631075814844,-1.6624663799399,-1.19743892024404
-0.934275894673734,-3.04995019991983,0.776648713835747,1.59197622421434
1.18075478725766,2.06783214181933,0.901552140952496,1.48792418402992
0.142993683957656,0.545442884483167,0.454207158665614,-1.47586210127396
1.56473745939815,1.29997468645778,0.187169589697709,-0.223199728955639
0.400904127545379,-0.055509362959483,-0.706574970327755,-2.7319682069651
-1.54755722071225,-1.65243370685553,1.11972667020327,-0.773371640617176
0.494910618258433,3.20295710974519,2.85679183209142,2.84440982487469
-0.74785389485066,0.0654605583572893,0.560662003336754,0.128982919929487
0.000603359390358705,-1.22598235334588,-0.684865014971829,-0.972315668657466
-0.101653371124766,-0.169710487325197,0.548346053382304,-0.393947901013522
-0.144058142629655,-0.68667807856574,-0.515863149914681,-2.31377724534703
-0.331369056733852,-0.621735011199994,-0.593466767831502,-2.14067348857362
1.92120815461321,2.0031667143242,-0.297069363040742,-0.636252312875497
1.5098548579768,1.50389004840171,-0.821291769135093,-1.23613011061714
-0.889284398071151,-0.557697270505384,0.393439854154945,1.60204829307062
0.198680207047596,-0.336680322213985,1.00452976222818,0.969893427541382
1.15136467995391,2.21294333963683,0.316692356928153,0.433512462542369
1.10252557067069,2.95978315576923,0.650029974049497,1.50182356647383
-0.895383046063281,-1.0036665980146,0.020986354700286,0.260189597743642
1.4098008988475,2.43469421506921,-0.0241464138880244,0.610316444138671
-0.70459579703588,1.80379796570551,0.781952241168272,-0.376131837950417
0.126642533268377,0.478020260423712,-1.16365572094674,1.39172985331591
0.168755803793434,0.801930235856248,1.33549450924483,2.02268034051842
-1.9199911245538,-3.7762037599319,-0.511237197702352,0.16456496954748
-0.133307420233706,-0.713686725140979,-0.54975752631449,-1.97437667385864
-2.10038657301994,-1.49443427886798,0.0943796902450444,-1.70385579649038
-1.96633850418178,-3.01394421451615,-0.587442457941647,-0.00103748884773891
0.320515432417219,-1.03161431904373,-0.58807616575972,-1.51225446143879
0.341243420633991,-2.32172923610544,-0.660540843579779,-0.876478156302677
0.974334700699356,2.13639739550305,0.330192127281966,0.989163337754933
0.379546198219388,1.31759731786587,1.45178075890876,3.49543389359795
-0.673769295614138,-1.68371072891026,-0.563287244427578,-1.28821818159604
-0.800727074103756,-3.43164169211597,-1.78088095521418,-1.57399117011855
0.804554506792211,0.0817250011552036,-0.399167510880108,-0.455827358060754
1.45103564875772,2.87573565162189,0.4342739710942,0.482289488114055
0.798793711024647,-0.32887656781316,-0.526612562524761,0.675761574721221
0.21692478937968,0.110837819494927,-0.68852224763239,0.456968623420611
-0.0689971962824077,2.14213812461128,1.40115700473324,1.96917134922755
1.6284169621075,1.46081593037528,-0.39105645326633,-0.49254979235184
-2.49168698142231,-2.48933382946819,0.393800618349373,0.320731507990151
0.99290910096881,1.67292000871065,-0.436499545021821,-0.538209873302273
-0.167695281953007,0.831872769663701,1.47562164848438,1.66457262970835
-1.12710117964319,-1.98989392946947,0.0727967352280682,0.179360598636156
0.836662040400748,1.49798821442291,0.151936620296609,2.72417053843192
-0.980278646483449,-2.82701353104112,-1.38236017226463,0.70783216756793
0.344005988229784,1.76877782757085,-0.741578517380846,-0.150697650925398
0.185534561177573,1.54919492408826,1.69592105911709,2.99051966072909
0.141199612995274,0.781097064003008,0.950977022268237,0.711156875247739
-1.85209740277942,-1.17104229815539,1.39971843529595,0.726132276246217
0.162420018098686,0.160622688756917,0.0355624861403654,-0.0411531680803396
-0.493178962831244,-2.48846302255872,-0.603777757102727,-1.14491267439231
-0.70378506653743,-2.33492727179004,-0.28955355605199,-1.56384819219963
-1.18362070634854,-1.38628606100111,1.18834606920042,1.75791384382434
-1.1386981820339,-0.753688417666251,0.72182318340363,-0.576690650095141
-0.84560346853087,-3.03295512595357,-0.754994936251914,-2.78422894103968
1.24699040807504,3.52035123038632,0.454941702501435,-0.268395695089496
0.695165011889778,-1.34012771336977,0.321709498098084,1.36855824466768
0.27483248030804,-0.418033781378964,-0.0313549445093869,-1.15445245620606
1.71648527264982,0.296094205042984,-0.145362406968335,0.593105788362864
1.61208119736512,2.09568792108756,0.152837382185203,-0.888142646944383
0.902960768100829,1.78932559812699,1.10832838553609,0.946670102305204
-1.18344198624181,0.483884906311505,1.13392671282756,3.5869322109004
1.43308002390937,1.64025610105224,-0.0585809007273394,0.561713061253863
-0.202126635484378,1.71248349637499,0.900732375596851,1.06428449288614
-0.242671297917503,-1.14175514355239,-0.694168752063025,0.167312468816316
0.237540119595662,-2.35187192465836,-1.55989215720701,-0.264235410046561
0.0629377155423012,-0.0251453875551952,-0.619271853126967,0.404637085295528
-0.493880053554895,-2.79571044624933,-1.52691631024851,-1.0535678418698
0.684869475041558,1.5839805679015,1.09773146415266,0.390148158817092
-0.48204249043091,0.269714148813314,0.740349600005419,2.44411644269804
-0.564795167351673,0.347511725962034,-0.25357940674596,-1.38559955018607
-0.254293407504726,2.42829352546035,1.11903761559876,-0.506488203505606
-0.759682871256907,-0.492331495190284,0.412235620146561,0.358768513571516
0.153682006360345,-0.498721301176111,0.687825265243905,1.40197794749834
-0.0972534984139286,-0.4381549024506,0.864612146789484,-0.0976084435975857
-0.295900576371233,-1.24327937020418,-0.476262919284777,-1.09213400387825
0.463791381562935,1.46005312738779,0.768233314341643,0.820238163891578
-1.82483093838315,-0.938729298444876,0.15941748699092,-0.419745935709548
0.252441911929357,-1.87497049831655,-0.546072144890392,1.15979181683535
0.901248254480784,1.974353205131,1.22821938236806,0.745888258313265
0.880440689856259,2.22367875227523,2.24129673999677,0.858451147778402
2.23177009882985,3.22272388864786,1.4966488794665,-1.14380201938054
-0.639834830368802,-3.05530453157543,-0.99495514705024,0.629439031564784
-0.980103654491157,-1.51398087611138,-0.156070112206028,0.926848550443046
0.326097975989528,1.39035253734682,0.52128161798272,1.0501502331998
-1.68526239503335,0.744236197643228,2.2236364050476,2.82625240924307
1.21069157198561,0.288905721386643,-1.29307413786732,-0.754599415276596
-1.04711359062743,-1.14678374382003,0.531319669717076,-1.03873848846475
0.438546775700866,0.669505098150027,0.845958464746233,1.69676810398093
-0.33780518841252,0.751735340321495,1.18135348587446,3.82360573760398
-2.37947638574378,0.0821304891659587,2.28112633199841,1.80517967142059
0.259344892403064,1.0943212883112,-0.0576635181838059,1.25607281390169
-1.10300468277767,-1.42587490589059,-0.835536182651096,0.894482696390839
0.922301059107954,1.50578517792127,-0.441438381635044,-0.955914524691639
-2.45149100964402,-2.30958321542757,-0.27568077272595,0.124860312726514
-0.131003819224936,-2.00522687435007,-1.43830103853922,-2.54828895773548
-1.05339701036674,-2.97304054804097,-1.58120981104565,-0.472998343787891
1.12716590131421,2.11746364954521,-0.645815835914165,-0.393995446425543
-0.727834639228732,-1.4929511266847,-0.537167575979878,-1.73027717934617
0.935340589208178,0.298882387635904,-1.02443575670017,-0.0884685786853378
-0.468292103835751,-1.73503557965366,0.321924091581676,0.40144851906525
0.12982106876817,-1.39060326848146,-1.33604234766475,-0.186992042392169
1.46235284119442,-1.41471431683234,-1.04308853576191,1.7685380899414
-0.682169375643072,-1.0985725733187,-0.539612905684442,0.618860576140833
1.81861838674073,2.04615875932406,1.70591809682305,1.74997507729075
0.986158368247289,1.59116398649255,0.0501810485265787,-1.90755778641534
1.28460132176685,1.6737909203433,1.01962995588898,0.771412008582159
-2.24640056940027,-2.79259012784828,-1.00105493297014,0.188531949159524
-0.168516631588257,-1.4628937597651,0.204719782028156,-0.630704279774563
-1.46661662751573,-3.0205895108256,-1.81536324183865,-1.42931270323288
0.759275035989203,1.20000566819399,1.84290511604265,1.41133844518181
1.22277702922995,2.25454148617357,0.612777729821651,1.05694226163266
-0.617535389141603,-2.11807039370869,-1.88207578294007,-2.95552883877688
-0.511773942223519,1.44436707635001,1.55583376964562,2.09016663764447
-1.62158019298443,-0.444622639596625,1.46761416859121,1.6824163121429
0.790937635334595,2.68602465356714,0.0334631871143509,2.13489941937097
1.46152195521853,1.11392274042089,-1.24128312906626,0.711282680353744
-1.69993221571343,-1.04361721749613,0.217883760073096,0.478205710238628
-1.81251474524571,-1.74414288760046,0.042362548351195,-0.698035802996151
1.14414109742141,3.09874261275692,2.02356168982016,1.60825020071122
1.34854185723644,2.31206005503458,0.0956782402399135,0.332426173340648
0.371556455073257,-2.56465506076856,-1.56794277823746,-2.58715668927055
0.242249032302166,0.524854568947225,0.395833619844871,-0.560175188645305
-0.621258548098154,0.594811482149611,0.762097092830373,2.28689103595011
0.339038070553804,0.950519883313559,0.823487452820559,-1.40927190227027
-0.452140126031672,0.428273522755556,1.12845918515369,1.6218988830858
2.04323321252589,0.397630304828039,-0.197396331974672,-1.55843063043574
-0.449337685075739,1.08066342976464,0.48924251060429,-1.10888268406572
-3.13738452799538,-6.01645302966394,0.666815094416415,-0.341679781454427
0.499962209076086,-0.40507283044403,-0.810902741396488,0.520881527607188
-1.25714158968218,-0.501977368129523,-0.572257557733887,-1.40669611765905
0.822761428159943,-0.919256316733243,-1.30556752030087,-1.24521200807409
-1.54609608135241,-2.55918951033781,-0.30961296129749,-0.142820657205279
-0.258780758988273,0.384644417511767,0.717011147523747,-0.577072176305189
0.390407377124082,-0.15126399433551,-0.639611134656151,0.0695096710549588
-0.197270203079809,-3.08217619896735,-1.07775144684033,0.555429416904357
-1.94694947947191,-2.35587233591766,-0.325978665936315,-2.13751780679243
-1.42763817341705,2.69233355018272,0.781760880954988,1.06982462371075
-0.850418042257596,-0.778733033089746,-0.752534580635255,-1.51458939981458
1.62446909297786,2.12088819456495,1.02343490586128,1.52130318914583
-0.126638161398654,0.510061502423912,-0.491192834871531,-1.24386827217218
1.27560202747805,2.78317900378167,0.974985916548056,1.42192160803521
0.179496176715821,-1.42104744931941,-1.57593240022223,-3.02799423729239
-0.494173879373619,-2.64323026023038,-1.35384886742554,-2.2419017011035
1.12759346616907,-0.586895283173198,-0.579377251833745,-0.219112869989564
-1.14694954858439,-1.42789252743332,-0.861044197551661,-0.438954274255512
1.48101859708601,2.97173951334786,0.972678342465014,0.229447408944215
0.916191212458402,1.74302240304644,0.619145771295814,0.79936706960387
0.335131017104748,1.23716982223025,1.38544567240945,2.35120236024611
0.57467532847443,-1.29820176044597,-1.48727036997846,-1.1263667207718
0.203619661886632,0.378075765112576,0.639192676088846,0.147567065663853
-0.447041192021587,1.15641586842061,0.374734872711839,0.576888430112653
-0.34352592755542,-0.0407948062402347,0.370187867392622,0.11313298245772
-0.60383579647081,0.293782518701272,0.631771098256187,0.923378479346912
1.23867251847222,0.568597608512952,-1.51060638460999,-2.07266040387049
0.599492053306319,0.174721282573274,0.573412811007648,-0.637004908144073
-0.108733757596266,1.27967887709687,-0.187477986011177,1.21817272619352
-1.13885696475289,-1.37766265815713,0.160333504261082,0.72202274136048
0.319855338558353,0.425386485349834,-0.376124270322569,-1.69638475455023
-1.0065481340292,-0.751479270737609,0.723492227593343,0.175907704729619
-0.851612042829978,1.47569950520874,0.960404032785513,2.2044858289542
2.03878604469939,0.897838510048314,-0.205747355411774,0.237206760620969
-1.39598222358437,-0.443508015560992,0.2561612518858,-0.430670033235017
-0.882994997402491,-0.0192140723042478,1.63857111050823,1.3939225376315
-0.580806129900227,-2.05960615889818,-2.12369731348779,-3.44366032661994
-0.595755686765138,-0.324206035543587,0.0877846396445426,1.29132773126108
-1.12552538199284,0.294909887484681,1.7705929739088,2.08187958441636
-0.187725488793352,-0.0331170445631066,-0.399193233048252,-0.300700773628136
-1.0380420431511,-0.0511925346807867,-0.816086499784593,-0.601636340581069
1.34246054657364,1.25173533988433,0.208301901568451,-1.42164880203423
0.123512925286392,-1.48969671048743,-0.843622778332421,0.558033874434972
0.858147790153634,-1.77266109765407,-1.64469397425036,-2.37316993005795
-1.40542792339272,-2.97477472295115,-0.500530567364499,0.928158789105259
-0.0144570974007778,-2.11510046862227,-2.3193331996147,-2.84786921908926
0.545575680865128,-1.1382868927162,-0.92457864081657,-2.22763128944329
0.0981120890176681,-1.05533918722263,0.370402753047859,1.53839413501385
0.0175966291792284,1.62815836828003,0.742558936086738,1.80085697757393
-1.03428012006976,-1.21267052998104,-0.00300897917551872,0.993232012537783
-0.628717129629501,-0.892050168008835,-0.0866432374423072,-1.01602564783812
-0.404901407269793,-0.138341489950904,-0.0910004196582893,-1.20802755312903
-0.802371216259799,0.173596982123725,0.533516822346471,1.71237524594669
0.763807156156157,-0.740741406019873,-1.53485989629204,-1.38272881441968
1.75961293587004,2.1603051389861,-0.330945904107939,-1.78111882883706
1.31518008174595,3.903188770864,0.850605108345301,0.719676249322514
0.422840228773344,0.703120958183783,-0.559240368418086,-1.52905715868865
-0.118307690254848,-1.22012550451645,-1.1033691728125,-1.87420652938452
0.576005728308136,-0.430648307216285,0.166110425745111,-0.579391867279789
-0.788614207390695,-0.678309556263455,0.447000506521713,1.1391088436974
0.264917112495371,0.508825582156022,0.291839969825728,-0.146796697277398
0.166466198021097,0.62529745889369,0.623253302910967,-0.170136828089519
-2.34502321435256,-3.88210139110797,-1.03480756820665,-2.11948169195777
1.89663701960685,3.22777148298401,0.871086772288587,1.05547614346682
-1.33156143483864,0.719735353621836,0.68926290447859,-1.6561242933333
-2.62587763955897,-3.92251869278697,0.277739772967232,0.260744704514276
-0.000342472147151789,1.65391453708023,0.502192168071631,1.93228052176446
0.107412294687636,-1.82934551730868,-1.46916116773357,-2.30716057381898
-0.0080054312303214,2.66795632722472,1.96094076576915,2.96723701366026
0.140564613848128,-1.47772981049498,-0.631086188099086,-0.0825309346087153
-1.18492733798134,-0.134352962434725,1.16265562638377,0.673074542252108
0.592497104156848,2.90275719113056,1.22379737078494,0.720782473423458
1.38068758134306,-2.44502119127309,-1.37114505876428,0.257779986688738
-0.838728583550592,-1.46292609657116,-0.464620778888233,-0.786206309606276
0.30587423629278,0.738254637681325,-0.0296229875750547,0.34366164362924
-0.270900317647183,-2.54749219578352,-0.9096983101842,0.688849442143761
-0.060785904550875,0.122339823391298,0.355713304435728,0.237005784841321
0.975708454860259,0.907864503199678,-0.127382582068925,-0.64210487809315
0.277768209440347,-0.996190016380928,-0.554097232327917,-1.14560697902307
1.93184106588039,0.514139863443532,-0.764215525434538,0.861478169120158
-0.332290606474839,0.184693524715506,0.883461260043088,0.194474368178755
1.48194329316471,1.87038333726958,0.340039024972865,-0.46508410057855
-0.455655564121926,-1.32812406747566,-1.24383960336302,-1.7909887391599
-0.231322401662488,1.3885417541666,1.66347933790812,2.81302145792989
-0.32711762721469,1.67418496662836,1.12765731620513,1.76899441474572
0.287902029979113,0.157822239811351,-0.0120569542781613,2.4145872170376
0.466534226807171,3.3309738040187,1.96784041392583,2.8848846861951
0.145161086801629,0.16294139145788,-1.14394042275182,-0.62381140004382
0.599325334115896,0.332841430226385,-1.63922865464756,-0.859375097564506
-0.781932342398934,-3.21966545678415,-2.50724007144005,-2.22722132970919
-0.238878516187315,-0.822581850390335,-0.645955924429265,-0.702260023497612
0.652135347242971,0.325300851438478,-0.576465118452862,-1.72192437199515
1.03807857111819,2.76446108644315,0.906521409087753,-0.0311914406547859
0.338341102765029,3.39223535006278,1.26136263062651,1.23476560314983
0.709389825515823,0.603742054292281,0.159554468384594,0.60278437004029
0.840061158464551,2.30277079365612,-0.244715903930626,-0.662276597385781
0.609308995068682,0.328937509181612,-0.520291492428822,-1.94275071708332
-0.223717667477607,-0.225866974562194,0.906943845162034,-0.570497305913667
-0.164343918304594,-2.24401357298456,-0.737025418860726,0.81310023695129
0.621993832386204,1.50929890023813,-0.164064376808043,-0.107864632923839
-0.45538382362054,0.328613173276831,-0.550868786455784,-0.245916404857582
-0.131983757227639,0.346124935607312,-0.517299165073573,-3.14528646810631
-0.0918070082042202,1.37948144755183,-0.0607326524629998,1.07821474284187
-1.58680900679091,-1.10537513278213,0.179740708444933,-0.326865925326439
0.334188898006935,1.38168245042632,0.378724091848717,-2.08619328790573
0.570006842576199,0.0545675906712949,-0.667585681322486,-0.0686013997175385
-0.0611033670381328,2.00573916182706,-1.43520355756523,-0.539970754975708
1.79406719994437,2.57683877430457,1.820091660723,1.1066498026617
-0.175782369169236,-0.639471388250108,0.645030397095548,0.169136460038975
0.578799236784286,0.325115406917712,0.977291407172931,0.332234784337534
0.53259812823823,-0.0326931014897631,-0.926467527652763,-1.02037081368225
0.784679057850198,-2.49208639948943,-1.16389463034844,-0.753484776408184
0.4177120868164,1.0445036022378,0.209533873781897,-0.246686915240289
-0.191280580464146,-0.0662822095491822,-0.957484919284847,0.495731115411419
0.563353249160496,2.73444415144622,0.692864461970764,-0.289527066704785
0.253522340813204,1.00018469363283,0.615255712454764,1.56965162501244
0.24352214016804,1.13362643952147,1.10994842010572,1.89564198917223
0.719590249915119,1.20724879394165,-0.0798288019228723,-1.22373061484715
0.772732980235113,0.0964434900883433,-0.388196591349563,-0.971051485603826
-0.00852286427622694,-1.01987186493587,-1.36560883307757,-1.29226127120414
-0.389069154981751,0.141311535872032,0.115348990100623,-1.30526745466995
1.32823335412769,2.8189282984804,2.18278317869868,0.952370742390833
0.0530125522622219,0.212934010873357,-0.157342195218526,0.140243841022582
-0.376265157965668,-0.635687903406606,-0.536880780411295,-1.26672011493466
-0.946238346878203,-0.240565349914944,-1.46780614576225,-2.28816385334722
0.269989483309469,0.770968800757323,-0.16768138606081,-0.569864726728605
0.387150587324501,-0.38879567282884,-1.70319832673372,-2.39909437599715
-1.1380526011713,-0.187518410138595,0.721173264208383,1.32107134056812
-1.34835448953457,-0.413909260747621,0.117493155279389,-0.320691258632323
0.184197119538614,1.36678985661533,2.86298482629657,3.10620899770378
-0.818899655331007,-1.32318762134206,0.297385258488327,-0.584433194367999
1.34861529998307,2.63865125473982,0.809611389399094,0.912943804715992
-1.10719940407301,2.34548783630563,2.5732832648084,3.53067870869372
-1.54890311450311,-1.85225694291949,-0.824745278851223,-0.0345516490758483
-0.0698479401103959,0.255224972041095,-0.487731675023966,0.590322796869534
0.468005090421516,-0.0883551232648626,-1.14479419000929,-0.095005364731295
0.156881145749739,1.23351526569802,-0.770257086605415,-0.81856895540552
-0.120859637284792,-2.24625367917507,-0.0748887493715602,0.0391239372946215
0.378800825326744,-0.667120448344764,-0.941553825087932,-3.24432454910947
-0.768385643943707,0.253169883678084,-0.0812529027254665,-1.43382136345111
0.226991933442807,0.531600683639955,0.51427055120864,-0.0243348702576935
-0.833687266772298,-0.920184622022146,1.30252083011133,-0.0140855607862505
-0.804394854725982,-2.12836880888205,-2.34571372862796,-1.58802607295843
0.106715468591871,-2.15634602178384,-1.24109001120604,-0.516914916717899
0.411464908515077,2.61090839264833,0.532717568779061,-0.18118011010361
-0.869121565044251,2.04805429271484,2.47191972808128,2.67944104612615
-1.5509775524795,-3.61726533109243,-1.16566475054784,-0.0773893773833931
-1.02634997767561,-2.33799742865243,-0.996067204875557,-0.765102518365445
-2.00020298785555,0.331151789674091,1.54431480991695,1.23905148163336
0.129017185333089,-0.646722093998477,-1.45128151768957,-1.75419182120477
0.584768770263072,1.1993090464714,1.28202421585249,1.80217134788227
1.80192914517347,1.91183878092699,-1.2403841176801,-2.03749512128134
-0.894728381387209,-3.97564952367592,-2.24715100711098,-2.62450075579345
-0.47253781279156,-1.2080888940391,-0.587213353740312,-0.0314757998094526
-0.108508800819902,1.69411681755563,1.43276784410853,2.8062874139534
0.237583034706238,-0.717095661139076,0.0655660123707846,0.391060725365039
-0.798348314380711,-0.379261922845512,-0.0613997930934497,0.46366488657561
0.929332179663478,-1.08598877924235,0.337432725557346,1.39327380519105
-0.379689160135705,-0.544889409654133,-0.143216764639421,-0.874693958344328
0.985170574488639,3.19553822967808,2.29489495107584,3.58405201353783
-1.62921830722764,-0.376831864557769,0.700501571770342,0.807936938778866
-0.162234665329609,0.960149983960752,0.301383364420191,-0.575367649042
0.345774730922208,-0.432018113458511,-1.09068460094671,-3.23662719684059
-0.492190924375357,-1.33604662222843,-0.364287537847311,-0.77640666028177
-0.478686769821278,-2.73613683146764,-1.33765983937618,-0.846750700568616
-0.637734260110071,-1.4244577920339,-0.769158260131715,0.0389052625286425
0.103420706841276,-0.966401126254449,-0.730049939580628,0.322217170098811
1.26229835926168,2.37474100113579,-0.949499516770615,-0.687507392584827
-1.02429911136656,-1.04540540986883,-0.780713340205336,-0.00181282884972434
-0.0990034590490781,-0.361492113778579,-0.162317814609611,0.437329560785267
-0.482566864635336,0.740601874528311,1.02604572232847,0.812353894246767
1.41320322147466,2.46056322834741,1.4465827635363,2.78654966549314
1.9277281824019,2.74537689254061,-0.327702342506238,-0.0232866333680811
0.500733127839078,1.77348612720932,1.53132626501207,1.24135803458929
0.0663108751126725,0.889130928878948,1.15601304637582,0.0943895881175354
1.36624980298819,3.59133986615793,1.46676126334403,2.1852875248785
-0.461615131638163,1.04655228120824,1.24144482536654,0.000511861815954973
-0.056820381470355,-0.0629962634132275,0.186854513527883,0.504324971137377
1.05022857914546,-0.718084822864998,-2.41021106150509,-2.46954556401139
0.10571373539749,0.687500019339131,0.335658639272755,1.69236278930715
-0.475412846638052,-2.03902163338151,-1.08005487749799,-1.41881586661505
0.184986351845422,0.795747807420534,-0.0437071437351738,1.10965431320807
-0.447633825506989,-0.910608213344657,1.05205688176489,-0.173406742706923
1.86991842288677,2.3074801630288,0.169698166305607,0.700869627781062
-0.38322360709269,1.30013901561137,0.300127057134595,1.16810090462275
0.940762582355678,2.04146838985375,1.10925742470288,2.62703357698514
0.00114037939802183,-0.983918219103516,-0.719830054422667,-1.24712411407846
1.33035103673469,3.86005245604215,1.87959256056381,1.96627222702189
0.930724347311392,1.2646524264113,-0.417795703084254,-0.477336751641917
-0.648756927555097,-1.78867538245121,-0.356905537856778,0.657266079047693
0.282057595472141,0.787884539778378,-0.185912207401353,-1.81613357162317
-0.145816428129493,-0.233793637651369,0.903699326814908,0.240078321277696
0.502782858153291,0.385360125051708,1.0072373582271,1.74640111081195
-0.0463609106163997,-0.940922554570049,-0.282308351829716,-0.0991083557571077
0.470334653258416,1.96689300452367,0.433042724811206,-1.59274203433133
-0.116979104080516,0.0114061067429814,0.979390733956981,0.583964218690873
0.955642402601893,-0.449632170950166,-0.221776257278949,0.342131268812098
0.313166943227935,1.81329416130581,0.0162987282535318,1.54761752215415
-1.31586542685489,-1.34667959438487,-0.419556264511948,-0.445677886542188
-0.0207296794375628,0.327851261340431,0.47687234731741,1.15830027350011
-0.336662904733371,-0.947560223103348,-0.534077829592678,-1.09736540700885
1.11643673864278,4.03687565092285,1.49220776756874,1.9763248176953
-1.15166933686074,-1.88897960945427,-0.209697283934405,0.37574646891819
-2.04499496770188,-2.00655461821605,-0.152656221253544,0.779614093754013
0.467675329647353,0.426058280631878,0.923443593775824,0.975672145440813
0.941962064122669,2.71349863447706,2.05292423400088,2.44514043965143
0.452910356116704,2.65077228601278,0.405207951775918,1.63374981746521
1.35278265051485,4.9517608169775,2.08101016435577,0.59381758842963
0.901955687705,-0.195535664833813,-0.406817791744427,2.08019902814217
-0.930310131580784,1.05013824166746,0.49240504406109,-0.412733031679532
0.930524994346825,1.13192261614656,-0.0267808260504091,0.392836217435794
-0.588776640838963,1.03628717136152,2.22176380567249,2.29339116142583
1.1050875580454,0.354770800388619,-0.2791158069571,1.82014607347426
0.992881907632339,2.39342611009933,2.70548784435523,3.06430309060887
-0.0497880401457014,0.129696591353199,0.44420114309557,0.0394274168926675
1.06793715834658,0.132287117848859,0.0465706837316071,1.14064265669587
-0.267897522190875,-1.11208131560856,-0.46195666993982,0.745285432166396
1.01100559908234,-0.125208312887126,-0.710447441787977,-0.0977600348993596
-2.30643455019036,-0.638536355119921,-0.0227524638884069,-0.410341833620739
-1.05139227913831,-1.91592474988887,-0.530632160027916,-0.182358224029352
0.14755742455189,-0.220843092422248,0.546688454088983,-0.472402299796179
-0.510659669728227,-0.110121647442564,1.07463859654606,1.36624615579381
-2.66795823659219,-2.15199412231883,-0.000267304667493922,-1.93545544786663
-0.835230624377586,-0.748027523152671,0.203524410109362,0.053008218086095
1.61395858579347,1.70378610128538,0.438262767336113,0.14539540753877
-1.20877889007238,-3.79478835501415,-1.30418071588249,-1.77482382186281
0.166938041160069,0.691404719979434,0.307614186358628,0.101340109666879
-0.493898645223734,-0.402531425637275,0.201940752782197,0.950302170684604
0.0183160017591458,1.12038061049269,0.952729554288153,0.40583458872712
-0.177364947696921,0.321743470061725,0.532074940717817,-0.704519446851966
-0.135914238141756,-0.831398886685019,-0.560335867152332,-0.307997659321721
-0.122508155169796,1.99219287752137,1.00544466282941,0.669808534256943
-2.17699358942494,-2.16335039283416,-0.35080766281024,-0.980314881520434
0.000559584625123736,-0.125580777819533,-0.430249345686616,-0.296296871017302
0.12835196484847,-0.139510853233792,-1.20623125437813,-0.482096471383366
0.412336687584628,2.68686212754848,1.3945367345705,0.265501328216586
1.36723917292648,1.8720948273801,0.609112549900596,0.473352295787727
0.0367601401988459,-0.0758286630911638,0.983704635588473,-0.641662856886148
0.270771895991867,-0.273236125880874,0.0852256543228503,0.335963185686395
-1.42765630977467,-2.98845299455981,-0.529894722857788,1.39469746244364
0.0995746809256668,1.50883496312547,3.31362188293883,1.92913356545873
-1.55545187835766,-3.65222050825484,-1.01632035631059,-0.779475225748247
1.9984893050234,2.81058473137689,-1.20142428327281,-0.640672876737831
-0.357022568847804,0.743289583284586,1.27754873418428,1.86174298274696
0.352160890026348,0.102832923337939,-0.238453327352545,0.599990587994168
0.441335798429958,0.549373370700754,0.825147901305313,3.16143383287113
-1.30749298175472,-4.16535972429971,-1.43480406081339,-2.994906084924
0.466880857399669,0.703995042492547,0.388768955532436,-1.22374619901345
-1.07289994496582,-2.54791311045851,-1.70633907640306,-2.08127567154278
0.458505667493202,0.257832679899151,-0.408095510999782,-0.912925096196242
-0.618805090882675,-0.753699278597523,-0.81462586020755,-1.65379567190516
-0.679937391524609,-0.43809505750142,0.33958264005594,0.892623536335415
0.414206182097416,-0.165756881097583,-0.0765757635153277,-0.222256616106885
0.366427285746921,0.925773763355377,-0.140662993618725,-0.829407458821168
-0.248906664495431,-0.466447550971278,-0.48927562992446,-0.861917739050883
-0.736329424522719,-1.40648584528776,0.225072399768473,0.885492234065278
0.194005755434863,0.866443620290046,1.01738051094837,-0.103659531019125
-0.0487537818800853,0.052988800166438,0.815646634727022,-1.17085391182516
0.95950047987295,0.997940447381663,0.00447352026590666,0.942055316523667
-0.632083935907471,-0.377314684977051,1.24443317980604,3.00134795510332
-0.123067474017374,-0.414785159283936,-0.492090980128811,-0.472107013038034
2.2707832168022,2.86245509282339,0.898251181774667,1.25161494011424
-1.28391642562985,0.189193303718526,0.614691807854303,1.74596268379089
0.317251422360256,-0.852053153521305,-0.400359746820557,0.132079540077115
0.410650514231095,-0.94586461815008,0.00968029797851495,-1.49639524919693
-0.448890499888346,-1.11793847075407,0.629050422636125,0.519028132247578
-0.709676063028738,0.954639905138636,1.13320928537753,1.62118849176991
-1.45720406104054,-2.51738298832758,-0.252070316593759,0.840271429771895
-1.41759645000403,-1.6629786357818,0.211670746481647,0.422884876857238
-0.264020690520718,0.878188294097024,0.504996236102404,0.180413644771585
1.2527868090458,1.20162833111429,0.397368968026644,0.412320912224613
0.0537076840986283,0.432293285001703,0.780908017904771,0.676147134634651
1.54571970712446,1.65370319684993,-0.441630260783494,-0.687615411768822
-0.602236288764586,-1.03256029622349,-0.521663775398781,-2.3231275397517
0.578602600231311,1.3407285055846,1.01384156684455,2.87118951314114
0.124398605835855,1.42409146758212,0.0559461258250412,1.3687249094876
0.362650090922231,-0.294156133681036,-1.43602249112782,-0.698827509113309
0.205401537908923,0.556702758503341,-0.0510083330675254,-1.87826630858514
0.777727573620663,2.30753620003673,1.89859147105256,2.71335753823702
-0.00773183144031521,-2.02458737911003,-1.56956175055141,-3.68462259905862
0.968502349122963,-1.00789021067087,-2.37015566116376,-2.28647344693171
0.490184917432232,-0.631344852171145,-0.360697007284141,-0.958421681609868
-0.00953732033365802,-0.123182666536682,-0.0568478510553908,0.52897422760357
-0.112809987537774,0.727766882608843,0.773924536553984,0.63791361138493
-1.27667121119404,-3.32831181798346,-1.65271318208091,-1.59679220342366
-0.648600599019152,-1.02219381190775,-1.33262051882787,-1.55464632275534
-0.263307562979625,-1.62707697259213,0.00321511936654832,-0.21142254470562
0.935634309069237,-1.07316487223034,0.560364431807248,0.648500325366659
0.791319019046477,1.322525770454,0.910302327409704,1.03792932782174
-0.806275012776523,-0.80462793792043,-1.5709051647355,-1.51282131638212
-0.476322723291209,-1.20030308664364,-0.0841251290081083,0.34217534528248
1.73713939902695,2.84924347283795,0.385415859792933,-0.806450223081475
-1.41251709469622,-0.627674038966593,-0.903054199728597,-1.6195482295977
0.179352063176733,-1.35351621960831,-1.20428544758405,-0.417201717144982
0.277655959574592,2.08218956968235,1.02618991823902,1.44546665068827
-0.501703223407696,-0.489249755070135,-0.739061982858552,-1.10337064210665
-1.37249045907921,1.30322862982548,1.61455857737193,2.28310466070707
-0.393517451126126,2.33760386767035,1.39951048032742,2.18476827511416
2.68852433056932,3.99341688990549,-0.125786536123717,-1.35335129316337
-0.10976677752305,0.221726524650041,-1.02102195980407,-0.795579724394024
-0.223120966205164,-3.19910730150388,-2.11444894365276,-2.54032394696572
0.179366928287778,0.462896803133927,0.802858083730607,-0.27240059146457
-1.1688159402078,-1.49367038949502,-0.166521292015102,-0.795236124240593
0.751196527199891,3.89898254278971,2.0002265015349,2.24810324074326
0.719396102982843,3.69751599397946,1.99128216853967,1.2356666510003
-0.348145175404448,-1.97137932951459,-0.965795912420968,-0.71205781258679
0.0593338459343979,0.174515807823312,0.0799580305949441,-0.130318537484274
-0.50503847808422,-2.24088696915278,-0.0671269397577448,-0.680361352808096
0.689891731427373,3.4694577220494,2.40401727193033,1.37762896395069
-1.6587787733223,0.0739131500871074,1.77911615945877,2.14208568801101
-0.22225099823374,0.376701740802316,-0.159689424147604,-0.618811683860249
0.623421655165673,-0.295933634864131,-0.786895398064328,-1.34741319416603
1.6873364383445,4.54688980778136,1.12851372846487,0.614932564736364
-0.908501501508117,-1.72452085069648,-1.16579014042023,-2.04179823054837
-1.11862209635986,0.047804513855121,0.770275324382987,0.173894127439298
-0.108211010065327,1.05285327344556,1.55051913245707,1.83888500814697
-0.0575192355285753,2.04766612571879,0.366468432905392,0.457997268135244
0.758042251915415,0.665136615887348,-0.394020365140024,0.464185800703809
-0.114388107013693,-0.608617402646559,0.105008517693232,0.3426465725849
-0.574018283429559,-1.19308016038224,0.051134607535974,-0.146801532864377
1.88993924526386,0.806924101170356,0.178422753169583,-0.25923285864231
-0.329153039991464,1.4027178400391,0.281406788713616,-0.390872844848271
0.880877843181363,0.563276899964599,0.866671690690856,0.655275345423105
0.744416337659274,1.60778861035157,-0.00709323390982757,-0.55195531698576
-0.439742707587809,1.1738291370216,0.463588106365689,-0.87089950850811
1.66243635837573,0.972505748203761,-0.85541460563214,-0.593348392001312
-1.15579864674893,1.60678648479942,1.63640130391276,0.896009380805991
-0.937738738780248,-0.99705302279636,0.221972121126348,-0.708568248118992
1.16712179904481,2.29648533037818,1.7963323759718,0.246612143644116
-1.55745823944199,-0.718536175136836,0.501256779369875,1.83066732146635
0.637357198884172,1.21812913132431,0.632053395895912,2.45721359604208
0.197449515466589,0.535410980235144,1.31311628541799,0.943705030868878
0.739473320762706,0.921450772369642,-0.0429254213533496,-2.48361159622486
0.781435892320192,0.826709589455819,-0.722521528783411,-0.421922248874832
-0.665550918985606,0.249310174001747,0.447464566702659,2.19970357987429
-0.684422309402987,0.757189034563187,0.588928272057227,-0.11500371903449
0.814295613579638,0.299806493183831,0.362508993725666,1.62772784678764
0.888384026333753,0.0289047473991264,0.0759026758910217,-1.65949890386009
-1.11367173348657,-3.29395696882463,-0.618235154146238,0.887712642089886
-1.23189169431553,-1.74706369261834,-0.749064053170092,0.763077815901327
-1.07465982098932,-0.50478906949469,-1.40644310364517,-0.755632167711804
-0.0147790602894336,-1.21974429622584,-0.91466758809507,-1.62033193564241
-0.0210603638865698,1.59654100176461,-0.422515233455512,-0.953474503850652
2.32759188427814,3.30892202903032,0.798651789170092,0.948611683876134
0.537578617769642,0.0350269356187787,0.760173430833846,0.488761208034891
-0.150933762659666,2.35853050170213,1.08100651341715,1.41036082926295
-0.52794019949943,-0.67938777377041,-0.164188902291242,-0.0800583195538265
-0.535056473700789,-1.09092829910183,-0.179421688567157,-0.930172237829451
-0.619871253094748,-2.11300947079003,-1.56403014275234,-1.87003248660813
-1.09414715458447,-2.05383324393542,1.18507946662053,2.52681771868288
0.174764410984371,1.45449308160296,1.03823519522365,1.32701875508737
-3.18918610643503,-4.33247051747697,-1.07757788645242,-1.56815322056515
-1.16944424186678,-2.33837781850969,-0.0277992912266973,-0.234183471191248
0.991563499846736,0.775355145197493,-1.12787723684341,-0.795929990564628
0.149196928334611,0.808502246681362,1.33123630864792,1.56797672550297
0.554631070423332,-0.390491317194273,-0.135130231093138,0.85120015778852
-0.589690702483591,-0.254938050789953,-1.1397510006268,-2.5213198624442
1.40956455320645,1.40833845237287,0.720643403630958,0.693651006109498
-0.297443677420138,1.23181747043563,-0.114064727954216,0.723350295269907
0.587354813049546,-0.236269447097601,0.249938913945744,0.430715957585011
0.0136732767186403,-0.532614842115706,-1.33433627434795,-1.5259012729617
0.479094516876518,1.12508366499271,0.275945331449017,2.65699265434027
-0.441453852528097,-3.02313012626965,-0.110464328349219,0.851934637828748
1.24400780549596,0.177304006737496,0.0504655574836684,-1.47685375291457
-0.517633734430542,-1.10072922263732,-0.815645907099505,-0.554340619547656
2.85993663383947,0.832158744079946,-0.137303738431867,-0.112607576346035
-0.161728735063497,0.20323504981888,-0.358569676875277,0.635222456290722
0.126126493805749,0.0263642622734346,-0.0504594437728556,-0.739400280229764
-0.620143602752065,1.03143157218856,0.411012075413222,1.51380820041931
0.733028625007077,1.91092532534796,1.78276963824666,1.22208677059829
0.188879480095157,1.35769209975688,0.885891114561442,1.34208505515064
0.635331325238311,1.41470837800345,-0.11532325471699,-1.41686470322053
0.713170709295136,0.0399318498904438,-1.32918661335795,0.581809593531263
-0.768887741449215,-2.36385433381589,-1.68731438764749,-2.77888383950123
0.825866376973108,0.292502013325031,0.370415398884785,1.12918233836796
-1.18988737780151,-0.945150509917272,0.959803957211463,1.68189928287658
0.153363028470634,2.47575783732287,2.78596102248365,2.8171616449146
0.912622167357091,2.95777877830254,0.804718452665811,0.9416574953751
-1.59146442510994,-0.391543431985444,0.331166982664332,0.429079834338792
-0.441399608592731,-0.0351267320940746,0.0230529255598879,0.0238613316800261
-0.402960952747705,-0.579604265324932,-0.130580728706949,-0.437253755465073
-2.06230271816286,-2.93557261538406,0.0835851341014982,-0.173373690862051
-0.20256487619833,-1.69252810961231,-0.399293013056019,0.982477297244231
1.40758868957049,1.26598523893731,0.440188548473643,-1.06182348282714
-1.40739406899524,-2.37983020999193,-1.60496861186338,-1.63583825472733
-1.09945170416749,-3.04750918041499,-0.71086160555761,-0.00629807637848878
-0.393075493057358,-0.872554060348708,-0.295284438200885,-0.103777448093053
-0.059463044387427,-0.132803165218824,0.131598581084672,-0.568888884307493
0.104925407257234,1.34240257561658,0.919653319312784,0.224760374718111
0.1889952180983,-2.06565042151362,-0.94329853804129,-1.22787442558733
-0.278202451547745,-1.05260222755422,0.631604067501014,-0.993253576537282
2.35919691735473,3.57578367649796,0.444103978676902,1.27276674017646
-0.447634538850182,1.32193400970202,1.15219467469735,0.761211142508236
-1.33535669978886,-1.47455524313204,-0.0268631408942736,-0.427748759390662
-1.56478148601421,-0.43023288829946,1.19033191051877,1.24213439191457
-0.199479557107137,-0.184770432111782,-0.201819177459063,-1.25872227949576
-0.539683716567268,0.188685615312975,0.680423955067159,0.315520160560692
1.04956872035465,2.1314680421747,0.906858950624492,1.67331408626196
-0.187191431582002,-2.42094849872016,-0.872644345917245,-2.6845585268752
0.0792020596796242,-2.51197491044881,-1.76400401634046,-2.89704934034661
-1.6176529989762,-2.89872797878807,-0.312571990859058,-0.668451355630845
-0.239937983315594,0.378056174371994,0.282604567305673,-0.738219675139052
-0.271886923602991,-1.03205216049411,-0.17449553273883,0.273414336127595
-1.40303650902349,-1.9927093761618,-0.372181809205446,-0.84410586441744
-0.912951650028496,-1.00147924203811,-1.84469632432668,-3.17558043026156
-0.873191554689282,-2.00499696194347,-1.69661942308387,-2.07645164109347
0.827193177842784,0.219769373895306,-1.44729089287183,-1.15060164787792
0.558026882514199,-0.816504463946444,-1.12311296896214,-1.04176997270467
0.694424949975105,0.0658554277859841,-1.31468458788127,-2.39969949144598
1.40582153073401,2.89104273089586,-0.111876139491572,0.216213706127768
-0.321394590505842,-0.0726330411798636,0.164422341676024,0.382211442020855
1.18305691015126,-0.140247411081596,-0.200287891025147,-1.17167007924144
-0.265734673601599,1.24859174491255,1.2234130870639,2.18589856553733
1.15617986844195,2.54125794888413,1.64690155312721,1.2656801882283
-1.25304602409505,-1.31670816978538,0.249158019685266,-1.42345281761726
-0.604202960843697,-2.9755665898304,0.365121281805236,0.455172485824612
0.913415960766171,1.91806992010151,2.56605011392995,1.57344348030956
1.65745634787285,0.427860549482079,-0.260879308864844,0.366555590645762
-0.038877583834506,-2.93296794384413,-1.25371321773729,-2.57255729909899
-0.331291452184084,-0.191503489775381,-0.232436966543163,0.185481449875865
0.626066840821814,1.81281136956007,1.05482649185798,1.49221215349209
-0.120643584601851,-1.91229198289922,-0.307508545879576,-1.38388988794683
0.0136256983844964,1.8710807899539,2.35395945340763,4.08985848494623
0.252213484446859,-0.0615037532491627,-1.62114325095875,-1.85912431593655
1.0895061399478,0.639009427817315,-0.0773097543127982,0.0933912698206439
-1.06556590016621,-2.85205298402412,-1.14030514483904,2.14558109530882
-0.441254808830028,-1.69057479510568,-0.394825979436883,0.126626486814102
0.600319646411984,-0.346952402768841,-0.840252301636835,-1.52747800419535
-2.14375790027801,-2.82988829242502,0.816942942806839,1.30293687495274
1.29544315368299,0.286797119756089,-0.188468864469738,1.47971465722432
-0.648599701013159,-2.8552444656729,-1.59085437299216,-1.1734299051834
-1.04436247308976,1.24507435599822,1.58185352718448,1.94626124336235
0.167576337238251,1.09799149052167,-0.280962384554589,-1.12936762610881
2.23377741359153,3.65960803764618,-0.149048160986347,0.79441082967853
-0.672281932964844,-2.44793806927699,-0.726700325936892,-1.5293254766326
-1.49461631904507,-4.3128293553774,-1.70457913552505,-0.522591106812135
-0.133160098464251,1.6595840424231,-0.441507735640684,-0.68888704259569
1.17023378386562,0.283946935926494,-0.063926558567285,0.123116776689286
-0.277110287899164,-1.86903027468774,-0.527805627120178,-1.7947454932392
0.599735644669966,-0.0474203154473244,-0.544557437956889,0.617732111569183
1.15660906509776,2.3140107574372,-1.51067059052461,-1.94640534971691
-1.71383683975675,-0.464807179055258,1.25864283451174,1.14669705898796
0.600073975344566,1.77948957743275,0.118582396835232,-0.599624534474743
-0.517072254128232,-0.21578134773368,0.401484169970728,0.316121629109818
-0.0595924608676152,1.86625760438867,1.63798784406312,0.636800031312358
2.24501021264297,-0.0152465744549239,-1.50603524895161,0.359480065952767
0.252268328862678,-1.25741349785939,-1.69493964404502,-2.43478359620301
0.810778900487395,1.46011987234923,0.675594941457005,-0.314752102084009
-0.989657753295806,-1.36293027653206,1.56812010737038,0.175179429630511
0.430177724937883,2.11421665513145,0.0691826319989887,-1.59874618640506
-0.123568108208646,0.497467374000311,1.0792581759624,2.17654180778786
-0.231929337704031,2.21073327152286,0.747006644640405,0.0525575595343156
0.557947656995286,-0.0943170453724836,-0.0369568837795532,-0.827309641513167
-1.50429536972134,-0.361227305810473,0.348861419285337,-0.106503407465522
1.39052776902899,1.28349064140398,-1.42253277988037,-2.43198857348042
2.28263600626823,0.533800155091495,-0.941879390191682,-2.33670208522136
-0.441200580779908,-1.43498635619089,-0.129088657635073,0.493574580003407
0.518804573838924,1.05783004917271,0.37649371902508,-0.388995022264703
2.053861151768,3.62451175275053,-0.12470677325691,-0.416474400138934
-0.882059097299561,-3.51733102216632,-1.12055047426714,-0.450942613653901
0.0471264794105824,0.539539606951407,-0.304454977024538,0.260554588892486
2.30863463622962,2.48839757500147,0.765504640646136,0.822807842554471
-0.925260469371071,-2.69585732152083,0.159063481758606,0.396740942934101
0.955478821523788,0.714630933482278,-0.799541088226206,-1.47597080865854
0.473501010253413,-2.02833060312,-1.33275845088106,-1.21693766210226
-0.363129456938101,-1.31160335533554,-0.421982410091407,-1.50355859312231
0.361853678481415,3.03977215482533,1.40071453418413,1.67869777293825
-0.332192091893926,-1.18894610903945,-0.620481283161248,-0.736601483936923
0.76038465906466,1.73283900528215,0.349917781526706,1.11344637734392
-0.509569485214936,-1.7359855806084,0.428375011986185,1.0409547718642
-1.7571523211675,-2.11309379887766,0.0179448269363122,-1.12427427478409
0.813197717806123,3.26014142453916,2.37979499890937,2.33517786607144
1.13232732088381,1.46318593517344,0.146599853753424,0.00778357472607777
0.11153896347961,0.0930521672895323,-0.369563592436552,0.744871981053844
-0.830126638963554,-1.47281186581381,0.791878248497836,0.316990677466459
-0.482590012721979,-0.309990502632703,0.180315639540961,0.528346838938006
-1.31718431349308,-0.653027326858562,0.126079488857646,0.835230737179584
-1.38737601474183,-4.66125485544186,-1.4654572610043,-0.434963537380532
1.13239345345274,0.50298823610874,-0.258427022604961,-0.85474963342656
-2.05851452686204,-1.74975129354485,-0.502840751701803,-0.338612112574858
0.558693499080777,2.14956727764496,1.0224924243757,0.731884655854016
-0.384175028057493,-1.87886259091567,-0.11274526010508,-2.17310116579937
-1.32565555519199,-0.441639870688973,1.5086086754199,1.33429401757473
-0.232507509578728,1.82139716767779,1.21429006899876,0.799710829088255
-0.189051299337589,-0.2062911334096,0.165149122798006,-0.353587002218864
1.2023016768504,0.904984147329774,0.672629438522586,0.330959931546958
2.39883323295012,4.22348154776797,0.772922876313641,1.55127757329084
1.82290899159925,3.79855098817035,0.56027621659181,-0.857701030073661
1.6269914642286,1.6475332933218,0.69189819303945,1.11168573594675
1.61588635938788,2.26425389800981,-0.924896127536102,-1.70868402780222
0.92873539670628,1.57654139161889,-0.18655239008493,-2.13512280366968
-0.454516417334737,-0.481332299237151,0.0178766104180936,-0.0537969987145319
0.171172924613639,0.373176106727022,0.297558406665445,0.0292836449390299
-1.53059525910518,-0.164882455404397,0.341356053352271,1.91649097680972
-0.777832675853036,-1.69288948002502,0.0220334801235663,0.563809570194828
-0.873034514793412,-0.893651354633292,-0.275445340145981,0.836753547561919
-1.09017130238436,-1.09538961148016,-1.10025322177663,0.337300253078643
1.41265589165171,0.853613302845169,-0.942479330560406,-0.0681487286628463
0.500047962609191,-0.385710338042082,-0.652638401719046,0.71464741831037
0.264507054731177,1.33001486695563,0.784125063688539,-0.809538044888949
-0.0113266279824093,0.00653030294350027,0.341861929886073,-1.07760804736899
0.985935291656512,1.64695841635898,1.75018104983128,0.601552546064274
0.884637768598395,2.97477758830685,2.10120057924548,1.21135708828312
-0.904861863579162,-1.29775434827104,-1.12119344801591,-1.81473470487794
-2.00382435143443,-2.18268360988893,-0.268699257204831,0.0551753607140733
-1.17847443705294,-0.852325203481661,0.420419874523493,-1.01737896442388
-0.494871119028844,1.52790536784524,1.96272404931446,3.72075607113019
-0.00324293186600494,-2.91396510593595,-1.79083111039691,-1.9350577453184
1.50340582686359,4.19110041613114,1.2168011641754,-0.888813795142688
0.634769334875039,1.05783613865606,-0.0411373070052623,-0.765436351486038
0.685444668607466,0.940038878435267,-0.283737289010801,-0.354445262059079
0.810478299570455,3.36705492034448,0.750854531643286,-1.34483295028077
-0.130425767010414,3.14958064470406,2.0564684366564,2.0472336165852
-1.0740831668591,-0.182713162324645,-0.0205391678295811,-1.76676795831646
-0.897543254705905,-1.96447711883684,-1.02767848186738,-1.05279320805341
-1.35723063236369,-2.2774468908716,-0.517512461600488,-0.769319992470237
-1.29269780618488,0.836803638344313,0.972147864555405,0.761349913962824
-1.5172073063295,-2.56255060008919,0.460094659137395,0.29684232266439
0.8591760307438,1.39155483307785,-0.19239610882622,0.321973567826781
-1.21461753377647,-0.347596235703119,-0.0985691864516401,0.495163569876659
0.619055380663752,0.849653196585469,-0.337139637480804,-0.348153546476892
2.34537993067925,4.71411699922538,1.0995341769723,1.54364562870732
-0.198027912485171,-1.63233747696433,0.74433319995642,2.19310198280499
-0.184007671076338,-1.94695995180104,-0.098955648989459,0.38654063471228
0.838737527755983,-0.639796861201442,-0.91173896573359,0.305430680349027
-0.0145075459885022,0.690351162462508,1.25246046926251,2.92791618684525
-0.763833231605356,-0.248514983975551,0.121723016898039,-0.265078892517785
-1.41953834235091,-3.47762784094664,-0.109909560173632,2.08198892498483
0.0933118694913043,3.7341599836536,0.22464579988736,1.60764070181852
-0.427150503032877,0.333931931063629,0.25633471895376,0.756329705278985
0.392367468010023,1.00012478589132,0.759970948016983,-0.380357136695328
0.282013838236583,1.74311825922463,1.60719088844879,-0.281310391920307
1.29802839581992,-0.960999064547341,-2.41229815687096,-1.91176854863574
0.600218839205042,-0.556822198671025,0.159692444704383,0.955917257635792
1.13641129245042,1.24102331678818,-0.278558502250592,-0.92848510355669
0.0696744125654669,0.600289291070809,1.05222109727207,1.09364095745353
0.815918700985696,0.22375916380438,0.0832681834582411,-1.20914079704281
-0.247314784417699,0.576260099692849,0.349673907935903,-0.871364985384729
-0.153636906688639,-1.17540659169202,0.0302095051471808,-1.53898835037409
0.0746809416916121,-1.04994625554262,-0.295279228512487,-0.42724496385785
-1.11026361719629,2.71002249111713,3.10550588523718,3.33636875117061
-1.20558448472509,-2.86969303908255,-1.40181845228334,-1.92895185490435
-0.290661224565377,-1.85926169431865,-1.07308236125521,-0.715433996140498
-1.40164554337845,-0.986605155380089,0.370786561555766,-0.735191637827289
0.095682588507896,-1.23805166950389,-0.399342149830517,0.783938415286306
0.798316598496388,1.60318203412294,0.176159625762576,0.940505929066864
-0.882446125897466,-3.26314336668652,-1.24102088990379,-0.768593794488089
0.0519890587224565,0.359075177715159,0.427803921799787,0.905528273814676
-1.54098229380283,-1.13997136816052,-0.0878965918135425,0.794885517695883
0.934875725666293,-1.41645890193624,-1.92156509665774,-2.0019085660431
-0.357174502316491,0.450864285339879,-0.241623757969536,-1.28485344143182
1.53051861226007,0.305914517809497,-1.80295235199197,-3.90879328453055
0.0418094360662308,-0.943048179233269,-0.156977424058461,-1.78828445039726
1.85985974779731,1.33216722471273,-0.0735608707880269,0.11092650557053
0.334886687130995,0.780210575259051,-1.63092834439637,-1.15696885304129
-0.18966487420983,2.4551314057562,1.0524254397513,0.357686784259087
1.01206499539579,3.468617955584,0.159884472094545,0.140715296712495
0.529949314004044,2.67824727123,-0.189263088370223,0.391343160719544
-0.555519973414701,1.33059118676217,0.945193900709343,1.30288723053679
0.702250024275935,0.338861988845834,-0.0533860506810118,-1.33757155664722
0.630873707780011,-2.71315535575222,-1.02873373299289,-0.0313400829412538
0.372917673711702,1.82695286217037,1.06991344425067,1.6865202297323
-0.356463580925087,-1.2188515847154,0.533878351134144,0.406522685656613
-0.0502266005733623,-1.31935352982798,-1.02738664350771,-1.49989824873305
0.878862808907991,0.803758796151099,0.564219182363264,0.84484097835375
1.12468748523873,0.546388132832218,0.537059860902284,-0.669584099864525
0.297891244345568,1.4251878823375,0.0409063523844599,-1.28056651370415
-0.806874855635072,-0.434513233119415,0.762561911516459,0.921453414860289
0.753812887631443,2.13478442652304,2.35535277320288,3.01691901459716
0.149893353102687,0.519960567473372,0.967864110051733,1.32781586485289
1.13737163177908,3.11632015022641,2.28972368966034,2.62510746675789
-1.60142605000689,0.448870420505152,1.62026572422861,1.51922497482823
-0.744160153516132,-2.08082929855626,-0.501908195825408,1.69778639990269
0.532656441337799,0.781884843012866,0.14293623233804,1.08963178040371
-1.35293498302923,-2.26701424012893,-0.823235792671957,-0.665648999192677
2.74869116959292,2.60072695628252,0.24640385126838,-0.812452054831506
-0.851797058411363,-1.60439846884642,-0.167199340119872,1.16919766379608
0.447210710627482,-0.69692865743227,0.437379057730255,0.58482656173582
-1.72797425500649,-2.25539394384944,-0.266971061594572,-0.0110276302064047
2.20505144512363,1.75549706703204,-0.447754835836791,-0.630986150828565
0.725815431282296,0.900286576523314,-0.398932883634152,0.564410173500996
-0.51390709879415,-0.632962684391798,0.607241066622858,0.46989425338123
0.261131714601403,-1.30440960762178,-0.998337979972366,-2.18603570892817
-0.710477164451562,-2.10289816062495,-0.892726731965955,-1.86315069736927
-1.71944851395274,-4.73048934611178,-1.24426237969007,-0.594033348298944
-1.08945880275189,-3.02282642563734,-1.74873179043572,-2.30837727237635
-0.91141928834144,0.431737312554887,0.818264355247384,1.63282280537664
1.14134489632312,0.28734446759119,1.06090011182941,-0.493979587358858
0.46620878824698,1.52779716279474,0.149501007903305,0.678380251967599
-0.370388308034412,1.86555720731711,-0.0977653266960575,-0.352810278799755
-0.256257861475329,0.308855669037969,0.706243646982622,-1.13220283813331
1.07226546534951,-0.47651032135192,-0.552621803363054,-0.810491316628134
-1.00420325447998,0.220316906593165,0.758856047490977,1.79330064303947
0.59940330269578,-0.0529281965322852,0.5258595816208,-0.0962803544992786
-0.93436541172637,-1.37119304169338,-1.90731967977402,-1.09134461046485
0.716653796030982,0.63712691185228,0.391153057855742,1.34518772287405
1.25694026298972,0.945820109463321,-0.604460387216598,-1.7285387255793
-0.437376196501637,-0.896404861136363,-0.854637604032625,-2.26756313647043
0.456829687646366,2.66048386437916,0.763153600883693,-0.413224373565018
-2.20555688955753,-0.546066453859672,0.500979238734508,-0.442902300505825
0.32384533359146,0.508431149138363,1.15079596353938,1.23219968076967
0.314399515561469,1.37728685553151,1.70620679499857,2.10786118164353
0.425633379045308,-1.22325052080146,0.549565363708426,-0.242554679874317
1.21633413359474,1.61052330671746,-1.08966214850855,0.213770217722243
-0.953562424466382,-0.509452506518436,0.69989924825411,1.35609267625198
1.39937560676313,1.52244613477327,0.00905549533429268,-0.0586682205323599
-0.960676911927524,-1.69122519930705,-0.935751818826606,-3.02668434405346
-1.63496455951146,-0.224028798051918,-0.0876073261406472,-0.489883595308504
2.20591227135873,1.28627060325511,-0.619983565778969,0.72604443116106
0.816438255703914,-0.488215656629002,-0.931778262169197,0.730532424255213
0.763474905445859,-1.76817430127238,-1.06718728825069,-1.05780571972809
0.631216956640548,0.907258674374196,-0.0692953178416436,-0.0620862523636015
-0.208711655187107,-1.72870980210867,-1.54721538514369,-2.10340734829821
1.0086778109008,-0.72726614893459,-2.00231606137653,-1.55480929068575
1.43596770416362,0.343455129920199,0.992393205177136,0.304588329694214
-1.56168905216946,-0.386716466866966,-0.0648731670711331,-0.447632764336766
-1.14302636105406,-2.06270256952027,0.193976218585495,0.696706398387766
-0.722596593260511,-0.642740844572149,1.81538763185775,1.82374052331444
0.525831634256913,-0.167995213102688,-1.08072905825135,-1.35209000223257
-2.34414358896845,-1.1169539925461,2.03500284993678,3.23424268666238
-0.157429480539448,2.01498588548021,0.46052088661336,2.72046282315536
-1.45085080828598,-1.84463998807459,-0.0312540932341574,1.55840119737481
-0.345191700473056,-0.156460571742304,1.3205272704239,-0.374394235911152
-1.60699047340335,-2.66018477971829,-0.168742401943763,-0.688714633017186
1.17045205316643,0.37995213342953,-1.01116320444834,-0.890301577976405
-0.276035101610547,0.1001527922051,-0.878034539092083,-2.0886536102855
-0.194705861996096,-0.706657480575517,-0.361674252747047,0.145510790371777
1.49209519404243,-0.963257176204818,-1.58915698247517,-3.34964086877486
-0.864814897070758,-1.9819648428996,-0.698107757597296,-0.423902030500721
-1.54656060462082,-0.65286181334718,0.353214170319759,2.70843343210758
-0.619364751207046,-2.26904982587311,-1.08017517106107,-1.35412264553579
-0.65272192246535,-0.13861471130619,0.584560602622423,0.951144737497074
0.350356614408586,0.597811349479435,-0.0508026613723137,-0.549361683047816
-0.315781872662742,-1.88734409267773,-0.491014629207594,0.00269038633928492
-1.41119312519735,-2.26320909819436,-1.20126531634771,-1.36245691464228
-0.183980050914444,-0.673688526666693,-0.275316936020075,-0.466723880866956
0.596546581983446,0.537788898098622,-0.279184804586585,-0.132935271448887
-1.3434200966493,-0.953013226317412,1.11173477418078,1.70443172069934
1.00097515418795,0.546227821328754,-0.28841854647659,1.54901247368251
0.707530081680361,0.966166364715526,0.83064065314999,1.38387006680946
1.50048061976527,2.57254705175153,2.09624892489626,2.20679104474912
-0.327858920450055,-1.15295011954735,-1.04381389240499,-1.80205306040229
0.422608450965959,-0.208901802987174,-0.314244445602997,-1.39937983362435
-0.873192571887215,-2.62131586457029,0.777856525480212,-0.23789890577957
-0.25660425262195,1.61139695246395,1.29847907983045,-0.973550792214432
-1.05387207492976,-1.52877884629308,0.175691155640587,1.60785180379168
1.07547944244412,-0.457051083092384,-1.56167635016822,-2.04450121670656
-1.44825998440898,-1.33991790784319,-0.405772803507459,0.00648945190036077
0.614687715561383,-1.19773114534532,-0.819707718288611,-0.255629831417504
-0.683645666438561,-2.74604736567457,-0.284840594812092,0.102994745823301
-1.04794090296014,-1.536112028583,0.190526529267639,0.249456573469918
1.46091767161603,1.59240223373242,-0.377083339034237,0.163606757733481
0.106958230099857,2.39145491993544,2.70419370751803,2.60213794982473
0.333310370005277,-0.580780678461334,0.148370540488615,0.555421404935897
0.194509270110642,0.415946984578225,-0.818417331453702,-0.162317713748422
0.6525788149475,0.452268528299308,-0.0721258747826096,-0.26899831318759
1.47491837971606,2.48252804955894,-0.746675109590976,-1.82264942524691
0.0620263861899982,1.84428931883796,1.02735683377089,-0.697233154796533
1.22091119465961,0.724881053124602,0.212556053701128,-0.399322259804377
-2.34738248877123,-3.3545008460396,-1.19958661468813,-0.632218498723175
0.630115626366462,-0.730190991912274,0.24891801322524,1.26804684605444
0.422848197763899,1.89822131397049,-0.243703213328168,-1.90588030860024
0.180887564900774,-0.43804957603266,-0.431780752497128,-2.78201701621392
0.127099437362761,0.784909348518784,0.643637879442959,0.877859384510823
-0.457625390723158,-0.509663646138317,0.459611130182636,0.71372496195628
-0.623076067904706,-0.162591713053389,0.695837355888414,0.294294210821561
1.0956475467052,-0.359770380965399,-0.377138986386361,-0.127951613754259
-0.186656775348593,-0.087788808676545,0.493362272196753,-0.971312473895243
1.1814808095237,1.66319932865146,0.103367150776885,-0.961137988219104
-0.386938795071383,-3.24404816991749,-2.55166768604575,-1.99796362726715
-1.01348118369913,-0.507470438334016,-0.0522360130430632,-2.01470516918279
1.44656213577428,-0.415066766451592,-0.468096576513627,1.6096543225377
-0.0984901260055401,1.50146464821548,-0.084923053164414,-0.803020209376799
1.21728073293652,0.347093546843329,0.210978053944293,-0.285004189765321
-1.23200347970807,-2.98438512116243,-1.05326463618147,-0.381230480613789
0.357918034047249,-1.34341295330439,-0.975425334946263,-0.634243938888516
-0.315700054170456,-1.26259163634704,0.570526220861725,-0.309215291247121
1.95405205583343,0.794441663930098,-0.472264410230803,-0.607129650302317
1.30768999356293,1.66513935475804,-0.780959260401849,0.106437661801876
0.56028484440506,-0.11803547454477,0.149836342495593,0.0784745744114727
-0.506910722681421,-2.46326510256084,-0.192106264379313,0.239990869648345
0.983500789726302,0.233169763208181,-0.35567422480677,0.396816253567442
0.721696856710964,0.785891687086978,-0.615995389045902,-0.198645928972537
-1.44674605812155,0.476837124597405,0.248869793563203,-0.137881321824223
1.18797120323758,0.305624975473455,0.73979908698654,-0.648910667166466
0.857005905130621,0.225331232424396,0.507627551429381,1.95188615890953
-0.187570257333689,-1.4748854582186,-0.634294579617423,-0.52404902840744
2.3119814587379,1.87933950998028,-1.69247110330061,-1.23855212767587
0.952848473501362,-1.54561614183508,-0.840550738322687,-0.698274736195013
-0.51392984207348,-1.90325705440143,-1.18417616325412,-3.15858936749217
0.931140803824297,1.95587792933306,0.553503528872794,-0.296696401513737
0.409298429359221,1.28354444963651,0.747315414566278,-0.159187464787255
-0.174945594445712,1.54545132558028,0.943603388638425,-0.314597180521091
-3.26214933439141,-2.78047629094517,0.0179064734724358,-0.43431747619003
-0.431592781758358,-1.12022544364911,-1.81048911559734,-1.21829004864217
0.0242896913459327,2.99911092800864,2.68706660126509,3.12193103363197
0.723395005549954,-1.25158092990523,-1.03198456888084,-1.19456439799695
0.352631950240035,-0.958894030778634,0.0147594414518368,0.134126274613459
0.226745773671931,-1.12379316048719,-0.519449154422577,-0.708529774852299
1.51321051827006,1.79042950135657,-0.593431262014552,-0.749418384076092
-0.0528913738717466,3.81293178648434,1.64551477194848,2.82075717002247
-1.05568097477355,-0.00872101418572335,1.56488421015678,0.863467674611052
-0.503527347822246,-2.20883123487474,-1.88136129575839,-0.266904911894959
-0.184268914374016,-1.6168412724731,-1.35317793269824,-0.401421539483857
-0.574685024548392,-1.39898753477073,-1.2887602953797,-0.485306319694003
-1.86461704676392,-3.14768715561023,-0.0542354745938858,-0.821037862038772
0.595457863443718,0.0320866026190195,0.263743242059914,0.354851986335148
0.79153174818635,0.87752157193725,0.528639862316268,-0.512046805002364
-0.73615741607846,-0.285928233163266,-0.113211998517755,0.075119358894816
0.436223801710213,4.06569962085544,0.584280216103551,0.701005558774355
-0.315671972568024,-1.03779005677719,-1.35264042459426,-1.60573542374356
-0.29538676478111,-4.62478337123123,-2.0421190357597,-2.94719078643232
0.604118740562369,-2.19589174357373,-0.836768081681914,-0.96325077164173
0.418114905071665,-1.4441950978206,-1.27442359977458,-1.8856429898863
-0.583640669137996,0.548320085572355,0.471131734561792,0.602070515656468
-0.731893832404773,-2.06953100484717,-1.91308971653334,-2.30515884627073
0.543313021143199,-0.519411301228413,-0.32974365977301,-0.475569500087211
-0.999070001677223,-1.28168974693798,-0.929601575905752,-1.38394804014095
-0.704287225146179,-0.873910638742355,0.134590506215233,1.03072317668132
1.3831119600583,1.94514481998435,0.0830582399151878,2.04094597966365
0.160304203231936,-1.52102674230395,-1.00112277350555,-2.0395487382221
-0.443788859098143,0.832416391516626,0.255248186816885,-0.937304797072006
-1.17789136221902,-1.1790626750011,-0.212546879446092,-2.19942566428544
0.717310412342599,4.27584558012665,1.00173708833351,1.3450581950743
-0.553795211581469,-0.392106749048282,0.518973157959975,-0.188808493896766
0.0968815812460447,1.01617822211314,-0.37713389524314,-2.53424634804918
1.19012428295469,1.32736304728567,0.243334935089374,-1.6138573739457
-0.219515587913003,-2.22092648787018,-0.212455772044332,-0.123768196659324
1.03114925471145,1.85285224865682,-0.48465086687841,-0.462435757360221
-1.14609504368999,-3.63190768132113,-2.75377000219598,-2.54666319046112
-1.7629072985395,-0.337593056245045,1.37916559144249,0.405388621219153
0.327249969745338,0.93981939889399,-0.269085309238996,0.28030380107456
1.19037838497796,1.09234001129585,1.42343676166095,0.541976951681155
-0.526348401440748,0.124501300792845,1.72494308338066,2.59472109792058
-0.255133994076784,-0.740730962249619,-1.26969557880846,-2.73868774523234
0.92610990072109,0.247450140729385,0.647209165471743,0.702546766637618
-0.454611040789359,-1.68992748727296,-0.326845613992046,0.795140585281105
-1.12022151802517,0.391889268544631,1.41970549460514,4.91798271691018
-0.825764854661655,-1.71474675842834,-0.251647168724965,0.0783597967427665
-0.172993634200965,0.484223543375571,0.236971335312706,-0.352880483941975
-1.54881651115628,-1.95499428251749,0.039204183700739,1.87221216404717
0.808753043765921,1.43503953429001,0.631859462666346,1.92927103503696
0.573994104339189,-1.77715226777485,-2.25585472422692,-2.97948144154637
0.842630663866924,2.33360227923034,0.0322308008905238,-0.776806811736408
1.54553917409677,1.41027072173333,0.0901919712119113,-1.46698096754287
0.987465824766583,3.16800800289435,1.64113677422976,2.39994505074777
1.44799889338711,2.54180416779914,0.179383256705235,0.676828116032871
-0.350253492754211,0.292393409491863,-0.207260273517137,1.21639799014568
1.16046817067689,2.62650426289446,0.298375777997008,0.09062583920565
-1.35011322691241,-0.704912319898041,-0.227349865593837,-0.227153446971014
0.61349124249014,-1.99715902212251,-0.0222264615756532,-1.22359969424664
1.65794005899899,0.802840999837754,-0.240956395550381,-0.775817323185899
2.05741997137662,2.0432731366459,-0.75364242367293,0.604807187614242
0.290955961767677,1.06472023760941,0.708028555901515,0.853456647779399
0.76451131462061,-0.942187301813863,-0.91700584724389,-0.706849360118822
-1.07861899600018,-2.30000736163269,-0.83927117224144,0.197972680402034
-1.53376001755048,-2.43519302369618,-0.359006901736498,0.0485325134469176
-0.0123408555423865,-0.115935712935546,0.396349898273571,-0.0743913684242212
0.292900802591756,3.03666717171319,0.243861220194855,-1.89662378987119
-0.13245101256043,0.197957107825342,-0.0153836304967677,2.34839261370855
-0.802389842175159,-1.61160673987122,-0.319266339407646,-1.52668467874548
-1.22221536911531,-0.67675041227062,-0.499684444536675,-0.415530343692768
0.941244193037909,1.16585302367528,0.821857895122721,1.90176464676798
1.0059799101164,0.812812774237918,-0.57848326418043,1.17341770230669
-0.159137939752504,-2.3881490409014,-0.750636779154216,-1.4527908124308
1.68109469214617,0.871202789274725,-0.55864545039268,0.0117663825579911
0.0153230091325226,0.342228241264999,-0.502748779240855,-0.874842677114542
0.977118793831966,0.370211654091552,-0.418039455554844,-1.63291265000522
-0.671403558254217,-1.20985956327211,0.511606041723003,-0.9597430071037
0.605766130429276,0.818851409863469,0.790898254017631,-0.450683108324328
0.660152576360034,-2.26830306945647,-0.829437268977467,-1.61392881838646
0.289679285846421,-0.934906801727912,-0.736424807242815,-1.79141761335296
1.09095134492324,2.50149058281451,-0.117653963397875,-0.963104571974592
-0.133401966236383,1.92560230419831,0.326079224513046,-1.20740695846903
-2.00607830967004,-0.855474581629742,0.0845562063149818,-1.08214129932043
-0.336735245188683,0.738981611930756,0.0927042787266345,1.00025016403338
0.75926864129989,-0.0620871782928022,-0.113217584500625,-0.083025586457833
-1.87410461064231,-3.57260158579788,-2.23663068090142,-1.88265838171494
-1.71511380432561,-0.540050815870498,1.19072111792212,1.39376054624079
0.0227944231451889,-0.36362477263106,1.07589954835476,-0.256660586523318
0.120618840406489,-1.00055960743254,-0.668545049543373,-0.576375251095369
1.21905112735143,-0.224736122470999,0.541053383875637,0.994014185851454
-0.0614644550457881,0.611116269993935,1.57174101330626,1.82930372301859
0.507967691166116,0.646933069242727,0.189851583325866,-1.37112937838914
0.27328335419751,1.3232739505244,0.461997271706612,0.477986355825325
0.744498787583579,0.189563287317212,0.385984972364212,3.17539679164462
0.916152839032716,0.144289827750203,-0.76952862501142,-0.141073028687657
-1.33370301395789,-0.600213813283312,1.03479014504738,1.85972338934445
-0.683495473248539,-1.87353824107098,-0.94623825315304,-2.34079976236292
0.918670629996042,2.13697165183699,0.845195387147344,-0.189125806947891
-2.1669918070516,-0.25474204336733,0.726196121804117,0.581075405606502
-2.56886469517867,-3.14033815493741,-0.423238703981474,-2.11217351371118
0.136214512891788,1.50756056784502,1.58044991692235,0.638930346073807
0.033536995485771,1.43408616620471,-0.273573709517029,0.732373115887351
-0.347424126184933,-0.645686236450673,0.59942974469826,0.690269763878661
0.848284366708695,-0.307040269760691,-0.714557289827658,-1.24430413761249
1.19226331534088,1.47397081780408,-0.165141069396775,-2.47955958491168
0.993538815372369,1.45387798852783,-0.674981877171774,-1.15943207043352
-0.176608452534943,-0.305788360672949,0.0169844852529632,-0.244439882525953
-0.0271168017233772,-1.66227122779267,-1.2448234181823,0.41222651156528
0.30496337447464,0.22040680637305,-0.686068908694909,-1.36298259839358
-2.12620877503193,-0.367462400902787,0.0297138863796878,-1.42276825831761
-1.00418088565794,-2.20017492847096,-1.3285293446208,-0.680466647752224
0.796863123179804,2.0569244323414,1.10859350852667,0.207124454376686
0.247119563177412,-0.359765048651373,0.833133738369088,0.339740572681232
-1.30267428394953,-3.86935863890071,-1.52548805448486,-2.99833522841982
1.28897849816186,2.80974642588714,0.0653935627097402,0.190338459637059
0.489780626058942,-0.144577503658894,-0.170989618129053,0.532341464608148
-0.602353454176854,-3.33137571761992,-2.42407132369413,-2.12541895304708
0.0112920285614735,0.17984121255702,0.256272365528986,-0.29012172361455
0.066831735605579,-1.24715260562795,-1.0477348537287,-0.931316068108202
-0.297869271266027,-1.78423299528775,-1.86866684135453,-1.37849245349929
-0.182833232300774,-1.44973244115429,-0.240145258400171,-1.30885018856137
-0.148290173533129,-1.08112291642113,-0.389863635343582,-1.24637360993205
0.660093459318623,-2.06873056023597,-1.24828297717757,-1.47804336598756
0.999654436310686,1.35406269317562,0.303880224038715,1.36898572394719
0.552109462476014,2.01875459479155,-0.0548935499168911,-0.17152834205221
1.74588497893553,1.38463918196049,0.578782642618863,-0.889292904667145
0.620484014298819,1.23640141685347,0.478067481531238,0.407030597893387
0.322623762157625,-0.768991880323611,-0.513201761062403,-0.0666859810715161
0.840445369361455,-1.08875286230417,-1.41534313752518,-0.57996147314375
-0.135711564020889,2.94720697542789,1.0440044148897,1.15084019334697
0.732306087714431,0.655699877679679,-1.11450073984765,-1.98749966216044
2.00517207805254,1.9125445235237,-0.568994926533804,-0.0845624139412878
-0.208088612873713,0.358336802775286,-1.04119140568941,-0.434317533767141
1.03446706476585,3.63096026486954,1.35558424958295,1.57323702444416
0.0248371823468652,-1.34303824827195,-1.47276064118324,-0.586344199807947
-0.747893378760637,0.715292467669219,1.0489577954124,1.11590819947913
1.1336902950402,1.14159241061022,1.31301544740689,-0.0184720194700156
0.459163784267842,-0.560215768215145,0.410236199830174,1.08261337765002
-0.31681036850153,-0.695938539724154,0.397910705034378,1.01114292721743
1.76159185432767,2.20739542515946,-0.909400161494623,-1.07562913005983
-1.85658185826634,-3.61070991483642,-0.453542367597926,-0.98650053702501
-0.0628553659762234,0.989865970510712,0.76632577704568,0.536019849804987
-0.20842510763321,-0.84796232552626,-0.150753206057676,-2.13178210341428
-0.130834635112921,2.9690469467843,1.67867265248383,2.22062270879957
0.121222119189233,2.57932348770461,2.00057960122853,2.52638668613354
1.86173634509438,1.4755749354891,0.322791952235054,-0.0499695843254747
-2.07549704612431,-2.80739780267135,-0.445712797997597,-0.501608924006165
1.03720074533958,-0.712011682902634,0.254663164913393,0.320529116107534
-0.76034070044251,0.868155874841716,0.727101438601145,0.950035993885948
0.942171680937316,4.43798614647995,1.49333448067281,1.70392170748948
-0.447408819138214,-0.685931018462744,-0.456577871830418,-0.0176037871409137
0.861708157698352,-1.49857300215597,-0.172875926558796,-2.20831930984332
-0.22192460273239,-1.45019190863471,0.339248811707439,-0.879114582158819
-0.610451747721243,0.0431401872043641,0.217582311993337,1.38206010954129
-1.22822780912991,-2.18429716810131,-0.676835058888234,-0.904671360966856
-0.997604371919908,-1.75145957310861,0.124956252867103,0.380266426134688
-0.362884622916376,0.130902302142271,-0.283203557763002,0.846010548426171
-0.0403492698725768,2.90734035557878,1.27912058359111,1.32215755612962
0.514331649330583,-0.434882920124978,-0.0518843597607886,-0.146130756020228
-0.0762502507946752,-1.27750096902684,-1.45753283772527,-1.77911573020615
1.23242097768883,5.32136796974971,1.94544881090924,0.850220621299056
-1.23986666460124,-1.58184925527222,-1.37451179077391,-0.0311713788216907
0.55487533609341,-1.10494383457043,-1.25762023624169,-0.250282216502114
0.916666822054779,2.69757213476201,0.291662474822429,-0.687821391652673
0.510265148781819,-1.0853528781795,-0.207998067893886,0.441326738318948
-0.129037134705162,0.284708149569403,-0.999838110035916,-1.69233758605909
-0.505369887750267,-1.71491486315859,-0.0182709336179937,-0.0833568783786564
-1.40961092548223,-1.08304660188849,-0.293427227352455,-1.79048180806033
-1.54365870306588,-2.88134418098696,-1.70451858811336,-0.620220607354486
0.698620225191373,0.102290238635981,0.271518577663976,-0.480603378133898
-0.31812607113017,0.0540369285416068,1.30014487993313,2.38506757784523
-1.51429472782324,-1.07012270348758,0.790634680539995,0.672467020241053
0.515379385755986,0.457653048816145,0.909174163328526,1.9874806663773
0.78960679651976,2.18637262196415,0.548659917419132,0.557093771053092
-2.15100317530383,-1.87816680993711,0.205848232421257,2.17274191982704
1.83821878632785,2.22465543724843,-0.149521447462789,0.334208535978032
1.23508549762175,0.109537622341502,-1.25619215143863,-3.25957919505113
-1.26625963195404,-1.2969106209508,-0.970165190758744,-1.20448415869888
-0.804221018049235,-1.34892652242266,0.0945059404175251,-0.501968596844183
0.208349483346783,-3.233369636669,-1.7853156482152,-1.9648981869982
0.364411956681045,-0.810317250810128,0.016836767734213,-1.10128022531899
-1.19053321330863,-3.00054391419037,-0.543390940721714,-1.86562047585666
-0.637104980710363,0.345237982621339,1.70474982056585,1.016678784666
3.08373953891157,4.46241644850124,1.24521326904866,-0.971652057300951
0.937498171832295,1.0608424928524,-0.424107553820708,-1.79114567115765
1.39053798682574,1.52725428262885,0.445382721451596,-1.41283002723808
-0.793424833520022,-4.49952803025177,-1.61711652101467,-0.489166801208793
-0.3076327232952,-2.47223234902477,-1.29295471447742,-2.42848673227947
-1.35137784214305,-0.970342209505062,0.756981201513324,0.593134330376932
0.362437281539337,-0.142399805796852,0.132244994229434,-1.32257268070253
-0.0502489767645623,-2.30033555431651,-0.968643307630561,-2.56297629536789
2.31181944593844,2.41278969852329,0.43865900976816,0.79975386031405
-0.318163330993801,1.04506680557552,0.3311958756554,1.88446857560561
0.010704375169905,0.833895550648611,-0.0215652310272324,-0.917445768091982
-0.94118578917588,-1.25069889963003,0.443286819684363,0.954389658078916
0.230341910610583,-0.702916997160409,-0.820209647280156,-1.47553944633355
-0.783850951122933,-1.62308236348287,-0.536497036700037,-0.822464357118614
-1.03844932160862,-0.835392485526034,-0.668575156989706,-0.428656277405957
-0.104194748610789,-0.372306489029018,-0.32995628369918,-0.252936496633372
-0.903302610637793,0.258667921976124,0.382869149288096,0.185924407507291
-0.862489179774381,-1.71599332289858,0.254764076614052,1.3063430491662
0.509764084775349,-1.18571139598564,-2.29703513298141,-3.53739238594554
1.08887996710566,0.677051519935833,-0.0319093456349462,0.2829820528542
0.868983501540315,0.610077792698965,0.363657432278309,0.605346028620451
-0.00517325229364259,-0.940941571452232,0.582448366078206,0.764861122036286
0.0910405396538839,3.2901912660769,1.92452668568413,1.82891764362367
-0.757545673204134,1.67794269872072,0.391840609878292,1.17927595353206
0.295147004062264,-1.38211560514177,-1.90796249373685,-2.01473764790232
0.998704583836859,1.99446650045165,-0.115481100533747,2.68486655539911
-0.971891257622327,-2.96639535605502,-1.63066423978976,-1.10303756573646
0.999246299474132,2.87090622174175,1.79475267380602,2.51136957592128
-0.64969678235561,2.14397229864314,1.9607017578823,0.794972863771148
0.430202610728404,1.1491986969678,0.775081797661926,1.84514261917679
-1.38844193950875,-3.1501669514552,-0.925496156296927,1.10134401150357
0.171146054168896,0.565709866866731,-0.664582399912487,-1.52520273930627
1.31070146790882,2.25164665686841,1.14199024161758,1.26963623669659
-0.0782464873219648,-2.02250525153547,-1.13502404837232,-0.628573542717457
-1.5827634676954,-0.108455303199895,0.300781042728822,1.68516864259565
1.63136643986826,2.25047915802514,0.146809089379975,0.360631269285461
-0.821920819330948,0.754117651145582,1.34517600125438,0.934310495476586
-0.980503349151853,-3.41588966619168,-0.811870149361934,-0.172364146244462
-0.615504417156263,-1.80073367548316,-0.494710193670108,-1.81957446809512
-0.995564403263049,-0.631968700755581,0.85393212913401,0.611024148212713
0.197233803889115,-3.2928362917436,-0.961339664051626,-2.22763049913773
0.333169281179697,-2.78223986368994,-0.170906477083741,-1.3016411097797
-0.361104383878549,0.0193901237762633,0.202158021020714,-0.110811956805426
0.822325056303155,-0.676687049373456,-0.965850819894685,-1.22612845413355
0.44579358311539,0.590494592648562,-1.18329181802781,-0.957172131269887
-1.27914094552602,0.352414187896282,1.3409691256129,2.22476480354336
0.659617730648756,-0.0745685692233194,-0.160980475455032,-0.694921290747641
-1.29899642539878,-2.28040793013536,-0.0896083821278183,0.185858278580989
-0.0837793318336734,2.09696149418709,1.7878686422719,3.42601220483878
-0.273474476684454,-1.32866506760692,-0.602187298531475,-2.03657267260454
-0.798863278169122,-1.1819965461018,1.27970989006224,1.23983151562689
1.12619804153917,-0.495163933838937,-1.50868833709336,-4.46269462268991
0.0258032078374534,0.642715061314767,0.162686659163573,-0.885673610592722
0.518567097096957,-0.108019850156372,-0.909404762479359,-1.70206931767021
-0.045195276933462,-1.1081718005607,-1.34409565526775,-1.53476059292249
-0.884305432351103,-0.323838795382117,0.255221875690724,0.755974958149282
0.581194816879208,1.75014556844175,1.13826050011221,1.53016319755797
-0.79685342332708,-0.715138534169602,0.289398089414036,1.44338559888307
0.849550949134466,-0.0573713898011913,-0.796305340133837,-0.418205672394148
2.41707061116309,2.26988660696292,-1.05297714851058,-1.08272951750144
0.343170309743907,-1.36478398589662,-1.55749564535509,-2.36489587612937
0.674747490285039,-0.288334332053584,0.451715732815413,1.44207189857515
0.437213652427763,-1.3732174982529,-0.31342465318392,-1.07682301637925
1.25095003389709,1.18372711849733,0.356959287497098,-0.0763398332172366
-1.24918244905993,2.03154810867258,1.67427820128591,2.85981931927689
-0.956586822541286,-0.800126880040876,0.788584609022605,1.83074295942402
0.0739198338164977,-2.58517519250973,-2.3800974059354,-2.3600753803727
-0.0597345451908579,-0.668790297142359,-0.859512433771685,-1.18431058732287
-1.15086770637756,0.799587268901167,0.330239501274219,-0.0944737841264311
-1.75379726475207,-1.69684629139951,0.0257036433591434,1.19826231858532
-0.471632491670319,-0.796386416477811,-0.195953644552612,-0.652781412432279
1.64517537794029,0.00721680963113161,-1.43580924049197,-1.1419538814738
2.24416363039108,3.85152830766883,1.25127853551093,0.117957421689304
0.835205346303624,1.20767270421956,-0.392172955953431,0.291807705913769
-1.62032723364213,-3.12899524069875,-0.0886148542159126,-0.101960772589308
0.749614934060325,2.38671566502525,1.22965402516205,2.16815608884249
-0.540183615684979,-1.78940001859094,-1.54732721074291,-1.25843607323401
0.128002504049283,-1.36962857471927,-0.633454884619039,-0.986374934185875
0.677509852574167,-0.381328579854711,-0.159216463543552,-0.232334801631019
1.6599327828159,2.70618241875562,-1.19890877329018,-1.74329991246466
0.134384603027272,-1.14027527724785,-1.36792946723864,-2.64993417685745
-0.703421268235952,-2.15215955391343,-0.562799552284531,-1.00087979727543
0.764942458548993,0.890482810505762,-0.588593987711215,-0.0939472094435945
0.819763821351807,1.68689658175818,-0.0555890142835825,0.121034570336755
0.903843672415332,1.14559931861331,-0.345206701186115,0.00427275900076646
1.14379108489799,0.856924356042546,0.182307387653406,1.44665888894938
0.288753601819581,1.3000171508836,1.45223398289464,1.49355346634164
-0.943263842642371,-0.352048503478813,1.76416203147293,0.956813052417887
0.133218261122488,-1.1324850011266,-0.881314743674471,-1.01548745990719
-1.76213695861846,-3.81846417480632,-0.740089731947433,-1.27630672250913
1.15080463938605,3.18515370784044,-0.0534985456054363,-0.31857297874011
0.505667226698908,0.568868672624635,1.55392719033061,1.18784197806915
0.702695839014471,0.924627344578048,0.622757579000972,0.357901904674542
0.161088256522705,1.21729527235309,-0.0162934490747632,-1.53440362944316
-2.39122398897229,-2.72034547774677,-0.837439191073685,-1.299630133071
-0.60968661305008,-0.951948618332743,1.6496989485376,0.0771995599784054
0.944323571486978,-1.07455474344296,-0.909514278773199,-1.31688723003739
-0.273694360157122,-2.92470062470265,-0.444699786488536,-0.707179071902183
0.837035825524316,1.77781374781684,-1.22702708933908,-0.759259116318762
-0.937623989119962,0.0164352689964045,0.0645415480815664,1.23478320138556
0.258120818631158,2.08075646439792,2.08039548986678,2.11609814340861
-0.548026711622977,0.726487556903561,1.20330470965736,1.01266724810759
-0.64915536254515,0.0401293152575545,0.218004629933656,1.03486717909989
-0.185835544381645,-0.49236095534239,0.113303729552919,0.0264005519593862
1.71476121837628,1.33227123726675,-1.40549147668825,-2.34573615898999
0.172215159503044,-1.00164287954511,0.204449991133115,0.496824197719087
0.222438460532846,1.08634203566844,1.28642248414254,0.755162058133633
1.59184109049033,2.80603152125452,0.453468681628621,0.247818471555973
-0.287694905922889,-1.52733013160232,-0.24686363646885,-0.936147947967775
0.517725254590259,2.46019890701017,0.741907463074093,0.512752808509255
-0.723090852254389,-0.339044884665932,-0.109786605255523,-1.00114478041693
0.848355575369828,0.667717789697407,-0.0206306751100566,-0.808880460980748
-1.34698120837174,-1.1153205381931,0.542778125382366,1.44845226175719
-0.0558260657035301,-0.203010541931159,-1.11987892910945,0.920456541285708
1.12771797949832,2.5294512314128,0.210110129465978,1.63179459846383
1.33843952252584,-0.782963386550136,-1.50224505223623,-2.06492307551251
-0.0864712721110291,1.80096561342059,2.58877550682791,4.23409582558273
-2.38974363661862,-2.45915458127755,0.128398179984281,1.35986706688515
1.64524887359789,0.957670197988879,-1.39319989516651,-1.4419095297067
-0.622541704479099,-0.707170630758593,-1.18585347179071,-1.04960373057228
0.718177150412894,2.47368878465999,0.737451039753157,-0.58519886321717
-1.69664284190624,-2.63418045637941,-1.94358684161911,0.255484549170223
-0.446153975855575,-2.10066920728998,-0.91674420937045,-1.31386120344126
1.63106073240292,2.04260130629297,-0.616987640197043,-1.38549507804296
0.342936198870449,-0.965092612849612,-0.882149344841898,-0.673433968038692
0.34355431554872,0.586609486052598,1.0523058912381,0.37742407050474
0.897984249772551,-0.240164613570602,-0.554895632804972,-1.24152762206789
-1.36473363304489,-4.55905894739361,-0.978046548931387,-0.293716416643351
0.0317768733169308,1.79117804033967,0.699423803227582,0.0171984671636214
0.474874628893388,1.30325136470507,1.26949105792606,2.5355620053721
1.13283957772548,2.38024830193791,1.55002122296198,1.35253376359721
-0.809398778237112,-0.654514883951113,0.333400154683441,0.584031320742199
0.234239931509358,3.00163485006811,0.940462976688448,0.664307601418233
0.666254011057847,2.29078373115363,1.01635564133653,-0.0983025358795591
3.71572072587951,1.51900403022224,-0.947930160018186,0.143107837658864
1.58986783807543,-0.48011862717064,-0.643478643610151,-0.0590536825202888
-2.37058663432074,-2.65517205581843,-0.235854905063473,-1.14227797766277
0.0172274128643755,1.68010703995116,0.0806307373575804,0.219382405547841
0.191082073762916,0.389522677703665,-0.492997695401731,-1.40850784823142
0.818162217902652,2.12314818817262,1.05126331290781,-0.823873202527786
-0.699228106144098,-1.25644694448451,-1.09217503496728,-0.419737460809684
0.996451529666396,0.020733292103648,-1.33754185485004,-0.78516581484584
-0.69274535356833,-1.47446942100174,1.10924196769037,0.81239475575693
-0.103483046838697,-0.699099187076178,0.810701492003917,1.3275704961721
0.603866064318714,-0.674043497949504,-0.875981344328801,-0.600944645861781
-0.608044983359464,-0.324155562735993,0.207094332368276,0.714105948138698
0.0848661205199916,0.3842987896867,-0.296095927147791,-0.978237441493056
1.57799019874749,2.38513021406579,0.823779940503078,-0.548697952770297
-0.463653743705612,-0.122064221721925,-0.630792272131494,-1.33709077789552
-1.15852700589699,-2.35607079972425,-1.03831522889182,1.14163049700297
0.723685640977932,1.94650598626197,1.64848053645928,1.33659355477207
-0.784540661183284,-0.224820885010822,0.434632225581985,1.69178519303496
-0.268400025520266,-1.02196870653759,0.134051808570405,1.61972237899593
0.507799265824037,0.173934545076123,1.5393141276273,1.75978713758923
0.461331003901638,0.461173880760891,-0.447468477034871,-0.962716379238855
1.17944958556405,3.25144774538479,0.665779047039272,0.660041739848048
-0.67939633341417,-1.19579373900345,-0.822972408932445,-0.250272360126492
-0.318611569966249,-0.261835245961079,-0.467313227602879,-1.93388307190097
-0.658019293864502,1.07465443832915,1.41015783662107,1.06150368642889
-0.162615980275628,-0.59234933516467,-0.801738675504413,-0.0414787378468774
1.98934911973313,1.99746459263011,0.573845213334819,-0.359304684518178
-0.0610519410969586,-1.56396509297682,-0.941405986274529,-0.44918036495496
-0.0278099839182587,-0.39437598016703,0.969487151612596,-0.233019578149591
0.511525893301122,0.125055488975652,0.538828275113854,-1.05539349729028
-1.21675338327355,-2.60755124008725,-1.74700386193617,-2.31114615980631
0.953601027080163,-0.42536515603359,-1.64241220440571,-1.55513488256706
-0.0583640451901847,0.184106632440992,0.776559642839838,0.190240691048981
-0.704946172078452,-0.774388863488141,-0.961592144147753,-2.34536754397249
0.37431582186532,0.506827410572652,0.967637176999251,0.814235279987392
-0.183167317158162,-1.79728958681711,-2.15070871194278,-2.25655077287693
-0.151614769827921,2.46488126109131,2.56757029496611,2.30175230625787
-0.114874638716652,-0.708771796597842,-0.169523098146087,0.87723394882876
1.54720521421964,0.770025711788193,0.729401480197019,-0.395155252245939
-0.552909864931753,-1.2652252797181,-1.15602494860787,-0.89388056840761
0.954259677245468,3.19229106662488,1.42314937904202,0.624141556645025
0.164420107478753,1.52705374713891,0.511069901777186,2.31815734050314
-0.277725410828986,-0.827352791182158,-0.418376771418897,-1.15928993043116
-0.644419619223862,-3.77901621621076,-3.12519918422871,-1.09661014968982
-0.367106009737265,-1.09828006516753,-0.76231150890405,-1.04816648368649
-0.275913323896434,-1.9632469677972,-0.25782187615978,-3.1218660672805
1.0906215035097,-0.467951452527627,-0.93116251323886,-2.87045136162476
-0.781372921136103,-0.730996880305095,0.470303483126366,1.01790984435589
1.64332373376438,-1.4368011680374,-2.37093145303073,-1.49660447043301
-0.170785226051006,0.302302137342603,0.133667395622593,-0.00395758073976116
-0.653641910106926,-3.86398571838372,-0.755026403434768,0.679011530869579
-0.707909530538924,-1.4297779300848,-0.00247914646566992,1.44378560920264
0.188105486356753,-0.653037346289753,-0.801067352060978,-3.07528535970224
1.74803479722261,1.67257966286601,0.3061887411203,1.25484371154533
-0.224260839154788,2.26168508548027,1.33046960869843,1.46922526207082
-0.095715548183244,0.422158654765024,0.862232228290154,0.365984174707328
0.205072404879131,0.388108610971676,-1.30035121064336,-1.97655403736757
0.0634116980727395,0.256225339328401,0.104523767795311,0.0406547565871407
-0.741664430606325,0.28714870111539,0.288529692398676,1.32528411655444
0.988291199131346,0.0383336879260354,0.115356966177787,-1.0543972554051
-1.23052423256499,0.856290564741201,1.33665490943696,1.15773606899824
-0.980080361865213,-0.963952764406827,-0.719473338156123,0.999351184054558
-0.415431332879817,-1.1102760307988,-0.385499792035862,-0.99891946898576
-0.27844094049977,-0.876717728431504,-0.404777315774286,-1.40012613782301
1.05409934754309,2.55104582920398,0.190669897237294,1.12208235735787
-0.62305895188382,-3.07177250902401,-0.72341928787537,-1.53330402234779
-0.178191822257626,0.321404048144242,-0.416688085891256,-1.99145102893124
-0.332385705278369,0.445553549369463,2.01465443807239,0.580332778695411
1.60388383078126,2.10525084061041,1.60547926726588,-0.260513899760239
1.44882146078712,1.93157395754917,0.580608504339132,-0.441109737326509
-1.05839965003638,-1.70115560702289,-0.345973342730567,-0.679041845985379
0.436514338345504,1.26037031833382,-0.154951927394428,0.6534167788386
-1.29720147388242,-1.61918634771509,-0.931299980635115,-0.838281120989647
-0.829073430273456,-0.085429142069781,-0.805204551035285,-1.77026603175385
-0.581611242371406,0.17937172967579,1.1608245738086,1.8445951278448
-0.847301808931937,1.08028136881978,0.803407914238679,0.871678942351178
0.228593291980103,-0.941476551798761,-1.95388419784768,-1.51294797630832
-0.313185666444505,2.53656727439074,0.397217218207407,2.20153831126724
0.306202128122618,1.22392082122201,2.12315919282226,1.81820067551458
1.22963755720089,0.1709981147099,-0.323293729224817,-0.813438543815141
1.17110292471268,2.32341850864058,0.156759469707963,-1.47946272848758
-2.0712886450964,-2.67280179808273,0.51128718085472,1.46414793512803
-0.254411710301793,-1.5146854356179,-0.0834974301653851,-1.66270613276252
0.476396540102075,1.12917053331338,-0.796263219521894,-1.53854591164075
1.1648359123802,-0.305883534866878,-0.77208601943824,-0.622025753460493
-0.570515444184433,-1.0127665289027,0.341469371361881,2.27674070023404
0.127827928639979,-2.01101084930767,-1.08686683452974,-1.12455543489199
1.63205862988908,1.42642491191294,1.24102707897126,0.916215118453413
0.198993869675984,2.02714900155153,0.556961623763979,0.128140577749173
1.87590306780823,1.99149398978929,0.70402482534358,-0.112233049068277
-2.21675513493914,-1.79866226989877,0.227118173120949,0.422719195082288
2.03387780206071,4.73392105043056,0.742642853775053,0.301129558362807
-2.37498614160957,-0.478868198790149,2.39136791089883,1.18784823023309
1.13308270961088,1.12580430680549,0.384752534891618,0.110235554735047
1.06322316087704,1.08718916753798,-0.396860964816548,-0.698671272246819
-0.379907282555215,-0.360990619629604,-0.570474236769304,-1.5297518005007
-0.331000594076846,1.81890415639271,1.86811352501988,0.960354692571566
0.355548081917882,-0.0297636268110295,-0.214555919330259,-2.79612986266838
0.169888599035472,1.83979541380601,0.330573236299737,1.41175234509641
0.239238593824761,0.583342382947339,-0.6398509038116,-0.229815923480997
1.31400656157686,1.00993884137381,-0.963127126254308,-0.285163041202014
0.229274976791376,-0.542044792829752,-0.571154864217528,-1.18573968527796
-2.0642553710307,-1.31287109189731,0.342836195949452,1.20107872671876
0.41627418952243,-1.67856559104369,-1.90390956254571,-4.11753949957693
-0.32273060276783,-1.03268815395663,-0.678534551005877,-0.189742103265654
0.842913529277499,0.679523895937739,0.198110612473022,-1.16433927644248
-0.874938548515266,-0.644167757678568,-0.86020942042869,-1.15054056263771
-0.250570213789226,0.0228479904951085,0.62250149075158,0.058585933865089
-1.53788372174715,-1.84085942588445,-0.107172320947036,-0.438774382736876
-1.48353381221735,-1.419950184427,-1.0538678312046,-2.51082189969611
-1.7447381269927,-1.98588942103337,0.735317092186488,0.189431482335431
0.0242356783728676,0.555529010170331,0.203173406732835,-0.46208910019434
-2.74161388015182,-2.33783289736205,0.136972526993323,0.946632317643967
1.25450869273938,2.81532347373581,1.33346223007114,-0.256416440387747
-0.650621197553096,-0.955309154625608,-1.4379924860088,-0.879001073609005
0.0146697562119895,-2.07179354030297,-2.96915247137305,-2.84840999059061
1.19810154911883,2.26803507470183,1.85270987208452,0.824166328280736
0.30121905668371,-0.740057707351618,0.310731615195698,0.158398561577408
0.421688779118986,0.958399461732335,0.128795201995131,-0.415827155273035
-0.636610202834169,-0.923900536031169,-0.17745154623102,0.922523683713696
-1.29425839270764,-2.35914876698209,0.867232665326157,2.03118600665369
0.641573251982327,1.85026367139749,1.09860468057337,1.69586795290036
-0.20300577965444,-2.24866182308753,-1.46771929086877,-2.01264396957968
-3.84840269995274e-05,-0.322363697378389,-0.889090040003932,0.903183084709947
-0.824594641794736,1.86169697365338,1.86088576666102,1.19016600764194
-0.556709400434332,-2.73522757257464,-1.11604670195037,0.208742282359305
-2.29142750276276,-1.90983611283744,-0.531131531597809,-0.0349188998396425
-1.65236977680908,-0.695110871205812,0.978850102459916,0.345626847289423
-1.57125070163983,-2.9901150668375,-0.605823427158206,0.037481622017814
-0.180305124601422,1.35580423474958,1.6368385270263,3.06345594893157
-1.06639966452267,-2.85891606588464,-0.46451310562525,1.02845189599324
0.389090532297012,-1.79502041870631,-0.627826430485847,-0.0328253264055729
0.0352335986748661,1.06722624622301,0.700039249492635,-1.38854520936589
-0.498454515445811,-3.76375657701262,-1.79838305730866,-0.31548203801273
-1.6054317144697,-2.22783393308411,-0.0329021697988877,0.0315488130805475
-0.67093240335342,-1.31914910746158,-0.443280784016925,-0.80601715703921
0.892725899985323,2.81161889237505,1.04743502022561,-0.677661131227451
0.476799443153048,1.32886874933583,-1.07281828400322,-1.37133132897107
-0.311867437303258,-0.823121329670996,-0.513315298295409,-0.267616722493243
-2.24435886762858,-3.48469901659523,0.363166495579849,-0.079413556235923
-0.486200731941719,-0.492608387717303,0.0426691608401511,-0.733879184468282
-2.92429113218381,-2.32947009258406,-0.626743231233137,-1.80292994991369
1.77384268160864,0.330084661073513,-1.38393226292062,-1.79700321734944
0.0337124389773445,0.53909375210562,-0.513505216594643,-1.08450022077374
1.26106595229873,3.38480990088213,0.837443848230391,1.01206143392371
-0.173960891087615,3.12485956606985,2.06496627025521,2.9205849005228
2.07554917645169,2.25714506488964,0.161329364964025,-0.132040116635445
-0.898641835997367,-2.85384999401842,-1.5800402094749,-3.1207967771631
0.837990321501561,-0.887825083962955,-1.41434275277085,-0.182511926994034
-0.0109436319889317,-1.14426868429492,-0.362955897329027,0.0317785457791873
0.727129908185823,0.846792272444673,-0.0130984653283831,-2.90455646014122
-1.32523126613269,-3.94643638441344,-0.421112108055374,-0.362499994663317
2.23816322683861,2.4386059602875,-0.0663944544549586,-0.0525198847267046
0.302436273877211,3.70449684521804,2.18659379575832,3.20863928750395
-0.496712975638095,-1.50690904315282,-1.12695859052001,-1.52276098746509
-1.18622500956318,-1.11163519442709,-0.868562715323967,-0.502789786039476
-1.52534163542218,1.28437978606293,0.802805525479148,1.17379856336432
-1.8163370958066,-2.67016066138825,0.419103132946288,0.588936182471092
-1.71753992490193,-4.13624314931833,0.268068935831465,1.69416920372066
0.039712049725824,3.00416532532419,2.42904382280958,1.09338001651121
1.12155646937291,1.00317194307482,-0.412864496562181,-0.715466316892276
0.353915660950126,-2.57232884142593,-0.62589448383643,0.754015133981165
-1.93209497227857,0.249884787506564,1.45890251524687,1.21926084537215
0.0857532249551007,-1.48517418572265,-1.47207963079608,0.457851877542693
1.50006794941982,0.0811355043855841,-0.643648539606225,-1.24088133506659
1.01468792813211,0.587830574781617,0.830158280738674,1.03402048246443
1.84390932942692,1.21590409913025,0.00360190830174583,-0.0298336035120609
0.41958246226038,0.482418782706549,0.602429947020315,1.42785756398097
-3.28937584855757,-1.95154256075808,0.735331429811589,1.34467632867966
0.642383067114167,0.654907979408845,0.507119331084798,-0.66234789207141
0.213093639533192,0.754829611137943,0.694857596127454,1.68650900354057
-1.7182887639908,-1.54095117482867,-0.66676205592921,-0.57383854485226
-0.131452234665525,1.4175719307101,-0.237296686744064,0.00322248431935204
-0.671879471327625,-0.729719670130647,0.454650876584635,-0.600545716025193
-0.443464894242919,-0.909047665767913,0.823273258297534,0.33731857329341
0.471270768091317,4.04138581619164,3.27439546561781,2.69074004169095
-0.59186388659965,1.29473041981306,0.557044840742554,0.399610283469329
-0.651915887319594,-1.66357579527782,-0.674399418178967,-2.13479767028467
-1.45676385275197,-2.91024934499915,0.14384003457915,-1.37610947202123
0.172284600439745,-1.08311586537963,-1.30411925269354,-0.256283710797015
0.550965515977292,1.12249403120785,0.744211055756585,0.4799652691035
0.571722040589605,1.13688527280273,0.347438400933044,0.760361567945127
1.18917934773041,-0.182517362264762,0.45449176029667,0.573156231111974
-2.36533381504662,-1.25023541139015,1.07992255114285,-1.09431729941815
0.0332240411790732,0.914558168116095,0.321320136975303,-0.442301614341074
-1.33429768089279,-2.39527254149919,-0.442443879580995,-0.197556648567763
0.608785792743954,1.74397583244886,1.11935528567468,2.24502669848133
0.0800248847271412,0.670836844358521,-0.148379778833473,-0.311038525166732
-1.06872802248799,-2.59514977244712,-1.28108525522951,-1.23698596684554
-0.377553664195196,-0.728344855763319,0.278786476411957,0.0147050543541031
1.40288067524327,-0.83010142859533,-0.734030259967357,1.01688492168187
-0.541441946412946,0.216097162158541,0.79403192598376,1.04973972215811
-1.72492124772187,-0.430630624576261,1.68288073041313,3.17779167590664
1.08919483753396,-0.869292047554822,-0.947148513609992,-1.12002000615079
1.16976360508389,2.58237829577694,-0.570215495212801,-0.205215674320584
-0.607156730101415,-3.82515757101231,-1.07678075812988,-1.9933540951016
1.65412285522879,-1.97812341827049,-1.34380045727573,-0.541281452327955
-0.166080566390793,-0.851003639556324,-0.642399581432545,-0.306488531315468
-1.27401899139188,-2.49029864961557,-2.14622377998042,-2.30539914199953
-0.306040857753799,1.65169232785453,0.234398062234724,1.23097531380097
0.254340425178138,0.744156075205234,0.350809183521082,-1.10983551086478
0.562471102501748,-0.882648784329181,0.00654784411397867,-0.751114623129623
0.385138526730681,-0.409216178590209,0.396844673921598,0.342557823642979
1.23617915452482,1.7807842468515,0.64480724893043,0.145456098624165
0.230932004729973,-0.066979313505385,-0.722903788510818,-2.15797206528078
0.516775157949177,2.96825497764193,0.66546797361339,2.09707324710738
1.0255791375194,0.787793462304585,0.449948083951953,2.53004185083522
-0.166313578850091,1.08647261426652,-0.175873760650379,1.29052654123951
-0.791567079440403,-0.130957822326068,1.08096137927251,0.0536158443510459
-0.282152279625528,0.508864833032585,0.94335088070879,0.324359235075059
-1.33336590569982,-3.66732923423575,-1.09917933125238,1.38488713708129
0.0496970129853213,0.812616774753564,0.653181727824838,1.35662928868785
0.503797531825137,-1.24898305388541,-2.63269462676361,-2.84280144614722
-1.04712783477107,-1.91933769156568,-0.923286363929531,-1.48053292369318
-0.869470504201632,-0.496621602422735,-1.10956078938707,-2.87549621096068
-1.10841870084243,-1.97899607072896,0.905017122526589,0.879369235571835
-0.0404459582548468,-0.449792269670462,1.1433969162958,0.474459160641101
1.41657477550723,0.818366357030086,-0.0308118717683269,1.61555993640105
-0.632693871451233,-2.42051040297983,-0.895757046923995,-0.0805772929162132
-0.628558194189149,-1.59437644885794,0.828517450058745,-0.922280405634727
-0.025326160634408,-1.06923618866958,-0.0327832277497358,0.332730549407969
-0.975476335713031,-4.48592541582003,-1.50061750269815,-2.96879750728515
1.01497226020659,2.45708222818456,0.981415160960494,-0.629926623899168
-0.301907306658092,0.471046966841837,0.930163805810293,1.12221924026136
1.1310543674245,1.9166883879481,0.257433117719685,-0.195712768012911
0.639451578125384,1.49812203546421,1.28198144112406,1.97882309193816
0.794958784716343,3.02170619529896,1.55235548020915,0.543723784202737
-1.47913745549668,-0.33322854290092,2.05589238524983,1.63951239309335
-1.68068071887634,-0.380708946100242,1.05273852834637,2.30332532933789
0.0589754749151921,1.30465440935142,1.53950170129283,1.47120749093711
-0.358304019532621,-1.65389762503119,-0.30913279415048,-1.48624003578328
-0.339249854254092,0.145444076720929,1.52643281248497,-0.151543657132491
-0.102197913003283,-1.81663018292919,-0.989276747701247,0.347223739460467
1.60058413931273,3.75231266694194,1.80894741996508,2.44262075863448
-0.461803035391538,-1.73620487619423,-0.378302161448165,-0.56285810675117
-0.617623540241725,-0.919538296741685,-1.26276048828053,-1.96905677869534
1.62733903509555,1.74957587747442,-0.896615958162939,-0.990706313009817
0.223655476773407,-0.470007022747959,-0.131427304819011,0.732157260422698
0.242420207917438,-1.57203923881511,-1.83488447336074,-0.782056793116864
-1.29503270099671,-0.546538925396372,0.720149943689414,-0.19779299340808
0.749241651724491,2.48453800173312,1.24178730138482,0.410256687075656
1.1686553865313,-0.462893173560275,-1.63517816524142,-0.528787371252049
0.71429342693586,2.11943169053745,1.80179062460771,0.647338887122625
-1.14956738950403,-0.634704074242895,1.54415061610916,0.446101831718135
1.45037475149102,1.64764995422823,-0.343686983472274,-0.53415001216752
-0.297783274696659,1.49503621631029,0.447691179455942,0.780645700801517
1.83661114423941,0.847381541306972,-0.905392918670404,-0.24890348489569
0.464740429947891,1.15942248859839,-0.505849468591029,0.899410837392434
0.416279250424195,0.928020489794326,0.296008093773953,1.59466050444847
2.00767401732439,0.462976149434647,0.948193057239034,0.467867069039593
1.20833433161434,1.53726474830386,-0.688903245504024,-1.58078574413244
0.460690015413864,-0.863392464534495,-0.243431675535895,0.19247837883878
-0.786063559931139,-1.39950846117847,0.590418912156167,0.147726710172013
0.901634040871823,0.999138892357987,0.310410783066366,0.835409228836329
0.768715581950775,0.528336177028489,-0.175459861767102,-0.391714575651022
-0.513157982499118,-0.41140068424614,-0.53098932137598,0.936078233606778
-0.219160653899728,-1.66159827824119,-0.894693975966304,-0.276936917367067
-0.275143450971411,-0.681774071033136,-0.965114031427881,-0.536195846034526
-1.64377150706938,0.0919672626524979,0.601614316252359,-0.728749092866585
0.678266250489179,0.23660155374381,0.328406448851661,0.757681278294727
-1.48860949103117,-4.76237952381847,-0.949969851877727,-1.30544171423977
0.345458004978349,0.738554385618056,1.38004925280965,-0.474060370425843
-1.54654749553771,-4.01681654916892,-2.7190040581127,-2.58075900067023
0.956413629126857,-0.0282145661322594,-0.414635995688673,0.946295181465981
0.822378750667808,0.831839301447752,0.16349268217551,-0.579010322776208
1.87245817496444,-0.257136634129859,-2.2463513188351,-0.55678706711792
-1.18582888580127,-0.794077171877834,1.30319776691448,2.57261526407069
0.954899796988468,0.0977843798681302,-0.542280802042557,-1.64220472700065
-0.215424857788577,1.19855159174804,1.13722880271555,1.37654013169984
0.215958394156016,0.318687706006316,-0.488352228791262,-0.410049085649327
-0.414164333478325,-1.2899464067705,-1.55204247462137,-0.761051442184911
0.415046268850245,1.30270055587385,0.676763832894911,1.15730260705442
-1.11134482368691,-1.97340714306332,-0.302419934794891,-0.928080906141761
-0.902131112277193,-3.39398877775708,-0.0811827957899072,-0.16684016917194
0.820606953567625,1.55987571060715,-0.294223061350428,0.283716504199645
-2.88614912498486,-0.106143416229607,-0.132879835554023,-1.9828656756265
-0.272773064564488,-1.57131614294811,-0.639069016994593,0.806935888873442
-0.444030506514711,0.163663195374314,-0.465404794796276,-0.571904873311855
0.746511110155203,-0.456016370334612,-0.388817047420392,-0.582980944535901
0.430621324669046,-0.743334797468198,1.01358131618518,1.85844648120339
-1.35425784600741,-3.67708361962494,-1.3516926869832,-2.62077772093902
1.48288035944086,2.14227415562467,0.712092454034336,0.209727854682816
1.0557282438841,0.282365616465843,-0.0797763977011387,1.02699079987806
1.43773515097209,0.394389342067079,0.771152296311192,1.91458892614327
-0.972899813011442,-2.11156047448698,-0.00262882273313371,0.387706757961785
1.90461769269349,0.917000202386978,-1.96932159797711,-1.71188356278105
1.20562199631678,0.3342011489101,-1.61557798627058,-1.31197874717303
1.15679760377934,1.34456444868428,-0.982945821315556,-1.39528774913796
-1.21017318376228,-0.277927972382845,-0.0184726066614519,1.05272430337235
-0.0680292317480523,-1.50816235389475,0.0562738091691915,1.84180361641868
0.188278619044299,0.377028089846736,-0.366225374615463,-0.37369033291477
-1.36850796956361,-0.16319951882363,-0.38357010654628,-1.80457407167264
-0.201470462297899,-0.802252188103967,0.210541073104838,-0.127934075343994
0.77750124734932,0.654396803654624,-1.29055416450049,-0.633329564617283
0.314903238411214,0.0870716129529843,-0.556748662658777,-0.96701897095077
0.241264776406274,-1.71372465597674,-1.19948738210739,-1.01374899940013
1.44680593483769,2.86334468116371,1.38543210913031,1.59341128704617
-0.754624453299219,-3.12159966875072,-2.06215969095225,-2.2617669777446
0.793090377704377,-1.18220621764097,-2.00019623825466,-3.26357073429607
1.06762924035012,-1.17284748524915,-1.66330650387483,-2.86470514886803
-1.30712067167412,0.160561383200615,-0.0848181402347709,-2.51946012323562
-1.99068784495532,-0.795653676968198,-0.0285076317840737,0.117756125749593
0.960574805077155,0.829761524067725,-0.496182669060769,0.28213050754581
-0.250715913133474,1.00459253432944,-0.57044583757464,-0.611306404150616
2.39520132525321,4.75886612004868,0.605606386754232,0.153504623673386
0.318634363552171,-1.81613557629525,-1.30612415385984,-0.929957764205204
-0.0275350334105611,1.07798327033255,-0.0730776014571468,-0.242654166358224
-1.73091803863743,-1.01340625724321,-0.14088716825905,-1.59349082061078
-0.80939744578196,-1.68890671314028,-0.703107351837049,-0.711343966439254
-1.37869986563734,-1.15944460767257,0.21085280960361,0.230726502913423
2.84874403329634,3.30460532847809,0.797004338163093,0.26988233411509
-1.279630280305,-0.246848734832289,-0.511450444283079,-1.76170315699342
0.621393095227546,-1.45307008121311,-0.715919241869871,-0.540464874350265
1.34149424244086,3.06068567456672,1.93869326005656,2.07104152035522
-0.323811722111334,0.868587554348607,-0.160694486014827,0.0241017891710096
0.144383470867056,-2.18061826496904,-2.78612021042337,-1.61044956396704
-1.08185278393076,1.34852386323432,0.55766901348478,1.00825498302436
-0.00597734207346083,0.636133855475798,0.832567510461422,-0.210619901458239
-0.361005684089181,-0.0131676859264592,-0.158984237833882,-0.700583670033454
-0.753344538203377,1.08638149409415,1.36967366131587,2.13336606231772
0.596977086486986,-0.729853624515708,-0.549986668691515,-0.0808644118756238
-0.832739370686009,-1.33413441845311,0.106621892763905,-0.110449890121947
-1.54502467571834,-3.6178974475091,-0.993353767821656,-1.49618896882533
0.822990237351172,-0.497852278592996,-0.288400654812561,0.0749435627530517
0.201997905093491,1.48347627700169,-0.906889619683539,-0.0900143355884875
-1.62284828656789,-1.87774799805778,-1.66665531100075,-2.05409121986978
-0.703822877630497,-2.50735805635175,-0.0466536110574152,-0.0622918034520388
0.851246099895573,-2.24358959460129,-1.64411397165019,0.35744841424571
-0.997512301769354,-2.54318679930327,-0.117110064941911,-0.266227512141597
0.774894794932878,1.31208490658129,1.14622193343858,1.95038064238792
-0.327474597347236,-1.32437752859919,-0.464937538071999,-0.165435983549386
-1.41795704082351,-3.58896893704703,-2.19083549772171,-0.639291208756171
0.470800362199456,0.337484183995585,-0.238840517301647,-0.0339298301003612
-2.48890361390587,-3.09088327033275,-0.305645306175101,-2.62259450939685
-0.64683985155166,-1.16207359470337,-0.805229219628744,-1.14686092772582
-0.0859842009139841,0.0573289319823651,1.84814525558783,0.705496566949898
0.250921910489007,-0.439796484594392,-0.670983411513032,0.0662112100628718
0.257003679755467,2.31850099226459,1.60811112045636,2.10818434355802
0.114574862295207,-0.136734737214693,-0.47751197132586,0.245006397689837
1.38496025874941,2.20058956249479,0.0777535277618026,0.733567930114202
1.71463081572181,2.94106124111021,-0.169412666247529,-0.352146951148095
1.83194492131541,2.22513729733403,-0.555645475275389,-0.718138881501186
-1.3113128640567,-1.53229956985009,-0.865475406042588,0.00593910338991843
-0.806461300793105,-3.85768355904888,-0.802116987549829,-2.89048613205697
-1.25868184521442,-2.18921210008872,-0.805359467139004,0.116470638303419
-0.418445671108985,-0.414785732214865,0.285706107685846,0.84627421654606
0.305340581221212,0.0967542901928679,-0.358363441325471,0.367946996462471
0.18706179676923,-1.1110921074984,-0.220672282069333,0.0813813455840256
-0.231192409164056,-0.422547188547097,-0.0136033099055035,0.127842588724956
-0.155301426683517,0.03346265211143,-0.0543359324523241,1.09014835098109
-0.41808374042322,-1.91877993984308,-1.16957590062192,-0.871828512984281
-0.860649608648606,-1.39478319920353,-0.132125329349187,1.46824132222772
-0.733647067905097,-0.990398541249535,-0.705916828660608,-0.294883134806525
-0.829051291306179,-1.07269247220067,-0.111083659234811,0.757758560622829
-0.507211077954383,-1.25065363057976,-0.811624470295614,-2.08881579870336
-1.39454099422648,-2.33890978784187,-0.348536518886332,-0.688231073634148
1.23287586812319,1.02726684988227,-0.189496471938063,0.251910613728297
1.95111699049286,5.41479383771666,2.47160815177632,1.73390347905005
-1.30888435684359,-1.7301798067061,-1.79445298761799,-1.39711509404504
1.25552093487775,-0.147390064639736,0.141826146310376,-2.11610646110224
0.113244143951999,1.21260242299917,-0.0725859995288752,-0.728882388175611
0.0267545458181078,-1.54198796870991,-0.591672199067697,0.274834689186045
0.0584569654178771,-2.35018407164474,-0.734834941312737,-0.260389720997461
0.457153650450167,0.5022893833284,0.00283355755004888,1.19258714440816
0.10271365536439,2.11379436460085,0.383262497779889,0.452698850425572
-0.86091686566605,-1.76182709134735,-0.232300002846035,-1.54813743191523
0.138099933242379,-1.16860838356974,-1.37646729686222,-0.73883200256303
0.874539627062147,1.53324406199842,0.778603669605958,1.76426551681432
-0.235909539606058,-1.16937275363952,0.410905204989447,1.72934773866657
-1.22442065535727,-3.44313084938649,-0.694544698849037,-0.503811540578785
-1.65130268614561,-1.55434727310854,0.671471234134115,2.52586360495778
0.622705635129701,2.1827293754957,0.22103324521825,-1.54055928988647
-0.0639213043292653,-0.219658142571736,-0.35962933858176,0.707889306149332
-0.593243113086633,1.07886532228179,0.336418056737826,-0.702058849902692
0.225603363522552,0.597649679347957,-0.386741358632762,0.240858387443133
-0.695993002502861,-0.429243865782603,-1.27923025059628,-1.43037720557746
-0.0823685875750121,0.645127483120676,-0.0701637324667797,-0.0465080120483481
0.285876083075394,3.80171348002764,2.27262674959921,2.49118289045703
-2.03889297449334,-3.127072140026,0.171091741326732,0.280069749698259
-0.984320528114096,-2.71117427029107,-0.474964413988763,-0.298277264824584
-1.32163677757622,-1.3424930521023,0.56514755030561,1.34043567210096
-1.23730985692168,-2.67324574614867,-0.526036761916081,-0.200601023648437
1.55250207170482,-0.0676619511723373,-1.23944990447366,-0.938823580360002
1.18360405030045,-0.338058381118559,-0.905798638218608,-1.04063497574541
0.76433552342133,1.5867423102685,1.03349150472025,1.35314808008921
-0.370783344262779,1.51856401000232,1.06580379572641,2.71939616156134
1.18452861310422,2.17248017773424,-0.454116133777693,-0.373154137133981
-1.22114388139346,-0.19216599334195,1.40257529917443,1.16188150335585
-1.99597404699554,-1.40835448830884,-0.678325967134799,-1.59437203422589
-3.02704571876399,-1.89256918448796,0.533852931847537,1.7114891978309
0.227313544381063,-2.47974843719556,-2.39963239125027,-1.24784246862326
0.0364706090665567,-1.51213288487706,0.150502494250082,-0.0911641971472391
-0.790091466643966,1.30549469375575,1.83258043413216,1.66233915030394
0.48915850008,-1.22512601558452,-2.00076017545019,-3.5225255573877
0.0423672998562453,-3.60983738540195,-0.846059143389787,0.879444926718072
-0.302558551826962,0.651584149266947,1.79160624975889,1.68959415382868
1.2742216233878,1.09520177941515,0.0324515251826681,-0.66003633872754
1.43994877106216,2.55327709168002,1.49011195846271,1.63403030794152
1.04242536770994,0.464222752661979,0.39682747723738,0.246219511169069
0.596590680865512,1.09855395788696,1.976199876787,3.64052440423617
-1.00146535212659,-1.3183163872672,-0.0552635402695816,0.145043562964048
-0.248326516397447,-0.897428004747398,-0.179746556523991,-2.35571611214332
-0.0444055732894623,-3.24629678847254,-2.08694012622033,-2.86869099980009
0.14958578345488,-1.70680628336526,-1.13225028110798,-0.878420632251231
1.11791338203872,1.63973307150987,-0.534841748142,-2.74953114563242
-1.4194705124407,-0.967628068918388,0.94973867646174,0.702205247731787
-1.35561906468423,-0.580886958612636,-0.187870796292563,-1.0898567450676
-0.0600459600045728,0.455777507260521,1.22858873206343,1.7631438188058
-1.47090759206017,1.03230934768322,1.97276098969578,1.77353712306267
1.11670596384515,2.60385061722726,0.66144439094738,-0.439570177834839
-0.168146609754469,-1.33704214878506,0.238442354846398,-1.09704109323444
-2.69280124922705,-4.28164597878917,-1.48913093389637,-2.27689916433744
-0.238479090814592,-0.065371050564568,1.01461210878983,1.74580383646034
0.211411132514887,3.26897771869398,1.82291297916584,3.33680188990796
-0.77125059809312,-1.31680987229807,-0.310081854239699,-0.398684355553432
-1.26580965679209,-0.762974145655305,-0.256018801889674,0.0098074380464554
0.0130261887470164,0.455400435102257,0.928692587924241,-0.465567992828135
1.223885485643,1.38755247922773,-0.128914653732993,-0.807403419822829
-0.479462222356082,-1.6028303885064,-1.59442287242713,-2.60611841578566
1.11030898866863,-0.206509450192874,-1.11449919127145,-0.968346963890061
1.40120355190492,2.444154638925,1.18708644908241,0.847012719679093
-1.26406262745094,0.499540516690203,1.53525309614402,0.850402163518903
0.86561315233749,0.11902583158996,-0.292860490783666,1.45238371124536
-0.107980564945206,-0.22831637631876,0.789069158729249,2.29426317536969
0.24576190325574,-0.226584216352786,-1.56251681531226,-1.4756899282338
1.75519625666133,2.30502523504503,-0.293099948050454,-1.24448673005543
0.980495074810237,1.00118355226461,-0.38009310722604,0.745382691545036
-0.482457124875391,0.479298133756325,0.234336930495145,-0.504865478470556
-1.50083173493229,-2.39059516159674,-0.553911745429568,-3.01935168119852
0.363113909999487,-0.393605070447416,-0.359888761088508,-1.53192497461303
0.527572661503673,0.15071771246865,0.0942423404115573,-1.47413362040802
1.21357441265338,-0.341002423920195,-0.974514377612959,-1.80022687758897
1.42939833345956,-0.125262112850445,-1.02343942731099,-0.104691332410385
0.215458852795724,0.993674950319516,0.840337907085393,1.43864700092101
0.167552997982991,-0.137324589512427,-0.989768834444693,-1.07119441201818
0.440723940671675,0.0825746243413896,1.08167011713119,0.995298256376785
1.08344626295578,0.0877304129719275,-1.48166199061081,-0.199559766174838
0.167405046590996,0.88994944610372,-0.238056351001862,0.972742513337733
-0.389052596533895,-3.27175583749534,-2.16101380092146,-1.68461697843126
-1.05418173111399,-0.494384533486121,0.164106329245429,0.220973636295795
0.0136392328017951,-1.90665638309634,0.234112259406957,0.230687763729558
-0.0152770016331879,1.701424743164,0.639976383678171,0.420820380931117
0.00041872417518068,-1.45579149946693,-0.988531747646457,-1.54142230815457
-0.394162971603446,-3.67185247167876,-2.46082537935264,-2.94085397308883
-0.591002484435829,0.423022853163387,-0.345442876884254,-0.00735103441951596
0.925972690696732,1.04034845785676,-1.45432537185152,-1.22685984290792
-0.143470359568202,0.594260559989126,-0.28596969716416,-0.168317529059813
1.55853740384044,2.8676315204835,0.94204947090725,-0.229649989600597
-0.78294431746214,-0.989836869306899,0.648061865679998,-0.0707284552757509
-1.84394727346894,-1.62409376454726,1.05755289326058,1.18447046280847
-0.15997257338173,-0.441565096714342,0.412967354254118,0.86469527620384
0.911943974043973,1.86778849206233,0.0840358524807386,0.409323498941616
-0.153480072072986,0.579133427450686,1.65228224480624,0.486003838301546
-1.57886169108309,-0.913293600485194,0.294716453667427,1.15990027339
-0.582670401367888,1.79891905689571,0.550260212264119,-1.09805951972372
-0.0390386053295887,1.30448951220965,0.858764031385484,1.40459378710809
1.3043064867744,0.848862501994518,-0.376065021193467,0.891578033499726
1.12330243797358,0.34593532373778,-0.53174655782197,-1.00761173394457
0.811116122781701,-0.0323053145793298,-1.34418691832011,-1.26461176073869
0.471382117682474,-0.382691957596948,-0.00361246865010369,1.58472732753887
-0.813600361014787,-0.990704098767993,0.637807743742665,2.09553740083222
0.81115221155127,-0.819972290222839,-0.495078033414079,-1.65709805493818
1.21840108562617,2.65898550219418,0.410293925866591,1.60308835031775
0.742200100646031,-0.259516817512289,0.0583363945199381,0.700869489417961
1.17654312205179,1.23551585128251,0.403039662260288,0.856424820280494
0.30410729998282,-0.0377026081706454,-0.659413701712849,-0.61731762645301
1.01855144503343,1.30772725286215,-0.352091681908669,-0.998786568939805
1.40356857776285,1.3053382417041,-0.44416787578578,0.449583427213039
-0.96828360146562,-0.880493030247345,-0.0181509996487097,-0.084385165898278
1.51913192071641,0.374992817955283,0.448208953768055,0.775196148248282
0.76486829955584,0.172951540003282,-0.326900394413499,1.88977216355833
0.70537176034256,-1.27318968980731,-1.74305919186531,-1.6752446874091
0.0735477699279826,0.270212603923479,-0.595205585595441,-0.557606193849578
-0.955012525982316,-2.77553844356505,-1.22249159247448,-0.381413399301978
-1.25008980491088,-1.98726220977071,-0.743762142668157,-1.50137328780967
0.302697041617515,1.33319722749446,0.265316244089351,1.17612232486391
-0.144335636573246,-0.282687434338162,0.275808460395407,2.53640597523091
1.06502977207387,1.55132678578166,1.5349747731147,0.657651903622975
-0.0163205357692386,-2.19020132812546,-0.247219905422836,-0.821888479796874
-0.371086502233272,-1.79424721150822,-0.578631078645989,-1.23250387547338
1.5113711153913,1.6641564849145,0.000151249717448085,-0.538695701118176
-0.265342733295722,-0.756468125446846,-0.816029178286768,0.338861146103085
-0.674460111123347,-0.167316349196695,0.602106899009581,0.274905129587419
0.671559277515228,1.75991928260564,0.297326688492089,0.203547255485716
1.50322016392463,2.35423371867484,0.226201472134701,-0.900592406383709
-0.976873614932792,-1.67800406222849,1.01898997422917,1.52494152203325
-0.273216955429388,0.896884086381152,1.5647769253909,1.08052460656763
-0.345333580288122,-2.25854716147095,-0.416201996966429,1.48145863783711
0.0327947685765251,2.07615486823386,1.17968916077303,1.27501919555257
0.331178339211541,-1.74901143639905,0.241807961853984,0.589387916593587
0.7300686247158,1.8962247660171,1.60386128421946,2.38936488850786
1.04706493489168,3.1334922740891,1.62430489877973,1.37631639533906
-0.729642170281023,-0.816576563476552,0.872684626169034,0.216412874760622
-0.013960339227483,1.65704735334003,1.66899928729735,1.47667964836715
0.787606043660786,-1.43849185219934,-0.0792615163527088,-0.00914726841544118
-0.594477483010278,-1.56146814466838,-1.28809187745977,-0.88460973613621
0.456318829076642,0.594130577963713,-0.154158006264543,1.01041200480514
1.74418409412504,-0.885345894814894,-1.45712487888191,-1.17884503738442
-1.34251068086662,-0.0976898004341236,0.242762744832131,0.278319508421514
0.72420916681353,0.168077200869725,-0.19012057756964,-1.49075266928411
-0.0722267927390164,0.669110171162831,0.018455707469752,1.26311806460834
-1.00118337619407,-1.73408502072197,-0.965208367067033,-0.655721533162344
0.263312888069558,1.35188907204765,0.213035300741619,1.13993388167156
-0.0494673636566712,0.6264212020129,0.671279787397212,0.687166370781012
-1.02376315514016,-0.986192784105473,-0.194874400110826,-1.84684472624239
0.0198757838998294,-0.205108227595587,-0.0257184856393106,0.732827005805946
0.584447830871561,-1.09846931403793,-0.518380631311892,-2.00756917185322
-0.197527824058765,-0.618028806525245,-0.168231671354089,-0.272778870155458
1.79749354722426,-0.423083152291641,-0.825979233961362,-0.700450716164582
1.56281342990307,0.94266302420415,-1.01609333853064,-2.06437697776663
-0.751262465191356,-0.0248272464210187,0.128361154395269,-0.904682118273324
1.37841082692889,1.84721679591922,-1.12563989741023,-0.766107175748276
1.26146847671117,-0.704851934827732,-1.30000112742102,-0.674884516670661
-0.647407029764523,-0.596892828380924,0.256876140409344,0.821668681358054
1.56889017974812,0.799754062436169,0.565205088346731,0.448446704476896
1.66575790352885,2.62074486721595,0.797985196802597,-0.276416182482342
0.626183108316495,-0.777591929002553,-1.14738570992142,-0.794987807782
0.892124362277247,2.6529181494507,1.64726269757525,2.26997750120935
-1.01261509627113,1.38291103779253,-0.19778988663779,-0.778023630041371
1.86411813793255,3.58202388632224,0.837358396413358,1.53631005719802
-0.5936631914962,-2.98376311903674,-1.53362644517243,-2.03696230772004
-0.360558619329931,0.0305521846366988,0.689953063198705,3.25256411915148
0.511570775289022,1.2066369949639,0.391570765949862,1.22328621715535
0.103141817684016,0.541785336560819,0.463020917092721,1.42409112193063
1.68308408170103,4.37164434556124,1.79332555531801,2.97846935044701
-0.734866705641252,-0.962768692175494,0.519430947728194,0.119136266350655
-0.537756988088699,-0.88537370213132,0.722251062715083,1.21047684088919
0.263265192295681,0.496294502943611,0.0833474115941273,-1.23963633789199
0.56358707830839,1.01098350664014,0.12128882646358,0.655038972836217
2.92890073765466,2.05606398962315,0.373988183729635,1.75071434152077
-1.30002668088558,1.60542622941612,0.536597029097208,-1.62078380621218
1.11674868817054,-0.396702933539647,-0.897978354554385,-1.62727539658278
0.889579274958517,2.4360426705478,0.331675947491138,-0.740361380166976
1.10273386310226,0.90028648575316,-0.482238295337088,-2.98245390957227
-1.26904616094272,-2.80581757595722,-1.33294997052859,-1.24836587893249
0.363893209127911,1.31018366209402,-0.0754830334905776,2.48796351453973
-0.495790294461392,0.995134512201496,-1.47360403043834,-2.37957949007776
-1.75314656659443,-2.01522406165263,-0.4085335160356,-0.81201046119807
-0.902215452563371,-0.067690798083969,0.22471704841063,0.216389666802814
-1.04398276513521,-3.13469858887961,-1.08832683137102,-1.36541919136826
1.63771480212514,0.838736840805721,-1.30923053633598,-1.63191694833263
-0.707736848552588,0.389075279524264,1.4896275070908,2.60600168651538
0.897975810526054,3.04690365686857,0.32584736769847,0.954520006147365
0.60592517751456,-1.73974272549358,-0.347422964259821,-1.07909408090982
-0.794716347946563,-2.06311839358269,1.26139862372381,-0.281109353234904
0.538171974115534,0.381801994704039,-0.77789747790894,-0.965420447409124
0.556373474234109,0.683624367581803,0.522934410328461,0.508748154816517
-1.15252941902685,-1.2174609041898,-0.330766349975945,-1.22694475636529
0.725120654689117,2.54547174356584,0.565973475728729,1.13516126610577
-0.00543950784984736,0.99870959066147,0.496481801620282,-1.4284770444857
-0.239429939410603,-0.129984466944151,0.768580544642106,0.73384006473531
-0.885321526657093,-2.13741996484316,0.264429520445632,0.155753823957966
-0.174061043295515,1.77867684490027,0.644228647116336,-0.220030311890252
-1.08485155565336,-4.19221136367433,-0.98569291260685,-2.91998984577634
-0.0239894760659167,1.5581235526923,1.0900158278812,0.812902183682081
-0.132753368038248,-1.55761155565932,-1.84160516189901,-1.32398042444102
-0.245289947053769,-3.58384009510402,-1.92729341246533,-1.68536809000763
1.11370060543598,-0.617959207403771,-0.778456385480729,-1.50068880930966
-0.619107782374149,-1.46030750379179,0.0613096589302679,-0.0183553687903154
-0.132324803001531,-0.671308875132207,0.181297261533259,-0.310362322153408
0.863847975957668,2.67505356689396,1.05158435088778,-0.749956465794666
1.32097499885475,3.02269514476688,1.05589188191053,1.17064929706863
-0.104238754894299,-0.516442659727713,-0.564641425947917,0.398306320607177
0.0652536747367251,0.294599244539997,0.635182208761523,3.07043081963463
1.099134416359,2.81930177450235,0.494845391142779,-1.40041090443427
0.319835560866633,3.07177040560003,1.19972933370768,1.56182341476201
0.331826954305442,0.188322943700019,0.0174246634714838,0.247337563963253
-0.260038290356082,0.97423256808937,0.471975404424198,-0.116167336099805
0.0998192539386361,0.781394188867064,-0.454764896205935,0.173681069155857
0.00724071688079461,-1.0563267766646,0.132410744417352,0.489504300089122
0.576012131181961,0.922894074244796,-0.735154268489338,-0.241274514581744
-0.145321250629295,-1.12411312709613,-1.80095199467444,-1.07419234612855
-0.307188837918487,1.25764948407946,1.13134055221603,2.83339916524119
-0.0749796735619426,0.532846619132614,0.662462098677329,0.814910026952034
-0.459219901074889,0.0504718891369178,-0.299656492872603,-0.450243774498109
1.54810614854915,0.543005175016772,-1.08262572015804,-2.4284893995822
-1.05980397324969,-3.90203448080001,-1.46738869281305,-0.80780276581061
1.2126046821893,1.90331790647471,-0.431697990318721,-0.511593413624334
-0.0104457896309208,0.198595982945447,0.481960574219159,1.2639287704891
-2.02055705772414,-2.5734962387713,0.672157622670729,-0.613595112610067
-0.544876099049932,1.26528319182883,-0.0485195714955049,0.0480865207698942
1.15598167474767,-0.0784630559323067,-0.511806631024453,-1.47410751663281
-1.2929197757468,-1.06730792415457,1.48625346257427,0.468633880570306
0.132514461575596,0.102514358306893,-0.167580249143594,0.205524041927278
-1.22797222051084,-2.16868802746962,0.0857137162781852,-1.22943587134567
0.0810471058153915,-2.01534764049501,-0.609407473158241,1.50593513983469
1.02372136134139,2.52098074451371,0.364763300222304,0.516592929641418
-0.205238018545711,-1.24985591228173,0.674448104728973,1.24370591205774
0.956998418875964,1.34992935521924,0.553610840132049,1.99950040534143
0.728954795421616,2.05331893033339,0.437346638095735,-0.996395359568816
1.20944426976428,0.444161755401487,1.32439537706524,1.57603735386446
1.33268462976444,2.52451983777618,0.555795638085292,-0.819887199878478
1.00041045730859,-0.0615599854209042,-0.783983750660386,-0.335680385555764
0.390476535369779,-0.57830961188581,-0.749590418635777,-0.851687250296679
0.0622881857961604,-1.72390640057229,-0.635790832607435,-0.149514342361059
0.137638812385161,-0.987476117366929,-0.487606567808275,-0.00368084626025378
0.363314588085867,1.39282278488315,1.81809432754431,0.760240741827204
-0.900476186439797,-1.66514546626043,-0.584518163162891,-0.455696987952585
-0.59429765043511,-1.47410993266418,0.0146894237073033,1.24287614894703
-0.498031819112054,0.205662995527006,0.572111135663056,0.332751508285707
-0.524178797619665,-2.12653371678684,-0.316724469335398,-0.432060475780586
-0.281529782162656,-0.743323165309378,1.30547484957149,3.04335736739757
-0.055502568633025,-0.964720736829484,-1.31137460456492,-0.116816410780905
-0.794798686051251,0.480351364633369,1.20421030755043,0.875862726523683
-2.23432499818708,-2.3270643276999,0.820464320112705,-0.755106657303966
2.01752322047439,5.47533070267658,2.28684009052861,3.39610508058318
-0.816473402087086,-0.132838772210952,-0.129988785132844,-1.11605862878559
1.02206117151421,1.8256820510742,0.277238363393011,2.94753388079559
-0.617647674785591,1.93806240868804,1.49631120257041,0.296904287542813
0.49971564623905,0.472642937302162,-1.45969588924498,-2.35848752480727
-0.136847479122566,-0.830639771592595,-0.117754591445942,1.19951198477411
0.601374805102868,0.728560687009963,-0.0208351970249039,0.676348055763474
-1.84896237409649,-2.17438189874554,-0.371134607126921,-1.92028082496526
0.237677214798051,0.698747338069766,0.865995085634793,-1.76106139272367
-0.149309396415536,-0.637239040030786,-0.326244355448551,-0.577922650019173
1.38733458917175,-0.0883731330535906,-0.592172209123592,0.898698309727121
-0.331321204454683,-0.206454739911951,0.413502687813459,-2.33784127927148
-0.388060670047731,-1.14152678732401,-0.170881369023441,0.867800763695883
-1.83895292448986,-0.697341753871253,0.336360660611148,0.250069263484715
0.164234131281735,-4.3539122751295,-1.54757477672222,-0.66165492132248
0.618905974167327,1.376989741495,0.13007710749015,-1.55635995316218
-0.234593704396421,-0.339892566178658,1.14795184242058,2.01653424966835
-0.583311910599749,-1.86016837098539,-0.82635466352656,-2.36554547687263
0.360332077010547,-2.1044626977212,-2.08237883906429,-2.85801343597712
-1.1963427433009,1.78005947169498,0.580062328182527,3.19957233073592
0.314724390171351,-2.39759153577517,-1.89560644763722,-1.94654286977087
1.0123873950144,0.0231637987966404,-0.25942831076393,0.463382495145686
-0.164407004838077,1.83768824542543,1.41972979164475,-0.0757060566409282
-0.388291523709448,-1.22494947860816,-0.881310291583059,-1.71143848633134
-0.349146939138152,-3.3830705893252,-1.28448675555723,-2.23143394614933
0.485923668062809,-0.26765697583323,0.195575938914091,0.997992660596725
-1.27294850421318,-3.04196472668645,0.35363343450663,0.129190228079406
-0.842351247454087,-0.684877200609586,-0.186670724339901,-0.827261421808659
-1.49321763791648,0.020385238956744,0.365728469898365,-0.180983093769615
-0.266922908129746,-0.39989218318444,0.279078241657495,1.08525038009999
-0.0378021283944908,0.463556998296325,1.43125853418944,1.19076213089718
0.08609396739403,-0.358270383284274,1.01713148954142,2.64564463161824
-0.167913783865368,1.99401100629843,0.941531857574927,1.52990923623659
-1.82927089117215,-3.13769675962949,-0.628998931327715,-1.65001899597131
-1.27704373641474,-3.1922523752326,-1.58923834535861,-3.20716131449223
-0.295919836775165,-1.91981452739152,-0.142651141271315,1.23350888845401
0.27580604991679,-1.08012386051863,-1.18358516355262,0.662038234736955
0.187964744297138,-0.90192020056157,1.07182859490814,1.98527156903421
-1.04871482146234,-1.10638440168793,-0.556469370280915,-0.38118113240131
1.02167750131776,-0.724659917295735,-0.204979319666542,2.16243025887979
0.0453630999514925,1.58017004489718,1.98150870929718,2.95926434422006
-0.34922956089912,0.786215278503461,0.0815966702269022,0.316876249454533
0.268663524214536,0.274098551384281,-1.1072429493257,-1.69976650927444
0.852789539234794,2.41072729156739,1.00717742135516,0.770307239663502
0.602054964782769,-0.925231018315842,-1.88610518803513,-1.04960436544105
-0.395955361635215,2.24275005849063,1.21898705032084,0.749098001797962
-1.18106902313072,1.67952700836333,1.72203390567508,2.58497397205963
0.862933971331269,-2.6326269676989,-2.57307640391793,-2.64333925746478
-1.04514527242289,-1.60892465547361,-0.476128707173833,0.0569494013760382
-0.686447850288122,-0.649305160881725,-0.0636679558700552,0.22548720708258
1.14541061392117,0.489289543524986,0.0186293495584743,1.72716582392048
-0.527161039368722,1.23953607143716,0.506037414864887,-1.00284875390101
-0.25578454152161,-1.0074140054535,0.074958529153235,0.225276856831921
0.473075498900474,-0.843500900090115,-0.330877281444772,-2.54587524591002
1.33516981321616,3.09735925788516,-0.0500190050766679,-0.457875711495002
-0.984144075044672,0.542282981124649,0.57596910155926,0.634335431234345
0.743183126429956,-0.858014038255143,-0.516104744213038,-1.72815944384151
-0.0286450610862932,-2.66063158692274,-0.789066324697234,-2.08011736427411
1.42108869022006,1.60649104552844,0.713566728094226,2.35828202343357
0.960598919602869,0.533553573194658,0.460687660354706,-0.829807484365962
-0.0464116058438771,-0.836714570852652,-0.945278743161821,-1.42505383789341
-0.754740241638122,1.92441370545312,1.31552395568623,-0.439261687753665
-1.29828942974782,-1.91787067889439,-0.872331718335951,0.534827800093191
-1.00994800667889,-1.60304944594535,-0.292986229826696,-0.850065633408826
-0.442255356623107,-0.175978301982551,0.292010597923927,0.284984082477951
-1.20756606000662,-1.29868277787541,0.171590308036425,-0.746027659139167
-0.143448325440646,-2.50693672961999,-1.0525896627241,-0.590458501565697
-0.535742096095451,-1.91668231674078,-0.533962028663518,-0.973696933117267
1.97806561213558,3.46533130260044,1.43560377330175,-0.0541115152420208
1.09974633988314,1.15044246038511,-0.966340474381154,-0.633110622656442
0.508279506349271,-0.578476806483994,-0.397996781263615,0.251572991966118
-0.558492355752965,0.312389462915065,0.198706668239593,-1.58499764668484
2.01685395284189,3.02548745433284,-0.0515191077553239,0.83496359421381
-0.278674836619455,0.0884181732328534,-0.573371555805397,0.544345785112991
-0.0368637196963349,0.427850819944813,-0.779553283845342,0.0716366822462261
-1.93022537849204,-2.27022662973164,-1.06948418942537,-1.12796382159019
1.09456625573888,0.814622456249306,-0.258914973549555,-0.392429646784224
-0.0547718066992241,0.417680181960486,0.980878790345334,-0.162653404095933
-1.01552629949096,-0.41644566465108,1.66037130025731,2.2991049963538
-0.00772866548853936,1.21950919123021,1.05587236721845,1.79412650588909
1.07727289261698,2.34737791441146,-0.715344929877317,-2.43877475352518
0.0816606719445841,1.35293231388927,1.12536914902054,1.7264607113423
0.303400263453468,1.15445820997048,0.257102538537488,-0.577799598620497
1.05979348073025,-0.19354712688753,-0.202394029239461,1.57752071097883
-0.916927645815254,-1.40344286617141,-1.22388122857905,-2.09973288339462
-0.249282077814207,0.498487202686601,-0.104916844906647,-0.524057192870021
0.690309080939519,1.54010380286789,-0.279431249892675,1.01207695885687
-1.39513134972696,0.654784914695278,1.05123475069176,1.53357732920565
1.19726096557234,2.47998840086835,0.68947320086377,1.29186590043985
-1.0778681835499,0.342037140502808,1.16814598967627,1.54267436514531
0.26872572369192,0.165090029119661,-0.651498588328941,-1.98413929087567
0.177304050453375,0.135166540477764,-1.48392232756149,0.047337771000185
-0.5942962699999,-1.78288560147497,-0.898074330119716,-0.638543644956421
0.21636127581201,-0.529710565709525,-0.345535567161159,2.07043321936099
-0.192239361431668,-1.40074212573339,-0.601167548760639,-0.895427377779663
0.893944506694481,0.775234978276342,-0.0378119927057446,0.954213859440734
-1.34524456676964,1.03075709121241,2.19456247005751,2.38569730270755
1.29769183878719,-1.54235586239874,-2.32506972501896,-2.52080953560884
-0.252828866522159,-0.395843479499274,0.0819732179348335,-4.04716131887788
-0.741781006315799,0.731561455625966,0.23301239919963,-2.22111537800232
-1.06294924266973,-1.71082600371469,-0.00717415248641798,1.15508573972526
1.07991563923797,-0.0845947689355315,-0.51162587594071,-0.55329321440845
-1.53857567162438,-1.34781535578337,-0.610297634986513,-1.15023614975844
0.137965177633148,2.23476778452802,1.08492533012816,-0.33605927456229
-0.596169684860121,-1.03330930240163,0.205409904417287,0.301839839697194
-0.768513198226343,-1.35443069007538,0.655701866530337,0.264781732793264
-0.16074859865845,-1.26766061022707,-1.19602831400027,-3.01306869911159
0.0587806858326671,-0.656225871171468,0.105793090357062,-1.09738955876355
-0.369025392459956,-3.0930814313539,-1.69414298743733,-0.55654162864545
-0.747674757079359,0.353603739185577,0.110529358393468,-1.29266231236336
0.729049301052678,1.54992722904807,-0.475118793302091,0.106900291241048
0.661118609918134,3.5060510398657,1.12276813943515,1.97305296023994
1.64881936081943,-0.666994366731984,0.280410361212201,0.0095782448517005
-0.988746409880949,-0.0398557813250545,1.09664741009533,0.327021280910603
-1.00812452022021,1.87410493266174,1.51902940050423,2.74229071376283
-0.815205748637506,-0.447138290627412,0.718270178031504,-1.10727090899944
-1.14736472262916,-2.38406626854789,0.368992518001088,-0.437004271054227
1.98413193716878,2.89848120280243,-0.176770782784811,0.318346797824569
-2.50954289457859,-3.80396707959093,-1.52189191659968,-0.185555484444706
-1.41180434505841,-0.440249789126503,0.0425947422271965,1.5690816358478
-0.759333968608841,0.228263838290756,0.301450344916333,1.97246747999475
-0.239634163130694,-0.712934930701366,-0.0222006926523443,-0.938453914231545
-0.14794501066047,-0.906689303910794,-1.99739459437849,0.23063834838115
1.01481148496636,0.716424012175916,-0.388744875922984,-2.40811335464956
1.28079269441467,1.72491509379689,-0.0099362441477706,-0.262929941004311
-1.04154107009828,0.414516147715912,-0.224558437082932,-0.401649569636909
0.225096459642073,-1.1916200603897,0.094581503403354,0.446078380761128
-1.68800401031677,-0.196897682767962,2.00020968390143,0.824920896951884
0.891520581179141,-0.648161270637628,-2.21609362771137,-2.12531203526208
-0.874287165770076,-2.51483834956093,-1.0932060040351,-3.18241587813432
0.444844019071968,-0.408266670528999,0.904587162941417,3.14488280155551
-0.994963863286208,-1.94280838276642,0.295731939554567,0.162982005017681
0.016892882113848,0.527128004348158,-0.451686720189212,-0.139961231661769
-0.00742458068206362,-1.36662850741968,-1.2189542122148,-0.702550916015944
-1.07276863866058,-0.951057494577257,0.0855252494511631,0.615131869206636
0.379612705422413,0.439281053935043,-0.173847826476809,0.981077595642248
3.27590829896888,3.32679139495665,-1.62450262670859,-1.53967385671436
0.0203573007436711,-1.34424467394848,-0.8730844121218,-0.351807078150526
-0.41621940371551,-0.0417159000230896,0.400146960008179,1.33163696283438
-0.515186827732658,-0.397835558294931,-1.04275846804256,-1.12856035136109
-0.360501471386532,0.607859417583424,0.487605425488028,-0.548933220218344
0.168806737963375,-0.0249436149052891,0.664289325631513,-1.37621700121584
-0.871752081481623,-2.60370404671432,-0.142644596681776,1.59979851371574
1.52163774372306,2.27560871972449,0.0474548844579296,0.717247187687704
0.602384353454137,0.692710906376594,0.224360753260357,0.499629565689467
0.923412639155038,2.10434924913007,0.524885054739152,-0.985013588372611
1.38365760106013,-1.15438175867355,-1.4796669266279,-1.87080477813594
-1.08934616679036,-0.700950875039978,-1.06020950300935,-1.64163596524555
-0.936922309126624,-1.58990941520722,-0.895765004328872,-0.0733896405782791
0.328528060071521,2.20927703695698,0.948393263472602,1.37383491091609
-0.479894028302119,1.65943596961144,2.73260131125037,1.66643648469694
0.511160572434252,-0.386688480819264,0.754463474292794,0.410951980751495
-0.0697608087205683,0.976433131530816,0.788136560273516,1.77942093253351
0.705940084746793,-3.08137515971399,-2.08640497957343,-2.74645350781717
-1.60707158045143,-3.23025045094868,-1.15121853863013,-1.35665311866797
0.702752335304327,2.10759256087564,-0.53404814767725,-1.25269370663292
-1.84553238616542,-1.9512333271426,0.0242826737977472,-0.275447940973379
-0.0183323638780197,-0.475463266120151,-0.489142712497446,-0.779828437004185
0.470499873769073,2.74313858986085,0.873593520645051,-1.26008758411506
-0.794856573566363,-0.728755565564912,0.161272810914354,-1.23652588329393
1.50069989990355,0.253083382601281,-1.98565830601894,-2.84096051167373
0.218127441659153,-0.16970314094823,-0.242079366542842,-1.02782836076029
-1.60975859972385,-2.03800260137419,-1.07109282584719,-0.258429010861793
1.56194118142925,1.46919872214741,-0.12882633673077,-0.122967382073025
0.310591488256536,2.6647021130608,1.31369648531165,1.14670458900403
-0.27616570209019,-2.5340450710833,-0.842126692629919,0.467722774995572
0.724999708576307,2.41392592253671,1.06898001070036,1.11895073445676
-1.25021542760217,-2.67417548097396,-0.933865750679833,-1.51150607710668
0.00167062410266024,-1.56136623797082,-0.641855620959978,-0.236634655668349
0.283132471325672,0.718117540709821,0.227308850322086,0.294409297998054
-2.92129601548532,-3.93837556214827,-0.0776028203462781,0.240944459343078
-0.410088785933338,1.39651786252985,2.48745837144904,1.36708522966427
-0.690619496498588,-1.7004100159443,-1.69393903576622,-2.36794350904867
0.355527267647867,-0.817072692166847,0.11461846737111,2.6126865041723
1.11319335478242,3.59026052401043,1.48231893295382,0.944393844098261
0.147656116917149,0.253797661218854,-0.0942841251852751,0.469359098383239
-0.802166501068598,-0.123813280671973,-0.00741502136955096,0.940402260216298
-0.0767884500373738,0.78114399323621,0.873826449318803,0.389056962814947
-1.01022823332762,-2.25831792574377,-0.371193071314022,0.166280691811483
-1.00850275646813,-1.51010395341081,0.399144177206655,0.923348750500949
-2.50340650921739,-0.892883331374066,1.74393083606482,2.36517301305217
-0.260967108399529,-1.19983548830297,0.312065852203048,2.01813676559461
0.587795064199159,0.480426514663464,0.107395239839245,0.670120371147026
0.271445584725597,-1.13504590329073,-1.18232107698533,-0.99840228376685
-1.04858148838335,1.01782021216529,-0.294825249867662,-2.15649732638379
-0.468447377427223,-1.17212017160919,-0.787978110499617,-0.411806295915657
1.13069225005373,-1.26619515329833,-0.742150421617257,-1.41055998307927
0.739336966168512,1.21566023113547,0.412222849085319,1.91920501269041
0.539497982344097,1.81276599146421,0.954701825579583,0.0714009763403967
-0.321164122841576,-2.23106857110948,-1.19950933600627,-0.299997387942594
-0.0527015529236533,-1.18944611866753,-0.806096902574245,-1.124845242267
-1.11424805110528,-4.2111831859706,-1.91549547877921,-1.17116560672205
0.0389199961692448,0.738912140120693,-0.132737310969788,0.856788921240477
0.404575344064249,2.49350217181351,1.1728148308075,1.5933018411589
0.0548111938749371,-0.398049003387291,0.00923787897483782,0.133672089068224
0.214650211509929,1.06470539316956,0.295779327593573,-0.594192014740276
-2.4046488464872,-2.68329955022534,-0.744839865849363,-1.30411931555233
0.286457004628382,-1.09459377817993,-1.42180055838148,-1.45949532565434
-0.327269178646847,1.20580723391604,0.136751558032113,0.79385019364785
-1.26152113328153,-2.985255052575,-1.39101992528331,-1.9151187343702
-0.301435860098489,-1.77654697904077,-1.07740295058301,-2.33896782079956
0.189950552175206,-1.42165191810633,0.323286355473127,-0.0483202724934751
-0.955436016833875,-0.972792309226708,0.319138250886914,-1.15243449698915
0.0213242036088949,0.350158622291334,0.068554830403744,-0.943017271966059
-1.17883417284646,-0.955431677725038,0.838028336604986,1.6491525583522
-1.08167529695,-2.79784347688044,-0.208013207606667,0.123704497594359
1.81414609935703,1.58993427137526,0.24701780829266,2.18165451397791
0.774055477159116,0.164022777053469,-0.867323795921959,-3.08974480060968
-1.57932497544814,-3.45558643229631,-1.20290122890375,-0.858701447129723
-0.237648907554613,-1.16185387941892,0.145613706527865,-0.322549686793614
0.131156276311986,0.475645079766402,-1.0539041627612,-0.0777905294555644
-0.307466456765344,1.04192448107619,0.712337655042217,0.620336485494651
1.0952089417745,0.274865186489988,-1.84186355429631,-1.2779984363421
2.25879155614992,2.62786064365035,0.928350111501106,0.838951959438908
-0.579015605930199,-0.962414958039554,-0.55805685655912,-1.15949119969669
0.844733113514993,3.25033032474506,1.25042392794413,0.318112789513329
1.11829159511152,-0.0247750985007135,-0.602466540200674,-1.16749901701035
0.406152075937239,-1.4076426471809,-0.036319816948711,-0.461671790036753
0.470348995601502,-1.38987053921831,-1.08887848649344,-0.633038834765298
1.22618045720956,1.47629174034348,-0.295202817003388,0.931698096904402
0.120933745538538,2.44237900704205,1.91699685898147,1.0794471961108
-1.97826432925518,0.0316633048253034,1.98017892995511,2.77444994029865
0.447248575383745,-0.58298024846234,-1.17588729724705,-2.89831684316919
-1.28776572578927,0.161706916908389,0.0294070940958104,0.897712130406768
-0.61217174670739,-1.14275540813922,0.66203362982974,0.798484575559634
-0.239518273513102,3.12143562801704,1.67401769932964,-0.0786358205644369
-2.12211210045675,-1.5124812589554,0.109518482972801,0.415436411008216
-0.183595039050664,0.242446625467317,1.53658528891958,3.24585922869632
0.887106977157379,0.219974881588255,0.587938331582546,1.49306994900122
-0.622807288511613,-1.05189663712184,-0.567445232734065,-0.525008780922763
-1.4864914283609,-1.71783761559201,0.254040812792605,-1.13486829930318
-0.301931767961413,-0.869013588113156,-1.08606489012377,-1.29226409551575
-0.57346530372923,0.880839124950281,0.192103001719132,0.575526698211635
0.310873621923446,1.1754045386595,0.27211210375875,1.23459856635233
-0.621560704330828,-2.43342974862198,0.0640415346559259,-0.146620689155439
-0.701263342394065,-1.50383727888292,1.53543765931332,1.26442493515166
0.357690960412707,1.09122413123631,-0.795874045819981,-1.86098871108398
0.495845057791496,1.39675498659208,2.02898577599649,2.05866122770873
1.14500500709272,1.68985584146674,0.742735716083434,0.729743528057671
1.06539199491243,1.16661854610413,0.108330025343863,-0.690853519766215
-0.655573374851947,-1.94528353743048,-0.986931180140825,-3.07423065996757
0.905595902184362,-0.373261316666192,-1.88155421684497,-2.71597163808545
-1.32473847060709,-3.6739896855664,-1.22539585952725,-1.58832103237069
0.160043407644027,-0.607530763125813,0.150287281690579,0.187509989281159
-1.98726197290655,-1.69374416533006,-0.602690335440304,-0.283240859803776
0.404704323369995,-2.13767542334232,-1.18330530726189,-1.41498484803871
-1.07342867377695,-0.0237423078047744,1.44336277768441,2.87131315536916
-0.0738147669924104,-1.05481890288113,-0.964109658432263,-0.421680222728132
0.27403305731802,-0.573894852177333,-0.899291740750779,0.163511104638919
-1.49987005889833,-1.49950464634145,-0.69909185782357,-0.448458060266375
0.897805220742601,3.69161793216097,0.894097546374627,0.0384327373143428
1.09648738242962,1.25124181760967,-0.367744105645956,0.0343612901802424
0.277361276663907,1.08797267073687,1.22358326717325,1.31481541200185
-1.2351754910404,-0.739594927742628,0.31719024625284,0.313067554280256
-1.48467683482397,-1.20934733491231,1.12677554081716,0.729986035003601
-1.50352648318506,-2.31889048717642,-0.414280591942555,-1.22883571482094
-0.446322503252161,-1.62615312042035,-1.09744843409701,0.816170341350378
-0.106741582463604,-2.32392605340417,-2.06042852871508,-3.26380297354298
0.353123764853313,0.236207375792324,-0.570576976074474,0.864739638649835
0.79571099126796,-0.939912586900795,-1.54790329719306,-1.42467678160205
-0.518481877194195,0.614980465465114,0.296132556544075,0.904834228813532
1.10109146783194,2.95280631396841,-0.441122935646999,0.583087429393915
-0.369768085870647,-0.505321911685637,-0.342760324250598,-0.789162362699664
-1.50075678799885,-3.44201219060377,-1.12196278447308,1.2798777469489
0.713489787805379,-0.858970895061101,-0.311611952870853,0.612147882149308
0.556979381175099,0.0268377757331781,-1.75695822943811,-2.61381077133114
0.117951165076868,0.707177402305671,1.15802562080894,1.05376548601821
0.49119909789118,-0.666833336253469,-0.842792115497977,-0.727018681441559
1.43010331389261,1.20059413565029,-0.789866113399731,-1.01434948261988
-0.330111226268629,-0.33782814553021,0.155511428802798,-1.35511260437999
1.01000141216471,0.794112201309235,-0.337327058087517,0.65434402713181
-0.550857321607034,-0.396499517887538,-0.221865931475959,0.0274234954300706
1.38481651121209,3.66464250144044,1.17477592136337,2.6432746145629
-0.165597496145851,-4.21439335590995,-1.84097842458452,-2.02312246733661
-0.232804343394382,1.10481143652298,-0.0661110517808991,-0.585189742055554
0.620238400325893,0.41939543558886,-0.520529114941408,0.452077995239546
0.607284523395547,0.91526803375081,0.45563791532845,1.03107761067153
1.44106491661778,0.515207118409401,0.295568785838523,0.949057276846174
0.46998291716766,-1.64699772784032,-2.04351633804657,-0.903213415366988
1.0078264999656,0.122488571245085,-1.45271605837822,-1.06766611977545
0.684011801529936,0.994623492370685,-0.450241546507452,-0.737672084851635
-0.479974314822132,1.92599800908895,1.78436821962776,2.31785027335056
1.26728853859005,0.176219924646287,-0.882248273420298,-1.03949562094585
-0.96822851072663,-1.43136688571215,-0.0785816899498884,-1.43068103106112
1.02136477352952,2.70819445922085,0.853750348208348,2.3154660394565
-0.895166995835912,3.17878382291008,2.74089861206187,3.74980736805464
0.978938635250335,4.50710584522732,2.27086825996856,2.68505203664088
-0.111996250957537,1.75729547544514,1.52580670526218,0.349372906633348
0.0350952708732367,0.0735636781640556,0.163936816234228,1.0525717963461
1.9314386274796,1.65380866031674,-1.00472973834651,-1.1484612411067
-0.76021714261813,-1.21295470263778,-0.204216872043378,-0.781609263396362
1.04745059333788,2.14438528349175,1.05118210379483,1.34377841046682
-0.679157178802154,1.68332858582348,1.23772598020526,0.783155353799925
0.0249343251746742,-0.184907312191473,-0.183689303946835,-0.982768628094664
-0.123363719075361,-1.56876212867363,-0.821877129785125,-0.207654696857195
1.94140225980242,2.41707674056844,-0.518743081939278,-0.553027197563117
1.27219462839002,-0.123126814617483,-1.0138509277509,-2.35378307959544
0.075376901038177,1.82721907352759,2.92705016337743,1.11549814832279
0.134274228321053,0.983950573789237,0.888041113478497,0.157501120666969
0.081714883783497,-1.15627588426942,-1.01747030601825,-1.53039340824805
-1.37831533813473,-1.82292078132143,-1.08656142130632,0.0282820304246851
-1.6840708820469,0.832704989734778,1.13290808654322,1.74385756489176
-0.187146328247514,-1.28464849642488,-0.397079187114098,-0.0419011157463469
-0.205278035438213,1.42478001453713,0.189211242773587,-0.582435756145484
-0.726485406832744,-3.23305490465444,-1.87027523543324,-3.04668930568526
-0.892317444171541,-0.779980312477401,-0.329032567568546,0.428574623053905
-0.0526610312211097,0.41569520874278,0.858976945988148,0.225348126029067
1.78378200048199,1.84740278425647,1.32323174291032,2.88483922830859
-0.351007069840009,0.387682408094887,0.00690820697475125,1.3505117751749
1.1273350100928,1.40791544150189,-1.81052355692076,-0.679388114724239
-0.246389111883029,0.233937220106356,-0.0752362106875648,-0.575502270204879
0.309517411997844,-1.26984701152104,0.255276804053118,0.274566461596808
2.17387836696255,2.26292636146048,-0.670916768081512,0.237043552976435
0.294941664948672,-0.590308777500836,-0.746339675738161,0.156615729612802
-0.648398617928522,-3.33934967277525,-0.722329402245245,-2.98017370535439
-1.70652962208432,-1.32911029900527,1.93838010474177,3.02947312325345
-0.513088192302024,0.231500378409145,1.53414836949534,1.05769793074618
0.997867271421822,-0.0492627170145047,-0.323811539666117,0.560796425832443
-0.465406094777788,-2.94443268694121,-2.07567917218012,-3.2723181514164
0.815356544971344,-1.23686020140572,-0.84255233201743,-0.360816841573909
-0.240403654831488,-0.357133334017419,-0.635193752369467,-1.88200703158471
-1.40245132361352,-2.361588030239,-1.04328569193561,-1.22640145360113
-1.89609645076539,-1.72627753349145,0.77012546021676,2.51514540777418
-1.0102355300278,-0.010436437292485,-0.363602883068888,-1.13008443615797
0.00741535359866215,1.57463232514168,0.447363839598365,-0.372302897450928
-0.496765687212136,1.20779225028299,-0.0599280413283904,-0.486123260230671
-0.787263734815161,-0.8871397463098,-1.62884810290013,-2.53183943928089
0.089640627048418,-1.01174269446331,0.328325736293964,-0.17142299954653
-1.09280444405995,1.10151526382659,-0.171461689204862,0.64629022732854
0.968542779160611,-0.410286049297855,-0.973807094241863,-1.56816714692479
-0.597874523412628,-1.99661419628983,-0.868962505965223,-0.086620066307948
-0.174148350015402,-0.245698746136886,0.0905486798821877,-0.450307127247959
-0.903621292380002,-4.20459062031059,-2.19897501705203,-0.639233247524257
0.547558010896929,-1.06671599816007,-1.32504220363782,-2.73289649219652
0.374791848931808,1.01191319302321,-0.11009798564606,0.564564820497021
-0.444936363904856,0.25180435026135,-0.543158709942921,-1.69805115955288
-1.96934798429767,-3.48936876066888,-0.664778676464408,-0.213066544866448
0.159958657524181,2.49461997738964,0.964851801412582,-0.553412084581249
0.425828084013383,0.627036243557426,-0.0684163175259126,-0.481202606686143
0.490956025670218,1.07484776407965,0.498040158227863,0.826622617403271
1.0494802263222,-0.665411784483185,-1.64572543109757,-1.80892855758072
-0.819797433180351,0.220429240118847,0.872492468459768,0.424637733198166
-0.738381470699821,-0.11258779817729,-0.26805394055823,-0.886268794896096
-1.27915068350192,-3.17428981057493,-0.509191708535937,0.558836309228631
0.857547675178483,0.711934162038108,-0.496359786771354,0.602740776381132
-0.459581093044728,1.92436864833827,0.627262389039944,1.34880703880086
-0.797742789296458,-0.634812296175262,-1.63908827905509,-2.02964566805935
-0.0461542338124262,-3.48722138756574,-2.32942487485566,-3.68853836769984
-0.19097574869508,-2.28159291358819,-1.76328372712179,-1.01002628424738
-0.635335873067093,0.287486718810648,1.17850095127877,-0.27868409196595
1.96644490090347,2.90837716198049,0.241951775251666,0.0248246619554227
-0.740508206117234,1.13620506425482,0.973443420189088,1.34282550976162
1.14140004741598,2.56303687021874,0.454480501159308,0.806585558817422
0.600030538978784,3.89407597305542,2.31461979027597,0.672795422419651
1.81636425818632,3.76787487013767,0.736993880029639,0.840739917524292
0.109872279131023,-1.51656417317691,0.00930747506987078,0.600840431636244
0.00902806668842954,0.876494609795127,-0.0562911828428189,1.06484264885529
-0.616188357010355,-0.599274890244681,0.105866961514528,-0.32253019156181
-1.20180700028455,-0.241153153034306,1.37499554220136,1.2989552552835
-0.301643044859894,3.17950193440717,1.79179425811162,2.20098746989159
-0.593128760821164,-0.102880117864306,1.54799620475114,2.6714627559447
-0.515993291573146,-1.91792120648666,0.0166251208198403,-0.134079343966905
0.372835782644859,-0.403191776995866,-1.81513669052228,-1.90374229148225
-0.447169999700267,-1.1734295682724,-1.5478637038517,-1.57725691823078
-3.41378800539887,-4.59097755279555,-1.00758080387474,-0.213551495450674
-0.20899787818783,-0.0493709566908012,-0.266456117208721,-0.447004239521373
0.188237618848249,-0.856963764792101,-0.826196393803041,-0.300030367286981
-0.0706717227085059,-1.66150392879851,-1.26187715317109,-1.79032345703146
0.201011150367191,-0.0462995274393825,-0.201677506204363,0.862250709446528
-0.450345071082317,-1.77986288057514,-0.994751800077282,-0.618866957875844
0.952372185422378,1.24686111750549,-0.408505303769794,-2.37935945166718
-0.338939735460729,3.26945450319224,2.4134620948171,0.580685091384457
-0.458743467606728,-1.51656428960778,-1.43768814243924,-1.50145917343776
0.924742515541944,-0.781968763417223,-1.1214780246378,-0.693709824320586
1.19278655796072,2.05630396830748,1.9122661796124,2.89550147519431
-0.418907825100109,-0.881817600343316,-0.50573840684715,-1.12699490741944
-0.126638880751514,-1.05480896875987,-0.598247601020043,0.472324240778697
-0.710161355016415,-1.60559604980043,-0.322967220155995,-0.0748885963265999
0.129867723949724,-1.33479870840868,-1.88976907793217,-1.9135847125632
1.74349207373836,3.63503806177221,2.1558970727552,0.699329711518987
0.876237101646282,-0.186787987150678,-0.606534919117842,0.79474274661089
0.645640766250999,1.69711246147912,0.0233895828590145,0.519760740807133
0.466623055006779,0.0734971702377549,-0.484962551203514,-1.00158146938567
-0.211607446282987,0.852607064910897,0.823615772793469,2.34208928102584
-1.66597788151423,-1.10702927640636,-0.0224723468015048,-0.186015270815764
0.749030435261853,1.95566855885711,1.29722859430729,3.49015458148402
0.14488526106311,1.46417313581307,2.91743983625458,2.16261252806586
-0.518783170964857,-2.0332660839055,-1.11428345494951,-1.08735823493493
1.31128160759596,3.07499275424337,0.0449555502125278,-1.35076982501038
0.845613579477121,2.36565785281834,-0.491499664493487,0.169190267068181
1.20996051140149,0.0134251059559454,-0.103951102153696,0.183275739761695
0.747428021411866,1.44819837857834,-0.206190824445724,0.146178951907905
-0.762132555077574,0.840026991540004,1.70312467214461,2.67230915412822
-0.25495445083938,2.10448926564737,1.87202691634842,1.27896540196953
-1.91044562155148,-1.66063358080692,0.714328566965794,1.70774499110653
-0.201208146412902,0.137174792189279,0.362643662425708,1.24161483855232
-1.77795578375836,-1.83627070252608,-0.781367255048683,-2.0761380593416
0.112229381584818,0.389057415128363,0.568090430045135,-0.894065544011021
0.15435442317656,-1.04785051490404,-0.235464770960171,0.318610314917959
-0.61828724139115,-1.23976658945096,-0.841056823911208,-1.41294465061049
-0.0232465159936248,-1.25651674704105,-1.03069038609399,-0.82142572307374
-1.61803670297697,-1.4812383517749,0.716672136459729,0.110699062150274
0.379181152233395,0.0527554504115989,-0.283501470326998,0.0566513845803269
1.90225048050644,1.16822851271736,-1.13546369605092,-1.40374423187026
0.601874266947382,2.18568695745272,-0.632816610132082,-0.852331998517172
1.73234970040474,0.986998796809417,1.3511612455984,2.31750153501818
-0.14686955337995,-1.55735521244754,-1.96784648453447,-1.55459958984747
-0.272868241427588,-0.74649063715145,0.690127318138919,2.29026888229678
1.14748961195064,2.23424617010087,1.1774054428478,0.0267761423218118
0.505399670062373,3.2674486855834,1.16011302564375,2.08285369747606
0.801037474987433,0.461207283834385,0.635575140829705,-0.982161154296514
-0.135261291562419,-3.20537530693431,-1.59615198411681,-1.9315151869541
-0.047630325325921,-1.03552096309375,-0.163100883643463,0.764541821855077
0.250102680449516,-0.981016459270101,-1.44324021265801,-0.832390029023681
0.0435543649321396,1.8648530702655,-0.631247703551547,-1.50881063487083
0.79144564883068,1.41597566607243,0.158378344138519,-1.06498369432435
-0.367948182290832,-2.17795872852483,0.356961698560736,0.403944795473698
-0.920185436988979,-0.737970882888731,1.18065536819851,0.767115670201203
1.4795855372078,2.16622624260953,0.0950198921459256,-0.154535446529612
-0.7378562051922,-1.43010661260351,-0.0553698695640779,-2.76923562173256
0.288344272967324,-0.605367044351172,-0.154673086412954,-0.590718939625863
-1.86080985001404,-3.71313378161711,-0.0446659771496857,0.00405344780977835
-0.643701923640257,-2.63871085145742,-1.03094555703188,0.422148633411025
2.42138011444996,0.3293296878332,-2.20710070683711,-0.718149794685976
0.0914724162507986,-1.30748613616679,-1.54757441672894,-1.08939537575212
0.81644111260158,1.81870030516936,0.870084256857824,0.35557316860945
0.543143182334588,1.6618072943509,1.88545643130557,1.1852815901043
-1.41970718079724,-2.08857800601896,-0.633635940130597,-0.0672735201950351
0.85936046537701,1.76566640245002,-0.453467434834039,2.44554862448476
-1.0216920662398,-1.73211974273731,-0.232688889682561,-1.00580601930157
0.712890392058031,1.04824943965015,0.714488212441339,0.424465673208182
-1.20561425006548,-3.24093848624458,-0.968767111247949,-1.59377402523391
-0.0315592041167918,-1.85249167833167,-0.802997529543349,0.178603011569033
0.530265025244781,0.427756147470209,-0.33539666968278,0.443788145619441
-0.326084831299733,-0.732408172123725,0.694615615989112,1.81728747481928
-0.144725349116328,0.739016261872731,1.31728960607412,2.81622179939914
0.572953053492816,1.77110916958134,-0.012350983631076,0.679978985913694
0.720223826137903,2.38625795447158,0.488292812717705,-0.258918544438411
1.51788812497892,0.567902236424718,-1.23765725813739,-1.25307689266871
2.82471876434655,2.20381459745608,-0.765448984633261,-1.68365729265985
-0.11273842983908,-2.69556539841672,-1.44666363859372,-1.82078677505085
1.32946118013757,1.30027247110692,-1.15279299350125,-2.1170227680777
0.692659114556169,-2.19048452440225,-1.46633133386098,-4.25998549715639
0.0699438598690893,2.15603847364641,1.00264834589345,-0.081746675036183
-0.0528378442452677,-1.51108919639181,-0.46828834269235,-0.434362045797909
-0.996601590144277,-1.93160061406343,0.367563204801117,0.663498103914352
0.991033942202365,2.15824625124328,0.431081459507958,-0.629845962729517
1.03704135567893,-0.814357053290966,-1.29194269520881,-1.17879445097822
-0.501953588063571,-0.964208648261383,0.262697724498057,0.780774099098674
-1.20125122199509,0.242846667863372,1.17543715121958,1.86761501812391
0.0302883523965746,-0.570970727079545,-0.206698775113228,1.44485220976861
1.11706337928647,0.04967573880173,-0.0818873043312982,-0.673371219984015
1.74067850954298,0.357657140732932,-0.039674040072978,0.388158785106008
-0.556531541211859,-1.54506979093333,-0.380500159627615,-0.430072416324679
-0.12018183029352,0.343344797710732,-0.22169489388339,0.121911113877777
1.7132325796157,2.90439284400746,0.349983697964523,0.165973938503297
-0.402961246699624,0.482598034609937,0.23085600284053,-0.939063654607855
-1.0102780365949,-1.61525314306718,-0.690966473156885,-1.49438982632872
0.348797683174704,0.223225513811247,-0.443210834243366,-1.87208405916531
2.37772781695755,3.43201113565622,2.87751983821064,2.65134003032729
-0.752163309864745,-4.16035057334443,-1.86337471067619,-0.60853083958833
-0.473085651209426,0.382774635904856,0.953203518696552,1.09745942100211
-0.103887511234988,0.969717026035661,1.11072247518569,1.92073438161904
0.0590779960324681,-2.44761297648739,-1.63338801693691,-3.08245087179386
-0.388849858802789,0.665476203814078,-0.395222493901185,0.354088891335225
0.478360104866217,-0.889322914062156,-1.27014915256884,-0.00375117841477701
-0.656089810469421,-1.60847131864481,-1.01121498561948,-0.839274504671519
-0.134651472082506,0.372900640998539,0.293054307860482,-1.25121491525504
0.675957695557538,0.394652291886792,0.617429867398381,-0.527899209480337
0.131910036877225,-0.133136524318785,-0.358841148138926,0.847581557335988
0.689808756238025,1.34680872393682,0.00392358198281824,1.04814747521168
-1.39064409398918,-0.857824212462977,-0.0973054351825204,-0.334452138417133
-0.830233284077037,0.41580033983633,0.404363835124735,-1.23651639558175
-0.154801930774448,-0.254464644864385,-2.20578002376702,-2.11276548869535
-1.57446266611955,-0.565511392661155,2.0769711811719,0.435639200755127
0.190549121736647,-1.1097027733345,-0.313892830739597,-1.47833451086858
0.921528665264763,-0.385199281722614,-0.393977324033578,0.314787298296483
-0.131259521885002,1.71949115470316,1.94245317653805,4.4534073152623
-1.64039657688756,-3.57497095353905,-0.648293632315276,-0.260317120044195
-0.247917301381174,0.404524749860428,0.423657977576067,1.40658840531084
-1.30009160756557,-1.51764804436668,-0.271395880518306,0.72419181828152
-0.265335756960754,-1.90210811903251,-0.11598606511857,1.6762197211159
-1.40079202951579,-0.396878976155816,-0.812655675848597,-0.489085952361144
-2.04270308488149,-2.15088483527017,0.643016736336701,0.883508204898596
0.851778688270516,1.97615874862574,1.51421520678201,2.03575483300585
0.259731150608054,2.6589411966527,0.525313704656586,0.669155325087056
-1.16420771092819,-2.70829346444215,-1.07769835705223,-0.97111577008279
-1.41205936785437,-1.22925246784173,-1.12148496559817,-0.96580619673526
-1.22830319843021,0.516372192076013,1.00577204038933,-0.662983661139613
-0.536864238027104,-2.11701422111959,-0.261259244092064,2.03401723163028
1.2014053155918,2.03725568580379,0.0715801587700622,-0.0218828353412407
0.37954174704255,-0.889169478151625,0.0200851846906928,0.280392892960924
-0.957402357649547,-1.14310498313654,-0.0403048881521908,-0.757215143119414
0.97779141646181,0.974799893249641,0.289049212009349,-1.41026069216166
-1.39128503779909,-0.286359487744643,1.04996314009348,0.536125738529771
1.67740605287812,0.271446968152162,-1.56370325857088,-1.4142527934972
-0.250482018600349,-0.700682126723194,-1.09166863945352,-0.385381681665278
1.43238382539799,2.28287516421149,-0.0962362615701751,-0.395727970307159
-1.01678362381117,-1.34179238419146,-0.391577082137115,-0.382696816073947
-0.0304302819621278,-0.303940986804873,1.8869276033457,1.06984321545895
-0.51039563761724,-0.366083123772345,-0.48414420048146,-1.92650596434803
0.340871956054676,-0.710874597900507,-0.780475357767851,-0.327566804737937
-0.970334665270286,-1.25772190407709,-0.86284174037006,-0.941179509936617
-1.22479236693125,-2.22982672484673,-1.17557660741971,-1.47901044333053
-0.949700113905872,-0.263620493036753,1.24313347950026,0.294968756467941
1.76588815502968,0.661278535407502,0.0572448528038599,0.187516993442961
0.240160911305288,2.46753103370462,0.674596108218355,0.649257033089356
1.0285767102378,1.35686151027721,-0.752496145720287,-0.303253880082609
-0.762261487874152,-0.666378460820059,-0.218458507992251,0.117143494479064
-0.11136038635232,0.569773542802568,0.344849162177449,0.346982766199956
-0.0920825726280635,-0.272592001158912,0.571859816215295,1.42193827873837
-0.275673844522837,-0.821017493209601,0.292746160937001,1.20858840258137
-0.138688592191735,-1.2421871488089,-0.185553369703258,1.91991793042463
0.295846382533286,1.39433139438716,0.0972902823109277,0.228856089557515
-0.792410017758057,0.353268356083747,-0.498144098111834,0.354559039485447
0.770283963799983,1.9314879853693,0.734464593552873,2.68949730207107
1.7952032108663,3.20327768738689,1.02223160403152,0.901760451376545
-0.0604490891555284,-1.40305967283647,-2.04266411625249,-0.833403844652053
0.519887436771034,-2.83398736360781,-3.04468664190685,-2.99955959508709
0.210473331204397,-0.58919577179603,0.220766908797648,-0.886796772352511
-0.0368396637641501,1.42665392075088,1.63853639008748,1.25720903277343
0.447906057854475,1.26822688431145,0.0883358188135823,-1.16559183172475
-0.0573442273899277,0.468622091774449,0.532090640337817,1.89505091994663
-0.86943461115035,-1.90600089362888,0.479221646448238,1.01824515151038
-0.0889101522186457,-0.559816785692688,-0.912683912483311,-2.03626220492808
1.21696744889734,1.62599392520049,0.290894451404202,1.18431211984552
0.569933206854661,1.39799029241999,0.901408004500207,-0.687180184438302
0.395379891222626,0.657421418630318,-0.874292559959079,-1.67094179646352
-0.113843453185286,1.49633318152689,1.95150302105273,1.16671863148786
0.552905906109517,-0.617792225430291,0.166918391090672,-0.093198570209473
-2.02956006594939,-2.82703155327688,-0.842978172495295,-1.43440338618485
-0.0686946976916937,0.860052516255284,0.402653871735321,0.732232063921147
-1.49767184123777,-0.72626875605223,1.16420809222157,1.00135781252774
-0.405455694608118,0.706182326578391,-0.0288844007344063,-1.02323828664014
-1.4002913530797,-1.7230378253575,0.092070217534539,-0.826679228230206
1.26750815363852,-0.193973068439178,-0.0976976204213846,-1.01197254422336
-0.688711859938011,0.0354504831220962,0.316401970764476,0.862833666719435
-0.488652300491905,-3.6260533052735,-0.811461300730346,-0.0609617113525852
1.23530940701422,0.815465879646028,-0.173023919757162,1.80670647340935
0.813250245338892,-1.92737121372004,-0.735901446261606,-1.1474884875688
-0.34256835679028,-0.871767443729869,0.00381727909140123,-0.182031219312368
-2.01983338623565,-3.84250093100935,-1.20197537413967,-1.48606415540895
0.837010190946412,1.77515162969666,-0.0864258115057057,-1.09111057108132
-0.373347873955579,-0.66942389381051,1.0124187774026,2.33135429479141
-0.705913682965425,2.34735426806949,0.426012073918822,-0.499717150137809
-0.539249664945891,-2.65067697190468,-0.145373592542156,-1.16567444756684
-1.11948448426382,1.31062520791221,2.6457611493906,0.663700171442668
-1.4188888331771,-0.709833594675778,0.301767892871321,-0.448352751866819
-1.01225264903813,-4.40714728554635,-1.9177190794625,-2.92995105902362
1.0831385336737,1.16074119715077,0.541187570539369,0.525723868187595
-1.04530027352358,0.496651013892698,1.25948771490025,-0.821227976677541
-0.323864733560642,2.58192581808902,1.4077091653296,1.96155411530504
0.524438185756302,2.70226196890321,0.492673545763774,3.03376451649878
0.445657890350966,1.78463714377825,0.944424367233972,-1.07548416123183
-1.9490096977888,-0.303559647798781,0.792114408331895,0.37129566110874
1.46172387729718,2.83173759682736,1.29349091401264,1.97110243327723
0.177940680194105,-2.072697260338,-1.82881683447356,-0.670297342804901
0.999695919546675,1.94680368073984,-0.813553910527838,-2.01448157232751
-0.937292247176689,-1.52001324325829,-0.770464180162472,-0.266054034496089
-0.44823004045384,-0.693835708417308,-0.299332694218272,-1.28796099813332
-0.268933922317647,-0.0295920014627151,-0.221365718916527,-1.69034324939849
0.652135057033228,-0.665728571776302,-0.403108716661572,1.014798685874
-1.22108962295101,0.422504304918742,0.0173709166986136,-1.30953953295604
-0.479177912848236,-1.06254756991233,-0.764610218433043,0.0524671750070287
0.625164879333557,-0.016796650478403,1.99738128969073,2.80813860489884
1.09420449561273,1.54488897333698,0.308448678189274,0.389474195065593
-0.905278662343015,-0.193262926309627,-0.208366352471481,-0.797231553824958
1.41211395332358,0.516247715555672,-0.549256439543039,-0.730070920612166
-0.132608781527953,1.36011511484352,0.163721844039022,-0.902443322694104
-0.192449574686267,-0.945077216408419,-0.329993250963014,1.44283661021949
0.67325305433309,0.640780220492049,0.104984923187149,-0.0229912476101691
0.876163568296054,0.641862176585153,0.185735166952816,1.0418425283936
-0.758346497140262,-1.46172423188035,-0.456881504867666,-1.3123882869191
0.864579771902525,3.32100445034085,1.21022180729846,0.808143954559448
-0.948963399300591,0.981528196906788,2.36791951648601,0.0180897518206691
0.838568411269346,-2.13389390380474,-1.38020093327572,-1.63066519124846
-0.530415535058218,0.705643800413583,0.436184856462801,0.624746399854619
-0.786908548603668,-0.07812999113941,-0.519909657522759,-0.190372444334052
1.05901879902439,2.43292304106805,0.901092703946183,1.16683550440722
0.470278062186915,-0.987672556744515,-0.668253056997578,0.566545942288544
-1.2179748564802,-0.81735228024765,0.338297067759387,-0.177809206280544
0.870229591425316,1.57141215289119,-0.82474622687448,0.741782386693563
-0.267426358619252,-1.72434074266005,-0.296369733990617,0.674313647132271
0.56842903856661,0.471969892184531,-1.67655575082864,-2.19202119284962
0.457145819141247,1.21847821669923,-0.336174321522513,-0.0320011277650225
-0.969959941777926,1.24840282656676,2.07802684511773,2.1817208288972
-0.114825038985959,-0.267022175195943,0.318954646699647,3.17061948907836
-0.0234472743614127,0.251442999195019,-0.467669612683454,-0.586156725520061
-0.434144699174267,0.872622569736856,2.54613464983395,2.43151758498415
-1.9943340021324,-1.93580683682626,0.936828819904914,0.958766105776181
-0.50766746962865,0.905712154706383,-0.0502883907925359,-0.748958306789108
0.490276565726803,-0.739208353370484,-0.972684057559024,-1.45539841806138
0.966104734909007,-0.700986446050627,-1.41005081263475,-1.20917652613219
1.14515302024812,0.964927368639311,0.631936554265277,1.65443885781702
0.713769665749411,1.45811005282343,-0.364356598185513,0.312623183398278
-0.201678825773981,2.264786923863,2.2889003061225,3.80135189775624
-0.34575118336019,0.812229339349705,0.0095757515485495,0.515283071693406
-0.580760636834414,1.07095751134761,-0.205743451289169,0.385396949779265
0.938766216362923,-0.761559973057939,-0.551671921422647,-1.58913536536905
-0.603470494839364,-1.63284097474581,-1.22521683695571,-2.5105927583439
0.203513688368744,-0.800278974439511,0.0229964640249002,0.468047496376051
0.92823300523863,-0.550641570394499,-1.86580459746714,-1.91979195987868
0.359090462240704,-0.0860622781193525,-0.309216273070623,-0.272074542146128
0.186757338051538,-1.98679998437823,-1.57508872929187,-2.50030795074841
-0.419845439744831,-0.0119218879425338,-0.662661921239222,0.343946334390225
-1.1659802678585,0.25555979685339,1.64593570478255,2.64703614505796
-0.276737825839425,-2.46553809859722,-0.10608024294701,0.842666652246447
-0.856257832698083,-3.03567868492107,-0.963538825289929,0.774319321071586
0.139424305372722,-1.55244223278225,-1.42181628170289,-1.58833941549694
0.0315245529374235,-1.62570275376498,-1.18445152251641,-0.375109530487252
-0.33652133756092,0.601667545042835,0.869952123084035,1.34216517398325
0.579936073436706,2.34499429266307,1.96412540585728,0.922855785207096
1.45462253339102,2.8682495350366,-0.230427782984423,-0.115428586695214
0.0555095428648723,-1.88737763554522,-0.223300433766498,-0.114247542353958
0.541030164477047,-0.380188079950982,-0.466423773975057,-0.164928119588738
-1.02610058234102,0.52135345688218,1.97302373230858,2.35103016190038
-0.100002827108791,-1.22364931370511,-1.7896874704293,-2.0700271215195
0.0309730324517755,0.432036544759983,0.864484696572087,-1.00987399141849
0.458411654341046,1.38117762958606,-1.17673300286584,-2.08338460676974
0.384593475592194,1.1007540244701,1.11412575703152,2.43396118811769
0.173952590312354,0.996312236468982,0.608540921148067,2.75479006151535
0.391491958293694,2.58086743015162,0.681367632138071,0.927718364234958
-0.886524893523497,-1.34873615992129,-1.13888836193672,-2.43018324067375
0.190932085796145,-0.581632388456178,-0.72733368424024,-0.247669166016039
-1.62758816223906,-3.51873082071083,-2.36139678422805,-4.21715270634096
0.910026353420563,-1.47954450099662,-0.840022776629052,-1.02505403980958
0.684047217263731,-2.72220629066056,-1.27622165242252,-1.03015004530014
-0.0495199836081726,-2.40234900617503,-0.172053163212516,-0.694620764589155
1.68793300204711,3.59767510060346,-0.19204637346615,0.887331332827956
-0.548234524405783,-1.45899537594281,-0.775898272664052,0.914986219939017
1.27235101713631,-0.0557005775085729,-0.631616193874075,-0.873342789642075
0.701140119543595,-0.306239790876095,-1.75171309866315,-3.05751247777752
2.18965021245322,3.91771131607846,0.741522649934826,0.448080173464185
1.26903037115332,1.28457116473042,0.281298197319712,-2.03334313511404
0.761464999670919,-0.215083392207908,0.595841279338019,0.00465057202193786
0.582757040099696,0.172066325563846,0.967567113229933,0.453443009588761
0.533985835716627,1.54094304201837,-0.299939904510164,-0.229389112116979
0.863510790207517,1.84523771306426,1.84797064361176,0.749474366426321
0.763324150905144,1.55012807374132,-0.916224781636324,-1.36569493789321
1.20037462254049,2.05429833797424,0.0983737746434849,2.37190762275268
-0.140391418142241,0.855295498182056,1.13044068015394,1.57632809439648
1.7700780657183,3.45686858498595,0.50512597914504,-0.494456088540424
-0.0256507306642261,-2.13755418588692,-0.760360995273216,-0.291946909195445
-1.30579410177537,-2.46977340958838,-0.862360243723407,-0.770395274566353
1.27519729484828,3.53090303389121,1.0665938910461,-0.0632247300333664
-1.42251331058624,-2.65285443328199,-0.376750437509482,0.506227218434868
0.0383256998883746,-1.49289388285877,-0.540254329634918,-1.36510946637853
-0.848389891350233,-2.40725783842027,-0.890979403767499,-1.51384931074243
1.30756902051937,3.18508107637582,0.33475881918338,-1.03887247612839
0.665223165074351,3.88014898945362,1.5243861175434,0.0552566996049504
-0.682706605763558,-0.247626395499772,1.49789407936402,0.309693522084913
1.06610268437664,2.29977592314387,1.06484325355416,1.02072382965406
0.21792690991231,-0.375694877675559,-1.55462298836626,-1.55217823624507
0.697800221520556,2.49366302051125,1.44495789156306,0.822023396481392
0.911637479950543,1.97015401151339,0.825682848460633,1.4026736805073
-0.507134896840544,1.1834368764231,1.6736253173159,0.816953559820367
0.267385200686626,-1.26066121951011,-1.07286631790879,-1.84421809416825
-2.52692025177042,-2.25003860739488,-1.09109208924822,-2.22926727331753
-0.351222832836138,-0.270907634718784,-0.231853058632104,0.998627943535244
0.846335475711249,-0.150122700415507,-0.312927065036318,0.119770206188515
1.01884847499035,-0.00513964576539605,0.584965284933315,-1.29689832964918
0.594545830481905,-0.942529670081926,-0.305298643580282,-1.23409229534745
0.246856797447293,1.36942364907937,-0.202213493300241,-0.77674531465011
0.748586771913576,-0.446342528545348,-1.06886969830134,-1.3343933470709
-0.927948344686553,0.428727473502694,0.690149906490773,1.82081876972738
-0.674439400656587,-0.2543394535474,1.42059922358347,0.741517140388692
-0.912534514450111,-0.377017375218706,-0.154393459354036,1.50258254746236
0.351892765401576,0.81226030368391,-0.3479048429198,-0.752039999696938
0.0627806044708449,2.40561653099527,0.534258898010271,0.22985709799774
0.393917044558323,-1.88492449052369,-0.60626069032539,-1.39017183279169
0.390901574111322,-0.502128411140402,-0.301563523869277,-0.496353049073465
1.16127591931519,-0.137498720805873,-1.17107399664689,-1.98528157578775
1.74197897662288,-0.348647221063193,-0.482710175006585,-1.63435600906904
-1.30913466488664,-1.6441349202612,1.58074512299574,-0.749865501098206
0.434757453696401,1.81397089899604,-0.4406001829275,0.0911074242120881
-0.608092801083095,0.645111851714267,0.862106923015097,1.50413019466105
1.41077825366179,0.678167265489543,-1.46918833806447,-2.66921207649292
0.699357750880307,-0.104844167414579,1.16814273492668,1.77044614995334
1.19161191262195,2.13311819479724,-0.691130546125747,-1.63292454394576
-1.23629565562561,-3.05953154567128,-1.93410481415142,-2.68698678386874
0.0823008277314867,2.18080623372064,-0.0753046181409911,1.15569919798564
1.61284463522789,1.30917920573982,-1.02954463311326,-0.94123019959299
-0.865434757919647,1.03937609884975,0.175918643819875,-0.106632824604334
-0.995189766402112,-0.994971117320736,-0.0371615085261629,0.547704231895033
-0.14339993799626,1.61296192852087,2.4314988721045,2.51141458552087
-0.668272601529074,-1.43949893430741,0.571611324643545,1.32026810004058
0.833227985417677,1.18874357215065,1.28079489634017,2.13723623885735
-0.422131686590925,0.105646170327195,1.29184835562664,2.60018016951104
-0.208650674476402,2.35891201177484,0.10522298599988,0.293746524861706
-1.34886543032903,-2.70903451101822,-0.0695829719516734,-0.822093596041619
0.353948999694979,-1.80551559779251,-1.68207539142617,-2.70877537404839
0.674246073526959,2.07437504718012,0.648538421184901,0.837392878602761
-1.2836842868083,-0.00760403404567667,1.02043028839209,0.831834234059413
1.44958453509574,0.465402995704671,-0.864741925239232,-0.673833496621313
-0.928706832667332,-0.588080431424112,-1.0370614421743,-1.63256625639269
0.455763594182798,2.40821646654377,0.922355236109168,2.07306380247658
0.173655478839017,0.813499531115657,0.816313105831135,1.21014518486216
-0.874420233037785,-1.00579176658077,-0.571301131124708,-0.875528482796128
-0.552189300181318,-0.887141279929441,-0.699455032570253,-0.45731340774292
0.948999857957505,-0.464656029718214,-0.487398112748918,0.918859734025164
-0.0658948119442487,0.96040011502055,1.4645748105576,1.75929412868452
-0.16245267962003,-0.135271329659362,0.0308064089961241,-0.478854976944067
0.928616831247081,1.22483380511349,0.504975780322106,1.2970123110131
0.380701291636888,0.0547369172525066,0.223639192588273,-0.469632108284188
-0.236219453668323,0.333255567407801,1.56829724670417,0.953595569762963
0.190561242869662,-1.48060299911534,-1.67280763525362,-0.411702156200975
-1.33193696954301,-1.72987041774635,0.405755142574235,-0.277042701173867
0.260900204202877,0.500114007406836,0.187950006879164,0.817981229150981
2.19067505966995,2.70919411382675,0.94279726842182,0.603347298283336
-0.22355073914797,-1.17249591905584,0.355948038722422,0.639693553824682
-0.558228173337348,-2.14107822514657,-1.23767086234834,-1.21699207495481
1.37485903096621,0.403535449952374,-1.07268351692458,-0.818320457060252
0.834479849708939,0.564144010220397,-0.418472564249598,-0.457021919759625
1.41825778478758,0.922847383086437,-0.44795607247478,1.06559388990022
0.592403021321262,3.54927456618399,0.992205516652698,1.42033341710806
0.409670706675348,-0.894431468758915,0.994567414062756,-0.164674579606061
0.688855928032327,1.78832850287157,-0.338918412402303,-0.0507586096129842
-0.855891535546151,-2.81896306937018,-0.914893015895359,0.220249203256916
0.269124301191455,1.73947452328898,1.42200317145541,2.26002875832597
0.440311891829922,1.43701060081142,1.63375420707527,0.750652859356385
1.86660152850446,1.3382035837122,0.0553595516609158,1.06378778056101
0.857132090315397,1.43128999067333,-0.648679914596148,0.0525370932400248
1.6366827702832,0.673745724253064,-0.654401821317963,-0.607565303026128
0.0586833054415583,-0.374412688827024,0.365746524496763,0.487636490158935
-0.841286186141907,0.271718576495502,0.535463167915932,3.17923344100425
-0.814155313856356,1.1532693068619,2.67666184687393,3.94731407322454
-1.28899268625967,-2.48306684542272,0.144000725730919,1.22427831134812
-1.79623981939231,-0.739506300335065,0.510095666692215,0.333284597749514
-0.37715379660842,-2.60642939784527,-1.20502877578361,-1.55527367809476
-0.480849572450868,-0.895881810534539,0.430442038260501,-0.817458842549154
1.41717620939511,2.00943777098709,-0.124676571005278,-1.45765456328308
-1.62619427460619,-0.026733859919366,1.3744128975641,2.02223849787245
0.15895716488783,-0.930245334816706,-0.396811373697923,-0.970968889051057
-0.427968097911214,-3.6516983098154,-1.55580304508637,-0.928620879140294
0.657259424329231,0.965602697273864,-0.347286638200746,-0.162006254032943
0.772936378152903,0.900638112341984,-0.868260889870706,-0.585149531979542
-0.839800257326232,-1.13399408018574,0.569177135553106,-0.338636365037094
-0.1699602174836,-1.6717429152915,0.0974617833639671,-1.93350209602344
-0.215953934243082,1.22948225759265,0.195070945856224,-1.07463496288403
-1.05217728142542,1.18455257695369,1.43123912276826,1.26069617477895
0.117762836397598,1.62446688668251,0.69497742420341,2.13517841245489
-0.364666423193601,-2.38718474507659,-0.564337653004865,-1.41642751686767
-0.64970096402558,-0.283062381786027,-0.0495825460273973,0.120301374987937
-1.01757868492357,-1.77555409466147,-0.266895872281545,0.287941992957873
0.0581763553086045,2.98049252378026,1.47856799797739,3.37397328935832
0.07883273012598,1.66053770237408,1.53560541717048,2.0761906403453
-0.644140130297111,-0.833031667814273,-0.992908301743184,-1.08303389135688
1.59992099632912,0.0738840898023114,-1.39905676488581,-0.72733065367324
-1.16098375180673,2.26824804212971,1.46886144617305,-0.469069923889917
-0.189315697763474,-1.770158682283,-0.118994337869537,-1.91525097341516
-0.727277841774519,-3.51364353265073,-1.64693410392319,-2.46035839659415
0.85603071068309,0.0414061187054848,0.253643728602432,-0.256538695587623
1.11576331613128,0.482712945780909,-0.875487181428723,-1.28540158504693
-2.46120436280051,-4.30111641186348,-0.781523214161793,-0.969845056162454
-0.58022373327872,0.315920196157369,0.161188845274194,1.41523165578817
-1.90342670044957,-3.68494104428967,-1.49099225489948,-0.868911341161929
1.83669092425245,2.274462773721,0.347987331335091,0.144393073858453
0.139266047194824,-2.21333991246481,-0.839258954818779,0.912470892252639
0.438840687184399,0.926506834002102,0.389418869563342,0.888842991972542
0.0166670363461385,1.08535290257585,1.45660921945635,0.626559741747805
-1.55689603224039,-2.2301415057635,-0.522689805445223,0.693732292031211
-1.58464088388105,0.760496219438813,1.05489787774858,0.733319538089234
0.881420659715242,-1.51001644993195,-0.925638939240537,-1.73833316478004
0.362035080919156,-1.33949277571777,-0.926340546039821,-1.02458276680688
-0.729857281791154,0.459731771933673,0.0195298826717827,0.205818262602253
-1.42869016738371,-1.26958435386314,-0.376260303395768,0.0592675162926545
0.692404334339715,-1.17093196877615,-1.26837474223077,-1.14369928378453
-0.905791592082889,-1.22061351458556,-0.908138743106937,-2.88243201937795
-0.298892255828553,2.3335799626114,1.70428783465809,2.04477415737399
0.788320444546589,-0.027283361370291,-0.432574120916686,-2.25181708956341
-0.883609685930349,-2.25382029676031,-2.04995074316621,-1.24791857877722
-1.32420349383643,-0.208881768940461,0.362479082224516,-0.358252740871476
1.93266550607338,-0.441259971549902,-0.886000439674184,-1.522111034962
-0.52275980763519,-2.8152083419044,-1.58601725155541,-0.374055613394839
1.79234298282381,2.75693128614849,-0.0394423851075303,-0.0309080039738533
-0.466197814954333,-3.23153321639941,-2.19967192268336,-3.2450784774543
0.427162210957329,-1.98700434516317,-2.4216513839637,-3.78235737555839
0.523183759821837,-1.49386498026062,-1.28415205189893,-2.20970265740333
-1.17717025020021,0.0919443811174715,1.1582555559541,0.650212175609672
-0.737138692521686,-1.21665922018249,-0.993438455803299,-1.5859067772568
1.86640407660091,0.950255381143404,-0.302090416454324,0.138992896336412
-0.0236760890253119,-0.454424688824581,0.140098971804386,-1.12191090397176
1.06054884200624,0.162636283942544,-0.758895166091332,-1.32953073419372
-1.63951326628816,-2.618506494025,0.138116595758025,0.374001098856105
0.93308721049449,-0.301406582858596,-1.9052192104339,-2.41953472715268
-0.302932622972071,-0.367096513557198,0.0924851547090947,-0.459997845599233
-0.175992828035779,-0.159585851802259,-0.573321743837307,-1.42620023911402
-0.537230026443616,0.575674537485877,0.632533233668177,1.01884407652812
-0.0726547183281847,-1.64498780112707,-0.66300270218505,0.121233164720155
0.191757992808065,-1.04914186626889,-0.196397169446208,-0.388195144961629
-1.73325152432565,-0.944809730315331,0.877540501118261,0.23919663413695
-0.801618673004575,-3.02156702315326,-1.20827548042351,-2.3002784319731
0.451812412176331,-0.828370312690197,-0.560052112225723,-0.970787730318605
-0.12193214611296,0.329912628833006,-0.566897889925186,-0.785538846614581
0.104269351971405,-0.53338986087528,-1.73260446976876,-0.528174993464738
-0.29891338930648,2.27679767140603,0.739638192130651,0.279648996193725
1.21824475185159,-0.0718590566989518,-1.5412292034536,-3.12536192632866
0.00198088559704609,0.994502019884318,1.05649203920376,1.74897198870152
-0.0793336611752511,-1.57818617203102,-1.29331921533229,-0.894138272579348
0.69011247269733,2.58239131160757,1.9879229942652,1.71785638746846
2.29623097778563,1.47017161991437,0.945369595586966,-0.749012168874282
0.54465183257037,0.805136678467238,0.559243770497912,0.262398783703726
1.15962044556114,2.7168655309715,0.750270482079552,1.60352506844923
-0.825720230699537,-0.0403228129229996,1.1652157803281,0.899976508908348
0.0737480248594511,-1.62819675621779,-0.53483232076115,2.47875420638354
-0.493216045058824,-2.49565272323096,-1.17083948179994,-3.33767076183061
0.894698323521811,-0.39648889385075,-0.813109835846659,-0.837352955181939
0.144196262966656,-4.59441414104145,-3.41807587573758,-4.39948065502777
0.641986692206216,-0.0669856110817194,-0.899182162575172,-0.203806546490312
2.68177484987751,2.61203759303882,-0.546120525642571,-0.864792691747935
-0.657919205370567,-0.504517671147165,-0.244024510867427,-0.995803632216025
0.553268655008738,1.79439541067408,0.224356095013459,-1.22461728485106
-1.02891451104272,-0.92184661723883,-0.332198576729956,1.03896073719191
-0.73079070516968,-1.75458096374774,-0.802125324572586,-2.11233374306372
1.10692029336161,1.75997367620405,0.365719938397748,0.938255279212987
-0.0832283687795578,0.25662368236966,1.10431380675725,1.4459359284674
0.352993616845014,0.347385249786265,1.18276833846358,2.30662298634916
-0.716333972116772,-0.476611715308053,0.452853783470077,2.64791621620509
-0.130086492461006,0.667189907963813,1.320357867585,1.32399942612834
-0.987757040660953,-0.807931133596859,-0.523557493404649,-1.59404722088639
0.593445686826744,0.70393773464616,1.0492264455266,-0.757432679596503
-0.915272823520527,-1.80655209532605,-0.350290885236128,0.638283195433794
-0.31928401625837,2.16190756179883,-0.13017381554008,0.42446133779365
-0.43134785692501,-2.03294507977867,-0.491998112669183,-2.20589181226461
0.155201186793394,-0.398849104813913,-1.07952647907093,-0.726030273740117
-0.40294480146142,0.312636649033594,0.0577221014146807,0.149865724816072
-1.29513325339756,0.745050786931521,0.917438647811389,0.554050848048786
0.28009914866019,0.432140704137231,-0.767937763041763,0.220454544859518
0.762910501226987,1.14771938608357,0.879709776691133,-0.56306378824169
1.67049800540912,1.15937548304001,-0.597578710517734,-0.814059231281748
-1.45280516329579,-4.47834458352465,-1.17713856403386,-1.70598788306595
1.42507694536972,1.87534764319562,-0.132919794563503,0.504192561455754
-1.02409117303114,-3.02177072287199,-1.0732867121763,-1.63603999999408
-0.186805476866261,-0.819111855233865,-0.384489467133994,1.3291673962019
-1.2110648741674,0.0172960353932154,-1.5608101171197,-0.185398446875474
1.52855868136876,0.768379802934076,-0.863949239748525,-0.169855287259048
0.13964252633843,2.36615872512331,0.723374899230889,1.05081574030239
-0.0427132349614842,-0.779295910902815,-0.107273983217869,0.586342024296931
0.436839943393309,-1.64679349095789,-0.226061306623618,-0.835407350640586
2.85613088783249,1.16127871127898,0.44421309426717,1.17102503169861
-0.656474025297409,0.398486713812316,0.706045855669696,2.58662251773709
0.447833087822636,1.92030887871238,0.513383130073185,-0.224932683125787
0.0970799341271092,-2.46610270743451,-1.8570714707407,0.710237190640539
0.17098212263026,2.82526357061306,0.488986351269334,0.587024245127591
1.11503425388666,1.04091317086637,-0.352815788096448,0.46381030482183
0.20285431550106,0.8486244711911,0.813629712874787,0.0973297729465454
-0.0787893747449257,-0.467623972449513,-0.0845790809962496,0.763096128093407
0.315623451363177,2.11027960070065,-0.451297524935628,-0.448086284205222
-0.713746556369175,-0.942014530480834,-0.274065402545666,0.462941415264895
1.87501507016515,3.01586009280838,2.37833829016774,1.6381174850474
1.8597519888007,1.53773582237504,0.451641461379976,0.0886800453964136
-0.796525173985439,0.897543996120787,1.84500619807556,3.00225228800993
-1.88827924579304,-1.55927914046324,-0.617293041356408,-0.719896766856646
1.95169632479286,0.291799199035192,-1.43796236707283,-0.835414938710139
0.492345014924342,0.297969101485722,-0.766590902961389,-1.26447468305286
-1.40656942486375,-4.21830236353108,0.032550754074433,2.80848125629306
-0.810864474610165,-0.342784984471831,-0.15665817895047,-0.0799738150289522
-1.02953732673204,1.35071098424154,0.86314453926643,0.334521467713393
0.131430796048041,-0.278996691532272,-0.910329642943693,-0.577422785357318
-0.275341374300189,-2.66240092631186,-0.513869128435335,-0.549565620242352
1.37479500350296,-0.888323098020222,-0.874688087469123,-1.793520651152
1.86164249953022,3.72206837580555,1.41609626911146,2.26341007012978
0.909581324222176,0.341492053392567,-0.172966294246367,-1.74267852125177
-0.0212244551339766,-1.6796403626498,-0.753673831037096,-1.4194497375184
1.11766911663723,0.955734055388446,1.21841615634588,1.86367018120335
-0.747612474183573,-0.76361129540334,-0.200586803397789,-0.402118863105437
-0.649698500999308,-1.00539933095581,1.42169119004447,1.19581371175545
0.0244210991546445,-1.21202318292782,-1.24429867157271,-1.37572054700283
-0.185507451338307,2.30744186478811,1.46343300901337,0.946534576514219
-0.775319743901906,-0.0668327267307552,0.0427036066806432,0.723700178604582
0.371213747781675,1.01264260118867,-0.770532047022585,-0.947877737347749
-0.624943399041277,-2.05574165590442,-1.33347229602459,-0.626956106660299
1.13423841676414,2.90747426590166,2.54899649151191,2.23999497014871
-0.351299467301722,-1.53869498494823,-0.965152790596685,0.0556342218074842
-0.360930048877003,-0.697306842392843,-0.693512347656868,-0.231716339245338
-0.0639032150351381,0.39514765973328,-0.753038052972662,-1.21584803224928
1.36192184066441,2.77465129026399,0.994383834747057,1.28890206432839
0.61107487220231,0.0291965046063386,0.313118890361485,1.05143577239528
0.364213066363244,0.0650929649536625,-0.788250528757193,-0.910266484381662
1.02507875746981,0.386860587294439,-0.0884491097994015,0.104999327043431
-1.08426494447674,-1.43420514034383,1.20926550042228,1.10012920197023
1.14673193627733,-0.281693023057914,-0.311456140625999,0.193136708606271
0.00875398014453548,2.03010958791096,0.869865675595312,-0.168975965943923
-1.44350387550395,-2.09324183008377,-0.835310462265659,0.736941649206145
-0.588157877094182,-0.556305055355591,0.744634291758976,-0.257371691478292
-0.365650302204967,0.208436491458699,0.319697842345895,0.0196259007774676
1.51963782370557,2.8139980336301,1.31689188531152,3.28136995210515
-1.99743908517994,0.62627865542285,1.46500948387804,2.78570665435333
-0.346913360454757,0.0723242205432091,-0.187352001789396,0.249344434172831
-0.964888832576543,1.38167914140507,-0.331273579744661,-1.29972495753241
0.269592443334572,-0.638285043933543,0.939383897572731,2.56691060454407
0.0181888905579539,0.537571960827655,0.805283830294029,-1.27339070238046
1.05559186416827,-0.00744731751598716,-1.11932701893565,-0.0696166160407361
0.991049481939802,1.5417260901091,0.639025445153847,1.44019239964758
0.712670060379596,-0.117905909760454,-0.329197286846796,-1.10750992373146
1.79564472276236,1.04030012476163,-0.889315752819425,-0.993569339996407
-1.08168674572358,0.611538424640051,0.886978252044691,1.08512048801798
-0.492533775468942,-3.64940408561567,-2.55743443600822,-0.505335324910607
0.964597393005184,-0.664410094387363,-0.550091399452289,1.8156161050139
-0.583063862376813,-0.427951630950686,0.544167587447805,-0.322815210853544
-1.2492405101132,-0.200904767340495,1.01325804822464,0.424708609331817
0.350002521064218,-1.61130764202037,-0.79122076046639,-0.8224983196723
0.8144417092895,0.506756294566398,-0.333792553436961,0.879405795247642
-0.516666126824208,1.5872829285006,0.553865425034031,1.08814658657986
-2.69226440296034,0.43356648807946,1.10280787553047,1.91182838056336
-1.09695464068111,-3.09119339083882,-0.634389132761441,-1.49198355903516
-1.25547507523776,-0.7209097841857,-0.087544769853704,0.984491207434278
-0.637210777689725,1.22367422054641,0.405620598530472,-0.855517156584951
-0.390916151927342,-2.06380379437302,-1.15021791384521,-1.34460603055428
0.994421972046409,0.984465733855337,0.325168450155847,0.113584011350836
-1.4230196632892,-2.25209413437834,-1.10923846278709,-0.999116362868232
-0.611009337657888,-0.164091147177969,-0.00396910688779282,-0.453250337365005
-0.738816743966458,-1.2317456272746,1.09905434263891,1.04165209248244
1.42907164060281,2.36213052488926,-0.775354613692115,-0.0663180404342759
-1.49158469592002,-0.467040456575468,0.523020956872953,-0.687684291941666
-1.54572840941,-1.12813795304975,0.493866850704375,-0.373477948040433
1.03955625118711,0.336711135112116,-0.542166057941919,0.00390705676356373
0.0341473607128104,-0.0960112261332111,0.73506934274547,-0.0403924031312852
-0.582492452949291,-0.676425277050419,-0.515281401408341,0.98448897407826
-0.721367743914244,0.119549248342387,0.710855814910599,1.3756944999348
-2.58489551443653,0.0368593597255413,0.65032325063708,-1.52457920548232
0.271229173255662,-0.418327469971827,-0.623790320433124,-0.39275448300097
-0.141992951307933,-0.916194035884022,-0.654793586819969,-1.54442917871007
1.10391731154999,1.86602606240148,0.288150826134466,0.253876427036389
-0.476095658518777,-2.86260456014038,-0.99312527339038,-1.00402421182206
1.00904950741942,2.80899619236792,-1.01809660630386,-1.03972069227388
0.252455785120805,0.893977560690592,1.07319872539709,1.98185640182759
0.741050015880075,1.32345299633573,1.1245305908807,0.382504667579952
-1.79597414743215,-4.31184853514125,-0.366843794982631,-0.135907616621889
0.991712732321556,1.49724202030693,0.842812762502774,1.70149431412053
0.782987738818558,0.214541464406447,0.145210343310721,-0.112573580991169
1.31355186271327,1.37158933560951,0.238094210644392,-0.869517210904454
-0.0557615967622082,1.37163111921034,-0.100079347751852,-1.58543285942011
-1.08483671576444,-1.72170141938028,1.43210865024359,1.65072632160668
-0.141974685433015,-1.33964088981628,-1.6098753496221,0.366144500419561
0.754743335139541,2.50279558163386,1.3613892968375,1.90347578608041
0.881568481851896,0.6877997648462,0.718887876905786,-0.103918384797974
1.32965790105899,1.14010557982504,0.317065312261054,-0.776402050190287
-0.0663639011771357,1.66144769711237,0.648807628467563,0.12500414680764
1.57859807129761,-0.0246265617221848,-1.04437453898617,-3.35853986593402
-0.788413331284242,-2.49905351769469,-0.104455798937772,-0.928937619836496
-2.67943701237694,-3.82193093988816,-0.462369122092295,-0.827512121927264
0.228813525819039,1.61011671265414,0.47018603105282,-1.42003830103201
-0.0354772091216562,-0.086308342571704,1.57460398405305,1.33776946859782
-1.30403252015721,-3.96053805963608,-1.92256058622661,-0.758494093528286
0.137886340389489,1.87372826195865,1.13663796091556,2.35199624102964
-1.23609678483334,-0.567754449631018,0.203503201127578,1.21650364287229
-0.8354309531182,0.821912022296954,0.348140797724098,0.799127689143356
1.39926477342309,0.897948867899325,-0.815024552781593,-0.678087610611651
-3.05812274638343,-4.49452340899089,-0.866962849404082,0.354293311612194
0.319838091373581,-1.08771134671855,-1.01223762318023,-1.46593304283399
-0.456855638009079,1.0347085735094,2.4257905229045,4.64645535457344
-0.622156929067873,-0.797911235192327,1.6913409200901,1.78290436813228
0.130613555640024,-0.213430722681101,-0.13132463373264,-0.452332288203262
-0.482700177567511,0.678270155128925,1.64898071331853,0.784697220047123
-0.533934670266231,-2.88176524081494,-1.58991082663619,1.30715700499584
-1.38737201285738,-0.418470243133792,1.00753183035941,0.470047722553435
1.59922391528695,1.10501984587952,-0.423975442238395,-1.15745590157782
0.905379741940317,4.59721680065752,2.02282435867722,2.41262450266754
-1.26858131323938,1.1467704870356,1.00576369181228,0.312705293717706
-0.313621099490744,-2.49134224289382,-1.7752421566842,-0.675868972079273
0.659389492006261,1.7675614300231,1.06286057513911,0.228383182062411
-0.563385903834706,-1.85451013207709,-1.60540266171384,-1.16196618964799
0.0448672654869373,2.0088890378981,1.97616455006787,1.02759885555842
0.117080936615634,-0.561266440914044,-1.80547840440057,-1.44471844185969
1.63056369553001,0.276316385177567,-1.18095178468006,-3.28967135178292
-0.784991866770306,1.02270947617978,0.157159897060663,1.20473114886194
0.766974274773346,-0.121807218849885,-0.691561921812557,-0.116246832427116
-0.593421250324587,-2.15569386992578,0.376254090489054,0.721518039620767
-0.276484609889604,-2.31004841536676,-1.27331396827991,-2.37070229831992
-0.0497915302407789,-0.183853002527568,-1.46848813003067,0.457643292457975
0.312162856591727,0.417174799511853,0.644673169305809,0.4094739186713
0.106990675093955,0.3561901227519,-0.442829239552014,-0.385078347665252
-0.481422182887622,-2.12481851252765,-0.34057382442182,0.578835446512493
-0.0127098688594458,1.71284937743556,0.843454212375377,0.753028707285787
0.253134521816688,-2.23415236658383,-1.13447214761389,0.197183606432954
0.418049833386118,1.05246630058508,-0.259049717958857,1.59406792129583
-1.34161739445306,-0.77092062110403,-1.27870060666845,-0.759866902772677
-0.220873079467586,1.24568238283271,1.44172040141452,-0.0952710261695249
1.80159335709421,3.22956461976446,0.470090764966645,0.999286974330382
-0.568218360145234,0.154204403734829,0.050147199590671,0.0311638998530121
0.0520012348941632,0.0761519725980797,0.832440274303745,0.357087813475086
0.99572628701801,1.09164114500505,1.3110354283912,2.01410924975424
-1.21992060687378,0.234481322799965,-0.504306423651245,-1.32726885909521
-1.31922847182848,-2.02902058877838,-0.367609177678174,-1.40037882275874
1.17018752212763,0.611406131036474,0.203782771733431,-0.474240047585283
0.628303269633446,2.62665703218493,0.869668632683753,-0.267661756901162
-1.10488914382778,-0.556985638728843,0.289221289586733,0.650351187391237
1.47772473882889,0.717659809909036,0.156141661188066,-1.23256050713248
1.00795474851833,-0.172390469707673,-0.188871160099581,0.313217912445635
1.7495283281769,-0.468460364812598,-0.574993176046848,-0.429858124953184
-1.20961677478583,-0.824502096892458,-0.591841421431773,-0.79780955275159
1.04171040108788,-1.08229255590469,-0.639746915639055,-1.72633561044331
0.0981616161180647,-2.0555756649558,-0.806364184521049,-1.57517983805221
-1.91261664637189,-0.866409366885685,-0.201678143643271,2.05208298456656
-0.845393596769094,-3.1904888814324,-2.39637130012572,-1.5296026615948
0.738740740600385,0.346842702097883,0.306301928538608,2.28020776390251
0.767169444173513,0.0697942515359843,-0.9829829937984,-2.71931259631439
-1.47455554188735,-1.95554932949973,-0.136609483297683,-1.32519232556313
0.0126818245993348,-0.897772905417788,-0.0121785339319113,0.00795035251574419
-1.86405223996209,1.46390048528735,2.97858615635282,3.67525857151233
0.885298128972816,2.70816803644929,0.373309442566316,-0.773540731935206
0.4924302648451,3.20296229200057,0.954428932595887,0.733716565707138
1.74707400868082,2.57062365580212,1.44595670099753,2.18707432766008
-0.261999285583627,0.756365203064061,0.515594677551374,-0.447380785945896
0.499754578712941,-0.516206834742267,-0.403018167994121,0.216285401408596
-0.688898768700806,-2.19458901634305,-0.55997227870678,-1.3624834703851
-0.982579968472713,-3.5421563368766,-0.93815559098273,-0.548812797642934
0.98070049604661,1.06319140541708,-0.507091745463,-1.65900073485836
0.923316479662903,0.908426659144098,0.602686040376031,-0.118460925528012
0.330687285267199,-1.84387575991324,-1.95312888145377,-1.05154808097463
0.456662527558143,1.23674493407332,1.98651761477846,3.72108119622592
0.31694184017936,0.537865078690392,0.220334222120574,-2.16417011134374
0.409146926530313,1.53622975242182,-0.50716149728811,-1.34797077913282
0.189341797037582,-0.720063542693707,-1.05293511904852,-1.10337841737867
-1.3194093871981,-1.11737417034218,0.616468365944328,-0.946543100900372
-2.00121000954031,-3.53760366922166,-1.66566538898784,-3.03227922875558
-1.31815204971512,-0.0739213705980541,0.459799635856788,1.05799195173695
1.2465489558355,0.36784092556145,-0.594440487490694,0.130138521722703
-1.11978291354669,-0.538523470310968,0.618008247691914,0.952914351549789
0.600113097156557,-0.425385648477537,0.221289307681784,0.984927498297015
0.798221759096071,3.14532015659511,-0.155859163865586,-0.971322335521506
0.18388078766323,0.651188172698898,-0.366497092783822,-1.62291450292775
0.323802972576936,0.634335175420439,-0.522798020799672,-0.416565358326858
0.650494424541274,1.0153115894453,0.501965978538725,1.18074743281884
1.58297954237461,-0.109244298911657,-1.1371861853973,-1.4960134372342
-0.00195312365451891,0.599756499351425,-0.13722128788569,-1.09638685751721
-0.308821787027478,-2.04067500153654,-0.727726484781033,1.78887877130567
-0.623122684555897,-0.984509699965456,-1.29748001164251,-1.28067195604548
0.938155892129959,1.38958499958963,-0.731346212420461,1.00802543256307
0.10267905941179,-0.597748061735511,-0.738982676066567,0.142567692295949
1.08798007516672,3.16095155785595,1.31110565119069,1.85722183616482
-1.35119999550856,-1.38596154742975,-1.00797698839287,-0.0633833633944707
-0.455781033610067,0.509101151910824,0.751033926253951,0.555396594847274
-0.25083562434288,0.533863725173682,1.65882565073858,1.68516479809636
0.50534710397092,-1.75849390560696,-1.80457805151395,-1.48592916672502
0.654022286791513,-2.22391349060084,-2.35520028072367,-2.16718071764148
-0.215362310370286,-0.738496037922592,0.724065071245771,1.07028936224362
0.226742328134084,2.37512232448598,0.720943593204167,-1.26925536913706
-1.15733910758091,2.60571636988914,2.43416459105867,2.71003342126476
2.03280027895722,1.4400134261177,-0.761747505413517,1.63162892798685
-0.258620547953787,-1.80743589397904,0.028546310648333,-0.287900189695077
-0.0981801231087492,-1.98077986324001,-1.32971793756913,-1.65088168749042
-0.353161254132741,-0.287500513480271,0.175914572642138,-0.257039798166033
-0.99310543451176,-0.0153533700426516,-0.285968319266053,-1.32337827136046
0.868923149602917,-0.0491876691644841,1.28532165586355,0.604036321739383
-1.81638425913929,1.39250777996867,1.09745499258914,1.70034291972868
-0.318847782177853,0.23746938628152,0.258141131248838,0.481493902455742
0.124840803991352,0.686687110310118,0.94745709410752,2.41288578138901
-1.46899195618022,-0.70421362259767,-0.335896320904438,-0.232173027551672
1.06850860216333,1.27346171177686,0.845983977813227,1.83970970734093
-0.482179828056362,-0.956769417695986,-0.837048696105487,-0.980319958385816
0.659615451932949,1.23563014621607,0.950498316360773,-0.226353475748875
-1.81763578783656,-2.55562886611139,-0.793039211743658,-1.51591709156655
-0.278583121537628,-1.51412730590453,-1.3094658243106,0.00374054847626026
0.0677352549954399,-1.64997184691046,0.184464820570006,-0.525060428431668
-1.35069077014841,-0.576474656889996,0.124735311988268,0.144071955234574
0.919474362433358,3.05332148069814,0.951079030743359,0.558699872434462
0.272527744349669,2.64937605230006,0.972880325434096,-0.176940436268493
-0.0946161945420185,2.32744875806723,1.24119564809667,1.36820217835717
0.178303766569885,-0.301912769561128,0.139734664255679,1.50347380310557
-0.0539104481702267,0.880934278240348,1.01685178226693,1.89376280236807
0.670286243176668,0.292019374581008,-0.974648510707476,-1.82939304205021
0.182138332351512,1.4272674669768,0.447400197514639,1.15377420540606
1.53861131958462,2.16875544815799,-0.100564561744661,-1.68306158437791
-0.416552562330711,-0.758203978861566,0.0160821775909983,0.681079497538238
0.874317166067321,0.0012727105661543,-0.539773232650998,-1.73323421229436
0.14098363985602,-0.277662632653449,-1.48328990394388,-1.6034011182491
2.16178726647596,2.02636054520379,0.494745196967419,2.33565445840152
0.0276192348576938,1.27188006493654,0.811786386379374,1.53467445780506
0.128342863330021,0.351939713318345,0.298920564792677,-0.476477527124667
-0.352602254408073,1.45753256287382,0.988150858899399,1.07688824177643
-2.08687798940646,0.910655680917062,2.68499456264879,1.13127740908588
-1.9738655117554,-0.948610792877938,2.4561955241652,3.95963265849263
-0.136036680349748,-0.87602363113041,0.160956800529337,-1.27787178910286
0.0921926590068851,-1.6025792646828,-0.619827562168978,-2.45781624098868
-0.690263563046815,-0.912617236052145,-0.155316739269543,0.289773105219017
0.615681632550622,-0.535181224718514,-1.13249965933039,-0.340346534798334
1.36182595284359,2.21391156904923,0.212978101968218,0.84746963013655
1.71313622188412,1.90979625054774,0.388974489127709,2.8273702195988
-2.17955076857945,-3.55806219392118,-1.17164440096742,-3.0689021358183
0.80984780121057,-0.400213745595199,0.10515715596808,0.157319590545903
0.946646649354902,2.5312022238186,0.865140554235464,0.0384022015005987
0.692901377495949,2.45328205535026,0.0768260548458867,-0.0817954516234315
1.12785688257666,1.21403418622289,-0.519379009472353,0.134307665736526
-0.147397246952429,1.99287943470404,0.946476056895985,1.57037772447181
-0.287952706118326,-2.14151442495762,-1.26460040314943,-0.802353485288173
1.01932786168678,0.409868122453716,0.353270538529929,-1.24369835078072
-0.67661713377551,-0.324708066842839,0.125604939649453,0.221773348670968
0.892826207619909,1.74250695449406,0.0854697669949919,0.314814546702057
-0.80168592969356,-3.32829247790773,-2.19179253984878,-1.06911081562772
-0.58717806957032,0.835715752884686,0.622719046056863,-0.362145576752419
-0.699415252662933,-0.393175246322195,0.0165749903111555,1.55572425576346
0.882787586876002,2.48245090007568,0.37126634986003,-2.45333171378429
-0.0598882866643978,-0.944629516948186,-0.722481458150251,-1.0384528221976
0.538141731252646,-0.277294072407248,-1.969361385162,-1.36021317551471
2.37604385319617,2.48212836378182,0.613230032167374,-0.113087789727265
-0.99410790143334,-2.58929868433806,-0.616438445406023,-1.03813827744103
1.32718964729678,1.35856076906552,-1.68757506705463,-1.54111974355721
0.623759647909966,1.80538491691224,1.9050830793089,3.06113697720099
0.0154155914310925,1.45072122572503,0.672390093973221,1.4445446083225
-1.18122099027744,-1.38046278650953,0.193581584557215,0.110274871068178
2.84546508656049,3.56324433596212,1.13996313122162,2.14544648065823
-1.65857471539792,-4.27996675177892,-1.65611567830405,-1.2898150653397
-0.764691543762314,-1.33039988498347,0.522064578923207,1.97992660477881
1.12591957226936,0.202779752897726,0.0601606358382622,-1.05465141898976
-1.55386927556186,-0.687230873332741,-0.0430343792304753,0.00852762596368078
0.440201232522546,1.82381035072847,0.520633748594613,-0.142154279939369
-1.56657247756851,-1.61538924695036,0.318843795076158,2.26912484308659
0.453151162140412,2.88429140552429,0.379917101830667,-1.36154603600643
2.17671216889158,2.02230001211555,-0.45626621753219,-0.764383331147954
0.19831272940774,0.339852721688458,-0.00962228355359404,-0.0966199731230094
0.481207671962158,1.07252776449279,-1.227541421777,-0.994491269832458
0.726532426018014,1.18166140036308,0.181641584395462,0.673726989241936
-0.795898028902544,-1.23968146087617,-0.0308936350831451,-0.298197908648408
-0.96041834455225,-2.51917613556867,-0.680149197233953,-1.69673432853863
-0.531284943746229,-1.31695816196854,-0.53140950423435,0.148110236541442
0.356689095181364,1.08163159627507,0.183728674785087,-0.306156284708083
-1.07221859325987,-1.5444567487564,0.256328735968818,0.76525779940592
-0.0757479959685197,-0.0119285893813463,0.0229236670425625,0.360525771369343
0.799591208318987,1.04158515812307,-0.186971935960098,-2.6373807136682
-0.548070882961771,1.81682896067611,0.630330912556897,-1.10645688556447
-0.0568124267128896,1.24733338612809,-0.0416241243038279,-0.364209888402356
0.174738995382156,-0.176543145469376,0.750717027297281,1.88535117422299
-1.61110951071779,-1.89901895703176,-1.25976313439219,0.37587131364237
-0.165801246959369,0.770507188052909,-0.364285782195264,-0.77642546735456
-1.20492373985728,1.6518428166043,2.39688435679374,4.01116172561291
-0.254174798990381,-1.4982842064575,0.00556024445241857,0.0784304369605882
0.506151267678471,1.82060306001012,0.60970566516495,2.71912523293007
0.626969021909569,2.79008794273358,2.42702070715432,2.60197799255
-0.889435327793729,0.928253321195685,0.194275234486106,0.855812464866349
-1.20385250835597,-1.90624808664508,0.338404908951333,-0.378579166126633
1.77720760311675,1.51052421175641,-0.0848045280117694,0.105913690063041
-1.9184592381599,-2.36520017430859,1.15565444417366,0.555619960013367
-1.10986784155283,-2.36955076065992,-1.76914001416027,-3.35658071944223
-0.324841657999675,-2.16159677452909,-0.377134756682838,-1.79100985068133
-0.0727195880352853,-1.74550778629837,-0.523783666769708,1.29072090915516
-0.629099259869507,0.559414704102831,0.938695578784443,0.402412500231621
-1.35334550625973,-1.62647882649185,-0.571059925631277,-1.18969962885958
-0.0939130949407514,2.72441460470585,1.99348347837717,0.483257309914506
-1.28432292290437,-2.04917517804168,-0.765367640334517,0.913850957006274
-0.497926595692588,-0.601805476044932,0.177893207736761,1.15109072587536
0.422550256259989,1.67929301256357,0.167887119675038,0.281016883890736
1.03018952702862,-1.23305408701994,-0.869710757411761,-0.881685735101103
1.10109495742482,-1.24163472344309,-0.126808183937505,1.6139111538709
0.910031050071425,2.44127494447688,1.27178945520929,1.38418678164138
-0.275446190860103,-1.65084319529812,0.50113489889223,1.3445009672226
-1.75598543873627,-1.12754905000006,0.75185114537761,-0.556797693166454
-1.56186433607717,-1.82039099558746,0.410532285785696,0.589086459512767
0.685282413360758,0.390391196291284,-0.467357176688999,0.0931197990441556
-2.2864094178025,-2.1821231104214,0.172800708008717,-1.7099240920107
0.741670511700805,-0.367229509583664,-0.984290760942335,-2.61245856526943
0.0200671792400772,0.964275690577024,0.0906287642662219,-2.64515687623033
1.91413993932556,-0.139635789329434,-0.4177137487273,1.13650735323492
-0.0106532577883124,1.86873469438516,2.66252584954336,3.78658520314046
-2.14362076222586,-2.15929095302918,0.486034477458821,0.671418769902051
0.82436043127328,1.55463224600315,1.41772625717275,2.32133998634039
1.0943847293062,1.16023967866013,-0.676965334158589,-0.894123037331669
-0.41023390566632,0.636290275448181,0.0584804393241549,-0.978613264250555
-0.294991724611515,-0.810574692521594,0.365786624016231,0.131001009705612
0.40394163590037,0.352366303601504,0.400070885062839,1.23873458595612
0.255442312812669,-1.04934058336942,0.262312500151659,0.667270157317015
-0.0143496287067365,0.179802943549408,1.38362332592093,1.02308095139745
0.0552541815015395,1.08806070078299,0.345059897696786,0.433544698897874
1.98312504230562,1.04206052069368,-1.70733005663511,-2.4432912897152
1.09860616564195,3.27728940353575,1.43090685735763,1.47110589781877
2.04758884678852,3.97735688245637,-0.323068621420184,-1.89711037018502
-0.404282461174009,0.0213700087939794,-0.845934921971646,-0.341164321438492
-0.411679303927403,0.281841400194579,0.351699112156076,0.37375128032738
-0.310268086199533,-0.886913117649798,0.535031210594753,2.86503114670154
0.721283781384187,-0.134540261594983,0.177080524625883,-1.18151181799856
1.78350470205458,1.5596783012647,-0.384609710479366,-0.016583918606236
0.422692643650483,1.61349681020931,1.14020374227185,1.98716541535264
-0.31794469994204,0.999561839713424,1.59137433142831,2.36232680280238
0.308252633385196,3.02590788900749,0.279803611668873,0.245080316019757
-0.335823920192339,-0.108041751027982,0.719588494687828,0.51781018122865
-0.190591992314197,0.0149535368806274,-0.0457384439650854,0.507220159932486
-0.969372025375615,-3.90517973868653,-1.9147968400992,-0.750239112223843
0.142579505261294,-0.780300409611879,-0.886923594841372,-1.82053492014684
-0.41989921819216,-2.324074138354,-1.6422954883144,-1.77784535363209
-1.0162899693319,0.739050138907606,1.12575094212946,1.07972919633447
0.0116297015642492,0.666112026711303,0.0898158349353091,-1.56339554861424
0.48130654020099,1.19452897890058,0.352039963892635,-1.39978144797998
-0.158023179103982,-1.23252592331306,-1.17970387092411,-2.31627591313121
-0.253201827289784,-0.301521707465843,0.650555288663269,1.20441204282777
-0.235512964102567,2.00871520410167,1.90353757769824,3.1726103020545
0.98812574158829,0.74657072319912,-0.509781947214248,-1.85654781044355
0.725062251527722,1.64794499099797,0.512218605302741,0.399596901634009
-0.0263379551519861,-1.65443552933472,-0.688176484245648,1.2679404634526
-0.908474699923568,-0.691897793736323,0.0927418206954385,-0.118152125190626
0.0519335122599527,-0.685607902788789,-0.898112098134174,0.23232335812977
-1.26839659634922,-1.56114059088126,-0.40877718909577,1.5467403601055
1.09714462547287,-0.0647594661999218,1.34207774435266,1.44347969456946
0.369836102824869,1.74392642025914,-0.0299605943116779,-1.3527730786082
1.48792676892794,3.77668251337162,0.0122463634708584,-0.612289470400104
1.0912767444417,-0.347309452375293,-2.17793383602291,-1.08136053120846
0.45917219997063,0.977252716144754,-0.655328397338581,-0.384203538204285
-0.465009563098139,0.0081611436515574,-0.786775985337856,-0.941482775430858
-0.117472987594277,-1.50319160568046,-0.748030250246559,-0.971232918353468
-1.19105236703066,-0.0324319651071323,0.65578360805889,-0.506652465793619
-0.199561808658033,-1.08659063987748,1.22700646684682,1.42327682197309
1.16326308160103,0.234153634007778,-1.64607708532773,-2.84871479495425
0.167895893067,0.995636211680648,0.274484600299315,-1.61255461125629
0.161522012874,-0.542661946529241,-2.03007503215363,-1.58320301099885
-0.434244664807243,-1.95782367116992,-1.13201237588728,-0.863779029147161
1.324752381568,2.37693159529136,0.650959538117835,0.262144674270067
0.526762961654402,2.30583303549331,-0.00713617790607768,0.391549138974364
-0.850347844384154,-1.01159751599647,-1.20612900979078,0.265528414333235
0.288478102005916,-2.7154757595765,-2.40819141357425,-2.36330068057012
1.10759012504641,2.08896698741261,0.640348399339705,0.622016607894972
-0.260440283891997,0.682130392230811,0.584474816460017,1.02431286315314
0.0402260588108364,1.44725044902527,1.95083317315212,2.83738237578844
-0.347257162187248,0.50753129936955,1.34683904440345,0.948542498419087
1.28571799151211,3.27999604829422,-0.260622633236321,0.899598012815533
0.118741644833217,0.427759887894501,-0.138706909316997,-1.14900072926907
2.62951179316163,1.43393505986643,-0.189379371847856,-0.340756342948868
-1.97724579824617,-1.57283465412633,-0.388625008708096,-0.8299366504524
-0.0459237775225445,-2.28829905038489,-1.95987459777231,-1.840768583651
0.890516151635442,1.82571301628327,0.464211565377476,1.18649895830956
-0.257731834941121,0.48022540524646,0.825599182504852,0.869866946123757
2.06684467978054,1.17801186354,-0.831368733003486,-1.73984028113467
-0.0111326087247487,-1.16083812248426,-0.541861679774767,-0.835821740487937
-1.03429070327721,-0.395492218496189,-0.105979597379579,1.76044270856371
-0.439721331013605,-2.42965198342787,-1.42814020128819,-0.923889950707938
-0.226026473872947,-2.34819258029395,-0.691031820922889,-0.563861216165783
0.106434259700459,-0.0608823665590537,-0.928110111512484,-1.50740975722432
0.161425258200761,-0.420062978012982,-0.801561472829495,-2.32580625924238
1.4887659083237,0.444389717342141,0.517767977698696,1.30885511557628
-0.686026483572009,2.00505589359792,0.650581231789409,2.54873460022073
-0.46235339999356,-1.4359624501763,0.0630533114130681,-1.15607331849404
-0.010895529705175,-2.06542705661372,-0.366933028950703,-0.290349896435214
-1.15305303365428,-1.996181809188,-0.191319301307473,1.02708155915656
0.208131773523527,3.05229542730705,2.20396311212085,3.31959976191094
0.282311615825899,-1.92018366713616,-0.150451520225334,-1.69636774858763
-1.20080944442148,-1.96690143718482,-0.409312358702769,-0.794071805586542
-1.24740761133513,-1.81470380476704,-0.1795118388275,0.768308325066226
-0.0692910012483671,-1.00299367221457,-0.532057141499225,1.61544284998086
-0.679917049696824,-0.238765501222215,0.208781442890619,1.36596354357977
0.721209208481557,2.17178064111951,0.965450434767917,-1.7568199633386
-0.564325331443096,0.144174986314552,0.166680424672417,1.90757311922604
-0.0786210003406808,-1.23679935183949,-0.572361841683137,-1.07269514264246
0.442190926057339,0.55319671877266,0.302867514133203,-0.661055596577993
-0.770604404460761,-1.52511655885065,-0.682706369658831,-0.108041286993554
0.921097221574857,-0.740027058079901,-0.877736015645781,-1.32388840691132
0.305361356898435,0.244825644380532,0.679225473656772,1.09897748116174
2.25569027549587,3.25172104122694,0.805171995117705,1.45033681645168
-0.31682768891911,-1.73287532879458,-0.121848621055316,-0.999213315161932
-1.97129651580451,-3.76546987936254,-0.911786544566857,-1.33211519097924
1.17193207243707,1.52158375750991,0.975923699921957,0.563413608619327
0.00980504292190552,1.22961729361149,0.757587865879352,1.17555170866194
1.60541429225126,3.26010236447752,1.73876083196374,1.41321062680835
-0.966394098848594,-0.2668195387654,0.266175808548114,0.56079778636999
2.63896450180085,3.05799349382435,1.22750584835802,0.978607339070081
1.41632891445669,1.38000606045312,-1.46483191599651,-0.674579820219181
-0.203069756912127,-1.46039110484827,1.00807534814254,1.50441675683459
1.11578511514163,-0.919510482165924,-1.21376422455002,-1.49233095959643
-0.0784415800070815,-0.040841747344124,-0.562565425951373,0.0471856619866435
1.98732056206851,1.52786812804731,0.495332513102123,1.32341881219932
-0.595823746529404,-1.05953867234574,0.220368275738142,1.29363908601372
0.170049645901807,0.17533712732872,-1.04999054567475,1.40290609862144
-1.03202600920704,-0.966994132677441,-0.232281761150063,0.156034403481116
-0.0906546389243055,-0.0255264740251953,0.130967534784343,0.642975818645568
-0.904314736588026,-0.290247820027373,-0.591487030427477,-0.92244600379052
1.73819787845621,2.31361574076613,0.138111680619586,0.354262100892138
-0.322913631606971,0.849335464250672,-0.789034610446156,-1.06822101788345
-0.59774607868777,-1.45582460615986,0.398520243623486,-0.0449448506487706
1.12492410292339,2.45398362169555,0.782000438221783,-0.0124484090935041
-1.73132809909557,-0.859581616011496,0.819385151247249,0.876633163543245
1.0550838439675,0.983742240431623,-0.875952325441577,-2.06505266333183
-0.711250770865978,-0.406977666962945,0.239186432718777,0.522887454939281
0.191068319499424,0.413308553043624,-0.545045615334546,-0.848095285366171
-1.33785155012305,-1.66921236040992,-0.807488711128067,-1.07932304825443
0.62040897823253,1.19233968212926,-0.752181961715455,-1.76339687670047
0.967863288949851,-0.254622280580456,-0.226491992905938,-1.02497512001677
0.347548477485232,1.9399823261905,0.39851816978369,0.447495332997086
-0.664604668938005,-3.80911928844212,-1.2170068754857,-2.12676807916787
0.591885836530654,2.09867743719265,0.387521576514187,1.43639136674434
-0.229687345300043,-2.94382583964582,-1.65204062919012,-2.28233185346797
0.183266968882504,0.249555117355599,0.224405132003868,2.60183801383109
-0.43481271003943,-2.26605422904594,-0.252977655191946,-1.94239038758403
2.43541243676281,1.64698708045734,-1.15943773685464,-0.542791037127674
-1.76198833549688,0.108879874439511,0.327097009875864,-1.80839374892298
0.632020847385621,-0.775446798927895,-0.76079296611151,-1.87131233188546
1.91165512857432,3.187527051037,0.72243726037822,-0.120604203480025
-0.845540405242008,-2.33944725543302,-1.22639136899648,-2.23996937500845
-1.70668390836681,-3.39143001411996,-2.37751065369471,-1.5818063106204
-1.21945191225634,-1.48556265080054,-0.186751400446491,-0.878776133409253
0.112423812463031,0.700677257384224,0.16411469788822,0.424479513800946
1.41707010715515,0.314368011050983,0.458338823109826,2.70759466481448
0.67975826734929,3.90947534025532,1.0915558821031,1.71346033520247
0.165223728797035,3.70693831134334,2.69775455840906,1.93846554668829
-1.01161997793715,1.85095283578099,1.94346385429758,1.37384494041855
-0.752745058527501,1.03180604189731,0.419180821707737,-0.807512340556006
0.068049177853567,-0.0284769271438299,-0.154524551872837,-0.313607597831168
0.067991283069873,0.126741639921517,2.0112517713512,1.54117592879358
-0.155411036171212,0.465673085789003,0.58772033838442,0.984197715311809
-1.8460075801877,-2.95900610280573,-0.645021470580945,-1.6500202821061
0.251690544800861,-0.0167391695143012,0.672264174091343,1.92559224116749
-0.233557347747012,1.02514448698706,0.150821493447415,-0.349069172969856
-1.58403701292234,-1.18843092887044,-0.232482918028232,-1.21371245196294
-1.73798976811449,-2.783573467209,-0.859276622718445,-1.96787918506187
0.164524856878353,-1.39181074632747,-1.2156354365089,-1.02465060229633
-0.901450384669093,0.313351166887273,0.267262206840042,1.68208247806076
-1.83114622823101,-2.86977141334159,-0.627535656819697,-0.390458006906699
-0.0969640162362645,-0.0584023215454001,-1.45203145226973,-1.61280037980724
0.492363454555276,-0.689534507689642,-1.38239778511902,-1.28750063840723
1.029039056783,1.80288582700442,-0.373414788144903,-0.397349474051603
-0.992693558425884,2.20594167063,1.44834934470699,3.87881792988941
-0.0347514950038364,-1.64843404266504,-1.13205598860664,-0.0972057833364846
1.12981678378371,0.958768661276196,0.266773056854057,-0.684178475460676
-1.48893128622283,-1.65324995657662,-0.772213921419951,-0.295598207412223
1.14208999394909,0.315893995666298,-1.8500421875925,-1.84762115999032
1.823191510187,-0.893928374678729,-0.768775049535105,-1.53641201888865
-0.737872948837552,-2.54407961808632,-0.552154124175545,-1.25405234224789
-0.135285992497865,0.691860431929393,-0.00268108086035305,-0.00885870902724913
-3.84532016946004,-4.34210427199585,0.216903933116255,-0.700055311092078
-1.98288500690556,-1.25146218251891,0.619154307878816,1.58050066389797
1.30189560692404,2.06138680770987,-0.42282852559067,-1.2868208001094
-2.9105642900047,-0.179097915267971,1.43434940482781,2.60640244708067
0.0979401735831754,0.21293305513746,0.388422235012204,1.08751004108213
-1.0779604859127,-0.531467092275445,-0.801742719767538,-0.935523213679754
-0.233212663085504,1.10595003775016,-0.00735668224076218,0.265196178144378
-0.618589226233488,-0.723426407956881,-0.171052319062658,-0.12123344954214
-0.191042966446811,1.52229028559659,1.20448506196909,1.81540346561742
-0.149035334193069,-0.693382926311238,-0.75124809647296,0.471777405131446
0.43464760146585,0.550483607624456,0.276642768441023,-0.552343432546206
-0.294912924094782,1.16756285780983,-0.272375025136101,1.56313057289439
1.10082003019471,0.662497253421524,0.333582410083897,1.09929195222861
-1.05413397984554,-0.124811968582158,1.27876780832389,-0.426448023950425
-0.0498101316744652,1.05263794807248,0.824402715155652,1.46350743102081
-2.10166164987718,-0.846311044826432,1.75370762601688,1.18574482120311
0.489213700819335,-1.34427483087876,-1.21347464650205,-2.25577030311161
0.147604744805791,-2.75990770971194,-1.5370623335341,-1.7843473323389
0.793815389227307,0.512539400225657,0.260626864235258,-0.0647640395564483
-1.39356757777262,-1.23693930568549,0.108800320113693,1.76845948679839
-0.543216369012219,1.60141194405799,1.33260730979556,2.67857051254396
-1.20919687614279,-2.69698267440064,-1.01395321348592,-1.43284603176676
-0.0790170636812497,-0.486702754141009,0.104358116363043,-0.35455470590131
-0.823293843581741,-0.966603574361219,0.500988275862168,0.198113408544624
-0.301360428036676,-1.99058905895522,-0.431314977130335,2.18947095209139
1.11627133832025,1.14513704224761,-1.59691160178268,-2.74453254771439
1.84468259173422,1.67363369106528,-0.585636225101675,-1.5365244653523
-1.93130804196055,-1.88599273255313,0.431220485634932,0.114353118204623
-1.35749908415618,0.269005411997868,1.01285390391073,-0.81104655179949
1.17528663247794,0.718821373726122,-0.946850229421195,0.140306023028585
0.0766433230584245,0.474290157466071,0.632500334174473,1.45972079231419
-0.989423633204086,-1.34164694064374,0.284775170499818,-0.453445148920905
0.695446530402396,2.08930362678932,0.861273711252361,-0.562888221624671
-1.16363184517882,-0.546332131852052,-0.0797785115971165,-0.777723622641193
-0.144643579913382,1.18253311814623,2.67494465553031,2.01185003671488
0.369378557804323,-0.550149840873655,0.11090713840029,-0.510457223498511
0.79118876881493,1.81634346245536,1.19268450011161,1.09652049268205
0.677205298388734,0.36575198936424,-1.0123474012469,-2.05621327130719
0.547186203861342,-1.06972063507282,0.679868739460395,1.30449206546511
0.409495753358934,-0.658032569181697,-0.242062615633522,1.58020133089565
0.971320390800969,1.30794828783908,0.181432157340506,-0.912292644721718
-0.351521107756936,-0.924318008366964,-0.334108407199464,-0.578126173201367
-1.09119075807557,-1.16105832428236,-0.731698928171198,-1.62101415589299
0.412061924597533,-0.12826352983891,0.156415830380377,0.168759951563306
0.373357963407674,-0.545034256546655,-0.966212300389081,0.346271948828322
0.989545651247274,0.530408850877602,-0.707169721345845,-0.3774178027128
-1.00326319133866,0.111584795097897,0.14985672401788,0.860076100354889
0.35139421911407,1.58462125664848,0.168539775872902,-1.05510081392753
-0.448644849725143,-2.10535193115239,-1.4587484573021,-0.740336757625434
0.65496913829468,-1.0237388112397,-1.31889395036541,-0.182463678225944
1.13979987109752,-1.81636236034601,-1.4642814647409,-0.879549941935529
0.846193971833174,1.24705474386519,1.18059033821463,1.54302028815676
-1.02150484077852,-2.92826231284587,-1.45712645034779,-2.63493874044843
-0.870041274329626,-0.0989463415933638,0.68230982201113,1.2712949558881
-0.611967304475551,-2.28668609586864,0.219691931044822,-0.976952514495523
0.439968523830681,3.36822072908057,1.58251068818622,1.6904088787492
-0.711965551005824,-0.708160855986908,-0.130018160092888,0.852361896188876
0.210288247149174,-1.84926884454075,-1.48427135314905,-1.5201361668604
1.10998565612562,1.72890214162189,0.490875455744703,-0.649810527041322
0.543333818221803,1.42607528048482,1.75739966255081,2.2761416825837
1.24829176050183,1.73434812557838,-0.04168586516447,-0.924629954084485
0.0882687556639668,-0.938019970378108,0.440734076309015,0.164274740740908
0.263862870846661,0.658124049921714,-0.674984891030049,-0.515388030708368
-0.983050040932155,-2.51590462409989,-1.78016568749236,-3.03808127251298
0.630907022178287,-0.182725378790281,-2.21289820820629,-0.957569404377371
-1.7367794245338,-0.542529027067412,0.892165342090523,-0.0704098738167445
-1.35545756905111,0.319542194680756,1.3713649797448,1.40043697165919
0.364015461840271,-0.776829177975632,-0.521226266156504,-1.22684819459554
-0.9199486687177,-0.0423702476356145,-0.251910661416513,-0.810334939745892
0.372360055117554,0.185279247343993,-0.387529777549168,-0.818816174643865
-1.29657550238426,0.586552342956861,0.48920353577484,-0.773371196952819
0.0265878617994432,2.17725670860738,2.0752804245032,2.06924071105931
-1.69163438788594,0.593412740728884,1.67802030121204,2.20205422872188
0.474113524905263,2.72707324214062,1.68726238146016,1.62298417154208
-1.75916562665667,-1.02337916461855,-0.127268752666886,-1.44309540865371
0.266805873781619,1.2002450481532,1.55793477793127,1.666206321695
0.0104176163710614,-0.314435106740054,-0.936796717799319,-0.345474098365854
0.932389660190216,2.36080808070533,-0.547574613657605,-0.681895756927213
2.37206471054816,2.41728768244958,-0.630249679202687,-1.19057685496412
-1.79330185550583,-1.12129950216202,0.0572683048315414,1.2047938250183
-0.361486462935308,1.48832555978353,1.43807556040742,1.11006926304183
-0.661410045704392,-3.36896083842243,-0.518314150698749,-0.788432851849022
-0.681129779903233,1.18950213979778,0.951070788473945,1.2338346442795
-1.28936967068043,0.576452222360873,0.890156829512992,3.02005858962756
0.484367093129308,0.836116019736342,-0.817941558485861,-0.836126591266637
0.223443277050411,-1.99698719609832,-1.75346129909477,-1.23118630003068
0.511000395297378,1.89984617399615,0.278222422366323,-1.23206831361201
1.80799277841515,-0.34438758014756,-1.60253773352533,-2.38430254583077
-1.70261496033122,-2.01865863260299,-0.320899532681085,2.2506819316969
0.287448758850646,-2.24092779219812,-1.22611414886788,-1.83458661563469
-0.269114155008503,0.69089947209379,-0.776657578754613,-0.445896881349949
-0.379524721361516,-0.667108141753769,0.0877763553105377,0.834415914915555
-0.694381543701603,-0.425178182434008,-0.45071046039773,-0.848755404832079
-0.193542723789515,-1.30861003284168,0.316111330536178,0.452163557959082
0.936893991814893,3.56661054311891,2.40606817734118,1.35433041015665
-0.822071099619348,0.25784029500494,1.30812689665788,0.0852476375419171
-0.310246581174978,-1.99624163934963,-1.03779129539351,-1.53536042231417
0.42116032139351,1.49905777915621,1.0399673079781,2.84411170877168
0.452656407369059,0.794140257448432,-0.0917519081899008,-0.38209021657931
1.74838156505926,1.31760423347844,-0.073077259312223,-0.760777481197765
-0.300061535539994,1.32431247092695,0.460347006488918,1.2740680121079
-0.176532717527334,0.363562734552993,-0.355176913763481,0.524925579231212
-1.78202377273323,-2.00308832042392,-0.386784191464069,-0.49877133669178
1.31201547479091,1.61016202926839,-0.606660438660325,-0.667359883312538
0.730840343306823,1.47427984119732,0.159619133370559,0.422767976249003
0.992333739146852,-0.591898243023975,-1.02127091722836,-1.11164416955565
-0.999500054025023,0.581686965044175,0.760567769291127,3.91617768856011
1.52370789097861,3.7369398132869,0.721173646444034,0.413475903385563
-0.693509176823944,-0.720402076893417,0.00451261230457885,0.0646898957281388
1.50826341076935,2.33557033915557,0.521062541339888,1.26443961301884
-0.0390817340298,-0.512118111920201,-0.0835166376157386,0.0409388730812506
0.577906574128332,1.15853290881875,0.645753486090038,0.598219907244484
0.147944852919403,2.03671480099207,1.4535511896345,1.0895041576647
-0.842474252999495,-2.67883053556382,-1.63097353387945,-1.48368382696437
-0.160803584533244,0.682903674452325,-0.256965765273443,-0.452009492656244
-0.529824792261762,-0.370711950525111,0.447796765061151,-0.671289138551832
-1.02078296437523,-2.58370922967553,-0.976446295443901,-2.67840319281391
-0.141966124478565,0.644782448528461,-0.535291574692432,0.0546613615904084
-0.887172891711821,-0.963544438088909,-0.239628479607802,0.459542376911775
-0.0187894464521728,1.44198126111566,1.113210707877,1.82764092099753
0.183730179476005,1.22905461692853,0.0591502232649989,-0.962477483760621
0.717668905739407,-0.412546197656972,-1.71109939218609,-2.97532068303238
-0.849989231686469,-0.437910024042249,0.655133755127115,0.941380667644311
0.67408994182628,0.505732579879863,0.0248781410962097,-0.484256468821559
0.00465431422434222,0.859157935214079,-0.224189443041778,-0.00289901397664397
-0.360151775736727,0.433224245437269,0.085847138090897,1.19784887769953
1.11784189633082,1.4617875845992,0.0779718359572812,-0.211479617061387
0.247223611057383,0.948744166725283,0.712713714202625,-0.157379921521664
-0.788550546713159,-2.91894388740121,-1.85975240054972,-0.722443148158405
-1.26787922827726,-0.447114062351169,-0.317157607885288,-2.20918465930567
0.341368107491606,-1.3665361517526,-2.26469920443996,-1.44485673191795
-0.75801220131711,-0.28139557864594,-0.106880106327971,-0.18068001143288
1.80807011198893,0.808342911845546,0.0433908273761177,1.16299039315608
0.544792717468943,-0.319234572205113,-0.0550923375259332,0.152193776350507
-2.73667446003597,-2.20324672590813,0.361370812874536,0.764747962640299
-1.02254967834869,-1.63243433742507,-0.625598203934596,-0.582366274182265
-1.24578468166768,-0.995006417145386,0.130586097261105,0.583694773327154
-1.01664191522471,-0.812766951071351,-0.121270959883468,-1.515797262961
-1.64803947514363,0.9654860276159,1.52786958924635,2.05539031494158
0.521126785487356,0.682859915029156,-0.200202545642131,-0.812963529244527
0.376947529960637,0.697600321950999,-0.964708029419139,-0.155542482712358
0.425304010820081,-1.14533696735355,-1.55602373134834,-0.89737812133846
1.1234220425164,1.13691135353305,0.169840001698389,1.79384712518151
-0.035351975653511,-0.996029848139189,0.0463122377083633,-0.703564898366922
1.43850642301198,2.14267010286668,0.569318573330719,1.14597838069134
-1.12796160514441,-2.09301841938621,0.0627757749312673,1.68165283435032
-0.685407530092446,-0.749667817915229,-1.83176010174429,-2.66245750237191
-0.777926523230062,-3.47744874434458,-0.164045536360548,-0.368278787061594
-0.377894617164921,-1.2380831131106,1.50536518875929,1.53355637616486
-0.903917622638662,-1.40735631104502,-0.0450801584271981,0.937079872223451
0.6431477517884,0.501982676473087,0.00940051060156113,0.510823961976779
-0.128108776140932,-0.986078439364335,1.04526275325509,1.60035499822632
1.1109469393458,0.581298374006004,-0.482665776550942,0.971269342679159
-1.52604062628071,-1.56459178545632,1.25147560226848,1.79623080683962
-1.531390868365,-1.5395381060237,0.291067992045513,1.41169753390149
-0.679166863591522,-1.12772978362752,-0.613562191108385,0.151535867929007
-0.873373138638672,0.210507739741325,-0.542843092984228,-0.769380011251743
-1.52098422590799,-1.70241095711984,0.207292382323745,0.650306249372834
0.392481087020716,-1.39456197597275,-0.352482780894867,-2.69956978737912
0.669879081502643,0.834262892626846,-0.36082551712128,0.111706916059591
1.31841504464163,1.3976196986595,-0.413350569963605,-1.86579138054731
0.512022708360951,1.78375903485639,0.867976209920254,-0.214605789589399
0.43139096901476,0.0710142065768759,-0.372069903788536,-0.10996478395279
1.30415523517353,1.40423444951919,-0.228696624250748,-1.3054125307107
-0.389135890602367,-2.73300593293891,-1.56144833693048,-1.85487019052726
0.127641274048801,-1.00018146929934,-0.467745868100373,-0.805548075843114
0.289348445891014,0.179535650162327,0.166686952652949,0.495131610288646
2.37274263187425,3.54040636321869,0.981529054898469,1.23520303279147
0.43006635444484,1.18640348729287,0.788827532312247,-0.966677606527507
-0.785487678087819,-0.565826740298292,0.953459171236268,1.04997035451331
0.467127983582867,0.649299292310383,-0.914744334754863,-0.458421972455377
-1.1460229700617,-0.548308277110854,-0.273496944359529,-1.19150457699516
-1.1151271358915,3.13881719497021,2.41839216944111,2.85195946457575
1.21066768839645,1.44431394670665,-0.490858972882082,-1.67058862912277
-1.17287394246877,-0.401097973449038,-0.389950545325356,-0.403643982583324
-1.56656679944203,0.526502240531232,0.497964584302782,-0.698457207786327
-0.470230393972754,-1.74017522695881,0.579799065246458,-1.59046191212709
-0.632686294660839,-1.81781238690737,-0.710876447539844,-0.157326177978547
0.313250365203186,-2.07576834443546,-1.23521296968459,-0.386848086199025
-0.239837776867839,-0.0129194246840266,-0.673721820302062,-0.987808451034758
2.64645121200562,1.00421535008931,0.0472993221688198,0.144095149684541
1.33340158586542,-1.332753807445,-1.3170383325249,-0.772261468642129
-1.99492841319364,-2.16219676081275,0.0107403156273375,0.221224344737871
0.319367398471265,1.28118995957405,0.88352464517789,0.687037661796122
-0.411317805026416,1.0317432276819,0.686048749066546,2.5453155884596
0.775514909177735,0.487079206074033,0.00247901692121746,-0.450818236094386
-1.01615185466455,-1.76692660171007,-1.94746357956342,-1.8369918382747
-0.519983251059716,-1.83598507874222,1.23144571480852,2.27006229416335
0.0705883136633334,1.92415283434621,0.884570769342594,0.174565009508761
0.409643632238833,-0.702061142503397,-0.515091431777394,0.00972972468251165
-1.65481672621274,-1.36250072154993,1.28627919060062,0.7166483223069
-0.392624027714829,-1.56046249413227,0.398132681790294,0.398209630721852
-2.04013363764508,-0.296718379760859,0.206711734476706,-1.53090418404488
0.540665454614255,-0.108242438616556,-0.07388502308277,-0.507993263237327
-0.665321188685167,0.719706540019146,1.10963254928796,0.867079964240452
1.38052005512718,1.8331732309787,-0.20268954213294,1.42734534133062
1.18185827608229,1.63032803239205,0.465337590220292,0.51148189046997
-0.781710319136195,-1.28778251666415,-0.516246077592588,0.405480374915777
0.352178111371434,1.93489648183994,0.675313745481279,0.0351344987325741
1.17022276829348,0.967917768886369,-0.0123244795985742,0.719818306589166
0.462579685821988,1.15906977293167,-0.366461384462128,0.911875301819592
-1.1102776366921,-3.38547046739619,-1.71976251015958,-1.85169981102156
-1.97452193642747,-4.39528567095709,-1.57997539657798,-2.1121895854878
0.245201815514183,-2.31250070552622,-0.297397911400901,0.598419418449244
-0.718923961895859,-1.64551534852087,-1.06349316696542,-1.48573680783621
1.37284391721474,3.76350264283823,0.843798262654251,0.924805211513937
-0.820618410560149,0.305605893609028,0.310781041266813,0.246848253196185
0.650457649686153,-0.354864797901549,-0.626808620231198,0.0156372181426774
0.93631735652698,2.9017202396893,-0.420627267063732,-1.62477013729044
0.796136862511041,-0.443904039256429,0.227017815338008,1.43407554032174
-1.68806748417815,-1.87129524236211,-0.403001078781043,0.301894376773177
-1.47304138272343,-1.0685726672747,0.499837083173578,-0.142258936634306
-0.492799345134343,0.715402028779632,0.036595931811527,-1.22625253790663
1.04222750323098,0.259897585077052,0.440507727927214,0.825270116562077
1.24234024306672,0.541504254657044,-0.0683850025353169,-2.77366094467526
1.85785707040233,1.4929973710322,1.20585573979965,1.43115569005903
-0.929341919888444,1.41984327693616,1.48213888724349,1.32902273567027
-0.653206936772144,-1.23946146064715,0.107750739594737,0.151150171565845
-0.0244116825347875,-0.62723372310302,-0.464140209840731,-2.06772878672985
1.24679435387727,0.696151009473654,0.249849740233917,0.744430012835086
-1.91377942061336,-4.01864000005991,-1.54821061240378,-0.988659708747748
-1.22283146500023,-1.51685992219998,0.582906902013668,0.0109397649587506
1.74907440578319,1.87987861335752,-0.38835788661501,-0.959703359027961
0.783972727423185,-0.955014174982937,-0.0982924958316871,0.483535600354604
-2.13558164758205,-3.0046805000669,0.666390491448499,1.21404466225749
1.07311191410745,1.61798555312368,0.726487459375031,-0.816377821277279
0.385901336062221,1.35215920980497,0.102445373056678,0.215717698406302
-0.698983339711992,-0.0290526653741419,-0.0707086980751326,0.0255181456178522
-0.0056878649207849,-2.3942530569908,-1.8313624794229,-0.512913946263269
0.635905657069789,1.39543262679135,1.36942422767241,0.996503881075203
0.352563570848827,0.110386152680359,0.581437500827672,-0.483881849548642
0.795669551239463,3.45374147066843,2.35453401149506,2.63822202318466
1.53695217375178,3.35290845822025,-0.279855162305645,0.0800325157700935
0.390112546889205,1.9912730461473,0.864351003663755,-1.52028242570576
-1.48063431852141,-1.4374890675238,-0.272519708814539,-0.470721560605156
0.0615794930752654,-0.36651475109035,-0.757175077359853,0.270243975705091
-2.37575003180335,-1.72392179437562,-0.322050965474999,0.642173109543594
-0.242667123167163,1.13413709748625,0.7126604770716,1.13813397171044
-0.799065556694952,-0.570904252280224,-0.627105654093744,-0.991203054289019
-0.925486373272056,1.87769748618458,0.766448711720471,-1.47567827814638
-0.615266874573586,0.524677658562078,0.525750031999772,0.742317436877838
3.84776770582989,6.23915391866692,1.28414486012229,-0.292069706736805
-0.999698714984163,-1.9961306988686,-1.64486559014837,-2.84902141639804
-0.911686535167258,1.6399612522326,1.50957314416338,0.0973463092928657
-0.381080096164577,-2.00214990670309,-2.31740294681755,-3.0723123013554
-0.383997466589783,1.21295941946841,0.461015379301007,1.75815338291486
3.39789410326659,3.09849007719868,0.197852675994489,-1.51767788156847
-0.0260711693695634,0.0904460633314353,0.29221702779109,0.50369272452888
-0.149839624441722,-1.23544682239598,-0.929450524327417,0.405551629380536
-0.468349701374868,0.59733463965555,1.11885920536092,3.61657053978333
1.12579662627949,1.03547984184858,0.183986348364381,-1.29666645457545
-0.212019587052905,-1.1850897402284,-0.526066448859251,0.222670067182342
0.470018887056929,-1.1035845141263,-1.06653452070319,-1.85492057892657
0.108873465160088,0.526440333967507,0.179178128805799,-1.96331802795007
-1.5614252210103,-2.43094905138181,-0.107535894110943,0.6932331830805
-0.811263287088516,1.22527647501297,1.27368995774805,1.53377616290111
0.00114889952699058,0.0188690040217202,-0.942673891147918,-1.34815272085063
1.20310842125094,1.36035523664985,0.891477813514289,0.0802068883034665
0.311693057107097,3.34134884469436,0.369200790821787,-0.537423439752074
0.130598427256718,-1.82510075488672,-1.08644187100434,-0.792004261160104
-0.80516346412522,0.535366721474668,0.040875634030265,0.356455608166257
0.926087654316365,1.85321613260804,-0.0263101674369399,-0.0606471781283934
0.947016993128214,1.7359451681985,1.63461738442765,-0.193227118263781
-0.321797968986427,0.65557568545718,0.303920109725998,0.651151424024744
0.772423270502735,0.14962284226764,-0.511943453930461,-1.33763144179892
-0.241610502559277,0.392815860927157,0.990505185161539,0.494794609829834
0.212770975389143,1.01353607223241,-0.140558793552561,-0.845122969338858
0.825594764638088,-0.771953366967495,-1.63847622600414,-2.57971624137796
0.563049476530567,2.5209708108018,0.671796683694629,1.07595816183166
-0.752367691986515,-0.0895418828077335,0.415949795741086,-0.1072913140916
0.378199932803201,1.62590538678324,1.33941220947784,2.63612561379686
-0.525124486791917,0.0103490656971702,-0.234346664830385,-0.0159989225978166
-0.19055131788821,0.956302979172313,0.144317080641148,-0.993678506888493
-0.90211869584583,-1.04363507043212,-0.955433453843088,-0.805489920531294
-0.024060182670129,0.132757426961755,0.318044097364308,-0.203983703367643
0.87239666699548,0.29514127854187,-0.319894356702766,0.533803358769349
-0.312461712862435,-0.655685972381716,-1.0045819230344,-1.92335636200768
0.720717448731055,1.35045334274581,-0.0440139111899893,-1.11726835032076
-0.102828800959391,-0.168653796369991,-0.692361413499803,1.20502073523535
0.559022029508583,-2.18196945098343,-1.33848223146297,-2.51260372283906
-1.55419837865674,-4.17883949469157,-0.771961188467913,-1.60056456363496
0.709922629586025,-1.28360155128043,-0.766648235144382,-0.961744754138775
-0.651595752451539,0.266457775523301,1.34835480759662,0.572601147793652
-0.438081055272362,0.033204968751151,0.35954965554566,-0.297143660499047
0.259304140876942,-0.743990604405671,0.359658412562017,-0.162133969685689
0.491537137167375,-0.693059757923707,0.101999546660932,0.41084087949966
-0.49523162403629,-1.70849675235355,-0.564239442519927,1.01317077477216
-1.03187535862525,-2.2465079206573,-1.66383277109224,-2.51208877613868
-0.693826247873705,1.15957560980061,1.74078428281658,1.6377956112463
-1.26675412863605,-1.42973972055049,1.74727283648218,1.42152045734573
1.12320174331884,0.815983862789521,0.322215596908036,0.474940173288774
0.380869990508259,-0.174713246548084,-0.296143229576535,-1.25737255489807
-0.0121901764592969,1.40097837836301,-0.0532945718928014,1.14284471414765
-1.03561319926971,1.40060760876322,1.16029877263658,2.50780999414334
0.85968673958451,-0.14311116850838,-0.947444842546656,-1.41200036163033
0.189992647822113,0.295956930673551,0.328060336455007,0.220520646406675
-1.72587558927542,-2.524500632911,0.374120941081646,0.504964732796935
-0.387665690017064,-3.9145036073714,-2.68029211373044,-2.67935076368706
-0.318801236322655,-2.08619107980692,-0.48757578510808,0.637220680199212
-0.324302592252608,-0.789286150436734,-0.376196418661912,1.19701149361939
0.0300531850562052,-1.12756747302378,-0.693095744760187,1.51482528870994
0.392321619067053,-1.3158754385967,-1.4664360499762,-1.5883551582958
1.19563141952012,1.55879664157428,0.467925820434045,-1.05293093096366
-0.113576716546283,-1.15372579483891,-0.75831621928671,-1.03102513906976
-0.630058855720346,0.333495278684494,1.53959291846083,1.15543798264525
-1.18749913282224,-0.0407914439022672,1.03331626860265,1.54256937356739
0.335647263444194,4.43568761687044,2.3681654917582,0.390001021931675
-0.427534372964467,-0.1028599944718,0.218013127194726,-0.721457187575731
0.611498768549105,-0.0956847036079388,-0.366647705213027,-1.41632443992275
-0.870401547449782,-1.90408358366209,-0.256147357668145,-0.244123186511966
-0.295050798828287,2.46811586724012,0.416977513132828,0.767020755502237
-1.25784490645628,0.353677349603294,1.19085878507545,2.07135601497574
0.554534201115664,-0.296157268010139,0.379908515649751,0.308894682955528
-0.204411509653419,-3.07777915087393,-1.10949859045498,-0.799307868486654
2.79522292316182,3.1919943567828,-0.315793633263291,-2.2510290638673
-0.437633109136367,0.634090880098602,0.565192367088331,1.45712171262456
-0.812751760336985,1.00747504227242,1.25504203928379,1.03184245782548
1.96302900357277,0.170727790806263,-1.95038971601728,-2.06497623797015
1.92846178554658,1.456015061734,-0.922620152873993,-1.41783809334022
1.53418047597992,0.594107674856396,-0.321765410848892,0.248751655168063
0.31994399913145,1.74685520769577,-0.225738839309141,-0.744094292454406
0.735767556314044,0.0691421936905814,-0.0743885051425221,0.328902791417961
0.926872559105419,1.65921725488072,1.02335308115884,0.161194145508392
1.12724267380332,3.63466389094906,2.21733020833993,2.09002923237253
-0.665469620093402,-0.0123896304024388,-0.160831954871399,-0.232122117576595
-0.790936889204485,-1.19605750963493,-0.975533035576178,0.540388151315295
1.08766682206879,0.497934542797032,0.260256331971718,-1.10392462900348
-1.17330378363285,-0.616387844827366,-0.361611832252744,1.03289897712283
0.388893387922627,0.95258695214676,0.10263635588437,0.182752894728437
-0.734515887505581,-1.55098076205645,-0.181892451278144,-0.872416686317214
2.04772366983463,1.75057180955122,-0.758715764100515,-1.59148755371684
0.974612420069338,-0.0108134092787749,-0.743115894691872,-1.989516789405
0.527679634186246,-0.61246923469438,-1.70650987694894,-3.21327412008967
0.196198182203574,-2.07317212083895,-0.474167551302355,-1.14101360326616
-0.809436307495285,-1.0545785619795,0.14598635984665,0.80910823425943
-0.478183556262561,-1.90877079206491,0.0162462317756729,-1.03555311686944
0.0982719309327437,-0.129129107220335,0.536912136615252,2.76364344707037
0.222763552028825,2.76737973486034,0.898235553903741,-0.138389722908012
0.32638808648427,2.8615285401305,1.34977095845187,0.591543761999606
-2.60126862619487,0.415473191910072,1.25436194630331,0.363198944160425
0.353843677552644,1.30840862504146,0.378481234611352,1.08879929485035
0.585547589286672,1.70057640100638,0.157617227700358,-1.21558442276233
1.10246269157661,0.400412426393416,-0.516480483775137,-3.0937624930276
1.56442852049462,1.88999014604966,-0.519358382620584,-2.24574393653772
0.877081387486636,-1.08126273014376,0.0147962435512526,0.63948106187931
1.01462392366859,2.16801792981804,-0.718178905675852,-1.12430653907362
-0.422106919518758,-0.577733869109033,-0.222973991067964,-0.402185223224265
-0.546708463230354,-1.92073016117254,-0.810016460096254,-1.24905729102883
-0.864994491272374,-0.807862667835103,0.202199442612274,0.129343108286995
1.63388660497806,0.949485277339461,0.28193719452798,1.66711977581632
-2.04566836994947,-3.6694290725333,-1.00602518018938,0.572310136012502
0.256732445128801,-3.25078270622185,-1.95464334867893,-2.47021455585218
0.0399818687732763,-4.53905399905116,-3.29652410115804,-2.20832641499553
0.443885007827916,3.68790582568664,2.09069774068708,-0.524720952434431
0.840796391098779,-1.42386996567762,-0.869456904538622,-1.27471970017801
-1.36122238319406,-0.903737099779743,0.4671251194798,0.172228149606043
0.799110239581399,0.957323421980601,0.680744238811048,1.81657741860615
0.401890919389888,0.810871619566177,-0.429933482976944,-1.05111721064503
-0.064551088012137,1.4001956488784,-0.465565926796537,0.552464472573166
-0.451935076923305,-1.4663987870389,-0.516367402330025,-0.278873074402527
0.391651714170855,-0.0515412418889496,-1.56207797542651,-2.11720330063586
-0.754227985413387,-2.14674371203453,-0.883091600585752,-1.1966172591147
0.399849485905358,-0.663009108249335,-1.0664530640803,-1.02482854298325
0.0087367154715977,0.0388487458004684,-0.500857031532687,-0.813140045127284
-1.65628725665854,-2.24124172645469,-0.42175860663013,-1.34052721727688
1.7335678294406,3.07017328609437,-0.0269058690372722,-0.461247772422898
2.09133483327576,2.87715915251651,-0.224653082685969,1.57528258021516
1.06394006224043,2.45722489833617,0.378033278756372,2.26162499051297
-0.413421843213638,-1.88807250811954,-0.221491435305631,-1.1035425768338
-0.589044936428341,0.549605738770782,0.125058846340503,0.23884995545372
1.08976676358325,0.944650382731024,0.287823738410113,1.60359679967732
0.940431459043199,0.0989279576428588,-0.595715212012228,-1.28133374735452
1.09669737188166,3.05212720254781,1.3143911491265,1.95107921708119
-0.267461708043354,1.14780158194777,0.372233326263636,2.01644376498705
1.15052514849622,-0.0828945607536835,0.039461366025437,-0.889975756245426
1.78414809991051,2.95017290442484,0.469456381886563,0.283850265577148
0.166830061596478,-0.265241800100632,-1.25728732647024,-0.732933393015548
0.185652491774797,0.130563783132833,0.25882548485304,1.43340022071265
0.0354483682218845,0.81573883937369,0.852329163249286,1.46510123473712
-1.17880670222453,-3.3432463048516,-1.06576745968583,1.0155667549848
-1.15829050655441,-1.87308110290242,-0.937237048872628,0.355007886933966
-0.584139004443496,-3.95331350501194,-0.82307498945709,-1.08150099198169
0.463172010782841,1.2931908327712,1.28113075135917,0.27864880544105
0.262791068186738,-0.597984843243554,-0.258914811080209,-1.24061091877187
1.21839519631881,4.5320008856827,1.85468692963008,0.788947235815602
-0.890834893182162,-2.11949923308879,-1.09330412551989,-2.22439988098976
-0.109259812628646,0.171337783047148,-1.11567803574771,-1.76696392412231
-0.473507060280221,-2.64390251198029,-1.16967805545444,-0.135907802229091
0.199502452302796,0.566513514482539,-0.60115388420932,-0.0551655979559561
0.627385561553582,0.127096285730667,-0.547815815565484,-0.914630190939974
1.69196254471833,3.40978544965471,0.798051490018241,0.677789911986323
1.66343831012612,1.58921710456417,-0.240133971518101,-1.21457336693029
1.85296489815739,1.9699212410016,0.0186216759003342,0.0507694951558656
0.622595125918954,0.567368804925198,0.175871044967724,0.706658714722686
1.80336753128943,0.295502069465648,-0.337455817686767,-0.691461684218363
-1.10586895899829,-0.892919992346397,-0.254622502848117,-0.466393516124815
0.148182559359898,1.13161317128004,2.14092215439029,0.623765790721477
1.4497539900231,1.78683303382047,-0.320335070416487,1.05292793726864
-0.293862666649076,0.904139368023633,1.92712276740921,2.85074947462944
0.476037320045513,1.88801100803991,0.144890739332523,1.78394608706949
0.762420007734476,-1.03103197674057,-1.12347320977229,-0.450448206860867
-0.211335027783022,-1.47114974249376,-2.27983825551918,-2.47846034485368
1.25192097145159,2.08412874108756,-0.146101313295057,-0.157276646154015
0.543694710247719,-0.64457774923156,0.348303786514814,1.9678076185269
-0.789674097566898,-2.27209486553609,0.96153441079956,1.62860660018224
1.17856196494562,1.27940453126293,0.444913319060017,0.112095740469023
-1.23271405613741,-2.74333626273617,-0.423537341248537,-0.335180117002274
0.942811995418926,-0.0770232201619586,-1.36852454645038,-1.64146601178169
-0.802170545646519,1.64533008431733,0.516969800470055,-1.25163474998507
0.609075511086406,1.38617853627292,0.959915673783187,1.41791128501084
0.442054013272985,-2.0050431038273,-2.06734818767462,-1.96517838583731
1.17505009049336,2.33109376964856,-0.660015911789216,-1.11771767943036
0.417437656928178,0.77725455604367,-0.628213613388513,0.138480394111523
0.848560686198808,1.82919571194563,0.246556178788416,-0.907164578110842
-0.71222130789425,-1.43444854127089,0.0235610949445622,-0.827548956955999
-0.0914883244165588,-0.48323213847358,0.349307925435642,0.745670128111545
1.05786711870467,1.30996945441536,1.64386523748671,0.754161808793142
-0.840744443808872,1.30643283287849,0.30806727103032,1.19704195418787
-1.02009905686298,0.996199623294256,1.89328592501449,2.86654751025938
-0.161222092011484,-0.409201094018576,-0.500494329488545,-0.729295618554664
-0.12161964954941,0.764746092558552,0.721818528009102,1.38248245069737
0.00227876465127705,1.08084099440012,1.23708235340196,0.262678929942891
2.31791782237971,4.20116984145387,1.72004811007006,3.46241070464073
-1.50340811590575,-0.750691925956519,0.592368459637356,0.866082583798768
-0.917957074334785,-1.47378730261533,0.393855523919876,-1.20248178412723
-0.823408826572036,-1.22934358645736,-1.42832855777294,-1.30540519184585
1.44663710311653,1.62963049555311,0.322986346745714,1.19689679519109
1.25017739255138,3.4777098708167,1.99806233377228,1.12486522078001
-0.933461622134237,-1.13936352750499,-0.414269511098823,-0.489944016540685
-1.0680968901533,-0.696866881999772,-1.52289076874534,-2.75544755180862
-0.330875222600662,1.06918808309241,0.931841566658066,0.707613051530252
-1.99402402553584,-2.32656571882001,-0.361545848055414,0.759392655052695
0.492572298755441,-2.924495095194,-1.98303843634594,0.0769036134030217
-0.077663050636602,0.608573521096526,-0.779159988991533,-1.60434363768622
-1.71689797109841,-4.46537983641446,-2.48832965539108,-3.66181923172169
-0.237914125201134,-1.1155699988043,-0.498808542504018,0.82874695336487
-0.0450767462632371,-0.415498643944668,-0.209775804058287,-1.8943015144394
0.836517108817736,-0.592988922123043,-0.251324202296398,-0.0268512810819405
-0.0546581688862097,1.30429561393037,1.07321990889341,0.60209110882944
-0.712897541973411,-0.725712733941922,0.68530416638298,-0.41436896203802
-0.641242754246421,0.827663635352385,1.60926007560977,3.34242106379378
1.35189190348714,3.06090414889721,1.6970783406929,2.65540114119518
-0.303225276304267,-0.621167348056574,-0.293154473112178,-0.898733758402219
0.298306520787785,-0.99178536150093,0.631057089777351,0.92257094246956
0.406006126879321,1.54229026054463,0.65720934352744,0.94536001138423
0.444066919748991,-0.00129739330985912,0.0226560235146042,-2.04089503786348
-1.50175986696481,-2.74684381843842,-0.81685553572876,0.957645999528323
0.687200526409487,2.64158667112297,1.03883144268176,1.56812081120405
1.18763919384774,-0.704981924803975,-1.04958293859371,-1.02797525562822
2.05528511410174,5.14082887548168,0.345566864722621,1.01411623882988
-1.31749173927412,-0.932874124956312,0.00811325294251102,0.570191009583866
-1.14268778582837,1.01057214897374,0.359831252623706,-0.740216156538726
0.440787497235852,-0.143549876831754,-0.57738811763278,0.688542545058138
-0.506527344100333,1.59317678645497,0.561706147814945,0.130787760779553
1.2511625108288,0.733482057407751,0.47866344807126,2.82085283448927
-1.51261390155335,-0.654611756662453,0.0600201686029735,0.701255835911585
0.371930404777423,0.649597287542966,-0.642155914032242,-1.03185508038322
0.38663280046535,2.14027633972635,0.114815055138406,-0.409089621824317
0.884497799310296,-0.651063737145319,-0.517685386753554,0.838615655513623
0.902945421002935,1.47889193141334,-1.32985017898799,-2.4163881814307
0.112032032678918,-1.42583555409328,-0.929411907283543,-0.0720216438860559
-1.65511237263211,-3.32881772296267,-0.928119190421909,-1.41255330188773
0.330135707928764,-2.5632226837661,-1.22429810498632,-1.26560929175488
0.378421949544665,-0.263600012122858,-0.333107704623647,0.754885951651363
-1.84765011968347,-1.92187163138344,0.208493958647966,0.135430071686326
1.12400655516941,0.0956288184505762,-1.05875533910317,-0.92095745064941
0.108392058969154,2.48180876311668,1.23226709762587,1.57328473204459
-1.11639842385609,-4.0395289263994,-2.23236254126156,-2.37924483066331
0.273219845406362,-0.22273233028987,-0.901476146464629,-1.28131353666753
0.956232893297573,3.15663424971527,0.844597416280007,0.750807422541387
0.583652184663977,2.85575383338567,1.17646216421126,0.996043042422551
-0.405343062309264,0.421884675229305,0.356681415189342,-0.1295621245487
2.36056236707844,1.92410381696001,-0.203749924753692,0.284961977606911
-0.186566122419816,1.08305310980527,1.30785661032619,0.106490228458243
0.332457884923122,-0.997246735987645,-1.03701156976473,-1.70421554176227
0.477480979923099,-1.55397125945592,-0.291191619717238,-0.91783587491779
0.945988558385869,0.534865167381117,-1.49547489143613,-0.00191805881903351
0.846452117295668,0.326244267170211,0.351832198814307,-1.62136559060593
-0.019254972005391,1.49270446018658,-0.339221189007057,0.526150044447346
-0.132087420214518,0.541816078326358,0.639440477039772,1.39999972812575
-1.07983113125891,-2.14898426733494,0.883904276179124,0.322678626889986
0.416384551660797,0.596643870424843,1.14596879190248,-1.53928035468769
0.71357703479764,0.268260404539994,0.0491414640567702,0.499178622024643
-0.420956439603431,-1.91745913883334,-0.152409942940628,0.830302842970592
0.853102288403864,1.24613967405913,0.434727925206045,0.244207177625612
0.0623769123231979,1.07203292483836,1.13440579860731,3.86659820370702
0.524348667259868,-0.742007656774102,0.837268396398118,1.61081641928259
-0.742084147829789,-0.173996187333985,-0.321274077945882,-0.0307195847522729
1.071473268653,0.698565435424928,-1.58924890497948,-0.730097515569527
-1.29036845285224,-1.95248346559858,0.0777006616343059,-0.681846500698447
2.09818317022897,2.35356639316525,1.32399024640254,1.2474706442605
-0.178539127990153,1.29300028816173,1.17434704386338,2.51491754585376
-1.404679097393,-2.22139826640275,-0.544153502624102,-1.3834452821399
-1.04446826822157,-1.98992817064473,-1.34746419951173,-2.35827244740579
-2.00067228857843,-2.87048210515787,2.00119554372571,1.86390217385591
-0.204234603325688,1.30425005542586,1.07056724486774,2.38129645174701
0.189138778196092,0.571009373524811,-0.804092583765192,-0.172379886392718
-0.643774536199874,-0.95045973500192,-0.116804251292017,-1.13880629025074
-0.169024101222119,0.999242117716819,-0.204693016766731,-0.293496017243457
-1.30228364642279,0.0995682275749679,0.20244853425014,0.91397824266034
1.01718709060793,1.9304873879679,0.897976552782491,1.27891792132075
-0.166083725763023,-0.336789558169363,-0.766123121233478,-0.0113230985840121
0.285401740533644,-1.03366083952444,-0.0496243005838906,-0.542168355084135
2.12217419111576,1.76186403747313,-0.632037999819128,-1.97596127266773
0.97602105146384,1.01285288854049,0.96594180323227,2.96237919610994
-1.18724962621434,1.12033695487966,1.69242535691615,3.00346010057267
1.12471974763691,-1.32249594372118,-0.620401485802682,-0.680584798908804
-1.66903888136901,-3.12685677881781,-0.442454521097232,0.341792102705648
2.86932753114914,4.30960545376896,0.509190564172999,0.156344604290918
1.47510824892149,2.63080458472684,1.54574101434871,1.90008853446939
-1.55955382009392,-0.174674721305126,0.571754571516838,1.27707925304874
-0.840713390285071,-1.10769207098602,0.214073878540126,-0.0557429843897931
1.5521299362168,1.59820151744093,-1.1382776329104,-2.60558642125501
-1.16014991254167,-2.54503519815875,-2.79860756384627,-4.36870377390186
2.39946449134899,-0.953904608686206,-1.4796620391032,-1.02152923026083
1.32560851810035,0.920808620077729,-1.97662570241427,-2.2928422247025
0.835960815401656,1.14757134242522,0.389320977865512,-1.03969991646322
-0.452411747316051,-0.64186741341742,0.00141102530001877,-0.272413679588133
1.6722051022509,1.97561146351048,-0.0383733734024097,-0.381504961299511
0.181666022418198,-0.540438120261759,0.78935435567661,1.3362628756594
1.08230069478159,0.698667899703338,-0.153785110510489,-0.649503826805278
-0.574339432054787,-0.970552059145643,1.34783588281669,1.12798341938098
0.813003478177536,2.28446332055629,-0.641601410719434,-0.675663729038104
-0.972405011976323,0.0313043317462888,0.0358555368006064,0.924788026425736
-0.536004058951526,-0.682147792142447,-0.11585897515658,-1.05638295575105
-0.180293620091198,-2.54024293719979,-1.50018265181911,-1.14942861554986
1.20255654821247,2.71769323120614,1.30259511949047,1.11576672915225
0.182634520906344,-0.391891341903248,-1.68725079442728,-0.436864747304791
-0.452925304853166,2.54287738079766,2.1036067995317,3.58025068714346
-1.04503325684861,-0.935403116405023,-0.46349779954565,-2.1741452166915
-0.737269411782967,-0.995262139787487,-0.0663242390266878,0.193145345316475
0.314212127886257,-0.254106816475008,0.224848472072259,0.567979174779467
0.358336547438042,-1.78219145511507,-0.600336612175027,-1.52377527932739
-0.285008962297891,1.38338141263146,1.55295359876232,1.71158502511461
-0.672371847729277,0.177354470085747,-0.315864111500411,0.829269484259236
-2.07169289805158,-2.10031315249155,0.587337320259088,0.455438854113946
0.378109771820527,0.480042841316907,-0.392181463888482,1.00809638088184
-0.372545826220729,-2.86392845623892,-1.44987079989648,-2.07226896169799
-0.0454864601525843,0.548628946379815,-1.63603214432772,-2.72994533127527
-0.137606043038109,-0.688519959548574,-1.87117928751668,-2.44799855584978
-2.04566697775212,-0.294941702735175,1.03642702598522,0.711947024204358
-0.0881348355347213,1.10082499673302,-0.399583881483751,-1.18749545114739
1.80325813155164,2.66163894473528,0.217242385878567,-0.241447037008301
1.84942278547432,1.23945420806242,-0.33156144270219,0.791580628207696
-1.50206357279623,-1.66506052919851,0.0299201096305897,0.566502127473905
0.0305167312413108,-0.584860540959749,1.26843746095578,3.24564210114618
-2.07929234595201,-1.38223770658806,0.824974522650843,2.58324477559354
-0.591791596706521,0.823640236175858,1.34200178183963,0.815926066431245
1.73765802746496,3.59404308882371,0.640047628063251,-0.142566403788527
0.832202373842384,2.00062310536508,0.906201937915906,1.73624091893094
-0.343229784516763,-1.45451957783597,-1.20360476908719,-1.45357477783765
-0.395289289056012,-1.56026140794488,-0.90942271041151,0.471107373061696
-0.0818653362898174,0.102239985969438,-0.903487884975793,-1.22916416255463
-1.18312190409505,-3.82551874234733,-1.27231812336626,0.320769888034489
0.100254608889982,-1.42781393736661,-0.605390249662496,-1.41564500610561
-0.841215555873698,-2.99568418955247,-0.0438460209092944,1.83506505626635
-1.35460891469248,-2.38970021648815,-0.289689312635065,-0.295927048841841
-0.824252609917138,1.40355759143368,1.08982611608064,0.543574863634712
1.0454890507708,1.8305833378565,0.478593887245788,0.00810144939823071
-1.05306643299546,-2.69721268411214,-0.776391167082392,0.352768570971874
-0.957467223830518,-3.2234379820199,-0.497733279727632,0.329320338746258
-2.32449891688899,-1.52161062749216,1.12686786922245,-1.33396070224776
0.542003825833966,-1.71809083037575,-1.66270326128134,-2.11276882680922
0.0872739669408552,0.184958468641357,-0.359419311934087,-0.159344098781189
-0.386901805789896,0.346688281670622,-0.39460999607846,-1.43019793122407
0.907217981416654,1.65829615903021,-0.619251909695738,0.527177890007711
0.020467229128197,-0.97998907049279,0.0103170037784875,-0.474007445256467
0.575108419945759,-0.922074232480714,-1.62257847220718,-3.01092252753313
-0.420529513231707,-0.11413928224641,-1.20564467595267,-0.259997054480924
-0.634733329856039,0.528910983000533,1.0376594293378,1.14606041223816
1.1027828462166,1.94769123217153,1.30753243379458,1.93531635517352
0.833467456138272,-1.81248772193478,-1.32302861440366,-1.57830416702619
0.913793954269981,0.494201965200219,-0.704825681079017,-0.655075740449988
0.416442024405624,-0.828501688519109,0.508332199437948,-0.0165389760622081
-0.12223648104401,2.25577123060289,0.61037329851858,1.50597162448285
-0.868707350583205,-1.78122513483068,-1.4755659989304,-5.04687185558449
1.97856794433333,3.5674740132263,0.758634178038794,0.258059286347143
0.154337034721032,2.59320207561145,1.69202809793868,1.12336009294655
-0.343966999403328,-0.0344363920600225,-0.295973493530672,-0.588263047185994
1.7704099411341,0.0142839274687737,-0.831344042492233,-1.45316640859823
1.68640417523098,3.20506539009952,0.337833009163674,-1.15119241778122
-0.666113909945731,0.238297344250985,1.46832638292505,0.604972242231644
-0.00259399312365598,0.394787246502619,0.70895776521754,0.139979711535543
-0.286000278765889,-0.686997649366075,-0.816299629404357,-0.525352723192959
0.956645018495331,1.22000314264193,-0.47273136097507,-1.95931172742431
-0.313052552384939,-1.21963137245234,-0.62926820971909,-3.17529805313047
0.272647072247265,-0.931199507543695,-0.69916207284241,-1.07118352740776
0.0414521225778085,-1.45754150162094,-0.0346568501631155,-1.2389567558825
-0.00488185240666987,0.753089541188141,0.288890667273905,-0.51876623201354
-0.976219228606303,-0.360119200251179,-0.528698784984603,-1.75048690733926
0.144050084247542,-0.419633583247551,-0.704746511236954,-0.656771947541566
0.456619218695199,-0.0334002108502014,-0.750914427101637,-0.537961294566223
0.0377499344122749,-1.18929159301931,-0.963818271483194,-0.0201447039509074
-0.370973645420588,-1.30337660256683,-0.428532628249292,-0.45063819408532
0.565148530464291,2.11289457995412,-0.33708967552305,0.704959602521563
0.121622642894301,0.609445739373117,0.887886456294832,-0.500834279924945
0.832894635999585,-0.685297784411351,0.42496097922147,1.77643065942059
-1.02380993859852,0.661399924621287,2.58316390917353,3.28481975824575
1.94717122293365,1.00119702967148,-0.339394952976842,0.381360660631275
-1.04415408185314,-1.80974715377956,-0.371067441639891,1.41254062623509
-0.491334929391864,-1.0362214627781,-1.08657169570685,-0.350211648631271
0.750693303487793,0.251767687932147,0.180405503056341,-2.09547522269232
0.389697613859513,0.229406978274032,0.189606967608591,1.16332400700201
-1.48640617585654,-1.60334774596138,-0.726030601270838,-0.34447008089686
-0.631021883341459,-1.83491064069326,-1.25006132260984,-0.233296207925031
0.72712461202541,2.65956430367678,1.42517835071198,1.69518729667672
2.14944999847516,6.12615101274367,3.70335062644464,3.83318034610992
1.71291745793914,2.12902276338427,-0.188450048737684,-0.458846716441721
1.9541579949905,0.903590929227825,0.0206551333844864,2.05598709137235
1.14165526601341,0.208520100447429,0.201283634750485,-1.36994323524994
0.48586452722185,-0.146203882677789,0.197728427602947,0.509501454268292
-0.27810990814623,0.985666738155839,0.626380502801711,-0.803267420053416
0.673627711620925,-2.97519466489056,-0.395035501029822,0.820665818707905
-0.613720157263801,-2.5440287116701,-2.36122353087291,-2.86966436963567
-2.00315586409145,-0.114415923460184,1.06359272172873,1.20043399876866
1.21228101334184,0.91135470921114,0.230996716742583,-0.371049322129611
-0.516169940697678,1.01215865793397,0.20047294335918,1.04828506452838
0.726821602559821,-0.515628919930482,-1.10340211241324,-1.36163125462987
-1.72530302830821,-1.59634038051353,0.00895667440265884,0.710868409394981
-3.46749014053051,-3.10479594879568,-0.0393514123327917,-1.10131652581271
-0.113366222613677,-0.986322723992545,0.188899317908709,-0.161940830729116
-1.44717194540249,-2.09492262386153,0.156544914887394,0.867655558399735
-0.369244736191022,-3.22281458350508,-0.84340683989746,-1.72320256168378
0.339561339313835,-1.55770251707144,0.519976455751954,1.98799986653057
-0.536169018574822,0.0073744847448079,0.105643490604997,-0.517725096412465
0.030225684980345,-0.972832327460284,-0.213450978970571,0.0409047905564973
-0.724943075530093,-2.12195604626292,-0.339274176711688,0.784149893732821
-1.09723951889746,-0.156113910257429,1.32280580600479,1.1663944678635
-0.236897258851101,-1.95713682149933,-0.45115414697083,0.590586675285777
1.01289298630273,0.972607655942557,0.146492748111377,-1.82842223140045
-1.10155882951385,-2.53814227539515,0.462635010013033,-0.549343926781968
0.87508686066438,0.72425744915366,0.819625808401254,0.291579789524278
-0.543361285734364,-0.0641741649807013,0.724344451569248,-0.47788792663271
-1.325192575428,-1.75342624140857,-0.468967034033346,-1.20006598343246
0.634937003278403,-0.700191219570724,-0.39797882395944,0.51931462524945
0.730203038317124,2.71030435148603,0.99928635727184,1.37970472077515
1.16652154284273,1.99557262436078,-0.180265571895789,-0.0517860573720708
0.592739363493489,2.60119353199656,0.839494513617356,1.49955509628039
-0.042944645562958,-2.56210764633777,-1.95602937595759,-1.42881403197848
1.52101671163447,1.83563576022858,0.43301469535083,2.09860100321958
-0.437363048941313,0.623847837273388,-0.0596685210487025,0.407484720577286
-0.0852105629885052,-0.692899499197789,0.248147531611,-0.546076106413597
-0.330301353901466,0.41407383968865,-0.707018171007816,0.0989619474296711
0.745570489794214,-1.82180270319112,-2.30720021697094,-1.3059177919265
-0.375118978717076,-0.0656303307157324,0.757722867073733,0.08852145565531
0.651792945010507,-1.64145284788908,-1.75330568359439,-0.935799713773506
-1.43474421331532,-1.3301556647313,-0.892350312674291,0.172442186128584
-0.77915763378943,-1.81281499047014,-0.246673754246316,0.344627462107504
0.293401898890875,1.16512540130208,-0.036188826830932,-1.74712497737047
0.193904035749299,0.267888448517691,-0.1770854571268,-0.786452481427099
-0.699101702797779,0.664181310953104,0.0102454517320812,-0.269112237407742
1.39154886537592,2.59945760293387,0.944335367289455,1.68307367409751
0.81905863440206,-0.286354839409924,-0.21623323715547,-1.36023997450867
0.0861944196129517,0.904202478991664,0.483531814016256,-0.0814585199081836
0.295126009159854,-1.90576670515568,-2.44829534209353,-2.72440977006629
-0.267514353046628,-0.661219065727212,0.116916980855549,-1.38299405968231
1.21731707848943,1.9604955050993,-0.0539348358515315,0.597788642907429
0.37059370468417,-0.226985599232974,0.491027446760548,2.31945947672138
-2.00072094213404,-3.69284905142505,-0.559155131810534,-1.8071479458191
0.0317639392573996,1.19385635009697,1.0974900548977,0.0769343138551508
-0.049580863194301,-0.133723334536575,0.186910707935366,1.17237466887547
-1.01721427522611,-0.468598269055796,-0.244648504148801,0.633045488426346
-0.369167110386087,-0.665038433456916,-0.585535959800689,-2.43697588068822
1.71596712618676,2.14813718632924,0.949525530520668,2.20663557052321
2.5353470759734,1.70694219406283,-1.79468455512595,-2.88538766502644
1.08965841440405,-0.0172438856262029,-1.01556129878505,-0.924943820994986
-0.444511548722014,-2.10298304955579,-1.52568057035774,-0.0829483074697484
0.992464847289877,2.99647169205539,1.40105684497822,2.39712088632484
0.700825360379763,0.938778288477123,0.862899472968671,0.286507894212695
1.75761505825842,-0.299721859432537,-1.76587536607313,-1.12131644559432
-0.649686186643242,-0.398081923443446,-0.328768938691552,0.378975600518946
0.886951944467952,0.798939783354823,0.877258348663121,0.305595146199909
2.61914186876191,2.9344427476544,1.01026579357616,2.17622032827339
-2.10174407191339,-1.21100790839561,1.57851171405849,2.32816569117665
0.877830613013444,0.342727257621021,-0.0609392262422306,-0.475786231775993
1.32203281409314,2.64978107826143,0.757631561480636,1.86945269816241
0.488794899725128,0.0760433490415559,0.0471944131764409,-0.856763690729415
0.574214542604287,1.47056461646018,0.39135492693812,1.93786160832544
-0.754463268598895,-2.92852580914784,-0.77165086180385,-0.273755752866752
-0.735498837924477,-0.0944883145336487,-0.253341930424376,-0.343248511022614
-1.02513096565978,-2.70754724070394,0.120370381918041,-0.791399063073675
-1.71926236378272,-0.456826410423507,1.97309162062236,4.25444496782675
0.432840582400075,1.9741696400141,-0.0549746698298747,0.0114957346162192
0.110807156373659,0.526462082301304,0.832445528544883,0.340386233712816
-0.0294870827573422,0.233487531591842,0.408903299141803,0.576843757535292
0.157066617984318,-0.200094400926007,-1.19948902410175,-1.43875453429206
-0.413818125452604,-2.54697471961757,-1.62614262511536,-0.511884093786317
1.77002061352102,2.94307480381936,0.981775124441232,1.52970908242313
0.357371337321231,3.00943920584924,1.08520382406543,1.85258306284071
-0.0207384258951065,-3.7594796396565,-1.80605425349411,-1.4318440520467
-1.05970534168394,0.220889958260464,0.570535918009608,0.399663060798851
-0.98190628266879,1.33693752848265,1.31480344212549,-0.00402498770449888
-0.749614085475107,-2.88523082626436,-1.48520828502403,-0.959495957362015
0.469876168757493,0.21196020149029,-0.48151086356524,-1.0538800483496
0.916287002054607,2.12234417881227,1.66941789752559,1.73372803863999
-0.565954247517361,-0.434475253069346,0.514376955796947,-0.514474776818892
-0.840655349698418,-2.51958066500194,-0.907871113848211,-0.609230872184781
-0.730491776152422,-1.78366110587865,-0.624190130845892,-1.22583593013567
-1.08412632207192,-2.59778134176169,-1.03061380521311,0.371951168535352
0.1096292550283,-1.30667390777147,-0.468461233058793,-0.541742202986526
1.22445816022471,2.06347476548071,0.824637314068547,1.77428286570385
-2.60640737102556,-3.14993424892309,-0.902934659468334,-1.33192648740154
-0.079036298238285,0.655778378117994,-0.359207839790898,0.259778579217592
1.31101143367217,2.34821453855658,0.965899633240945,1.57023947183372
-0.788484767580048,-1.39413961643678,-0.855175672226519,0.262565474034262
-0.107854506831741,-1.34046695957093,-0.833000060309437,-1.15026153869564
0.794524440389548,0.797074275726161,1.07054108448762,1.42149222471862
0.365478048006868,-1.00327915699321,-0.172433420130284,-0.88601218439693
0.330255938989865,0.0374846514611991,-0.602468719265053,-0.520233118371211
-2.28682734659651,-4.06913366320638,0.481711024694585,0.737403252515488
-0.411092535280119,-1.46230816372845,0.616000154244571,-0.928212046898352
-0.188516883345103,0.15206563798622,-1.32208084828317,-1.27405322695359
1.06045652313553,3.51802529097125,1.60841426709157,2.53070115577716
0.318694623895251,-2.4581045033074,-1.01091662529479,-0.841513200573102
0.757946719392751,1.28223809228731,0.105284047036387,0.506935705174252
0.854643427914494,0.90817125629516,0.447721135288785,0.569453654175749
-1.44947500706533,-0.125798402568217,1.65262260777892,1.31509544459483
0.541795180391114,-0.315015013177548,0.458604033376037,0.0225507743416918
0.507768765250309,2.52921264131119,1.23514409192436,0.849774381449837
-1.28983936850713,-0.292003146300752,0.0470563501774088,2.86846710761415
-2.08729404128126,-1.59518285608718,0.093152785711568,-0.444779512598579
0.244182500604316,-0.571671384280808,-1.18093621380826,-1.75110483416187
0.457002597062591,3.2839483116925,2.36216477229216,1.91297232349267
-0.691778271959658,0.292488579476293,0.276828173697497,-0.104567877067657
1.02462607803102,3.8892009109907,1.63084236159501,2.35608798112863
-1.36797261452683,-1.76208773973448,0.232318704693706,0.33037125287343
1.93685825415602,2.40258448149663,-0.93431764349343,-2.1783189403775
0.615346706598467,1.445324251117,1.06247724405104,1.35688700777848
1.49020579147593,2.23508665594445,0.894996637624056,0.470317071685295
0.816269094898657,-0.0354524477588837,-0.601600167518922,0.182607952334561
0.34506568921283,0.653747856582614,-0.53396423966762,-0.83209259896783
0.392554733764943,1.48452587722484,1.26712834636362,0.669933080249637
1.28592362421824,-1.06183792247772,-0.746688743870581,-0.0273307316837486
1.11504094238332,-0.485003502715892,-0.558145862058465,-1.30883718410054
0.251925858650462,-1.39690132800714,-1.69736321809767,0.527726789203594
2.05156536164808,2.5485610961854,0.658540571379734,-0.855549439411359
-1.05322914728107,0.458157867800308,0.238557553684885,-0.833468306005952
-1.30335657970002,-2.94091039594962,-0.742680332896074,-1.15268208611605
2.4589646194879,3.13048380348592,-0.537821889263707,-0.790419848219526
-0.793413753249421,-1.21714914827858,0.12676659528119,1.25479220961371
1.59134943810044,3.69885648110833,-0.268592535927008,-1.74835900326181
0.821518197756454,-0.56545079564793,-0.775863205508173,0.369696593722083
-0.429274897536772,-0.196803482823794,1.94956904035596,2.17149846271123
0.0142960485232446,2.97104696800325,0.106080546459007,0.0528422473613285
-0.402439401426522,0.298128279267526,0.865004517562554,2.24613369430954
0.0986456856685551,1.04331547976372,0.458673461439985,2.65671119898961
-0.495890451579524,-1.87289537322022,-0.57243828542852,-1.27775723527734
-1.07420526214142,-0.520787771147301,-0.329540034729085,-2.17419782853512
0.68772905198068,1.40848842755569,-0.0596240540486255,-0.875538769028093
-0.293945093193814,0.564542043031367,-0.205402333452048,0.0781374175084508
-0.186111935954159,-2.48868730126581,-0.943872103094268,-0.24443208806196
-0.348916484836278,0.508046359241048,1.13176664986067,0.893045931737905
0.346742382412599,-2.16521520062804,-0.897135870808645,-0.307619978929269
-0.97984040002516,-1.16580219380705,-0.919526146590313,0.559356269126341
0.331478561341754,0.328186438374764,1.40826098448629,2.49399940991642
-0.518703643263045,-1.17229366256524,0.727966279617287,-0.142346697507585
-0.226804865490008,1.08318414932744,-0.487705869229662,-2.47589872892829
-0.493653343101893,-0.867888736285208,0.72115262190888,-0.141235681244352
0.0586544774230282,3.10124293304449,1.17731250935065,1.78865313184231
0.440206587745544,-3.34531101872565,-2.39041762595371,-2.06728458305213
-0.862736840323824,-2.57553639486301,-0.22999989107151,-0.373114746065439
-0.57098989603792,-0.102544673168481,-0.622024450078569,1.90051329209559
-0.129044919635936,0.152487255895749,-0.0413154653216957,-0.98164899868929
-1.59746531874765,-1.07310637294548,0.662746516077475,-0.141549782192558
-0.120267653136789,1.92154584207697,1.37989902334305,2.90749025702897
1.6520914854921,2.89410877787553,0.58391818126008,0.518518433292899
-0.362010860589344,-1.4429103235284,-0.0291201067079358,0.0582023845255758
-0.0392027396733783,0.301861309648026,-0.14508031162232,-0.133716052289378
-1.10066277271599,-1.28853152039446,1.30878395267386,0.923932297555355
-0.332948359833085,0.521790714635075,-0.529256136507369,-1.68469976324518
0.517466252726612,-2.4939002769955,-1.26106478032397,-1.01780321338777
0.785979287677065,-0.00805929976451336,-1.73840475680891,-1.67222233379382
0.158796932563896,0.897952761157166,-0.140147575684745,0.298179138771999
-0.2341836329907,-2.04881911644747,-0.658637088674311,-2.37041631934289
-1.17620695587035,-1.87442267352764,-1.22404886963331,-0.78980212354215
-0.0133385142955068,0.0719368391323197,-0.938227093953808,-0.609657556725469
0.309625731800337,1.77703746539434,0.379704036169504,0.86340932067428
-0.378627997285551,-3.22749761144781,-2.12227062879527,-3.73500311512266
0.947117144956565,1.00901533225515,0.621444971082939,-0.493212297172831
0.230409386366505,-0.291067131719377,0.0130151781898371,-0.568194048600342
-0.95351738967164,-3.06203859206919,-1.74346360044843,-1.95547709558238
-0.365080856171345,-0.0532870611235445,0.201633093566104,0.701087596047033
-0.631691645516097,-1.57210880224971,-0.683175183724646,0.133373031436781
-1.26745831573557,-2.6181378170537,0.15642875899137,-0.857625521274531
-1.13283588305849,-3.1439254654218,-1.24632872989172,0.206957644362206
-0.35119850177038,0.780139135738333,0.14719716522025,2.93154234323465
-0.743249928266758,-1.07999232424747,-0.0250130525128346,-1.38321479866289
0.148720204239057,-1.03601172059214,-0.891298224836235,0.39794330851852
-1.90948334050916,-5.40878603190606,-2.97410133696758,-4.82451332736147
-1.36530697914756,-0.727931991988577,-0.285993895505246,-2.04658788719437
1.37168518589256,2.56372059664671,0.572392899255474,1.8986938846984
-0.35821974791252,-0.579887037178244,-0.835020650831226,-2.9443755163599
0.258302523962627,-0.601675764205936,1.9892998371453,0.825652565941401
0.799707422445035,0.015320767815245,-1.38833860500839,-1.08321922749397
-0.0719821483293213,-0.76102619549566,-1.1803053985579,-0.739420601224278
1.2293183188215,-0.0524742711677577,-0.240759321225739,1.79323657168965
0.817466919571,-0.381617903130862,-1.41880887017829,-3.1854201566659
2.04529432339423,2.08033238682323,0.770196986070856,0.601429601976749
0.898615110514001,2.48052211443794,-0.948363939889661,-1.6853725493217
1.93038249378531,2.29684470206954,0.0481973000527509,0.316263153188676
0.0321189318202827,-1.89721334176957,-1.37345480120212,-0.952871858813562
-1.15812007223265,-0.948844976924065,-1.03757254544259,-0.315255760376708
1.07419520091432,0.354327314084663,-0.65763817961877,0.462771137023663
-0.305983267092639,1.33450103033284,1.94465650650487,1.89600018920301
0.482288585831482,-0.468037267945208,-0.543646263867572,0.544732366231951
1.74348458341121,0.0960474065177245,-1.06720689945066,-0.103407664658003
0.799182254853015,0.913290024256939,0.618702472606413,0.937424488724574
-1.4984406743441,-0.405591289648236,1.50455731327098,2.02391520388852
1.50970573441613,2.68717336014498,-0.896841819947043,-0.509903137143142
0.737178219980926,-0.266343331684657,-0.433650978029098,0.994707948385781
-0.102761799909701,0.177775723703509,0.427818147567497,0.232506115082117
-0.671211980232572,-4.47078782970889,-1.14851449953542,-1.90502404770978
-0.0377610079164379,-0.144386510269171,0.132727679347434,-0.172122411201302
-1.29463205398619,-2.37468054323971,-1.9700108901738,-1.4840910171068
-2.23987706472538,-0.249440295937725,-0.353172760224857,-0.926878878298283
-0.780464256764399,-2.57672642637668,-0.996377355882063,-1.43715292459937
-0.0351132589421813,-0.649715502322283,-0.904448402551621,0.495043488042051
-1.22675156454802,-0.672030408981067,0.286471388262252,1.6948810816835
-2.2359932644281,-3.2458846144654,-0.434320722386316,0.112135494972554
0.587619016735106,1.71521275200585,-0.157765677617564,-1.4444742972146
-0.780499853388954,-2.96308290931647,-1.06646129597777,-0.686504609215623
0.0461050911113271,-1.3805858476774,0.199769273247526,-1.43200890219406
-2.40861082199414,-2.84221234518107,-0.0608313197841046,-1.3060129528669
0.796288197203068,-1.42335572136761,-0.551459934445889,-0.703263438867011
-0.91623458628306,-1.8620726164842,-0.911855358656324,0.218767937516019
1.20369150153219,2.18039651560297,0.61061281946007,0.452668795694517
0.0660005845761928,-0.207096902311745,0.146288175783369,-0.683313448329561
0.21233159309894,0.671224563813907,-0.939688365314804,0.619027675729945
0.297255896187128,2.25528295853272,1.4294601319577,1.58628100568931
-0.106334647695333,-0.549086191443045,-0.54555228987484,0.842457657481474
0.650562036147205,3.64151000004589,1.13254747775479,2.13825690718356
1.91376317655418,3.83495302203928,0.0707848800262596,0.367752433073862
0.309818643925999,1.6560355076151,-0.900859148149272,-0.663253751552163
-0.12875036772211,-3.56443497324514,-1.60580623424654,-3.25740570083444
-0.212151975750984,-1.55974286374119,-1.21146206028462,-0.88399189809015
-1.19314939909264,-0.309322447827532,-0.029247694425108,1.74348668276365
0.175368676277263,0.289902628165315,0.119320600425009,0.707536098446576
-1.40921663376519,-2.43450854537672,-0.896822453686503,-2.49501752859292
-1.09286973835163,0.201132765824512,-0.116435421590082,-0.488978597165184
1.41437989460868,3.23437818221099,1.28493976075637,1.38279997217688
-1.5346947112136,-1.88199818235426,-0.0169832283700828,-1.04285616543025
2.13113878154731,2.56644016948247,0.0503535622173096,1.01821338619575
0.701720792195048,1.75555452677373,0.480214403620007,-1.0863707488471
1.76498441952636,2.06244107499419,1.40186537033882,1.91664815750966
0.452689408081667,-3.23553175025328,-1.75345995814841,-3.28827815377718
-0.187988743900962,-1.66252551974479,-1.25649389806906,-0.829990692285011
1.6895905176338,0.424795213590561,-1.7766441024633,-3.95734268362344
0.0202372234591816,0.227478923090265,-1.08880374510948,-1.50120696364019
-0.420809420822254,-0.00383601575397824,0.725908011140421,0.172932713364547
-0.580025192331106,-0.685343763819676,0.361108952883972,1.10828106723461
-0.545617365222827,-2.00732110593166,0.225453862685807,-0.773676358153953
0.449052046730961,-0.0934508481513437,0.113314215022617,0.888193353990344
0.394750837019549,0.449592574520163,-0.705369614684268,-1.73964750241882
0.0644186784680573,-0.937826327393383,-0.0844630228659537,-0.0165824902988812
-1.8254701805495,-2.02489719482787,0.253733721207594,-0.0996158576452856
-1.11699649029816,0.0761992011850102,1.15341458704924,2.03424088758859
-2.26485262133252,-5.22529880765688,-0.76462305465393,-0.805113404111866
-1.22013688500413,-0.992454088030194,1.14410364738126,0.456297954419657
1.84889391089167,3.01422504301008,0.650530494511519,0.189574147290038
1.52197810199733,2.20824622680084,0.66600602443029,0.3812689205298
-0.725157633773547,-1.28684820960103,-0.0286752894510144,0.917453322434432
1.24769642363971,-0.17408895387802,-1.4225833630145,-1.26220155483444
-0.137085886270756,2.30337405135431,0.433023689795912,2.45258543955878
-0.180399719411032,-0.433601969284205,-0.743493986588784,-0.852291316605157
1.0532763543993,2.56992716077249,-0.227338020197702,0.906486379459411
-0.129261086484958,1.09139424536173,1.92215330961866,2.9446326158584
1.20868496155421,-0.320330074352898,-1.7563978240383,-3.13610591724703
0.293306256787309,-0.315804691358711,0.327587267585719,0.59841886262454
-0.982709126904493,3.38631114940918,3.00073946325237,3.34233318205902
0.406421077190755,1.87036600026161,1.97913713533671,3.41904081946307
-0.0366781576033919,-2.6332625542662,-2.31811144845561,-2.65198767115319
-0.515967451189981,-2.11876400501866,-0.927957848872877,-0.184695182442652
-0.206680143670318,-2.09867959129352,-2.12999154718865,-3.31207328538885
0.00953260696301198,0.383792847491596,0.233201391655038,0.981081573263106
0.627762719235877,0.088892895328356,-0.197531748424598,-1.33386942442776
0.0711979675137326,-0.405033736886493,-1.37482046285978,-2.23651767539595
0.208829395829753,0.928224626507645,0.825645231793477,0.550637481714552
-1.27468078164756,-4.48279186855133,-2.11953979238072,-1.84170266620873
-0.187645639779104,-0.87344337442721,-0.0630251815762203,1.35521925713716
-0.10689441684917,-7.02372992939237e-05,-0.0244726525527849,-1.0454675896566
-0.360264411741534,-0.646832360840047,0.283328367298962,1.51254382821275
-0.403322068979549,0.156777142780938,0.393549449313199,0.887397848156564
0.0103764846363178,0.33742322400101,0.466657464479609,-0.33505819666061
0.00228251652673491,-1.90059390199099,-0.894451393002239,0.710008395001613
0.475466710989933,-0.429749702727975,0.0589030155916054,0.0439030366976541
1.43914342866758,0.492238142067863,0.10929543347169,-0.202234268246391
-0.219318993709607,1.74796886074482,1.46268549963493,2.26409924958012
-0.265653647584807,-1.75506221814411,-0.483622970590339,-0.222563297481658
2.11095253670689,2.35301994562429,-0.512701697603696,-2.11138769002683
-0.409013787435347,-0.237112205758211,-1.18022346598769,-1.84882095249501
-0.554464303860047,3.31103770339507,3.22402474539952,1.71579100843611
0.511536773877529,2.50086152977328,1.02378144581963,-0.237207092319896
-0.138032449761651,3.11111036953777,1.6697746008651,3.13950897429609
0.480892354161079,-0.857307249515745,-0.697393690166649,-1.52917245317487
0.77343442462608,-0.514092228402089,-0.817462950537758,-0.783924417985543
2.79615221495129,1.53498422616697,-0.771248829200057,0.204211533189165
1.22967981091528,2.55870298138215,1.29823326400067,1.16062948533806
0.94277554856771,2.70672115974196,0.832759691978276,1.00270037555978
0.306774234787666,1.86137265585706,1.49897123877511,2.03784861792604
-0.397852620668903,0.791511540304904,0.803147702593959,0.789585485098305
0.0503078888383091,0.256986648545034,0.268435406972883,-0.182971370177541
-1.03113604534316,-1.64014066033241,0.768526684776008,1.81698944017338
0.812694713853255,-0.460590738489221,-0.502059825499942,2.90575570751484
0.631402325720161,2.03828210995586,3.08912799673141,4.7296824841228
1.28522671969551,3.17633528530014,0.838846515094441,1.18029376970554
-1.00093298700262,-3.43039937951985,-1.28058661242782,-1.51997864339846
-0.26145289568192,-0.19566124070669,0.884287323237043,1.35523348497602
-0.973864227162523,-0.324966543975118,-0.409623461679419,-2.64218882762982
-0.210599397159724,0.241019332856675,0.8084350640051,0.425456083844315
0.212110553106329,-0.563240084955855,-0.694000771838951,-0.943962782398831
0.830355876824134,1.53152493197507,1.14133012338151,0.532406035918514
0.299609421665168,-1.54345659569043,-0.663233183098738,-0.670788679469172
-0.619767452404083,0.0938055393128682,1.21634512132928,1.51414458253232
-0.0893364268093194,-0.209850827217581,-0.654404633058203,0.734329574042933
-0.961339643286958,0.983196743726259,1.3536835836524,0.751174117406342
0.407181058873308,0.561105798394791,0.23087746724052,0.414736476793923
0.570586542317984,1.37426104105068,-0.176962481375395,0.922575641243056
-1.25221171998808,-2.62335684224005,-0.639791758319483,0.306592333248446
0.765068338506736,-0.953350213558408,-1.06183350160924,-1.77592109003223
0.934933177777671,0.670148059087689,-0.362915910848628,0.000659436220891985
0.651893793713134,-1.56790843496626,-2.22062732456624,-1.38865323129637
0.878122462983766,0.467650145864473,0.652351383850228,0.565286249704538
-0.942632613491203,-0.490082266917143,-0.269995140422907,-1.97727113595546
-0.892883072332459,-1.91069453624027,0.45614631053423,0.460008845062343
1.32572439283186,0.776544912034849,-0.112462837550648,1.41189420663204
0.728269589285472,-1.09051030642058,-0.54060341424847,-1.64094337934048
-0.305353538243724,2.34284475760387,3.75870218491067,2.27188768301195
0.598440212230699,-1.3199661021467,0.319657921687193,-0.794709468442273
1.81189244087244,2.15952282633757,-0.0180981878298152,1.26067526658188
0.188120359633566,-0.209402935719481,-1.3329840240541,-2.86940345687718
-0.403674188594264,-0.427672761767766,-0.379445641970287,-1.02638953908662
-0.581364225576029,-0.614606536449327,0.185658924640015,-0.0760366516599299
-1.15174047469814,0.4037881696885,0.624256654036158,-0.0611392255481995
0.205331495980426,1.267557571267,0.241367714250386,0.61388088961195
0.510267826693316,-2.42281318091566,-2.12344166200463,-3.69139850615959
0.172067784336622,1.78296749789859,-0.43288779768531,-0.783190017628932
0.352617724653494,3.44843615677299,2.28422294401466,1.57709921872031
-0.151257783865474,-0.109075741873338,-0.331581680906535,0.77565678022771
0.4706365393279,-0.251132508260563,-0.626978639205921,-2.51602527420146
-0.828003536019888,-0.667980857352543,0.139487694335088,-0.27343724239774
-0.221838047348204,0.755413560575797,-0.356021281593271,-1.67602112104246
-0.0393596647867588,1.23435686102509,0.733520295235429,1.83598521815142
1.32234516679912,1.13495799449564,0.255539951225351,-1.80607377133764
-2.05940676688587,-0.629625464505124,-0.506375317660573,0.949816257164017
2.27322552129472,0.530717243324893,-1.3728335116368,-2.59250531865444
-0.700420663154442,-0.811469818886143,-0.549596456739035,0.836171189587653
1.07925984220572,1.9089102397737,1.50342874055534,2.57875533156639
-0.265212222554983,1.67485765029083,1.289348491293,0.563248352487759
-0.28665224532171,-0.3543430980072,-0.39849896013019,0.3324136115043
-0.130085916841193,-0.892831105237393,-0.75306540183465,-0.416951014719043
-2.43751067763418,-2.07757924339839,0.206836815314676,0.436257185650688
2.87665790201919,1.91379706073283,-0.186681166709466,-0.57476470158458
0.25786882219952,-1.68767237854407,-1.96265687052134,-1.3047313359956
0.670083154984448,-1.95256268718003,-1.29463628584979,-0.216040660835797
-0.594443778600514,-0.262155854814242,0.889270903521936,1.1357972233132
-0.722516809421962,-1.87922699207277,0.184784617115057,1.32469846410487
1.35372676264559,1.3370261368649,0.234553895357258,0.55054995255736
0.790071969027246,0.30977427100977,0.222194730599144,-0.782091139869944
1.11822295318091,0.440009549236545,-1.0309796667375,-0.447535029636962
-0.315362893659983,0.0731580292358003,0.627158673496787,0.0188970858698003
-1.33517617751057,-1.39206092555848,-0.104004528138599,0.494344453660785
-0.607538380044804,1.32539486669465,1.87781681062947,3.20038611107586
1.6635426569481,3.37703394118516,0.346606839608011,1.07693063678175
-1.56976222903096,0.215479714336395,0.614229324233158,-0.416368932978203
1.76913808237755,2.42522442936359,0.19883838437881,0.0502314091992825
-0.490518534680324,-0.138341933336155,-0.980839980767069,-0.490858209032774
-1.5673129497094,-0.849311324963249,1.27173384868016,1.94888295424067
-1.13725258782334,-1.68783782439333,0.386618692358636,0.00339757784497441
0.34980959236678,1.93247613037866,0.355443617664732,0.958883204005071
-0.286656645792744,0.239015191396711,1.56913604556288,2.20520593457177
-2.5911211112012,-1.88419122606564,0.625267849225275,1.24838814962868
-0.3680965734985,-2.38978947531705,-1.31567863455915,-1.24392848475592
1.57093734002844,-0.941557807679595,-1.51149972634077,-1.69623738563194
-0.34255432503709,1.51834376366199,0.152884954573007,1.02368183952162
1.55008979733247,1.78134073438492,1.69626548137183,-1.3378939347197
-0.68340939000027,-0.0647405849436837,-0.339095372487462,-0.716750373741699
0.740074238629989,-0.702836622721758,0.247204791177068,-0.0286586610630586
-0.347568912347544,0.341711166385146,0.268797414396878,1.34337743166212
0.907751994137112,3.37325204196845,0.693328513981249,1.76808387450732
-1.8488982829034,-3.41441317881442,0.921084290677395,2.74292441008475
0.20363405422316,2.37278535030519,0.931515247782737,1.54614586797292
1.35685169078362,2.76942244175022,0.671969587531062,-0.0279113856090683
-0.844464389347822,-0.31732454252096,-0.316709606350773,-1.26428795175606
1.6570126031443,1.81530313529593,-0.0168363941279013,-1.69248129319615
-0.404593940625821,1.18308162265475,0.556232861233718,0.130512252474048
-0.562012414705507,0.483935399030638,1.02295790548947,0.265288059103714
-1.10941788724026,0.0700425334429902,0.716738194086456,1.34924876221293
0.568638957574351,2.16738622399635,0.544869199909237,-0.732551916578478
-1.10654264517322,-0.175099725358148,2.02288004203004,1.46286872071157
-1.4129372208871,-1.03008596844013,0.325285853577607,-0.723891513558941
-0.253258038403011,-0.490012182780993,0.250606624709817,1.83218764124234
-1.74282166875534,-1.24929351694474,0.461249801702357,-0.0117492475712893
-0.887195626050205,0.821517955308547,1.07185293481195,1.39849020094836
1.94979547041335,4.21348789846597,1.08960684095406,0.444740997106162
0.047122023023723,1.18652144999311,-0.278298727696236,-1.51787833332909
0.85695788807293,3.05900442681732,1.64400972264726,3.11675842140269
-1.62194417002268,-3.4792582557587,-0.67706307441372,-1.37744487752579
-2.17613954465878,-1.14350636417771,0.0798301606529094,1.39717653841536
0.959564457402416,1.05086427710506,-1.34452988442547,-1.12033519270864
0.0980073948902846,1.21605814152549,-0.497846411178346,-0.473770079522711
1.62163486309893,1.71414503119626,-0.435134817977142,0.985979225620256
1.04355571570756,-0.342630827992507,-0.654703562506351,-0.724130402007558
-2.22199424682279,-3.65567044556682,-0.452748522404033,-1.2726938930273
1.20288886088497,3.33874416871829,0.894920766766214,-1.52107373441824
-1.01817498879413,-1.69786803327284,-1.16005449655597,-0.657395563476619
-0.0874637834141067,-2.19216720007887,-0.56165691103494,0.0560224391413452
0.260475840118837,0.675629795935615,0.692035969670394,0.988401575378321
-0.682576350488643,-3.66533580570388,-1.71227699334712,-2.67127488951629
-0.767014137269497,0.999587704219127,0.759017960295574,0.137405426448837
0.0117492153499145,0.277004557939504,-0.4830245736886,-0.842073739413899
0.269816245309787,2.11099364923771,0.858538381189452,0.946587708515034
-1.597252021361,-0.328751289220455,-1.18237020677071,-1.66248966163262
1.77208750669294,2.53141155594986,-0.539064360146625,-0.725234369959138
1.34694791410306,3.31206527061712,-0.0477630980231768,0.501371687746404
-0.330683240161081,-1.04513692167307,-0.274364622864437,-0.181231287425668
-1.69237277060883,-2.2490868571219,-0.922482422343857,-1.66328006432592
1.0248092804366,-0.00974779095392697,0.395988675347021,2.40937402094643
2.01791891031711,2.43666535169479,0.539738400155653,0.082595037397812
-1.11751900190073,0.275708863018731,1.41915970888233,2.0610125950161
0.162385595774799,1.29392505218656,1.10176037310889,-1.35135465218837
-1.45651571975901,-1.32525818232186,-0.684661796005822,0.336604246971016
-0.499899180846013,0.36652060115606,-0.0809573588873593,0.951039495990132
0.628483509656444,2.63848384268835,1.08789948331834,-0.182839588881005
-1.44957391980052,-2.21348242199115,-1.23007699867744,-1.37583942053976
-1.09663822216684,-2.5098497432539,-1.52872055935087,-1.0507174972395
-0.352978497577479,-1.58376000225817,0.404460324080951,-0.869392149674978
-0.54258334394923,-2.17162710825659,-0.802202160434661,-0.248505393213855
0.0179318735696131,-0.226115719298353,0.491119148844863,1.58029157673238
-0.116838295035402,2.79490800328722,2.48611020802721,3.02883647265515
-1.96357218904775,-1.52719962111335,0.980175268570762,1.79085632432283
-1.27974801114515,-0.0249142495440537,0.670789898527846,0.60430502011596
0.146858364488578,0.356217605942824,-0.269101513674269,-1.95121301639053
0.468036730259569,0.892258611711774,1.61765444775822,2.06797324472507
1.44942319012099,-0.253617165455474,-1.31491424958984,-2.60199206441688
0.586975202630348,2.42450616195602,1.05632545445559,1.46628702796618
-0.0243112845911205,0.436516036645589,1.18051343060534,1.32289349817279
0.605870895730325,-1.28528677707673,-1.44024523442218,-1.25839544563143
-1.09838671255217,-1.27689254574582,-0.965616403304745,0.18561339904952
-2.28515562507822,-4.0616293430116,-1.22479287182939,-1.72216526591974
-0.244057232450315,0.693233956289043,0.488418453512216,0.688088629058373
-0.293948635045302,-0.675782423417953,0.907849980179127,1.82820702106365
-0.821342697424071,-0.351952225533463,-0.724712210529297,-0.879495615005928
-2.24457530408932,-1.24689867590352,1.22595142878754,1.48252297850024
-1.36588819470312,-2.40951839414262,-0.70261674873046,-1.21959362976026
1.4922422055699,1.08162114104935,-1.66867059548047,0.175885132909005
-1.11541324807164,-1.93648059220504,-0.909521907000086,-1.36337004617282
-0.02235455818628,0.638893858216294,0.948356318909301,0.0810391446711145
-0.340972999920453,-1.34574767382846,0.114314629271393,-0.169646747833539
1.6864853826376,2.56173946174662,0.044673832826669,-1.95614505912555
0.144071118945159,-0.880557940104352,0.488778738932305,1.74120260650547
2.02723076017641,1.69844829064421,-0.691603287866242,-0.301813390211141
1.04504549464797,1.90926955478424,1.09631124207843,0.0272782451082001
-1.54754044061895,-2.07989360826873,-0.597517922606868,-0.91258475545978
0.108306582350392,-0.936802504692792,-0.47921835784104,-1.43000032944938
0.458109487699554,-3.09478826966627,-0.931736991872392,-2.76896043846478
-0.631549410083922,-1.8870847440529,-0.522001481648057,-0.142634078564837
-0.385779462158999,0.239727931792406,1.09681571381948,1.43059365914761
0.0276314120457617,0.80295225409954,0.888460405161367,0.992030159191313
-1.92787431742729,-1.07090694906858,-0.0958558723129708,-0.898805662666728
-2.13982675801654,-3.94528866155094,-0.698167945267881,-1.14737649688721
-0.718784678929352,-0.16333755577896,-0.0788927577695527,0.754424132151212
0.436311667305016,-0.305268684474154,-0.965168944536994,-0.763146918198267
1.12880122213549,1.11705667757293,-0.334104028513468,-0.101646028187858
-2.42540084828577,-1.75162328681896,-0.707650650961421,-1.59453065337054
-0.216331462047608,-1.67343277236662,-0.196736488596768,-0.235174424799657
-0.912677303699938,-1.06305267903891,-0.467015258087378,-0.567464666700775
-0.59457736609661,-1.81348799731758,-0.210505886660817,-0.205296385785034
0.9909431214383,-0.452568954821065,0.519998396815614,0.605336176229863
2.01439167588808,1.39036542178596,0.425905019189819,0.885923463189021
-0.330182455901361,-4.26988191056104,-0.44241249293836,-1.16861332658112
0.0485534518335418,1.99695707523863,0.722391334262091,0.167127697690245
-1.74974518988657,-1.27862529657624,-1.91081403818987,-2.07074444559722
2.75417077742337,4.56822534870804,1.297217185457,0.448329961931823
-0.0314302730181347,0.579217389182334,1.24982968299928,1.63368837171464
0.710693889421326,1.87213762546356,0.726729746488072,-1.17187348307898
0.461404423126582,0.329415274317556,0.31116101795663,-0.498599597003316
-1.25936035327719,-3.22814607514604,-0.914812363785004,-0.330208605967664
0.163848022770205,-0.711886356411657,-1.50197990965712,-1.43807281579311
-1.31638254173628,0.239429502724473,1.00940287239875,0.886090592680681
0.0994854077381882,1.56446769264433,0.0203953132540624,-0.417591397206916
0.309249009765272,2.74979156041882,1.75207168793644,1.68197397273356
-0.970127460534875,-1.0600483727484,-0.72560534516421,-0.117922007234743
-1.37496120142794,-0.550895142267231,-1.07059301751581,-1.89644764335654
0.0605687990826946,-0.774009445575888,-0.731312243401841,0.133802255210726
0.100214275587541,0.261171658067962,-0.169889000246118,-0.494468185162125
0.10655280715774,-1.78926846713571,-1.2313148373074,-1.35581317467207
1.93157594123468,2.63971923934777,2.02791086269836,1.75790132121274
-0.616474652092026,-3.28333990358901,-1.49474970068853,-1.44170225672774
-0.562567479099863,-2.57813707143024,-1.57294916132995,-1.35813196806151
-0.989963124982774,0.0345857419298861,-0.300212282309103,-1.15396296884078
2.73122759641428,2.79059841753579,-0.764373488581798,-0.723128404134858
-0.721666216835527,-1.59821505026904,-1.1161571217615,-1.11237645850373
1.33350492080387,3.7172036034978,2.58654646009518,3.18984917514105
-1.2200080568157,-1.60867868007176,-0.942218562666475,-0.871072607911165
1.40177629587353,3.53650060893043,1.1948731280978,0.408621733182605
0.332223376591772,1.67923651613946,1.42716598195669,-0.378217115573954
-0.818473974431801,0.0977508180654054,-0.478742111330258,-2.21818034123775
0.307817188760134,1.25467174959433,0.641961016014358,-0.270043902691663
1.13365063401996,-1.80264310675186,-1.7010484348607,-1.86791941480022
0.932778906368962,-0.156565604860703,-0.403866131143785,-0.264850798926675
0.224101310094798,0.850049929239753,-0.552259228917039,-0.43676528059774
-0.417810000420847,0.155597313925764,0.49038696166971,-2.35189686898445
-1.65033133574558,-1.52096486839434,1.41126614572136,2.57676153944173
-0.979387905516037,-0.802371338562841,-1.36984770545162,-3.47484328789335
-1.10782537474745,2.29202680197182,1.48225269049809,3.16665860819269
0.610910498640866,5.10435997801437,1.8055621150251,0.630613300690376
-0.427799008498503,-1.36983429580005,-0.31206446068215,-0.309953915487893
0.493082448235863,-2.40923307725578,-1.56761797682969,-1.15256154054217
0.770204909163766,2.29319466355991,0.54510481006362,0.574603832286372
0.885916485284128,0.590307908026337,0.102749178988086,0.294621780037826
1.83770151297992,1.47289695790204,-0.790815711621128,-0.876803070485281
-0.402359265957749,1.45004194054116,1.89059573142579,1.87804278179294
-0.31975728444561,-0.290047892376257,-0.722244668126845,0.210171715293465
-0.68871720702933,-0.22744837453092,0.222712296571903,1.3226880852212
1.32108027016545,3.48174835215021,0.429685274995017,2.06635798933596
-0.423828509853688,-2.79362400827152,-1.51674666250546,1.49071962889416
-0.0567439355194486,0.593057852888966,1.46232006714673,2.08538637726272
-0.605719206990329,1.46550181529826,1.85424359579931,1.45932980925388
-0.256515518720355,0.462254604862682,0.553568885952044,0.920456456259762
0.301264289054999,0.525818249265805,1.17494107281627,-0.170924756476412
-0.938623287222427,-2.80615088590499,-0.590425060755459,-0.459912706796227
0.942810450886935,0.866400708108908,-0.29888685566244,-0.528208388490531
-1.17216064922394,-1.6393841251829,0.557080775880168,0.318156103121057
0.851867378533281,0.883584520807191,0.316999049445457,3.3700202582421
-0.682883964834335,-2.57271399005736,-0.813321885328184,-0.456603761618518
-0.909865161210238,-0.858973121142789,0.0680752135094036,0.260834981290114
1.15519900929856,-0.386508145783687,1.23808290715514,1.3916564195361
-0.0127412398388668,-2.57078069527631,-0.72366912257151,0.479416283981271
0.214527564653384,-1.04530872277952,-0.502022070470047,-0.723783026096022
1.41412060923193,-0.917246596821744,-1.09993401753859,-3.03318560679465
0.772212683455612,1.0223706483584,0.755254846000747,2.65726458554615
-0.0818480949276593,-2.00539182708723,-0.811696874798196,-0.913560054687255
-0.950814613153964,-2.83941399907699,0.580543471094356,1.14640491594693
0.264128901997677,-1.06987556239497,-0.966158492224368,-1.32045149001344
-0.374781459067382,-0.881574102634504,-1.0217635666018,-1.01826380823337
0.830167606849592,1.10853262904051,-0.0851903506522017,-0.482735264537122
-1.12370301324877,-3.65441004509717,-1.23476174161146,-0.151902773037685
-0.687796343471404,-1.36769178527127,1.46299608562963,1.57037584877058
2.85563219584061,3.0609388397584,0.287566643281326,0.224118005449104
1.33788081448491,1.58536149862234,-0.328050671058629,-0.258874224028742
-1.0660926459627,-2.67951377561102,-1.40409575427755,-0.632498630058344
-0.508651476370903,-2.13171811854254,-2.3800937394718,-1.28901707960955
-0.111310058871381,-0.00516893541450392,1.48892350293618,2.14695159378773
-0.747390555298622,1.38665998505501,1.80426415601003,4.09663680376121
0.879551968973754,0.816292893004161,0.839066718278622,-1.15470628919886
0.249805640961243,0.567161749564945,-0.964201435776396,-1.05269736717087
1.58880322390604,4.42052187912808,1.41359995316529,1.17821373488717
-0.108035938083723,-0.420041211848558,0.813876848188159,2.4275078607268
0.891097377033371,-0.335405934722156,-1.32173041197965,-0.106947630867391
0.343356828838383,2.53004650242923,1.78902894575633,0.0171928272395723
-1.41436767855623,-2.47330139765207,-1.7155376815242,-2.85447361759036
-1.39990439302273,-3.26806393730648,-1.91391299676717,-2.00614598964988
0.0800346103888094,-0.580159186793689,0.532012080399321,-0.44730165673906
-1.77302414557006,-2.99008095644686,-1.12091454713458,-0.628959178664786
-0.932775933376535,-1.97662098284024,-2.12090894723196,-2.6032053575473
0.678924942512418,-1.83226417107498,-1.31852613845707,-1.49292794515532
0.687114384170281,4.2823798630257,2.93047064752159,3.094706954157
-0.45777057756259,0.131095888369008,0.50742050320771,-0.621245248095666
0.050773163258731,-1.06981744425019,-1.34407081642939,-1.05255769102545
-1.17270706565925,-2.47020045197111,-0.456779445775396,0.707132095664421
-0.107219808269581,0.769441558475954,0.421074240502661,1.86848855454289
0.899814674861503,2.07307700706894,-0.316408548093104,-0.508196089627069
1.26847907766537,2.85571024200923,0.359468408613115,0.390112757492687
-1.25989386090851,-3.53357966788027,-0.259211302326239,0.153166871597785
-0.354116013504932,0.996962076260136,0.863591616883932,2.91610499218705
-0.149213946554368,1.85263420808884,0.819529076986392,1.05551102929394
0.1580816314315,2.02456778101063,0.938005395448737,0.589833913424184
-1.26399714708784,-1.91481466585641,-0.185776375475575,-0.354006817621734
0.161404044761488,-1.50084246235529,-1.58519482817666,-2.45571366580611
0.51472868705439,2.20937202008184,1.88188047115849,3.70261099775084
1.59746007712937,2.70392735382161,-0.477161427697492,1.96394430203313
-1.14718367231977,-3.19909504875675,-0.481325604940184,-1.49152700410523
0.564562675352661,2.9732509077578,2.46352877625045,3.00202687247981
-0.315699337700348,0.0627581809940863,0.96714711842264,1.08491709816235
-1.7009655266184,-1.89626235959743,-0.0990055489723762,-1.89907861057578
1.9671369595236,3.48509991451111,0.704903214586862,0.471088731414345
-1.01190955863675,-1.33277293382445,0.348033389206094,0.964588420984991
-0.688797603116195,0.475154759100901,0.156440966144589,-1.00922077149758
-0.30480301741785,-1.14711742310822,-0.467850992472928,1.14989330507867
0.300662681562663,1.97274236830763,1.2566405258944,0.234732366282781
0.128612706520254,0.314757608445775,0.69383675796334,1.69704484734492
-1.516742785059,-0.501389550909586,-0.180531501984558,0.761472141803906
-0.732644033424552,-0.803019502408911,0.771398282411697,1.69358546053262
0.636778583696575,-0.674689542406139,-0.0116410709047272,0.372392779581346
-0.906603335123123,-0.25116836035923,0.200127251400578,-1.17404100946447
0.215868419209663,1.56760600804931,1.46418655279435,0.228236734720352
0.103450083280567,0.805705124144209,0.365380227900092,0.205357732724587
0.933628623879317,1.21661252886653,0.374857250240043,0.193832004964525
0.621857440749203,2.15778058805671,0.803652644083687,1.02992552802533
0.356581965450373,-0.649617707658644,-0.495217781330215,-0.6268390134893
1.02414104637624,-2.04380172054097,-1.09709498839654,-0.952908344087781
0.327753419798105,0.928361864105181,1.20176356934497,0.29443770945136
-0.823234252860533,1.2674608549005,1.28686323173471,1.99018305610187
-0.342103825923919,2.17481815273814,0.777485523033594,1.21394259089463
-0.681447369264277,2.73307787655874,1.09050020679782,2.02803200392431
-0.753549489480274,0.902097583529916,1.40784995013727,-0.0151452812756565
1.20502249361866,0.79918607015179,-0.526525601647434,0.597060007528823
1.00429078162739,1.0367824468733,1.37179290167155,0.69715540629845
0.356034726399369,1.08897044662001,0.152059065952029,1.04091592910431
0.00580874995606991,-4.02792553738285,-2.34371824010617,-1.63910284942838
-0.0114839971409539,2.90422276278628,0.507189141627203,0.79204351990496
-0.513406232059692,-0.697487076571543,0.346502601408186,-1.08250632282625
0.488364731393483,-1.3036715418652,-3.48873364974963,-3.2407635493653
-1.35921613330402,-1.72757835494343,-1.02699598486781,0.868566910312395
-1.16525681408776,-2.98082153697898,-1.07932999538506,0.184342032903793
0.664101102222058,0.388508664571903,-0.345944364614187,1.16742950591868
-0.831663758083232,-1.35034625717699,-0.29699829431883,-1.51540090068358
0.770413798592557,1.94540577992411,0.428153241220653,0.888212885986855
0.0946142881902217,0.312217416182215,0.455037535123293,0.804035168989724
0.227042415977635,-2.31665508314515,-1.9730953786041,-3.91591126639744
-0.21501379608893,0.468231754512362,-0.102588946317618,-0.564129714132203
-0.482469833728551,-1.93417674811812,-0.618111643784725,0.113615399317737
1.69609897184861,2.27135916062654,0.27194863192341,-0.378640626120636
-0.388478599012128,-1.3869697715347,-0.177051843439896,0.246991490402559
2.45669883347514,2.96733659964716,-1.09335908117157,-2.2597887976054
0.247744508374867,-0.35352943065565,-0.612848473272388,-0.438331533376555
0.0419511022534994,0.683589807385834,0.590060280788041,0.666009589966533
0.574445533378719,-0.70283106571193,-0.485796239283828,-1.08554321558595
0.731720465459601,0.552185889508658,-0.245740489568261,-1.31001276700814
-1.59409421398027,-0.661759691245495,-1.42765707288971,-1.58161627923677
-0.126794642034607,-0.182703686526479,-0.0419264070172528,-0.0148906577915239
0.194248562596541,-1.2930636118745,0.298299365940451,0.623257004659824
-1.28742723934792,-2.25160048594165,-1.30493155778784,-0.870307831965041
-1.12103626320921,0.666703941540898,2.09269348061631,2.1659075916197
-0.570905575956379,3.76074066140284,2.00751309978942,1.71697833160232
0.53798077203192,-0.417047592206838,0.317250238793303,0.99050700084646
-0.477770219192277,0.643458774705254,0.831851544128698,1.02577822674943
-0.912499128316006,-1.39890510803461,-1.58402224134408,-1.84237648522038
-1.49256507532022,-1.55632418343279,-0.0382836837449545,0.520020460474718
-1.77449710135692,-1.56941065039635,0.376778954240722,0.568170474849102
0.714266468154715,-0.0386358479756248,-0.65819461881927,-0.725289232138827
0.796783614123055,-1.88630142653548,-2.38482120001433,-3.00986561911861
-1.28814106111043,-1.7610154302797,-0.17823452768314,-0.405063887327602
-1.04701971761892,-2.55028438124739,-0.313080927046939,-1.69698324627928
0.0730981708785506,-1.67798397014445,-0.246166744681241,-0.442318149755586
2.03606614755932,1.39334078824345,0.0294471212335251,-0.433493102510436
1.7603031186228,1.63690558460775,0.640360543573562,-0.322026499598395
-0.356535429283025,0.905446037113138,0.387534509987863,-0.518706345612709
-0.736820333046201,1.36336612473945,1.16527218065415,1.94635809006572
1.84888228611145,0.209559302039404,0.0878857671331893,0.384668396271972
1.49031868247623,3.03293469220552,0.393968336132216,0.205938762182978
-1.6472888143601,-2.67998748301326,-0.221986425986099,-0.482845069794041
-1.17476957310044,-1.94926851915794,0.206674453705904,0.411182635389738
0.728057429429186,-0.975753267821993,-1.66630195331808,-2.72430939772607
-0.161774946875865,0.634497215467497,-1.11235972588194,-0.623016363908119
-2.5699537413089,-4.38040266758578,-0.341140029780629,-0.24418489142026
0.120741029712653,0.928082442667661,0.73700442891931,1.16673895852348
1.60017748706764,0.418444835642852,-1.1887698852746,-1.13603287928075
0.0248641914366479,1.6207002062156,-0.672598735377545,0.442120863116564
0.892058478064377,4.04368121729047,1.5759121689807,2.32650619515133
-0.858131716529239,-1.82433337356049,0.584011477588624,1.43419255644954
-0.101810415569687,-0.00454930758875571,-1.16090145278038,-1.91873803234469
0.948457343100097,2.04794830557927,0.356625877051523,0.884865405567654
-0.146484001811181,-0.533721344727257,0.511647183555437,0.75322647985413
-0.0647367544867058,-0.715859415893427,0.501949468818561,-0.711854040101113
0.183009680001701,0.333339406400832,1.01309800224662,1.75361531371558
-1.01063637716624,-1.66610618954682,0.54908974485737,0.899040670556755
-0.821506857532294,-1.8783099778322,-1.8238530892938,-4.14040463773639
-0.437910370275815,-0.804926831026158,-0.349436634716787,-0.701107483776818
-0.979455779426929,-1.33524397069155,0.532690295768409,-0.841777264005242
1.14247427213288,-0.04695442968656,0.235610530839058,-0.838101158621961
-0.877908641199135,-0.075146665676461,-0.41713640676869,-0.515658829190958
-0.116039291388696,-0.13688390788006,0.212858741244122,0.935560879932448
1.35386629062724,1.67686033115737,0.468513634056249,0.208835633330987
-0.431238285014516,2.13509851324963,1.74966271909705,1.83957510114168
-0.725621771106494,-0.00918234608191579,0.503902796852563,1.10464522186785
0.216502338707061,-2.03542350824279,-0.894982956561099,-0.0403581665154564
0.0293935654501282,-0.0021339645658407,1.34939451881723,1.52288000825642
0.200306196660454,0.432963935030255,0.239666067796666,1.44716128338138
-0.941384623080908,-1.38871530920995,-0.50361285827767,-0.738202196448743
-0.68338051537653,-0.283242256972075,0.906577471965724,-0.994626231535743
0.601540968385125,0.00149248080026099,0.923052949258618,0.406106584774142
-2.64140336962956,-4.18369650476899,0.862847120888639,0.201848640166664
1.21885322017479,1.98105098079244,0.502528229933621,2.06465307745915
0.279199980173356,-2.27599667941805,-2.00604938057235,-2.28238650650662
-1.5127886237054,0.00990714907512269,0.952145554988694,-0.147470299877535
-1.90031990216184,-3.53342203849948,0.485236218259384,0.739453797463218
-0.93503526025574,-3.36989583365805,-1.58529507646219,-1.29131364244034
1.07851475241984,0.1886873243901,-0.451347037678474,0.133873436640322
0.374128474836182,1.84486033746211,1.06717868439934,-0.304783467163799
-0.261977368410672,-1.73300725247514,-1.61040060979739,-0.905206789110308
0.229025130933627,1.69237607856099,0.00150950512906395,1.30912187991594
1.25656459723885,0.297344871608091,-0.352065227573766,-1.26006819092463
-0.113728589959477,-0.0540644738381597,1.34360062741589,0.486329121921575
-0.199816957010028,2.26757732978473,1.85901422641361,3.84034548408608
-0.345858341240486,-1.27258363643032,0.476588581948094,2.02366920500069
-0.204148084802336,0.606105132719719,0.786077783606716,1.05692499008634
-1.9714757483147,-4.41629787270329,-1.31844664794505,-1.93008780678846
-0.153690108826757,-1.60236846753023,-0.0458582608171539,-2.71003541075332
2.29763347842826,0.769391587224381,0.07791585453914,0.646343568190794
-0.133940755053897,-0.945968895996547,-0.765834390319304,-0.775852031198654
0.656093014323482,0.886893098776153,-0.883768754309926,-1.46180716438645
-0.366786336919446,0.0162431968685623,0.0825470445754398,-1.60302035544731
1.49510684536082,3.31737334226586,1.70519491399045,0.714781123655963
0.700709320185201,2.6278035621148,1.17992409887454,1.59669822091475
-0.0797415096723392,1.14447604242146,1.14467248716782,1.39907570822826
-0.349677751121195,-2.04061501928049,-0.957319406367518,-1.87407022655416
-0.455111082624204,-1.57282084421099,0.0396125729469163,0.621390806159528
-0.804131371658257,-3.309814558805,-1.71813678519936,-0.668905565153249
0.545881873798785,0.849428411201685,-0.147900386898042,-0.256297667525358
0.238412057811278,-0.468178436580595,-1.06635006508454,-1.88841906581181
1.08651270664772,2.53983436105591,1.07625519738837,1.91681236616823
-0.573614838023666,0.28016049672727,0.264568722120866,0.59066629491289
-1.51901746274587,-4.72359942471996,-1.63874795190339,-0.45060553413293
-1.96111626636912,-4.56969915469491,-2.38216783272716,-1.41043039705533
-2.41936693619108,-0.685704623050351,1.35551912136363,2.39271289246065
0.755967695726303,2.15264173677955,0.105967425192198,0.00332730946855959
-0.0106082409057623,0.94984228360959,0.36778172465295,0.754269947867606
0.69675190397018,-1.04588631511934,-0.902852692033459,-0.757574096367863
0.886306853227149,1.52700321694775,0.364206516832646,0.664094606943493
-0.619177890800688,-1.02749571643503,0.0940542086032026,0.993217396224801
1.63244336784396,2.67838304030529,-0.848801729463573,-0.501725259815724
2.06552607354441,2.65724017171076,-0.0544978895040415,-0.0306985224112997
0.157661880813428,0.204912158411977,0.0381146719701006,-0.305975932902245
-0.236958966288291,0.0682934704256734,0.00113139334786223,0.679231584798229
0.606351451698603,1.24412080354904,0.381545428470891,1.82442311347865
0.899038534314755,1.41318845145479,-0.157430913798854,-0.158093453893384
1.33179937853843,-1.12558899352313,-2.29561872701119,-2.77665543680759
0.728032354879278,-0.634562057343156,-0.144614839679821,0.643516640630421
-0.123870480920649,0.870774215332325,1.13088443156588,1.57555287710252
0.357267791562067,-1.23655928497397,-1.05462106579919,-1.23974925548324
-0.400223447523533,-0.354052229123187,-0.514649787301312,-0.186323445753468
-0.923899995999578,-3.06105519325468,-0.444864153602971,-0.747258494229435
-1.47755249342347,0.814039797947196,-0.621566328045277,-1.11618556100786
-1.42387548715762,-3.36903050779592,-1.25517535610875,-0.457992782201542
-0.396882708263241,-1.34937613683953,-0.190421147225314,-0.168250611788066
0.539525417489703,1.12269552655862,0.632742658438137,0.266846092311062
0.989925278957654,1.99006967888123,0.614398996355601,-0.172761363220736
0.13046595661558,1.04880482840656,1.5744653716573,1.24359255139559
-0.239932876236106,-0.313002556014144,-0.3689932111038,-1.70865942204875
-1.79419866706166,-1.8441803976858,-0.603328645876572,-0.15502246589632
-0.246306213737041,0.492983800845619,-0.0179485451090518,-0.792230605704199
-0.874361427984959,-0.12051154436,-0.453305882784834,-0.960748581261315
-1.32394291795171,-1.77839505016826,-0.100730315937041,0.709747084797101
-1.09386073881893,-2.58966914149857,-1.37432303114862,-2.49339932404491
-0.419069823453788,-1.15860330501521,0.608384774769986,2.73291419260269
-0.360438128158331,3.19962936220567,0.310089322911606,0.782738842138298
1.1538041991761,-0.530184643606114,-0.830439998382474,0.124713232479747
2.21125797572726,0.837923720149153,-0.989187791863216,-0.293910084882884
0.482191063633151,0.594763659643433,0.266072386535327,1.79164712179449
-0.112955053240497,0.693752636214871,-0.551474204542491,-0.204775300675603
1.76878922795446,0.695604129275667,-1.27977363026924,-0.462220234594691
0.575524643402625,0.213607303911008,-0.368260241148345,-0.173442930378575
0.243161804868445,-2.01767725316299,-0.477128398216438,-2.08802985448861
1.21588131541271,3.42989580365533,1.01661423183602,1.45212257717715
-1.58124693531926,-2.3984814883037,-0.535607066275276,0.19237654026823
0.398335400093564,0.186191762774667,-0.127203579647324,-1.39382585882277
-0.00225304660849869,-0.559987674371581,-1.33684995962434,-2.3206865625894
0.920243200965198,2.92150551135422,0.924310713789578,0.555558612368385
-0.822015122438086,-0.502974324399017,0.168967653714443,-0.407091326158719
-0.562532138772236,-1.27958057274975,-1.83072016490382,-2.03532742549522
1.05022926564705,2.48595089686661,-0.424455265422842,-0.844840446001309
0.34984755487834,0.318884131854428,1.28617109906856,1.58724172773724
-0.778805694855359,-1.56966918594602,0.910011887251871,2.51053472696941
-0.843057131273291,-0.179363366941184,0.471279886607758,0.428447367642409
-0.768814894379527,-0.154574972904984,0.478659186089807,1.0115980589769
0.321711652207346,0.19250143891354,0.0655730110692939,1.28184980370416
0.760301034877906,1.83099931791783,0.218572981144214,0.292450315274454
-1.28076654297001,-2.75138531350453,-1.12854092228146,-0.221449065502025
0.620576863210951,1.98286882446802,1.4980218090473,2.14789414451919
0.398092156339235,0.225761150886842,0.736863236514602,0.456436710124785
0.230523279729319,1.38170789928859,-0.648244993760752,-1.04404655243759
0.202769274327134,0.632702103512723,-0.313053444375798,0.96827516808815
-0.632544779228728,0.920549499901393,0.1270434475662,0.327627935786898
-2.0660239181441,-2.33865477978849,-0.577729747130139,-0.851401610117338
-0.663410608856541,-1.6970239477781,-1.98806503592053,-1.31277944523598
-1.44428510959734,-2.80053368270732,-0.350211692836177,0.268669691614674
0.0661416117731214,0.203321968423101,0.325698433778054,0.532632276653961
-1.75256709837115,-3.48426213513762,-0.633243935854472,-1.25034127405164
0.236079843815358,-2.23808862919019,-1.16181459662339,-0.525800449614269
2.33868080330414,1.75597074011308,0.341085961809691,0.0799624614836118
1.17715630554953,2.08234411152727,1.49290472356967,1.03424802673695
0.994975849161267,-1.15864291807575,-1.82804349997189,-0.697685347808869
-0.209262712083274,-0.541536393057429,-0.519170744903308,-0.838687721898673
-0.667173324473446,-1.75958454436303,-2.15793946977551,-1.90864468717287
-1.42510976620799,-1.54931905949286,0.417823077154339,0.0528044416966948
0.61456461082951,-1.89436735313067,-2.15181269387271,-3.93293892582246
0.77277385506915,2.71105216728411,0.505907041130269,0.353021442485158
0.840243055022055,1.85020883908461,0.425492092677152,2.0489928525479
-0.647999269821226,1.41589846791094,-0.107884423123469,-1.21240668725893
-0.368801785825359,0.178284765964426,0.965198889914943,0.484143972956897
-1.48961774709949,1.96621373993471,1.20028327418929,1.69934314926258
-0.0224598983379802,-0.778748336763747,0.600198863607494,1.89819789927746
-0.927238281210885,0.352742562676865,0.883892713259939,1.86823331679714
-1.38652042532914,-1.15532194375058,-0.816374310894839,-2.09086524079623
-1.15917075640814,-0.687296725814292,1.09819414133694,0.363296803619543
-0.123430997248666,-1.94998719728684,-0.993682918522681,-1.24437826752155
0.218780170521759,2.15760186847872,0.943574388401312,-0.0575560707362156
0.871948836241069,0.835742746102862,-0.0877359018826185,0.193144147058431
-1.960198087156,-1.56436401042797,1.48522136670344,0.366053286154196
1.54586239576362,0.497860193569116,0.57834836627896,0.309883142286199
-0.902890459503686,-0.327370372008766,0.0255015274225819,0.00591181547494328
0.334972187550828,0.58471133481669,0.439239357911501,-1.72555424149397
0.984026281148403,2.97275231649779,1.17931563764683,1.69563342108887
-0.868241655580536,-0.536953422977824,-1.2836623374816,-1.97160558977832
-0.953292218799364,-0.0410776177039668,1.74872236476405,1.49602029816554
0.217359613390943,-0.378368289968736,-0.342328141628427,-1.09555920142534
-1.19747941386161,-1.87604331450385,0.448571223161999,-0.225986077123953
-0.407965040790188,-1.3717060496763,-1.82633556379423,-1.87690591420054
-0.95550993719341,0.791087095419927,-0.268830813151999,-1.53063806859332
0.271008019551193,-0.387353901442083,-0.285481182324328,0.600143953386788
0.712934616629111,3.79680036605882,1.02316597025411,1.84414262821318
1.06180425143312,1.10333252491492,-0.479308769832557,-0.000322899202214066
-0.316195157972198,1.01377006944465,0.979063388455402,0.90046618897374
-0.0880240957467753,0.559998797387655,0.836336607471779,1.44365705354403
-0.0796849921683568,-2.27836246148536,-1.06548994199424,-0.674372533241694
-0.0501948755833782,1.76671821992229,1.79361920823269,1.56284737016645
-0.209034253375517,-1.37560624310805,-1.54041505107778,-1.50116682078582
-0.761976899872655,-0.302749034778879,-1.60458269649204,-2.59904331182979
0.189614562420076,4.96507509340003,2.46512599290116,0.0577174809397096
-0.600127234744181,-3.98707291820595,-1.09024441443029,-0.475310253994189
-0.034221239568543,1.20923510541025,-0.372275305176038,0.869378056625019
-0.0878866637644295,-0.971016656117487,-0.591671518225976,-0.522528213321831
-1.27091418665937,-1.21072660017749,-0.268139809902297,0.334470466947458
1.15802353891421,-0.636588566053265,-0.302424289730984,1.20649840722186
0.190795641104453,1.97944310770757,0.755623412767075,-0.521183116817326
-0.358887269291022,0.310006804869827,0.03372227377904,1.66081181521295
0.511902703010455,1.08433118654051,-0.0123097184543384,-1.01034025708205
-1.05907222915694,-0.988019602364735,-0.096201055319104,-1.29228516326044
1.88144611621785,2.34356407850936,0.000339028843009322,-1.709239314778
0.50353453675792,0.232625256048969,-0.110147958547601,0.00561429992120389
-0.28842457507049,1.26608491986286,0.657699420655724,2.10062606269608
1.1320007304553,0.543500279958522,-0.0851031057370472,0.0887024629357686
0.167702416609913,-0.634075385781862,0.698399309213203,0.0373056466632733
-0.587688844477514,-0.8905114199797,-0.0305419172919021,-0.146825508611077
-1.40214194223294,-0.3523471307727,0.82980815010739,0.92712914732397
-0.0407567735657095,0.208797439514619,0.709004684344409,-0.499718508548814
0.62080922392487,-0.788842690171605,-0.960512832855085,-1.17695684171656
0.326506447943823,-3.52216754682506,-1.14211953409851,-1.92048652716669
-1.39688788966074,-2.93537101974695,-1.53182201478806,-1.07448293420544
0.419340099152551,-0.715890150400197,-1.17074535397601,-1.34247161206373
-0.554368233598434,-3.24765676954113,-3.0192473993389,-1.88332371510535
0.00923235007480759,1.01342525022562,1.67830264147817,1.32485606753117
1.24722079517353,1.79583965063422,1.0177401872645,0.15792161494986
0.334538947956589,-0.280990656670259,-0.847489712368616,-0.468873557176098
0.528365893331736,-0.250764942588617,-0.527192570583897,-2.67163144535725
-0.830871491172082,0.58580884860691,1.87103881982921,3.41958441539344
0.223612481734376,-2.45464725441186,-1.58921463635568,-2.53712792980805
-1.45412596549817,-0.833038190018178,-0.0219737574916709,0.924726706077462
0.858150932568371,-1.11908665647712,-1.38177848279104,-0.778094132375597
-0.760901110511738,-0.898143398857268,0.434702574146849,-0.355967313563381
-1.21049104230613,0.922403132350967,1.53774967628795,1.42537872961814
-0.859463003166384,-0.82703738156751,0.718538717664251,0.491712723631551
0.650458344602447,0.323243455088306,0.448420584560588,1.73053399476616
0.185347792806808,-0.140166445204335,-0.823310374101921,-0.335911913661207
-2.04381041883415,-0.678701572884313,1.41580437260754,0.164438763606093
-2.17611139512561,-2.17428089700617,0.149370314441286,0.587140825479338
-0.396248469533164,1.80782756886519,1.18912303684703,2.0755303795155
-0.887506795970201,0.691282546922328,0.653075287390667,-0.416945314437265
0.041660916344768,-1.32396670861196,-0.375068890369522,-1.638079795701
-0.547550995150125,-0.711399386861305,0.482556565499061,0.292477254924737
-0.433759528684946,-1.04500388208763,0.0162399691250788,1.06009543065177
0.286616164909266,1.25192062945093,0.622536199519519,1.98465483473581
0.654957323035016,-1.46876215936402,-2.06225749639439,-2.12609916504395
-0.409712105369356,-1.55639746744649,-0.40454412442981,0.150285984905153
0.463385582088643,-0.481425248776815,-1.35216983599558,-0.456166803063239
-1.82074096882308,-2.20650582502545,0.373998173494512,1.10023347960388
-0.739163424385538,-1.07962868176907,-1.0785153552188,-1.56738594085845
0.28035543019459,-2.1861856888619,-1.17814484138736,-1.32043466706026
-0.375555790494756,-0.136419900822252,-0.457523413272717,-1.7202083369694
0.6329324490232,1.12521504841827,-0.681523979672688,-3.03305871030378
-1.15102670336922,-1.97681775949376,-0.515286630897666,-1.47220860077841
0.789033887907806,3.0302331101626,0.298414029762856,-0.209301550567811
0.782209893486605,-0.166544235573255,-0.0623848945864132,-1.01289133235484
0.179126189648139,-0.81233324363358,0.23556964221055,1.1826271381918
-0.0681510428488901,-2.18282856566083,-1.20897630886904,0.289370396464118
0.890872869947121,1.55026074764791,0.323781798425944,-2.03207533495033
-0.222757479027716,-0.405899147294893,-0.704817319879379,-1.90320400520262
0.289666792024323,1.50223128594597,-0.108302910925919,-0.46319013526124
-1.12751512523207,-2.5839514245072,-1.05168133146166,0.0707316917483787
-0.688512368293608,0.95799394511722,0.319820306964688,-0.288251922489863
0.386096528033124,0.660935397794369,0.525427862195559,0.608724617273963
-0.595013508563832,-0.826819671151987,0.118115036233742,-0.644949694012469
-0.322201199533701,-0.322564942341413,0.108517160184286,-1.54099369905819
1.08399999860691,0.756049948535978,1.16123353932977,0.0933905784245823
0.170635436753064,0.789060968709714,0.544096331502313,1.25430741757829
0.504957384369937,0.946200931027724,0.874665999234131,1.45283407324004
1.01407224206668,0.428734968833705,-0.374090401972358,-1.48340315675208
-0.258084352699566,-0.472273106739013,-0.230889663472814,-1.99222900694262
-0.316449025549578,2.81532894265976,0.740424530564052,0.585263379929026
1.04147104126466,1.37967803512361,0.157832882767018,1.81928091563455
-1.69682911453067,0.5605375890138,0.38555808426476,-1.17598245743281
0.376149180553991,2.98469561493427,2.09675392632377,3.74425386841916
0.105297364443002,1.50414967999042,0.967560833158317,1.88612639374168
1.58348943852212,1.65504733426847,0.678149352721401,0.110410462082346
-0.178307545829416,2.73127653269412,2.24702532186388,1.36893451671298
0.202332217113348,-2.1153914081358,-0.893819727285209,0.240171529221493
-1.27585609068917,-3.41082466039533,0.803031952730453,1.78632854137833
-0.345277937542351,-1.52822764315618,-0.554912430086976,-1.13244384525819
-1.10241927400424,-1.74068750410676,0.347837515622011,-0.518403538483665
0.595435702652935,-2.24589748175862,-1.47208480191066,-1.58856564769712
0.0821182602211673,0.385341132526931,-1.10188884968121,-0.290582002598123
-0.335863783095145,1.18525410497292,1.06433972347611,1.74298888711346
0.26073628635401,-0.70708361113195,-1.4610250263657,-1.6434725503298
1.36236308964837,-0.866445222265253,-1.28036453744155,-0.745138992847562
-0.662071868830573,0.413474065206235,0.381299238060427,-0.299843266623298
0.524255375449068,-0.91015751157037,-0.544143997429494,-0.529593038718342
0.0321332997736162,-0.315051900789874,-0.976410826807371,-1.16609762514337
-1.06072548131257,-1.70286413943223,-1.04032086223346,-0.700060334790721
-1.60656546264203,-1.64148351318196,-0.484975203099964,1.39163070683635
1.25853244423316,2.81122870227389,0.956047677965757,1.61873896651264
1.54366298645497,1.2913887122824,-0.306665350627314,-1.03882085611662
1.22649315953572,2.01041893834404,0.745498508635366,-0.201137168534615
-0.981747032251174,-3.28018628448736,-1.24018697425273,-2.171851191919
-0.363498766874304,-0.203684322526762,0.094524853988318,1.73563408435342
1.9397382112248,4.73589682096058,0.155124408322118,0.59885482607191
0.753133344268838,-0.355232984883718,0.128718652216353,-1.48506349392531
0.659715381126055,-1.58101305576769,-0.891590020488789,-1.4582998980341
1.83338563927545,1.79709639839466,0.0343084150452005,-0.947117127431597
-1.12773975727151,-1.27306579535727,0.760341625646571,1.01362050746028
-0.479468321246097,-1.6694499606506,-0.0163536996652726,-0.205443141874351
-0.529960426228721,1.38588263739314,0.412540747025194,1.14162836450936
-0.416411467120504,0.147224452837741,0.699261420979919,2.76976809331022
-1.08929797195475,-1.24328905100751,1.33716540509173,3.00402813648542
0.0930274584041338,-1.99775102300427,-0.0606708330018836,0.49496966069834
-0.203372516664839,-0.86356336649144,-1.30506729792124,-4.09908651012926
-0.929463553541532,-0.0533489693097685,0.847802294417501,0.237126027807834
1.85310485514469,3.54325003730364,1.39672336849517,1.60816015044869
0.0611866912141704,-0.0611377874737284,0.00266276437689838,0.587437530870953
-2.4022450006031,-3.24118418238584,-0.939296597788975,-2.67536850021194
-0.322903378907228,-2.20038716036522,-1.3643166283043,-1.24431411133687
-2.56288361445495,-4.14414369375812,-0.814138872982947,-2.75930759724697
-0.242534860483436,-0.388255671267842,0.132480651189364,-0.988536754832355
0.376843997823719,-0.505446852986963,0.164971200764974,1.02652364679042
-0.553859846756625,0.335923315470554,0.246658514831651,1.57325496357692
-0.0336485450885563,0.131989005149387,-0.1874763048803,-0.583025185338112
0.333204120174688,-0.0585694619116354,-0.624232735933648,-0.364374329967592
-0.384683790484067,-3.29382043114907,-1.3353968431067,-1.37841787874254
1.37827697306183,1.63852793903685,0.902781963865489,1.62383266008145
1.87925888033808,3.23916027277101,0.356265561009714,-0.0235932533432319
0.813175288295526,-1.0313215503509,-1.45194649602172,0.202501468583915
0.965959015380923,1.81984089056278,0.135315297735819,-0.812699978475266
2.33704462224211,1.39647781443616,-0.0513520179963304,1.02295523637606
-0.132883355270555,1.06781033271436,0.983101247888497,0.46085488666645
0.174188372701235,-0.984818821631868,-1.44994683079488,-0.678767195293984
-1.55443055760649,-2.37583970217063,-1.64344866103759,-1.29287876768315
-0.0631004897890033,0.0662278606482475,-0.110064640596734,-0.40382647157307
-0.537828540251592,0.641438319591047,0.856743018260408,-0.56926942855358
-0.140945406484342,0.183047757010406,-0.0613838510169975,0.605966845959004
0.125883201074421,-0.30704925261257,-1.28970476534557,-2.18126543042784
-0.133209611269102,-0.561960021288011,0.757238672685337,1.23525146759609
-0.284626370250634,2.89244546079984,3.2688405844091,4.50291366889006
-2.48136649975324,-4.15206311063542,-1.24416896148017,0.934289282572433
1.2177148424057,3.09512844401594,0.559220505862135,0.648756711725877
0.630501715779473,1.46550618174635,0.354510618784276,1.05430266225187
-1.80062446141038,-1.86587205658608,-1.40557015804478,-1.85944551117429
0.0326423002521111,1.3603001889706,1.5731386594686,-0.0418651772009324
1.43410888088952,-0.916842988687648,-0.408691198321911,-1.16839728647065
1.78030900479632,-0.42029410465351,-1.71663907189235,-2.65627526682493
2.46498118464281,2.24750520681457,-0.769186255238139,0.25802596107826
-0.555006355682593,-0.678474217257806,-1.02886167417094,-1.72326758034743
0.952152257141813,1.71662373591447,1.17511005171335,1.83258135877329
1.41517118631539,-1.69949442691856,-1.92473799570298,0.018692158825518
-0.76820519713097,-0.105246058738258,0.629148594100597,-1.4735611909921
0.583194803930856,0.903614548217319,1.21682453778974,0.137714500526969
0.304565030630141,1.14231598609736,1.5543671666788,1.12783688722053
1.28051955049487,1.18603165424305,-1.16850819581016,-0.152635453888627
0.256226138368885,0.180610179326152,1.82537306346615,3.49409499065356
-0.246422434798604,1.60150935087595,1.53036001864983,0.905399950048795
0.486042211568252,0.648531357976768,1.14462429817987,-0.565034529659816
-1.06561419174068,-0.95239091313141,0.750084243049579,0.93181560764177
0.66338102445058,-0.421610061585544,-1.64323703330574,-3.56169489716865
-0.363516601237867,0.0853754024384892,-0.359737346650129,-1.5245971308967
0.455079666741384,0.910877435909975,0.241604184803657,-0.243695723759367
0.230298394713335,3.42334386853608,1.52053093195264,1.56728224385752
0.281376331053815,-1.28488932295672,0.0109104086398813,0.421994320022721
-0.723796592811481,-0.704640625332762,0.244477478792157,-0.115022282082015
-0.108716629689404,1.22414793438006,-0.530072379589668,-1.03782517021004
-0.435721216865031,0.410299006856999,0.827116716233195,0.413545286708337
0.598600133304074,2.26720542473393,0.450881940981188,2.30008420210496
2.01610944062522,2.71187608085845,-0.36400364962037,-0.424002012352486
0.563476731622319,2.49255814365142,-0.242340219098479,0.145864611875165
-1.21618332537868,0.872082689058415,2.7350790669639,4.37646057366323
-1.16957038076527,-0.342230045687916,0.00180756989880118,-1.04422709503483
0.0257490726829556,-0.461646416440753,-0.763931627251631,-2.012064665186
1.00157006052556,0.752270966470934,-0.0904710832802103,2.1013630141445
1.41746832526845,0.0578313481170339,-0.469169819039164,0.445268806948292
-1.10770575620358,-1.51454664348663,-0.318113245692981,0.500161856810433
0.104173314026479,-1.19676565745617,-0.702787064698346,0.563059747742772
0.130189639728881,-0.149044487367732,-1.62673177941087,-0.962888953560531
-0.110472152179726,0.958897589398388,1.55621442694483,-0.317751896254994
-1.24000877378467,-1.42142835025714,1.11051279434386,2.78810212187265
0.62527030651308,1.62323352510467,0.77420260247708,0.164364085337409
-1.91299361338521,-1.98100850768838,0.507232890329628,0.696165714109668
0.688532605465397,-0.743813602317125,-0.419630366495707,-1.30541040586855
-1.57936082726653,-2.24219183618861,-0.528487917930389,-0.367962132489548
-0.33786205649429,-2.35258105969584,-1.42521509144223,-2.69433052438553
-0.147132149218408,2.34085364125823,1.73298966220907,0.52775300029846
-0.673635433725076,0.0730500545688096,1.66085181444233,2.44947804290759
-0.56862777638454,-1.02536091540223,-0.853436096336616,-2.85777055412547
0.470856491744196,-0.391044353883613,0.269055932086966,-0.9547674632455
1.30133671890066,-0.964179146522084,-0.860970363310031,-1.38561018423876
0.0367091285508964,-2.45516430912593,-1.51778056185181,-0.692633223995528
-0.59489481967054,-1.92475886495188,-0.0170631769389326,1.98459979037159
-0.665288295486097,-1.44920746912891,-0.684333227901009,-1.3986520188209
0.716171020744132,-0.0538750885109989,0.159890973794978,0.0271667852355447
-0.463724144904189,-0.883308275241519,-0.264213646005807,1.01414461993488
-1.54744029363507,0.494281205093835,0.678553011969061,0.235092153938268
0.0439291238351563,-0.661285253565493,0.271591853829369,-1.87261913903517
0.910228113381331,2.46981972813302,1.29097622048728,2.18412611125217
0.461405409517311,-0.41847929969699,-0.883765754345527,0.270370909810573
1.70969004834188,-0.341413039258478,-0.820501333156169,-1.62358285944149
2.46837768986266,1.83995426816911,-0.0775073006026627,0.572366800423606
0.624965396265617,0.991977319990077,1.23358613866689,0.369013861720696
-0.178922411057878,-1.73835195746568,-0.985267201461378,-1.65630610477466
1.26988761058271,1.99500659903156,0.469157524778227,-0.747601113538905
0.746612801542564,0.260397257050423,-1.02476913792071,-0.935214707150162
2.12011465604253,2.70625075947546,0.953040067538586,2.0719373967964
0.346639842831973,-0.420824872703319,-0.605258958775329,-1.51955903622367
-0.164468216305523,-1.59045156078305,-0.0374993148509481,0.0347257157032658
0.842020047405752,4.07281316861477,2.02345618313585,1.74371537835096
0.221226598435007,-0.139530790157892,0.230879756202367,0.79243843971761
0.40502274460841,0.465095746318822,-1.22070794183059,-0.123734686654194
1.34542640770443,3.29124557425362,0.659804404128919,0.0673767578529267
-1.27027219721358,-1.02821938009199,-0.142836283797994,-1.22945382800256
-0.597198444968736,-0.44956838408348,-0.16509221951795,-0.402621308650783
-0.717915565480712,-1.30517313018999,-1.09556519061716,0.308367042387391
-0.914485926976796,-2.04270836161994,-1.99683715025919,-1.12812310522771
0.0573570002308713,-2.18176416733646,-1.49843569185612,-2.72249763136921
-0.475388856936791,1.47870976004211,0.727558147436896,1.32871627170999
0.683932460581424,1.78972481363764,0.508402388128627,-1.14879569049551
1.28805666267176,1.66633774802655,-0.463242739979752,-0.778215626445765
-0.682199457053933,-2.57152707206243,-1.25616855350646,0.576421562142108
0.41302089455888,0.42794971927524,-0.27079942670004,-0.0858016536633188
0.315551383888632,-0.975958429974585,-1.13364951956009,-1.70536302002724
-0.933241262679818,-1.05355095806688,-0.332607103851486,-0.722652328814738
0.256015837873084,-1.35516396765083,-2.75809457214525,-3.44055028959085
-0.785015750479333,-0.331698123113265,1.55687507758175,2.70802767985913
-1.06360717929563,-0.0197280905750534,0.171740753479914,0.208690288340064
-1.83193106471071,0.786178400879586,1.73259561513057,1.6200378644107
1.71372829226929,0.393450798471884,0.526050537392761,2.55574130915329
-0.126452386770776,-0.295966252087325,-0.720905478080276,-1.61300434532798
-0.333683776934348,0.367518868312109,-0.667106947446982,-0.522025416914765
1.43215449095927,2.33546673684772,0.48818949113309,-0.347782412491813
2.1326311434083,2.84712802920941,0.53002074638718,0.799828797107339
-0.722358707119447,0.324671871872724,1.04188616579943,1.28554074895515
-1.21525913870257,-3.59449281053213,-2.0482802346499,-2.25007167441793
-0.0780872618765368,2.25364582342983,0.963492143461327,2.23256457940298
-1.45260841246455,-3.24308333976114,-0.983371919845122,-1.34213388463528
-0.620994710460696,0.173623888002223,-1.51931665422151,-2.46594434847996
-0.102232528260429,0.999699482794476,0.888025591005611,1.38226868857802
-0.524494562027447,-0.157407780273163,0.248166796668722,0.480242333457779
1.68459299015518,1.18487740255466,-0.0173521614900293,1.24484042066017
0.233603929023991,1.02254514666193,0.174052216824553,1.81431773072108
0.122876092183552,-3.27430854404031,-2.15902609748709,-1.60964516931066
1.67204034524049,2.46995344810646,-0.332808452364369,1.00624562681038
1.51049750921047,0.946501997146379,0.157632145598444,0.446240838046896
-0.31692912084142,1.9430274697269,1.17940355675113,0.56700680117561
0.012039174475276,-2.13084834799771,-0.950716690614519,-1.7393078628641
-0.961403422541013,-1.66351323659831,0.0504042108729149,-0.824269457665041
-0.686957110580947,-3.50346127629983,-1.10978888890054,-3.29167313828505
-1.44621434077422,-1.53669003472441,-0.230976285627022,0.334552254340104
0.653788380431656,2.91996617044252,0.916733312468817,0.734762739014345
-0.227686995035828,1.47152309364755,1.51131544051803,0.677412375993565
0.562839998634633,-0.521100753268668,-2.12095639027538,-3.50259016074862
-0.211542410101104,-1.49491478125697,-0.551195553171275,-1.39014139564784
-1.46268213153585,-0.961506689131877,1.86604372869977,0.556846719823188
-1.06079762249479,-1.95461059316041,-0.906169741460993,-0.699995334149531
0.74609172904997,1.88913904740505,0.330293745569932,1.63724052464825
-0.76489475746182,-1.9573873326228,-0.734221717292391,-1.27138430687057
-1.42357523909514,-3.12695998106603,-1.19332328271383,-0.36106124946638
-1.61960383249504,-3.25477000115466,-0.0394981543975574,1.98157920957634
-0.594152334385808,-0.550099566696993,-0.122690641959627,0.116393788534199
0.34502313809593,2.26158494738519,1.26343653138181,1.14884434290431
-0.346796365813345,-1.65188944807512,-0.864640719465519,-2.46695201950685
-0.530880531088904,1.79150928733018,0.698466959801422,1.27814082304682
-0.0666646061664831,-0.893575401193678,-1.06945620356222,-0.726227215885135
0.0794890652084485,-0.421689991555262,-0.407809087050526,0.903914059480675
0.940990236326795,1.74128177347979,-0.0321616946259076,-1.59625258865478
0.0647066762840612,-2.13836883762563,-1.34169827243981,-1.55163707478239
-0.130505868911008,-0.16046370986753,0.262691728975604,1.71503451379831
-0.369873049860792,-0.150775585275073,1.46621864186845,0.0473227205244244
-1.00710117818137,-1.04441679217093,-0.304215660504083,-1.48309970478772
-0.1257033524832,2.43156455260094,1.10976326698461,-0.101550505102897
-1.35354251851651,-1.37209037643902,0.238713388846355,0.575164724268282
1.46552871508473,-1.14012689157732,-0.911039057417619,-2.45133364283384
0.203787276187021,3.23273095684079,1.59840262941003,1.4018782705537
-1.92000981436504,-2.5470219076713,-0.256096052904736,0.121117843447522
-1.27395335206445,-0.492236322196993,-0.327969507955583,-1.99037740780363
0.702036338664699,2.69720369900289,0.739376436136258,0.516532001845197
-2.28536578865846,-1.69947661759629,0.103870411692079,-0.564071122977595
0.685716005889443,0.385070714068692,-0.010427587825442,-0.349258880696596
0.30202847008572,1.44419385936783,0.98040907318945,0.536562597101989
-0.716940986060072,0.31107753643543,0.5680382277635,2.58053715035032
-0.579153939323905,-0.472057878237493,1.49775471174541,0.998716896514447
-1.3002266217832,-0.8776360473607,-0.146601129341026,1.5942768967368
-1.1834570898044,-1.84300071457552,0.634693354605294,1.01276587808512
-0.37580209971237,-0.565853908563956,0.0991362756391141,0.697271457534439
-1.46715816851894,-1.82375793367557,0.264565999945207,0.84205303953148
-0.29534071752365,-2.05778324817695,-0.343534906119111,-0.922859342588765
-0.563146350959796,3.36354353389393,1.90343374909061,3.49008062402067
0.153260029111805,0.909855867303409,-1.00603378440443,-1.44622954337122
0.503901185897899,0.716951919537867,-0.170764879506444,-0.243688290104237
0.258476908578493,-1.17369927296671,-1.12479329785686,0.0789425895812117
0.614697488208148,1.01701199761193,-1.0416589295623,-2.94489407395017
0.160094274201771,-2.33794487871265,-1.09914135894671,-1.49874440130462
-0.640466491526046,-1.36393426939114,-0.603792738252701,-1.0970947778133
-0.233938704629529,0.228917945003164,-0.419643838317679,-0.403244193432668
1.35888034274285,-0.223439328186955,-0.922242829044619,-2.13070660468737
1.59687567752888,0.0866350140275935,-0.747561944211967,-0.0490993583950515
0.457860118821368,0.327660893402957,-0.285479528416564,-0.709281494077224
-1.04272333297973,-3.22077101160655,-0.9751558334232,-0.290613602925349
0.329987877105239,0.603114709413045,1.51929313826948,1.0589938022772
1.21939120301322,2.46737132601703,0.379881502695578,-0.199748798505024
-1.10075212823008,-2.12138786146264,-0.643761380589952,-0.845170745571144
1.11498948343497,1.31769362221604,-0.353772649480495,0.212423144039299
-1.53756366394407,-4.94898367628842,-1.10824247495899,0.0143852527133128
-0.203313606686545,2.77088664521979,2.00806166582838,1.25579762115604
1.34150598090498,4.40367526940192,-0.0420178704269282,-1.32994575374221
0.0351879419126054,0.643054985624492,0.723683527233936,1.64395782494626
0.681345263149107,-0.0512850648049192,-0.290537375290523,-0.861307362231491
-0.116591580815723,1.09884023921927,1.63303751723875,2.04431321782094
-0.786308081147235,-0.629062730470615,-0.0336814294450382,0.348306763230905
1.31778834411764,1.22772406196785,-0.588968119084041,0.660926910500181
0.350563246343412,-0.68773833323202,-0.2831443463456,-0.830046676220429
-0.488563801389508,-0.32961016613282,0.144265483267306,0.443193489818815
-1.25867113777206,-1.49557389129008,-0.18362233547805,-0.325101019740449
0.312971588921384,1.84747567545166,0.62464872379139,0.349445940113308
-0.394710441345343,1.62343975357178,1.24802544158633,0.485999072481237
0.722693393080594,-0.993492131647039,-1.24373251742777,-0.923876279987676
0.999897620171259,0.592413401275644,0.13788579559944,0.980870112779623
1.852233473603,2.59883435714336,-0.244819009184074,1.01840655189032
0.0065404683838596,-0.0197934662536541,-0.609120733286077,-2.51351042833064
0.160221120293133,-0.814262444747369,-0.161876150628855,-0.139918911842044
-0.395748429101235,1.08513730079243,0.341465183068141,-0.106301147373041
-0.709500666830606,-0.439892868136134,0.130611982011178,-0.351077399129852
-2.36336321758309,-3.02729066556248,-0.140461173268747,1.83435329174228
-1.20439190211267,-0.864749376507091,-1.5098359600929,-2.53166194469833
0.637169798815484,1.02417293337681,0.538394086291186,1.39195512442131
1.64665633701533,1.93117583847752,0.580896498393318,-0.808559355893102
-1.3876894791056,-1.89660082406723,0.503746005017119,1.06102560166263
0.746666457080023,0.679403882366092,0.431243687197292,-1.56581821768559
-0.431940329300806,-1.36059806621672,-0.452350121200055,-0.717336415215913
0.791188389379138,1.3920665240135,0.552570486547047,1.12029400467178
1.74346763310756,3.93055033824325,2.89738932549056,3.05686011305096
-0.959487015899567,-1.00755179527433,-0.415681427260853,-1.37379998524628
-2.08079796010662,-0.911281594861943,0.650948029447289,-1.06211389260976
-0.297638918071916,0.323382996174189,-0.134336048075935,-0.979903805823534
0.690919985688461,-0.525150908334334,-0.235310899880328,-0.367657695509884
0.95014908761975,0.936897389059179,0.335491974072959,0.801345498704908
0.487902117360953,-0.518439636082765,1.00609962976349,1.63814252016285
-0.132968301590482,-1.09488226850959,0.0161689036561342,1.04991297138771
3.06750081588881,1.85868924293563,-1.06357995547401,-1.88034049819544
0.959280552944111,-0.700126469126543,-0.917219406398942,0.0243135779181591
-0.383700947309097,0.146447095940934,-0.14518253235022,-0.543101829148218
0.175652378029223,-1.0169153015771,-1.51219000752041,-1.98202717600065
0.805696063225057,4.6191791646598,1.71728728070939,1.62364154478128
0.456542885333157,2.17437565050091,1.8255411341153,0.0345615688672709
-0.024970953910034,2.063923087727,0.645658775586169,1.3276187503048
0.191131251914402,-1.44155376450019,-0.516225342054905,1.60545521381863
0.479133621148106,-1.04263484480591,-1.13868863031901,-2.54334506738144
-0.590178420871035,2.72112537093391,1.70392499881846,0.25074391326248
-0.25368412277231,1.98824691441458,0.235500062077139,1.3517649232135
0.79568525238738,0.788298170453556,-0.0516237477083223,0.272085236839262
-0.421944354315324,-0.946946251819885,-0.12066300795023,-1.06358304369367
0.633734912118758,-1.49894728676014,-1.19273537373046,1.0423688436696
-1.11392856485416,-1.66075976303248,-0.940550804870137,-1.79537584915768
0.909549892158232,-0.349815307730264,-1.00726319494153,0.65188767418674
1.26902608418495,-1.19113557902526,-1.22811302206777,-1.5226045845813
-0.455491778546619,0.374467700126729,0.408044950298547,1.13608446924496
-1.58409308552631,-0.0992907287536696,0.797904248178868,1.25233306669368
0.304244544102541,-1.50611138847222,-1.34901226827416,-2.13840582217162
0.24477901538213,-0.727379246872074,-0.97088350231803,-1.75899204989839
-1.5550097311235,-1.30699428594688,-0.721697142231105,-2.92352062498459
0.597472620088279,-0.207627621481603,-0.650823796201092,-0.224421041050074
-2.03372956095156,0.437037309916558,0.0607390495556194,-0.863893168407096
-0.766094428330236,-0.973693465106721,-0.765788615068371,-1.21931658098091
1.64864074374536,1.01134853236279,0.528084765591289,-1.50903340413012
0.781861255337272,0.0747208075373467,-0.688144279156827,-0.99116010485971
0.107035271527543,0.00624413993730684,-0.129437088675497,0.287897157389117
-2.83903093066111,-2.84639685086759,0.773421968598925,-0.369799410204453
0.084047602080913,1.8257101068037,0.778568236971356,0.811052428089986
-1.06849172575689,-0.29162703644233,-0.750422449141026,-0.52728368542156
0.0415202331190237,0.630683936947458,0.388505610028716,0.525232200637622
0.12720360449926,-1.74300311838035,-1.58115989543583,-0.391865981072176
0.455362146277283,-0.640436660554168,0.261057587216495,-0.386603599878401
-0.303942854249803,-0.563738597957926,-0.0345488244400533,-0.405470346853319
-0.152632610547037,-0.397864852061886,0.325972325260342,0.272644089568259
-0.487440542541666,0.591316355248305,-0.039215548072987,0.35315426810984
0.125658558849878,-1.84275623954513,-2.13686314344809,-1.58062278770542
-0.651518021819425,0.479753034353889,0.421676458048077,1.43417156237668
0.60503255413826,-0.415210965677086,-1.25286781702429,-1.48167348173489
-0.955708052511467,-0.807266063604155,-0.161558147388652,-1.07630991432629
-1.30989688864828,-2.36966327244892,-0.638944745076263,0.468544759338699
-0.0863727918460192,0.635426474338826,0.247416921941629,-0.110270749451962
-0.456971027534395,1.59579883902391,0.720239938794765,1.37947886069144
0.449581575940742,-1.50741847184817,-0.667090977378264,-0.784806019725238
-1.52864361389056,-1.82927431113907,-0.465743388726739,-0.88078245469762
0.26130411406513,0.341645485795892,-1.17546494698652,1.34312512517976
0.97899893179748,0.414480164904744,-1.84694094745151,-2.02167772680851
-0.893565639606266,-2.84416638442382,-1.19458537406502,-3.16308500916525
0.776499229731006,0.146601762333375,-0.505746180297914,1.41623869270482
0.827098895919075,-0.164834330661681,-0.411058861581428,-1.57281470822977
0.590025758779772,0.949747800207473,0.797916644428873,-0.0360042810810197
-1.0984178133503,-0.282987576024098,-0.363783966309266,-2.41221155242379
-0.313327640434925,-2.82608542473661,-0.947594370306792,-1.8747457623854
0.324346507000661,2.47177182159263,-0.367821180912529,0.197080531879703
-1.43894606423409,-1.36051763668944,-0.129746043341181,-0.141631002671096
-0.846363480797309,-0.933087152068432,0.274409110433182,1.85657927586419
0.484003937416095,2.52025047322189,0.873400074443449,1.33973111799505
1.07368749601421,2.89173904667212,0.978267448729324,-1.07714138841734
0.327073869682668,1.38903245049864,0.690622107328408,-0.108384900222752
-0.496857969894198,-3.00205547831866,-2.22619653447054,-1.27003941803086
-0.634803818308647,-1.27592547424397,-1.34327177898004,-0.0987513380137188
1.92527954101694,1.60355326587077,-0.0644197312905062,0.803836925780255
-0.340104692840173,-2.03467107872043,-0.77743081476191,-0.890964206552172
0.692017584593959,-0.782819737799921,-1.10374595603353,-1.5590325292927
-1.12924090478568,-0.875302856990492,-0.71367378458475,0.850014196699796
-1.00575084994086,-1.14392176542138,0.608847418985281,0.465406003497134
-0.40048232230961,0.174635693920459,0.483072117445313,0.290759230661654
0.358030070460921,1.97190940334276,1.17104648082015,3.09314695679529
0.864536504615916,-0.139039259943073,-0.0142123773208916,-1.32062763089354
0.00845864220970071,-0.281221122736899,-1.30639126729704,-0.261848082097999
0.471191590201957,0.883068142450921,1.58126570373748,1.87989076292015
-0.0986551362070354,-0.339814751163625,-0.758693413707321,-0.477884645343804
0.343637505134219,0.437112805022519,0.142115694109251,-1.1250176436173
-1.43961294443088,-2.11773028241758,-0.0192694621373369,-0.385695536822041
0.0559567804768863,-0.611429876172133,0.337889465694209,1.12174162371716
-0.206529808885208,-2.89606291543809,-1.11005066853872,-0.555904853229574
-0.183903248247375,-2.66762744973956,-1.50517554254661,-0.419067881009223
-0.621611007571175,-1.0491826198605,0.575204256137772,1.173329926646
1.72797178396387,0.480459663639547,-0.424521581155526,0.837200418724159
-0.83977325586013,-2.11271848378601,-1.8735651181706,-2.45568712900584
-0.280588469964512,0.771944408934163,-1.28224392462368,-2.89395517938281
-0.837294519068898,0.378858110490541,0.513867338048738,1.47815550791261
-0.274834752576703,-0.974882158902462,-0.0400868688276025,0.665105461533621
0.472344695962803,-0.224356656667094,-0.913473648871834,-1.98312790769321
-2.22568790184561,-1.63735231721716,0.615053035352141,0.4717464097255
-0.183591740182713,0.415417287059003,0.206859794059452,-1.35367221842502
-0.294149680262832,-0.647718950729056,0.0181126378561424,1.18803669063917
-1.14399797961244,0.849474875481478,1.34260861676671,1.82800721434834
-0.162803767719323,-0.26355403691176,-0.631469281888983,-0.831052904248911
0.267763744882344,0.232114875203656,0.157760450337453,-0.364391147189127
0.256801397637298,3.24606165192719,1.5289166483625,2.52875184187385
-0.503576724463197,-0.91450575977468,-0.188915864266423,0.06107316507455
2.3136823981718,3.93807490296323,1.99456006765751,1.75783844158195
-0.328477396848018,-0.577721533676828,0.199621086261815,1.05426297234705
-1.60069174231155,-1.4272655846751,0.262966338242537,1.25957937652206
-0.550892250222815,1.09127581967191,1.54545619399634,1.34148381438632
0.95984090358391,-0.927949951913481,0.0352336337757492,-0.370441464475164
-0.752463204114401,0.0354767617366587,-1.05442367992179,-0.668423605205354
-0.0676954848686345,-2.2208314353205,-1.64262508896298,-3.11599101522991
-0.39813194986707,0.691875462812708,-0.485761776041573,1.42550478222291
-0.685446064697667,-1.70750116354144,-0.806535321754019,0.76581496647462
1.31922969719972,0.790669404134468,-0.716023865868542,-1.53698973161675
-1.85351462035094,-0.0929940196790119,1.15771992984564,1.2324512262212
-0.0208450711464503,1.71977841860807,1.05364282103589,-1.2468211108121
-0.171017568105028,0.164643614954303,0.357272901470585,-0.592912607903314
1.43355156758384,1.15202641060858,0.310991044540057,-0.536871618902919
-0.0592521393499084,-0.00686196301566055,-1.39185136191177,0.0512865834351637
1.03451545170935,3.32177029127812,1.5552581703766,2.08297566941235
0.236448686656401,0.793450016253254,0.125296423220187,-1.86062839845216
-0.836224475272863,-2.11285477538308,-1.16729789738305,-1.25829444555982
0.379970091165424,1.82289459577504,1.38909372396462,0.885354330206851
-1.10460030213751,-0.21846160262606,1.5992896085002,3.27111418386959
-1.187199766292,0.869164130335173,1.29848790348496,2.13264335215944
1.21382258885069,3.262093307106,0.46240503129664,-0.203998328563309
0.211379146945704,0.560426631453517,-1.00613426524062,-0.895657494169259
-1.5845710102469,-2.69253777407053,-1.38311748152293,-1.93148921541932
-0.612073093229238,1.62263165723381,1.55144796631578,1.38531476944187
0.608394630605105,0.269729404667007,0.392615012151593,0.0148599463199626
0.278458526700406,-0.655035309580156,-0.351234717224533,-0.103973167321117
-0.444539226661303,-0.347302341577983,-0.697185099926799,-1.10770359156846
-0.946679262166707,0.45776379414884,1.01811247005436,1.87395458811394
-0.267779268173179,-1.94113983750899,-0.91899371247669,0.404658132743692
0.906845380762695,2.22668102629376,1.03103893952608,2.77319505051881
-0.566815871674565,0.189521496039075,1.08496416022016,-1.14948877501573
0.960784552176427,0.592495999155848,-0.209001577770218,1.20871098649395
0.653310421565837,1.87058554381676,0.485649336244518,1.91420892590819
-0.260021621321324,2.13092356734665,1.19250531066178,1.92963232483379
-1.82078242379202,-0.846251804200116,0.468134196511789,0.227969397710933
-0.825434380362193,-1.32176315066944,0.0936527709744713,-2.44297268499608
0.652880796842404,-0.380515360395123,-1.32261548225877,-1.68882106798539
1.81612262417402,1.94076215644087,-0.538564167770964,-0.939927967252915
0.83124485996798,0.79957188293901,0.633402249852794,1.7226484922751
-0.986910956637502,-1.08590191591799,-0.720559948108365,-0.0482337973920317
0.235971648630003,4.21596538087805,1.44992309898647,-0.787390522186068
-0.39107262972413,1.14877118923559,1.91087169375866,4.066008370173
-0.562844166532242,-2.77851040911799,-0.266137025928971,0.200716105033843
-1.096941997855,0.667712567993672,0.389674729610284,0.205905659456627
-0.766455873393538,-0.911175840782672,0.375652711679743,0.935010439509858
0.841213688203961,-0.525463100315993,-0.101027217234015,1.53671401441344
1.88069370446266,1.81701733448144,0.163706811858847,0.698642921890666
0.64320351401576,0.105541362498211,-0.284277908211069,2.50598595505853
-1.17495868175951,-2.23610787759926,-1.07942341158254,-2.578893259741
-0.707064511984902,0.177336790190465,1.25192221437014,0.366828774761208
2.10886887502703,2.47525592881782,0.54715011674019,0.166710341565824
-0.462387102048366,-0.914062550287607,-0.660468085683002,0.00669587476991151
-0.787198296760632,-1.28783753029355,0.0722189869772253,0.313559497881519
-0.45889577310437,-0.280364296164883,0.532985709807915,1.48868522101488
2.39224302467071,-0.939780468455201,-1.74634213600207,-3.89141114290009
0.355842953570359,1.65624129118692,0.10919116310833,-1.41340908527445
-0.289309959397291,-0.817396568250301,-1.23872886851774,-2.0918473255762
1.08896230867381,2.0061206821442,-0.449224876542088,-0.458272906026648
-1.39507201580229,-2.38097534449591,-1.59595898744679,-0.317996898257373
-0.11780715222447,-0.121334742776948,-1.62967252205238,-0.845520180976741
0.701325333466092,-0.706858495754885,-2.15757118531447,-1.62874716879223
-1.12083485307123,0.765254377014373,0.647532725702859,0.735456967013827
-0.485393915160034,3.00570336703643,1.92006350722329,1.92990456242408
0.422571271335969,0.38642534151445,1.16666521154542,0.595235809162264
-1.39032205465034,-2.42983617693389,-0.932649240225382,-2.78736155462196
-2.02307866311819,-1.04496846809682,-0.698781923971159,-2.65998204428889
-0.290768076022749,1.62044042428189,1.22588332047021,-1.02556960968327
2.03583436909379,1.13112836870351,-2.01077480616201,-2.33669256976771
-0.796212504213896,-2.34272785603898,-0.573460586053364,0.561405298712249
-1.38233174744969,-1.61799502526418,-0.227659815421489,-1.94393396751752
-0.122610698383884,-1.37891885475696,-1.67380120704606,-3.20339204876146
1.23276415861198,2.64450663728497,1.54057307350419,-1.0234455282544
-0.941158521456586,-1.33521459646302,0.422006561735044,-1.07256105184835
0.617050072157019,1.9148442636762,1.18960680866279,2.24585799963023
-0.282271825160748,-1.30146101441667,-0.342310230519705,-0.255832766821978
-1.96730476909972,-1.9117096360312,0.10471245903184,-0.360687375676168
-0.0602495271598923,-1.99063581596412,0.27136477006043,1.61730937172335
0.342110581527869,3.81929920983385,1.47346956193994,4.17482184669728
-0.22005957055813,2.40792777876763,1.5778800326641,2.35661008809882
0.126721384784113,-2.16836519336171,-0.622534558775796,-0.448123831151993
-0.867487393748536,-1.29060989377063,1.10047250149806,-0.597935768845131
-0.695571940009547,-1.1092739714529,0.480839181969161,0.332224227319573
-0.136493927160928,0.182185947572986,0.847068380848914,-1.78614842630356
1.32213601549527,1.7542969451727,-1.40707947060469,-1.00096847684051
-1.34972916937413,-1.0661687951119,-0.269401412004307,-0.196858861683078
-0.786217214105137,-1.12541930488854,1.36693808851585,0.302857227775603
-0.0435465616008335,0.191006958555902,0.13783886222566,-1.25138441343075
-1.23532310704265,-0.943707613338722,0.0870716496628306,-0.0948612489529028
-1.33858970572591,-3.935413688661,-0.619216669482507,-0.558774083375448
-0.288542802053845,1.23851003638299,1.08310060331861,-0.272599293340986
-0.497587817746738,0.445686506228868,0.0531519523527887,0.340168011368836
0.55438072402774,2.1293230096019,0.164638103261571,-0.50558682005898
-0.389220440881234,0.125954664792336,-0.742804840372127,-1.28452257858078
-1.47460162257593,-1.50237340261443,1.18101240135903,1.69374733264674
2.45690107208285,2.68303295221006,0.0351556417235332,0.898112177541248
-0.487471142773177,-0.443577610088884,1.15914650698783,1.96043246819321
2.39070819553544,1.91326377245447,-0.0801565358795469,-0.217363436134338
-0.935035495706276,-0.545853069524207,0.0628122757664095,-0.632799452657572
0.539162128762485,0.717062696134146,0.185187882534924,-1.72339244733818
-0.646089022340935,0.563265385904301,-0.468821071438791,0.999305744484896
1.06664751736022,0.986030815467174,-1.93510029050412,-0.979642083467757
-0.625039057680061,-1.98868923195537,-0.76144881421734,-1.94155957416008
-0.0161802595633956,-1.41117646339115,-0.85577820418935,-1.56242151226741
0.541146625819345,-0.123919346289713,-0.276054219367387,0.262184434752592
-0.334430286053997,-0.13333129017641,-0.936200424745822,-2.11234690395782
-0.71484012451859,-2.29853589924636,-0.167418068648702,-0.667084978039461
-0.204474635271085,-1.65257499484581,-0.0809104133508526,-0.066831965054261
-1.85817615589697,-1.1431516446799,1.61250224076318,2.25626152560155
-0.203771242276033,-2.63215387369275,-0.204335201190658,0.815474465340652
-0.521922497721144,2.46005188307772,1.91634973785414,3.14838700558866
0.0219895902354585,0.678221337522645,0.0827379485958507,-1.64969654183229
-1.61561080874165,-1.42500696887346,0.0850122417266892,-0.607549542241616
0.621139544974908,-0.566814895601836,0.459521454661177,0.314221169619934
-0.0633874213995069,0.226617984568809,0.0984347678692107,0.169635354465649
-1.07479145782257,-2.40975665478642,-0.917485110531603,0.255054907092767
1.27557246284008,2.06989075437441,0.413721805978585,-0.508790384028651
-0.139930151074155,0.952280826819692,1.05437535386762,3.84560335727026
-1.72081681781116,-1.48405527271575,0.523020289232299,1.08314818993029
1.5494297385514,1.8176791514247,0.0732804207632757,2.01065642599713
-0.578191674025222,-0.732836481494404,-0.799869427409152,-0.66572678141123
0.19332751608516,0.46852259886399,0.996598472223582,-0.0345209866331843
1.62171389334205,2.61073258701358,0.409109106920342,0.452322078400033
0.650310267796565,0.456019215979819,-0.369069715547791,-0.33311666994666
0.0609689206700981,-0.465861508181002,-0.612995331082767,0.182374228942998
0.263962522763769,-1.00408648704162,-0.223977303613398,-0.525866926683942
-0.51818844088866,1.09916339262367,0.747261503023605,0.824069376201909
0.894870214644834,-0.282677753412186,-0.426650934059323,0.227449309015762
0.209166802531704,2.5780561985559,0.849456311929488,1.25493851479652
-0.626144578212546,-3.85266234264799,-1.23914999352231,0.315758295542999
-0.535410705180782,0.769794362080778,0.879122353971491,1.58516836369013
0.53271436563676,0.784170462195789,-0.0816815572014355,-0.283541714438798
-0.947206472673011,0.324077137153826,1.36600921814605,2.48418131655019
0.714720385727716,0.460729924064371,0.442158534648399,0.604729234371408
0.837615765744166,1.16483162681036,0.632689547091955,1.13670656765104
-0.973333255302537,-3.30654257013538,-1.5760649538176,-1.91005718263463
1.20300826038635,0.352590896063967,-0.209161459549629,-2.07530608246271
-0.35130999980726,-1.90440749755357,-0.059861756066313,2.41053936029803
1.45921637660912,1.29804834459066,-1.65788909971917,-2.43685940005685
0.429112848767409,-1.16661497965274,-1.371239475917,-1.25829364614652
-1.47862664196534,-1.0133292876459,0.0855610547091277,2.64901577345442
0.716358336317597,1.62528785603316,-1.24994939294997,0.531296875579848
-0.80732728252893,-1.3493371670059,-0.654620528137396,0.847068668085359
-0.454706578541729,1.1136085892152,0.7212547821358,1.50589154930672
0.380421821511793,2.89046506421758,0.781600058515817,1.40898142723838
1.04457746532007,-0.0278710517722083,-0.397489258531635,-2.92684778898846
-0.477700811129171,-0.860866882347629,-0.0422243164426844,-0.649626732520444
0.126339421427552,1.14124370686483,0.901642854968626,1.66456761277521
-1.55525861001837,-1.43835704832906,-0.811672760692722,0.673271594086575
-2.11688156188244,-2.36969334723325,-0.394121757712143,-1.05346024529311
-1.87957091175864,1.57563470389281,1.23201554838702,0.594473114454989
-0.805848935701736,-1.91415950429867,0.0932166762773001,1.12111481675512
1.02393205458164,-0.114175549112135,-1.40051084972192,-0.0173041720930878
-0.937558000824962,-0.164680125427523,-0.317415442679097,1.14471969530497
-0.971545994791127,-1.6372010198221,-1.51026741290331,-2.06811068817261
-0.291357348658297,-0.972348144171084,-0.724131693365474,-0.409536075364454
-1.0949147728468,-2.95423804632,-1.27431294634475,-0.228827193313627
0.591065362721384,-1.25215004801989,-0.965759445213083,-0.80032283859554
0.201179559159097,-0.932364016551368,-0.849469475810346,-2.07432595464359
0.692298414451174,-0.902618021630337,-0.478084799256305,-0.981501789825619
-0.933112999682196,1.32112307644622,1.69426580396853,0.889781479169753
-0.0916764292702965,-0.123264598213242,0.0885924845964127,2.25550645921443
0.00937465255439048,-3.53336524198489,-1.7750236877247,-1.2723962863915
0.41119385114911,-0.399478821676919,-1.97561716693619,-2.72238641572978
0.119109955272306,1.27311394923038,-0.891025089573815,0.140356162752319
-0.732340377702492,1.67333346790693,1.52089840852589,-0.429491051571417
0.733146980945844,3.12322628605442,1.66928362823584,1.27366190300062
0.364444716088094,0.785886105051273,-0.948549636139579,-1.46553842511388
-0.118582879029263,1.82263339208173,0.812602631123141,0.847318255450796
-0.426453549691668,2.33979817700194,1.23051174833148,0.393885079031109
0.78455497298849,0.766337428572721,-1.15223984566089,-0.825825752997674
1.74607429293342,1.65707473669925,-1.81912894666728,-3.49188728759675
1.4697778124469,-0.885745276861298,-0.997300780890451,-1.53873326025476
-0.463479239652754,-1.36849158825096,-0.72274628911312,-0.523212405938834
-0.108818587018686,-0.81163475878172,-0.496393278419523,-0.977568989239971
-0.473272732146784,1.73031002854535,1.89672758119428,3.03658362912172
0.17553477956171,0.451052915021539,0.00170473797533004,1.03018935188227
-0.333345425746965,0.533467940237682,0.152447006701587,1.4593946122878
1.66668924645811,1.20531793667236,-0.110288107481486,-0.698597410135827
-0.346608415396621,-0.731469649721199,-0.822532617050902,0.152495962458059
-0.442139382112549,-0.46637085256959,-0.991043147047666,-1.30687397214729
-0.115799965662378,1.35468740917683,1.49825047724148,0.391491407701581
-0.187580301055017,-1.36722573036082,-0.301730053270258,-1.46089261668522
0.685333507516891,2.50388243036765,0.377920733108173,0.637408562965817
0.534629559226792,-0.412506551908788,-1.22334357791836,-1.27357135019081
-1.57934369019036,1.09832502274291,0.842865417108421,0.0627975857196202
-0.659888023578504,-1.60625688808848,-0.520054370374639,-0.0824289920048988
-0.43169880658456,-1.69136021059114,0.230745766740978,-1.75051550801458
0.943680170905876,0.311954493201981,-0.133199691453753,-0.3022846126198
-0.0205541217901166,-2.44107985328127,-2.05878663926963,-1.12767478865438
0.499589693406767,1.47897778613682,1.29740894120121,1.03128074269062
-0.0784031998095674,0.439121899835595,1.0294966356091,0.438739836909753
-0.439351676618435,-1.66079300641319,-0.821583823882274,-2.43204611808592
0.664590558712137,2.35284524342402,0.155313775450545,-0.390628490057873
2.33326805168243,3.25595950026605,-1.05082833362905,-1.19437165486953
0.00703032259175865,-0.759694206300942,0.835385093408276,-0.998637438163554
-3.40202380435592,-2.92075213249447,0.671516523372523,2.69981571720204
-0.957886086352753,-3.18620314614493,-2.28706078059331,-3.23856209376718
-0.226493191282047,-2.05241803732063,-1.51888545732957,-2.54401832749596
-1.5566266086941,-2.73167575933158,-0.854837107185012,-0.559260981226322
0.316930444126918,-1.67051112210973,0.0801321109154066,-2.16843801588059
-0.584147782524672,-2.00587269938191,-1.1835416140222,-1.43741914047518
0.69695766608415,3.20801236623057,0.663154681588583,1.45924063696662
0.944522906044958,2.57595523045396,-0.122711173647371,0.0178845019179069
-1.81461068217308,-1.54195383904352,0.0436426467652791,-0.561004530359872
0.563601402749299,-0.342282212463214,-0.91094768165186,-2.04152432174863
0.97280698896353,0.784283688541305,0.599916787343406,0.656245632397824
-0.680483584218796,-0.505985766420212,0.175063639136462,0.31146061744144
-0.92653364713223,-0.0860659244072355,0.011538211887321,1.21752670687321
-1.93596093473838,-2.20583214446727,-0.132290244404098,0.938010797982171
0.963541902693928,1.92656508796541,-0.653136728216544,0.283558107544866
2.08368545314789,-0.281348581840152,-1.22221919630729,-0.0843144311977877
-0.11643781395344,0.202771033965944,-0.967354439998752,0.301069499960238
1.10669459920306,-0.751830861468399,-2.19035744860933,-2.14765124467834
1.2277428318739,1.80056733664427,0.377651380382171,2.71548831244664
0.101293752103079,1.07268343496146,0.795204328529723,2.56637000764002
0.0401718519647928,0.574202530894896,-1.12555108269024,-0.0161699017869286
2.05214798922842,4.14354797663129,0.681499525899561,-2.10634766628182
-0.447245537200563,-0.337132974603095,-0.806079026652355,-1.33433643708526
-1.18161268028822,-0.34206601874107,-0.310792413950709,0.0564598507844561
1.23872328136125,2.00999399926059,-0.454525850828596,-0.929768073332766
-0.598233690675221,-3.50972939758635,-2.62443555590096,-2.29956462333089
-1.4757096969074,-0.495181370884246,0.470468402023488,0.643399931374183
-0.336164840191767,-0.763307611063225,-0.119894485877334,0.005738253627453
-0.842040965601314,0.145892148199022,0.319728903612742,0.142452194946604
-0.994240964580995,0.702148061508139,2.43601553464876,0.394242853183707
2.27094389609834,3.13710008454797,0.149004222886116,-0.0190396524065861
0.0101879603666104,2.07725461591752,2.04307515987192,2.5713325540346
0.558212375940976,2.19999414269601,0.434393064658374,0.173892902982744
-2.10888712710612,-2.13686930024579,0.889222457876923,0.213686536045324
0.103266169843979,-0.413241628576303,-0.856820214267842,-1.3528286788812
-1.80014777891941,-2.72127070922035,0.53655708645003,0.386437219303075
0.473502144516299,0.658940013159057,-0.71419041169676,-1.86344091443801
0.725034660594589,-0.401795163348995,-0.642808560425985,1.10861143280026
-0.426865426249103,-1.4816436428904,-0.458159642694063,-0.0207490217712204
-0.536773054798828,-2.28278339855706,0.14799486479172,0.871408420430913
1.32386033170034,-0.408555567802297,-0.576368884921374,-0.267229967240186
-1.09135313099825,-1.31329950598772,-0.633065233087233,-0.088042892659627
0.309381106948007,0.355854027309634,1.3389219320571,1.3796405787725
0.492173973008798,0.937083434421417,-0.298682701684226,-0.0891776367842934
0.739040639109674,-1.78698419932856,-1.38809621729679,-0.962858423198732
-0.117926154118613,-2.23340181176398,-1.22149962359598,-1.82825918918691
0.158641033633531,-1.55660669558056,-1.17315508201684,-1.00834579809246
-0.975039590837087,-1.12527467656156,0.556035784084864,0.44090381199791
0.940499387723458,2.13236040891628,0.238471841729009,-0.893521976391862
-0.589638883691936,-2.81137459473621,-1.26769807498637,-1.51647598206697
-1.02478395544898,-0.722678086157043,-0.387322744610592,1.76025945229201
-0.367116389551086,0.948245161757409,-0.0677093723033785,0.0929515295774806
-0.757472903941856,-0.0288720493919556,0.905056060570561,1.49707379512486
1.07932886772481,2.79369332519925,1.88073465603748,1.16386690710714
-0.644924173032691,0.171117770986137,0.929562053868984,0.663151638952119
