"A","B","C","D"
-0.560475646552213,0.973952833560819,,
-0.23017748948328,,-0.166811957051551,
1.55870831414912,0.382154942273895,,
,,,-1.74721455901696
,,,1.12573750314925
,,,
,,1.38048153537304,1.5591120252183
-1.26506123460653,0.0614382774141666,,
,-2.69212011919349,-1.60064332725513,
,0.0419949525424528,-0.298369177065937,0.0056964831115956
1.22408179743946,1.6875868765277,,-0.920634483328828
,1.36659364491378,-0.0303255731712796,0.378919098774376
,,,
,,,
-0.555841134754075,-0.519671669723933,,-0.416498565582549
1.78691313680308,,0.77354244519438,
,0.372708800784361,-0.0282083227394901,
-1.96661715662964,,0.356261089792291,0.150611628808897
0.701355901563686,,,-2.33599086609478
,-2.44160606148533,-0.704537495814,
-1.06782370598685,,-0.220218526282562,
-0.217974914658295,0.386633507839071,,3.25777303971897
-1.02600444830724,0.280013580710546,1.7304749495467,1.68560976316274
-0.72889122929114,-2.05991078160365,,
-0.625039267849257,1.24864839828278,1.06492992191758,1.02809477843767
,-4.11266068258571,,0.537084987246079
0.837787044494525,,-0.377441251601803,
0.153373117836515,,,
-1.13813693701195,-1.75048461699438,-1.41729253214115,
,,-0.007316741874337,2.36144678598723
,,0.232891077088258,
,-0.0579480416225799,,
,,-1.47018010762783,-2.75278123440556
0.878133487533042,4.22888487130241,,3.29914777833832
0.821581081637487,0.000215666698315409,-0.476539832807626,
,,,0.780826659802513
0.553917653537589,,,
,1.33109392418442,1.54942502255037,1.43847220053657
,,-0.375973966375061,-1.64903394970851
,-0.413146598340304,,0.525996128165996
,-0.633281117383689,0.749278152617118,0.692079053057146
,,,
,,,
,,,
1.20796199830499,,1.32270844365787,-0.520208426161942
,-0.250786742018293,0.218300623553162,2.56790245099072
-0.402884835299076,-1.53219872628753,-1.25758472345198,-2.25349350405576
,,,-0.124854833486255
0.779965118336318,0.263884502886626,-0.747180398477577,
-0.0833690664718293,,-0.164060635541832,
,2.1529049472814,,0.353202120273044
,,,
,-1.76366704273364,,0.265948068606279
1.36860228401446,,0.293044763909537,-2.31454914106522
-0.225770985659268,,,
,,0.262238902740364,0.437016047395129
,-0.0794266866010087,-0.30232937696492,
0.584613749636069,,,
,,,-0.128385796835332
,,,
,-0.14106608863997,-0.617061868702469,-1.49851517729421
,-0.642781776185258,,
-0.33320738366942,1.39456812473604,1.47436414465498,2.79511241186259
-1.01857538310709,,,-0.288454852484666
,-1.89002838700724,,
,,,
,1.61376863520017,,
,,,
0.922267467879738,,,0.691184402731292
,2.98417455881827,,-1.76395568282215
-0.491031166056535,-0.589874002800217,,-1.04032479335499
,-1.19658789072903,,
,,,
-0.709200762582393,,-0.476858939111105,
-0.688008616467358,0.523874180427754,,-1.36399317357125
1.0255713696967,,0.955973461204215,
-0.284773007051009,,2.1120634155689,4.40397933821542
-1.22071771225454,,-1.34707687784406,-1.27512812763128
,-0.30534230714711,,0.507856286913051
,-0.74911564614399,-1.0367041683259,
0.00576418589988693,-1.26187345291055,,
,,0.183318133516458,-0.76930512871351
-0.370660031792409,1.28245300352568,0.147991982788714,1.60042988747951
0.644376548518833,,-0.373175236860531,
-0.220486561818751,-0.289497869538492,,-0.0861951355008254
0.331781963915697,-0.125049207083176,,
1.09683901314935,,,-3.49387866860892
,2.44353653319783,1.30794616991915,2.51537287820618
-0.325931585531227,,,
1.14880761845109,,0.853662181475636,1.55203708713261
0.993503855962119,,,
0.54839695950807,-1.55467618032965,,
0.238731735111441,,-0.286406965481345,0.0278428091622264
-0.627906076039371,-0.404947361048816,-0.560180821548426,-0.0959110529536727
1.36065244853001,2.21789633833214,1.00774592006759,-0.222433616637224
-0.600259587147127,,,
2.18733299301658,1.28977476197743,-1.21820991441122,
,,,
,0.678803616198157,,-1.14908514726951
,-4.45531169920744,-2.15935920310234,-4.28657028210452
,,,
,,-0.0995904316390441,
-0.246691878462374,,0.455416627732626,-0.0349579134317008
-0.347542599397733,0.370365210056953,1.36998996885135,2.05195212361899
,,0.911347896947853,0.586031987338065
-0.0450277248089203,,,0.306626112885861
-0.784904469457076,0.969321595943413,,0.253271432148895
,,0.0762636100436516,
-0.380226520287762,,0.49980868854526,
0.918996609060766,0.519301687028235,,
-0.575346962608392,,-0.673173462420634,
,,,
,-2.48491953247809,,
,0.472391358949058,0.675508151078739,0.978658053011325
0.519407203943462,,-0.641849369670802,
0.301153362166714,,-2.76780957091076,
,,-0.468295912940763,-0.843389110825371
,,0.143525212645844,-1.4224698936092
-0.849704346033582,,,
,,-0.0309996347751117,-0.314488013843593
,,,-2.0481441210103
-0.947474614184802,,-0.481259088306004,
-0.490557443700668,-0.65999246731881,,-0.4008143713825
-0.256092192198247,,,0.978544491607187
1.84386200523221,2.40126320975668,-0.255294615868917,1.4268316458691
,-2.65939349670763,,
0.235386572284857,,,
0.0779608495637108,-0.0384399506153509,,-2.1998035992811
,,,1.4067188547468
,-0.791022913684011,,-0.14867207617324
,0.880724550632726,,
,-0.360686477646606,,
,,-2.10300253136773,-1.99922890688734
-0.422496832339625,0.533207023901923,-0.357462049881763,1.33243787547154
-2.05324722154052,-4.58013067598023,,
,,-1.49715044241428,-1.43394201659505
-1.46064007092482,,0.200368707844315,0.84759364038925
0.739947510877334,,,-0.284697286843644
,,0.682696072673157,
-1.4438931609718,,,
,-0.290296033212139,,2.4306357198308
-0.262197489402468,,,1.74357101072899
,-2.99782614608394,,
,-0.795830105721697,,
,,,
,,-0.38306246545579,
,,-0.00847366732933724,
0.687916772975828,-0.11314544995973,0.510210369755388,2.4239595678428
,,-0.932011875536578,
-1.28703047603518,,-0.257446180502955,
,,0.117822917397573,
0.76904224100091,,0.904039400865661,
0.332202578950118,0.412595450541679,,
-1.00837660827701,,-0.164666188582273,0.762176572444505
,,,0.281998826750866
-0.280395335170247,-0.338832163257048,,0.246464103805479
,-0.755830874798591,-0.782786964697379,-0.931458716856909
-0.372438756103829,2.42008065236411,,
0.976973386685621,,,
-0.374580857767014,-0.539601412651064,0.480956832319121,
1.05271146557933,,,
,-0.0579794702944967,-0.23623050733255,-1.66308607357484
,,,1.69190566847661
,,,0.748055474542754
,-0.283204264307167,,
0.298227591540715,,,-0.508100971972562
,,,0.306125035841693
,,0.380271942097618,
,,,
,0.811597135235636,,1.76454150781359
,,0.505279341360395,
0.0652930335253153,,,-1.33011173541171
,,,0.632953988799245
,,-0.366424218527957,-1.81512044041167
-0.741336096272828,-0.163587820211093,,
,,-0.211550544960911,-2.61786857932662
,0.334830908302122,,-2.62010629941992
0.310480749443137,,,
0.436523478910183,,,2.09551169185776
,-0.320443338648344,-0.113792498019096,1.45205941060374
,,,1.26718945182977
1.26318517608949,,,-1.23499056034889
,0.603050008115606,,0.544789119727888
,,-0.563284077833947,
-0.236279568941097,0.737818333700117,,-0.659373725344708
-0.197175894348552,-0.661886372340797,-0.837416429622936,
,-0.221293090539038,,
0.0847372921971965,-1.75812041463658,-1.39904620866278,
0.754053785184521,,,
-0.499292017172261,-0.86199992600551,-1.34952395669583,-0.770783952411031
0.214445309581601,-0.190974533426829,,-0.647542776856877
-0.324685911490835,,,-0.268309239719273
,,,
,-0.877290665708579,,
-1.31080153332797,,,0.345358470808086
1.99721338474797,,,-2.68301692476953
,,0.593866190620004,
,-0.87957748361617,,
-0.611165916680421,1.67491322500354,1.43400702563628,1.54429911280247
-1.18548008459731,-0.358403081741805,-0.087559376766892,-0.189540539704947
2.19881034888372,,,
,,-0.381633376283053,-0.524820886244331
-0.265145056696353,1.06406064462264,0.935090159980893,1.70147267828972
0.54319405923209,,0.104233166376613,
,,-0.534854380219834,
-0.476246894615578,,0.0707816771213585,
,-0.492226005190405,,
,-0.516081407173045,1.68964793374587,0.624390026796037
,,1.02414917710077,0.0373193818405644
,-0.542425752837144,,0.477005263055285
,0.820357457083672,-0.0369867065743124,-0.826334162679267
,0.350584209083029,0.764976537359606,0.611391403621346
1.23247587848534,,,
-0.51606383094478,,0.214014312766981,1.03478156303147
-0.992507150392037,,,
,3.31592533176511,,3.15118194428955
,,0.633328387619904,0.0774707848814769
-0.723065969939874,-1.01624034055442,,
-1.23627311888329,,0.404707156876292,
,-2.03129872796804,,1.35617159564583
,,,0.725530773418643
,0.659741326458086,,-1.12686519742663
1.10984813892972,1.30033562837466,,-0.168983656747261
,,1.1538120715818,1.45999155305233
-0.363657297095253,-1.78811665376017,-1.25639300507855,-2.60531968339752
,,,1.06233946661614
,0.0153843246975713,,
,,,
,-0.133291752005264,,-2.28622479208578
,,,-0.276589894643639
1.95529396549246,,,
,-0.82414096618508,,
0.214538826629216,-0.206812442435966,0.680061627440306,
,-1.73364421402314,-0.0759604115168596,
,-0.255487599001653,,
,0.433521977462765,1.86726042151472,
-0.182925388372727,,,
0.418982404924464,,,
0.32430434416138,0.872845395419854,,
-0.781536487054751,,0.259658852527213,
,,,-0.953903289778508
-0.502198718342861,-0.684382779875016,,
1.49606066984635,3.13177656648354,,-0.458624332033103
,-2.01421737536775,,-2.02887607652894
,-0.614416945065348,-0.00958353392819738,-0.022570767581256
,,,-0.610999963425676
,0.736099071982108,0.0269994384694014,
,,,2.12308529426754
,,,
,,0.841009820282554,
-0.375602871669773,-0.429217740977948,-0.662610868541649,
-0.561876363549783,0.72947295060874,0.896689140266351,0.604791810305248
,,,
,,0.845817573469817,
,1.45653305564666,0.355093881174994,
-0.088565112138884,,,-0.647803772482737
1.08079949615152,-0.917249150220792,,
,1.55881394466232,-0.549859995779002,
,-0.749047164027116,-0.320303514255554,
-1.5329020028906,-0.71511340591192,1.69941740178558,2.36855436104428
,-0.217994651545248,,
-0.489870453138474,-1.8388317313829,,
0.0471544327615272,-0.58061330447646,,1.80448906457276
1.30019867766682,,1.2090469230093,
2.29307897383109,,-0.0120161097220343,
1.54758105898377,,,
-0.133150964328944,0.430881141768289,-0.062635941313421,0.650250992954358
-1.75652739555764,,1.1795813673444,1.45854371962596
,2.38893513074861,0.291337289957027,
0.0892072230732945,-0.226629181033998,-0.237791540686475,-0.479344001739656
0.845013004067436,,,
,1.92768004622794,,0.748687593442614
,2.18488276366547,0.5018334404075,0.64819179658126
,,1.51691082297951,
0.849643045633355,2.41340822202058,-0.408166800735112,-0.411816562671875
-0.446557216427222,,-0.194906387356991,
0.174802700161256,,-0.439528464011452,0.0864134049134938
0.0745511771737346,0.987718654601128,0.911126439095812,
0.428166764970505,0.038511153915778,,-0.864791177058632
,,,
,,,-2.38544227669098
,0.580319064675318,0.130681014649672,
0.386026568349676,0.754831222157315,,
-0.265651625278222,1.92227027618938,,
0.118144511046681,-1.33274841024404,-1.12657664362351,
,-0.0590264918087917,,-0.318706805997382
0.221019468561002,2.5794355734914,,-0.80380177810919
,0.541281784871328,-0.0232211708894189,-1.44732401278298
,0.662564115365869,0.409783671263781,
,1.22666471581232,,
,1.03863969597701,-0.205999413722254,
1.05418102337692,,,-0.677731270914294
1.14526311038036,0.0966768087564999,-0.615400155181687,
-0.577468001059557,-2.49183566736728,-2.18805274220316,-4.60327008089425
,3.20625957593059,-0.234911576739548,-0.903128463166099
0.066700870930183,-0.203341359163341,-0.0136346889626919,
,,,0.245238696215895
-1.35090268603071,,,0.995421315241452
0.0209835863542375,,,1.46077374857933
,0.143300273984578,-1.1410846391639,
-0.715242187222796,-0.602582554697846,0.507829491903781,0.150232443061409
-0.752688968217742,-1.8761661264049,-0.814478003804002,
-0.938538703606894,-0.35555916851581,0.275380742358604,
-1.05251327933874,-1.26395058621773,,
,0.0756357911029841,-1.31368875201348,0.623693597222154
,,,-0.156020116574074
,-1.72615263101809,,
0.211980433372292,1.21675508599468,0.617476455000004,
,,2.03573439062658,0.455260022843759
2.03757401824044,-1.5678834125219,,-2.44478358621566
,2.55126139710703,,
,0.654132493136282,,
-1.72673039911433,-1.1392593037095,,
,,,
-0.352046456582617,,1.52950149857165,-0.483241285670299
,1.8897802845283,,3.02665693524963
,-0.749489635661682,1.76746064517739,
-1.25864862806017,-3.343006918072,,-4.07931928616165
,,,-0.438330028685942
,,,
0.237430272491026,,,
1.21810861032581,-0.391655062108444,,
-1.33877428723497,-1.81585927269007,,
,1.84739699596458,,
-0.522912376313422,-2.24740502020675,,-1.83603506972688
,,0.384072202233825,
-0.0608219546600742,,-0.0522482619773513,
,1.77933156467246,0.991514234997062,3.12954830819638
1.33551761505939,,-1.04795091135148,-1.47483220590947
0.0072900903168988,0.142119381536535,-0.0775652009533576,
,3.20447913614361,,0.276847570783014
-1.18843403514798,,-1.84058321358534,-2.71171964488378
,,0.752368044369658,
1.51921771138818,2.83833862690767,,0.748432266520893
,1.04894994839693,,
,,-0.736455336294272,-1.40776333127824
,-1.71755924272097,,
,,0.22442431658117,
,,,
-0.101883255715222,0.279039223424817,0.239079764479267,
0.624187472020653,-1.1469086724403,,-0.27591299014997
,1.2721654068781,-0.312481443393862,-0.952205200281
,3.09151826361796,0.467480097536413,-0.162551902461467
,0.984318534053259,,1.38795839323013
,,0.595684162711867,
-1.75323735914227,-1.46676387751577,,
,,0.0392771213041178,
,-0.11461831556675,-1.15712023960104,
,-2.09268953951265,-1.16749535851437,
-0.17990623104754,,-0.986224035428927,
1.01494317274366,,-0.0496702558263262,
-1.99274848868858,-0.35456842201325,-0.087916195076764,-2.80180535675536
,1.86052556033755,,3.38413946545834
,2.04663436166598,,2.98032050240459
,-0.15593947314622,1.18082140774021,
0.333902942499225,0.0482959358456363,,
0.411429920615731,-0.312029230625521,-0.304788079825682,-0.722527953270997
-0.0330361592759917,0.716721531324032,,
,,,-0.926821083283534
2.57145814586664,,-0.918192213105982,-1.05819870770517
-0.2052992574682,,0.322670141131869,0.498842294690331
0.65119328158767,,-0.830974979963666,
0.273766491036548,2.21396202187651,,
,1.06346029985688,,0.113840479168648
0.817659446374088,,-0.0267341411058984,
-0.209793171228509,,-1.19366080142513,-1.80960583821351
0.378167772208507,-1.61621568218018,-1.29859014946584,
,-0.0702888217621546,0.665303040206519,1.14307802833542
0.856923010899318,,0.520534700823332,
,1.32142888094266,,
2.41677335378821,4.49827674704984,,
-1.65104889568819,,,
-0.463987242966015,,,
0.825379862759242,,0.823750059177032,
,0.447689110973237,,
-0.589481038515,0.5524070087676,-0.441745729086916,-1.4091547778135
-0.996780742207522,-1.59503393618898,,-0.954139267054118
,,,
-0.0143074131669134,1.28841298888649,,1.05476495086778
,-1.91237926151333,,-0.415104425933308
,,,
,,-1.11483526300817,
,3.12172860274471,1.84126191361468,3.17809402046525
-1.05501704260268,,0.41208244333947,
0.476133278302629,,-0.694884641588038,
,,,
0.456236403179813,,-0.818342179111205,
-1.13558847037434,-0.955552012293269,,-0.519448100072702
,,-0.8194059130974,
0.346103619553607,,,-0.534704157850417
,0.477547451707019,,
-2.15764633501528,-2.18886649346209,,0.934343810181945
0.884250820028209,1.74367321599544,,1.10479000924206
-0.829477611624518,-0.943791631603096,,
,,-3.26436129259309,
1.50390060900454,4.10675058206167,,1.88400011474625
,-2.68292331566452,,
0.845731540189296,,1.71791334346598,
,,-0.233811562740612,-0.211272045486885
,,,
,0.84052239179138,0.952831162945516,
,,,0.723026392157757
-0.634748264908909,,0.442861778894668,
-0.0288415529283144,1.45466766224754,,
0.67069596873393,,,
,2.23804945117365,1.82496907634588,0.228472336453053
-0.349754239211268,,-0.411800598360526,0.340555504456331
0.756406438545484,0.907782518191952,0.844686614048027,
,,0.723998844029858,1.46664284689928
,,,
0.492228570064431,,,2.78395343891307
0.267835015331683,0.695505508043665,,
,1.99159080148271,,
-0.12270866097738,0.373435896221575,,
,-0.800181761835229,0.683541635593746,0.65360888684143
-2.64314895202898,,,
-0.092941018479472,,,-0.558911626338941
0.430284696359987,,-1.00240016638196,
,1.34192920253464,-0.509290993486405,
-0.555278351313252,1.93079244938035,0.864390633985018,1.9625153324806
1.77950290977515,2.70470975426467,,
0.286424419628825,,0.0734557063491337,
,-0.315709730077421,,
,2.61547819358852,,
-0.718466221319259,-1.12914651563272,,
,-1.99704354329807,,-0.123054791685278
2.39745248004976,,,
0.011129187220888,,,
,,,
-1.43850664491452,,0.140743912641085,
-0.190516802042901,1.49697204446438,1.13886492106923,
,1.03161605990965,1.43703441916166,1.2998113710669
0.300038545205798,,0.777637402028006,0.0769778282550186
-1.00563625951084,,,
,-2.22812110757571,,-1.47121074843182
-1.07742065311198,,,
0.712703325244282,,-1.38129143725066,-0.4343728843688
,0.585144988156646,,
,,,0.719310638028546
,,0.794299372384835,
,,1.10635721206228,0.502296596871469
,,0.739848732153563,
,,-0.192644335621089,-0.33113974022332
,0.802291031931208,,
-0.645113956859792,,,0.335956736767461
,,1.2613377609423,
0.438818700714454,0.572550438918527,,0.192173422751424
,2.05113734132476,0.351699795782618,-0.932522794955978
,,,-0.22920843926228
-1.63637926805902,,,-2.67670655413551
,,-1.51604690235426,0.23525463843737
,,-1.9248554602129,-1.28015154352606
0.435288948907682,-0.196808343523761,,
0.71517840711106,,-1.26754547414993,-1.19757715408933
,2.10592516747409,1.82083309258907,
-2.66092279846568,,0.770383742482311,0.73047848772681
,2.55946271265832,,-0.122712678256866
-0.484987596562325,-1.47812856991733,-0.398540757134088,
0.230616830631202,,,
,2.02446331575651,,
,0.612697886664572,-0.773611497590118,
-0.348472448955611,,,
,,,
,-0.471426774694846,,
,,2.22480081877303,3.98481496509882
,0.331222085966302,0.974420224833761,
0.740900011274274,,0.590224361638857,
,,-0.516315670560838,0.447406185348973
,1.53646377190837,1.54770718873206,
,,0.822201514669597,0.316840195407014
,,-1.66999707610473,
-0.281482115038967,,-0.681197060148308,
,0.557456862770513,1.61939710660986,2.51893851874886
,-3.38745415073302,,
,,-0.440752907266762,
,3.30095323797246,0.134821540345589,0.20940203847505
1.71230497731928,,-1.13356493290285,
,,1.26076791778482,2.10522767178091
,0.919313143317612,-0.544524758193246,
-0.227684064895531,,-0.400822962764539,0.523074430325154
,-0.516282622712614,,-2.79820912786161
0.314057663506262,,,
1.32821469603699,0.988275869842792,-0.58622290572834,
,,-0.442929936262037,
0.712842320031113,0.261377660804868,-0.218075755810981,-0.963709842755909
0.778860029783535,,1.12769242726484,
,,,-1.03384992007371
-0.574394552184383,-2.10920545947415,-0.638481126777751,0.366394089217456
,2.13242138360476,0.0794081309748186,-0.0227895714906688
-0.380956739294013,,0.335468576836845,
-0.105784167649752,-0.490327669445106,-1.82818804651428,0.340408493875731
,0.453732533889828,,-2.0156787468959
,,0.044063621077813,
,,,0.992984709477435
,,0.209025651705873,2.3058043777813
,,,-3.20536110855843
,0.731771298559598,,-0.0570228164951201
,-0.747961334334013,0.969859161114395,
0.364114687355063,,,
0.552157714218558,-1.40354819268255,,
-0.601892845985016,2.27692828289256,,
-0.993698591098714,,-0.662967350872686,
1.0267850560749,1.30097316334636,,
,,-0.137837766229678,-0.576947000665527
,,-0.16817673667416,1.95801389392196
,1.41335955582544,0.57619298881224,-0.231072320604237
,0.848776888756994,,
-2.07075107054196,-0.473893996796448,,
0.150120131188143,,-0.809538126372768,0.620172475257694
,,,0.26356143092079
-0.097369267513081,,-0.308130235682242,-1.34412255367163
,,-0.0438239778552511,-1.40399576317143
,-1.51581139132211,,
,-0.063294595539873,,-0.296794560030441
-0.616435842873528,,-1.4339765327321,-2.50880267255546
,-1.27553430063492,-1.18437487077313,
,-0.0189776303579528,0.466978091389648,
0.310016986578952,,1.37245071049548,0.215164343173334
,,0.891390334549842,-0.536623029214806
-0.184308868842384,,0.755817256413849,0.465366465974755
0.967267260167914,,-1.55961175321549,-2.95691212788953
-0.108280091234486,,0.455421258883168,
-0.69842066759439,,,-1.15515254115045
-0.27594516842554,,0.0640311615053511,
,1.3594828536547,1.33781613034269,
0.550043961214136,-2.5118261796762,,
1.23667580008161,1.66781649789728,0.885322802880876,
0.139097857161771,-3.49583268244362,-1.82323613674189,-1.78974962771903
0.410275096490425,-1.25142236873924,,0.601839531189138
-0.558456912348133,1.30794998523825,0.223940254457225,-0.507166382424825
0.605370668930333,,,
-0.506333542189239,,,-0.119397635571204
-1.42056550469574,-2.35793938223145,-0.902847278578098,
0.127992965684126,-0.074607268712537,-0.0203457611404163,
,1.2006433173736,,0.566389315958736
,,0.853053787629553,
,2.95172166509342,-0.0902317780716566,
,,1.0042347285402,
-0.608557178316224,,0.181566042547825,1.46364891960906
-0.202240855110284,,,
-0.273248106811925,-1.67659527431615,0.0433313463789009,1.04324962206864
-0.468699779782087,0.926565332748005,1.14001166590257,2.47359861573259
,-0.642477959199367,-0.798052378208839,
,-3.41174188081522,,
,,,-0.56922087306993
0.864152486225893,1.44914915344508,-0.109987880800955,
-1.19862235906875,,,
0.639491997900534,,,0.80815702670157
,,,
-0.557215481941608,,,-0.586006347196846
,2.30665595686657,,0.447213838130355
-0.782201845619403,-0.733272649194092,1.40378143864409,0.850805778987744
,,0.837104051729313,-0.151578723805942
,,0.309084944947345,0.60425739931629
1.65191539162316,,,-0.579008761623966
,-3.99837939869807,,-2.51092160545064
,,-1.51231253448322,-1.01185237635097
,-2.16203495000273,-0.790613259523706,
,0.268168663867413,,-1.67041327126324
-0.629578742686005,,,
,-2.70581436140821,-0.956575187843633,-1.88716907179873
0.57872237461645,,0.307097345266483,-0.339880383120873
-1.08758071407693,-4.24381370042677,,
,4.45022377664814,,
,-2.25511649329679,-0.194542153187551,0.632056671183149
,,,
,,1.04294795599579,2.42120560420199
0.586735339092625,1.45105988034865,,3.05471163997834
-0.30174666386638,-0.16095875736441,0.773085825702324,-0.607846644648706
0.079501995328401,,,
0.961264151809677,,,
-1.45646591707643,,1.3217123045673,0.237517613217567
,1.29096621323402,,
,-0.731671455766833,,-1.26162640976341
,,1.89969733291589,
1.370003993971,,,1.47242713619975
0.673253863354836,,0.734370140695934,0.553691895171682
,,-1.27111474343939,
,,0.924610646634951,1.73951655240691
0.0261002253262418,,,-0.959252865938697
-0.316415868196993,1.90378363332657,,3.294512347449
-0.102346513520598,3.08313876869605,1.96369389087108,3.32861737344407
-1.18155922705569,,,
,,,-0.514093748177147
,,1.36610401449397,
,,1.10428654508333,2.16460608148206
,-0.242211466678297,0.0507649386429138,-0.967683538202977
,-2.6758023160089,,-0.672918175947043
,0.34889934332972,0.62927119718869,0.501183824455067
-1.31651040165169,,,0.665598772509989
,-5.65932275901778,,
,,,-1.67463119652322
,,0.5590555113877,
-0.285845423591384,0.271315983426535,-0.0213331048688559,1.9511047238509
0.504126254591608,-1.51295051622187,-0.75116981210796,
-1.15591652508367,0.129476000350686,,
-0.127148606825662,0.544402626137288,1.00673511580679,
,-3.5010069631569,0.285653622887703,1.36713152191263
1.18118089143852,0.275136420043492,,0.263148116931716
1.85991086154316,,-0.708129661971503,0.0432245175191083
,-0.600191664183334,,
-0.0273469664137418,-0.102145418336798,,
,0.767352192568954,,
-1.5160676231511,,0.818676379367284,
,,,
-0.210734180691776,-1.74537130151373,,-2.39536712037024
,,,
-1.41202579265831,,,-0.303154820873497
,,0.611884935403442,
,,,
-0.397030520327837,,2.56425841348438,3.86682096790213
,-0.800114505491292,-0.0415778079670667,0.28316679980957
1.6875894829457,,-0.208587193274977,
,-0.391689529535734,,-0.87116670405073
1.07494507727239,,-0.892852513844904,0.265605191555819
-2.60169967025765,,0.027607611677051,
,,,
-0.675482291592071,-1.46021542452375,,0.305410964359617
,0.651704778572891,0.919668000079733,
1.5466091542241,0.688242718598175,,-2.21734172163681
,-0.34027173582783,0.581129996694497,1.48717652126955
,1.73314406093659,-0.267146951423783,
,,,
0.178190188418023,,0.312331247260409,
-0.875255477495516,,,-0.768650637973101
,2.32086562487336,,
0.170588081840838,,1.61453726139819,
,,0.0360229251250465,1.68890466171845
,-0.179410552640404,1.23074877736792,
2.08671743449315,2.38245078834756,,0.70583166193622
-0.678503145418437,,,
,,,
0.533259362753652,2.00167310229104,,
,1.63164799847107,,-0.2060971049988
,,0.766862946773386,1.7915805734701
-1.94295641358195,,,
,-2.71936081854167,,
,-0.0639173009651499,0.12084126729857,0.581082563383389
,0.0649613182358262,-0.912624848872443,
,,-2.02011741669774,
,,,-0.905213077437439
0.271066756750545,-0.932367160734046,-1.47436869993154,-1.97132155709168
0.157353347216158,0.154730042777514,,-0.72689499713524
,0.499325296929133,,-0.331529638362769
,0.325761047135426,,
0.8993540532031,,-0.41622918347275,0.360528660089974
-0.830811527336248,-1.38812862024169,,-0.325193269080833
,,,-1.13743524387126
0.740814523725905,,-0.149141181245982,-0.179496164231494
,2.4470774658076,,
,0.264251118528661,,
0.107190407016153,2.66893283915454,0.754984938819397,2.2953171268992
,,,
,-1.62842840729613,,-1.0979149081357
,2.3633486546429,0.26429170181016,
-0.828174270396797,,-0.60861471401376,
,0.404471091875047,-0.185333570444502,-0.323433083343534
,3.0565499192052,1.16923044224215,1.9612648220072
,,,-2.3712281240816
,,,-0.917943756794687
0.863648434157753,,,
,,0.532590775983243,-0.128124611928522
,,-1.07355640887183,-3.42444325203901
,,0.384197576890263,1.31920465648348
-2.2490510903324,,,3.05462928211861
0.0315260045939917,,,-2.99514569843592
,0.69402389776287,,-0.942809132326165
-0.155345347144399,,,
0.568288620777075,0.0197896789438007,0.275321680513181,
,0.728783435130143,,-1.53094248605186
-0.517982430167822,-0.657369557889799,-1.12932407772789,
-0.29409532715611,-0.423079533755985,-0.462036614957025,0.00555460789775808
0.397842208800339,,,-0.952675095263362
,,,0.625325503747677
0.0912673834882354,,-0.766266039420025,
,,0.530292738255426,
,,-0.264820995169732,
,,,0.473693996665071
-0.853623696727242,-1.6055999286775,-0.642784278613871,-0.673158714647507
,,,1.3404252485353
,-0.0221166735765156,,
,1.54699321598956,,2.02544503600509
,-1.35046429159707,,
-0.996838982378005,1.33997345986824,0.746606051481751,
,,0.0702588608724181,1.27190819121408
,-2.16821734609177,,-0.657094414106771
-0.239029068152564,-1.46966467242031,,-2.48948402227013
,,-2.17338254785377,
-0.32132484216839,,0.936154259243359,
-2.07848926886002,,,
,,,
1.18718681065156,0.306206582943245,,
1.19160126851033,1.45894324364447,-0.0611797974767041,
,-3.282452008058,,
-1.54777654363757,-0.700218783674424,,
2.45806049186527,4.09067446661829,,
-0.162421942479419,,0.0849678922434273,
-0.0974512501056172,,,
,-1.99921605325242,-1.65775076771501,
-1.61403945661912,-1.89364494216507,1.63215881326579,1.54288467587465
,-1.37824642460784,1.72387456056887,
,,-1.57449711394856,-2.32025991819607
,0.300982400553597,,
0.118849433004561,,0.309272206782858,
,,,
,,-2.6381572318086,-1.64799993191669
,3.77602711813325,2.55197203166135,
,-1.43074670978392,,-2.80512392551973
,,-0.248479372941319,
,,-0.0406881205101021,
,2.51738741774787,-0.398490471846819,0.342235325322628
-0.212848278646528,,-0.630675545844059,
-0.0936367939110456,1.66742497512608,0.0562216773777784,-0.0286421263247904
,,,1.91897957464788
1.44146175605504,,,-0.212042326521899
,-0.135144148232581,-1.35716901815309,-0.607477804416976
0.834401567757039,0.398024894406522,,
,,,
0.373241434166406,,,2.41424328909966
,,,
,,,1.19903617089483
,-2.82101636641494,-0.982660639729565,-1.69477277140499
0.641830027651616,,,-2.61955597211249
-1.52931053118042,,,
,-1.07316253524556,,
,-2.1982384321386,-1.87483100549287,-2.26073233212935
,-0.143497048443189,-1.22879342112491,
0.189426237514811,,0.819352400125067,1.79528182194739
-0.732853806297125,-4.17075663252858,,-3.01086903702872
0.986365859895462,2.42358009581351,0.446756555341712,
1.73863376690625,,-1.42150267660051,0.0900107011250026
,1.3416876324887,,
,,,-0.663936514082521
,2.88942254219379,1.2545223354215,
-0.056055946186268,0.629870917390455,,0.644829647691108
,,-0.543791518525734,-1.35443774203454
,2.33933818512134,0.84202992586467,
,,-0.397512273945224,
-0.0752631976487263,,0.490873104387214,
1.0191570693309,,,
0.711601922486244,,-0.742336173897072,-1.71140366734217
,,,
2.38292669523033,,,
,,,
0.207381157385307,0.0707099928905135,-0.424877621240791,0.537903607791971
,,1.63999156503918,1.15835506536856
,,,
-0.482676821796308,-0.418095993315928,,1.49056967477711
,-1.09523702481901,-2.63392040087345,-1.03284519103042
,2.51942048510462,,
1.53843019889679,0.56915531967948,-0.181742974164195,-0.551946435868513
,-0.635234641721545,-1.33486962071789,-2.68176293899706
0.511470754698125,,0.118438527605872,
0.213957979642262,,0.0214367050481476,0.114820791139673
-0.186120699373496,-0.454520749783403,-0.459485627191494,-0.107105801907691
,2.01319352002806,1.02916728376905,2.45796666749341
1.01283433584425,,,-0.329140802921292
-0.2014581469715,,0.182458042532446,-0.365162117694991
-2.0376824944408,-2.20492624641194,,
,-0.0523189103564835,0.375841778978792,-0.537491586627836
,,,-0.411796314918179
0.61645571635144,0.979274979092013,-1.48114357249549,-0.940992820438465
0.616567817477434,-0.00250962311521125,-0.368364517642981,
-1.69210152086908,-0.962576559418387,,
,2.51561050121595,,
0.967859209947064,1.10832239095048,,
,,,
,,2.20023847840029,
,-0.0701429902376174,,-1.18176853689577
1.48783783187804,0.353166204959378,,
-1.66792804577932,,-0.668499712171342,-1.83332740838019
,,,
0.457462079357455,-0.482371541418705,,
,,0.525567192959613,0.529608284739456
,,1.64155823740255,1.56879331430936
1.87786402105219,1.74104676423748,,-2.10841478156921
,-0.734180265492245,,
-0.278454024963586,-3.15490740215534,,
0.474911714034054,,2.80216089605463,
,-1.56402098657092,-0.776270775245074,
0.813400374079065,1.3248957226008,0.319638993452885,
,3.19942987441635,,
0.00269166123012091,-2.99987005926877,-1.13354222026815,-0.941695090176737
-1.17669215774973,-0.141402851575051,,
,,,
-0.592997365655317,,-0.0188344692007226,
0.797380500549836,,-0.797317733525216,-1.19954978128916
,,-0.194002083549795,-0.604560838717063
,,0.36858349507726,1.44484429704211
,-2.38709566576561,,-0.260542781138962
0.394394847980585,1.94652429225139,0.693274564712351,1.68290079416552
,-2.03707481278915,-0.249961965696045,
0.886749037096059,,-0.656194768797264,-0.836816222179969
,,,0.533624262658607
-0.17063961823861,,-1.44956104212849,
,0.456035888676627,,0.295623195849546
0.388365162819368,,-0.263388281550438,
,,-0.107180510122984,1.63033510344997
,,,0.758979771519976
0.647513357977592,,-0.816716043671703,-0.570410299233356
,,-0.635309797406451,-1.35371722822501
-0.658010207949479,-0.373112375708155,-0.511268802344212,
0.855202205064192,,0.943912514607942,
,2.1713117895179,0.969908826597275,2.64414754757568
0.276274556543337,1.36001142736404,0.771317478176237,
0.144104662462187,,0.921733611960978,
,2.46539885112501,,
,,,2.19657119452762
0.276315532135793,,,-0.181024345190968
-0.158294028699944,-1.38342355022589,-1.72822044763922,-0.491840662959733
-2.50791780219725,,0.545196883433574,-1.9841189166485
,,,-1.80492300035401
-0.0776732006105648,-0.904774468918579,,
,-0.687703753926691,-1.14246261935168,-1.07722946545636
0.276872458861614,,,
,,-1.21809765953348,
-0.194152409320457,1.60975897719678,,3.4882672576977
,0.96176111048316,-0.918862196108237,
-0.921516042869578,-0.542888270704252,,
-1.20844272044307,,-0.931403728036877,-0.979105750520546
,,,
0.742297024186518,0.686147454274991,-0.451498276485733,-0.638932279438374
,,0.679362892863526,0.116431859288399
,1.51489428735189,,
,,,1.05506460612074
,-0.621657299711337,,0.511966703814249
-0.368352575126506,-2.65563018038961,,
-1.85261682424173,-3.98758473747192,-0.744329655466602,-1.30812217373067
-1.16961526041411,,,
,,,0.366946124217646
1.05432227197535,,-0.432848469079535,-1.24776394126073
,1.1057043624535,,
0.78945985279018,-1.72115788312731,,
,2.88098581474676,-0.419389727633926,-0.837087039417079
,,,
,-2.40984666356505,,
-1.75106751939608,,0.474413380278143,
,-1.4619714908734,,-1.38437228915165
,,,
,,,
,,-0.0438345558528673,
2.6848589992268,3.69276481527177,1.0101447888933,
,-2.27955269289727,-0.921719960067878,
0.0642435566300379,0.508585247630134,,-0.8284343877284
0.649791867153518,,,
,,1.29647197817124,1.61726089597264
,1.41109949844019,0.791865987768324,
1.04530566396331,,-1.22344782422974,-1.79133903506069
1.6155453232072,2.3722123594974,0.64561054980139,-0.238445735278382
,0.937421100020177,,-0.944599687531953
,,,
,,2.16122882083053,
1.01645521770216,,-0.803047499123773,
,-1.5397793567719,,2.11277647155282
2.32086022399448,3.04783653804541,0.812614581450197,0.545352899407898
-0.603531247788338,-0.594702768789761,-0.15075478542441,-0.565026119506242
-1.45884941443809,,,-1.89891057292881
-0.35091782719307,,0.349099401801275,
0.146708484145002,-0.168693275060964,,1.20660696862014
,1.18633405107801,,0.289759259044373
,0.167603781581163,,
,-1.19108141836538,-0.263968941429066,
-1.38948352398816,,0.0509817355922006,
-0.866037744672114,,1.57498862820488,
-0.163284932229294,-1.98565425241117,-0.83488799248238,
2.55302611346059,,-0.133464250187388,
-1.86022757421841,-3.34772164210459,,-1.6608325959569
,,-0.634778543470461,-0.349598842353812
-0.527234257233921,-1.8335083498539,-0.156662651098129,0.805680540082749
1.66599089998742,,-0.413280154144215,
-1.1392006399734,-1.44998836627983,-0.595171336805373,-0.359942646064504
,,0.353493189583698,0.269581908641533
-1.09955094170275,,,
0.903516426361675,-0.321902378464704,,-1.09997258529571
1.48377948873809,,-1.13653808697738,
1.95072100640115,,0.697019659118036,
0.797600657589519,,-1.117092217892,-1.26269999528677
,3.70069219190022,0.840173113775297,0.269758090603743
1.24642390866165,,,
-0.131874911824015,,0.407546082286762,0.822647925494561
0.4770372382847,,,-0.0641037225108865
,-0.557017459369396,,0.270894558362887
,-0.210515073604017,0.194676851368289,
1.22096370834882,2.72753125326464,1.80590441866928,
0.54128414348235,,,1.04264347166695
,-0.512641937496682,-0.412111982730268,-1.08142759379244
-1.03813103968721,,,2.78881338169755
-0.604513230334117,,-1.31453882659669,-1.92293961572299
,,0.399377852281126,
0.395295870013499,,,
,,,
0.562041390099052,-1.57735391652952,0.518619006430888,-0.423219397495114
-1.11641641193354,,,
1.82853045813536,2.04973774582052,,-0.745368961289161
,,,
,,,2.52676533751369
,1.14226734748359,,-0.502993361298901
-0.352453199227956,-0.252617292299869,,-2.82727766090918
,,0.924139874752361,
,1.67726658244705,,0.669211716740155
-1.01411417266147,,,0.984246120843926
,-2.36839519309064,,
0.299593684739564,1.06121893852556,0.477518183220547,
1.63905190875156,,2.5806526908609,2.50216689343252
1.08461700867092,,,-0.644677434244238
-0.624567473618094,,,-0.838859000532888
,,1.13819306503437,-0.353035447753251
,,0.164595828796166,0.136946581139448
,,0.448191625485234,-0.645314258540418
,,0.332372704401165,-0.89082849493276
2.57544976372339,,-0.368255750478121,-0.45185805342566
,,,0.359624214093906
0.100919859012857,,0.241277489362624,
-1.77997728796762,-2.5483196791329,,
0.589835922958758,,,
,1.52995800097641,,-0.0462154239591552
,0.315641816519126,,
-1.92514525183712,,-0.539816583816239,
,,-0.0967318665253926,
,3.27197309038021,,
,,-2.55418616811636,
,,0.986983885790677,0.111306013960143
-0.0365372222047413,-1.55631360997542,,-2.41264389072907
0.365018751433036,,-1.96150080231654,
0.665159875745969,,-1.25494872994457,0.0664938049359496
1.31782088371148,,,2.53009827154887
,,,0.0606682422155038
0.196278045472469,,0.0507923242732363,
2.48799787722146,,,-1.42686230996384
0.431098928114991,,,1.14971892963629
0.188753109329833,,,-1.89278864358145
-1.34224312528345,0.0531995118868451,0.883319416939335,
0.00285604762222659,,,
,,,
-0.0110458298093738,-1.04812374353959,,-0.128993552837863
,-0.967649550160559,-0.320429242801516,-0.830293863020806
-0.686815652442701,,0.596378265207579,
-0.720773631820122,1.96822678723513,0.515894466812632,
,,-2.24568915528305,-0.286630339772387
,,,-0.142128050358338
1.04908662655933,,-0.756406259478971,-0.386031218738458
,,,
,,,
-0.844583428535954,,-0.390085144058439,-0.337448916320455
-0.457760533240508,1.95583971131578,,
,-0.182175174492514,-0.163828824036553,
,,1.31249307935843,0.226113581660011
,,,-2.18621841498148
,-1.163699479885,-0.73379516580692,
-1.21394447023951,,,-0.433072155534728
-0.141261757282513,-0.250248353493893,,
,,-0.261404599347179,0.118057162596607
0.156155707275326,,,1.21887507575637
,,,0.492989685879093
,2.75059682232938,2.61804426122899,
-1.62185825912421,-2.1447079215699,,
,-2.3590458871356,,-1.523238537557
0.310450080541646,-0.731480967691115,-0.159248826142607,-0.678092245373253
-1.42110844750449,,,0.824747427676243
0.955365639730411,1.95096858777885,,1.01787282104733
,,,
2.29961936115445,,,-0.91084862107964
0.156702987375728,,-1.93607885995311,-1.86853861172823
,1.49605321809798,0.560440103784749,
,,0.115656774237573,-1.67295205900799
,,1.72953320201896,0.735609167994375
-1.84847277533767,,,
,,1.41509429696759,
,-1.04141393246666,-0.229330092412263,
,-1.14152870069647,,
,-0.131389978714128,,
,,,2.18667525195766
-1.49869825452676,-0.552084810502957,,0.242722707862616
,-0.697541805701303,,
,0.702309504828699,0.0991084996907049,
,-3.13695685595756,-0.854624897207522,-1.87551994740555
,,-2.63078975537585,
,-0.86844985971856,-0.696361472593264,-0.143616162543561
-0.322746361825109,,,
0.146417178667962,-0.579557354581834,,0.258462905953243
2.30506198204569,5.90803340961185,,1.10132935152231
,-4.71717911184675,-1.5401288947611,
-0.305469639909805,,-0.319142992044907,-0.0843127007616002
-0.516759449743733,-0.553714803995375,,
,,,0.34239594785062
-0.769484922890278,-1.44536954906517,,
-0.0820869037757183,,1.2149766482331,0.219971275363901
0.787133614322708,,2.67216919214594,
-1.0585905359484,,0.0281144977959849,
1.65517581574201,,0.145636264614111,-0.974324182321125
,3.6078761535581,1.35973973731487,
-1.07420660953035,,0.747889992058458,
0.454577809057738,1.74473861678403,0.550660689672687,
-0.213307143233068,,-1.24723300803573,
,,,
,0.278373807399408,-1.29949663155509,-2.24653827798108
,1.20816238510112,,-1.88801629189559
,-2.75085440858354,,
,1.31399497443578,,-0.433997924977261
,,-1.57831466549582,
,,,1.22052846146211
,,-0.399360881921485,-1.50742832868335
-0.0179802405766626,,0.27688382469893,0.84444563512683
-0.132175132856735,,-1.23367340708577,
,-2.2035916774804,0.75357491871566,
1.04057345571938,,,-0.791405352820379
0.24972573598519,,0.675136077100762,0.889846254593042
2.41620737314833,1.45722352515234,,0.0500517054277653
,,,
,-2.0285723876839,-1.63655876306266,
,1.32324923512933,,0.43636608902089
,,,-2.46155919912673
,-1.09898787640051,0.106474515557641,
,0.325516290377436,-0.217414375574229,0.753697967322273
,,,
0.187051146554012,,,-1.85698633964193
0.227542728568814,-1.26683579424137,0.00745278383487472,
,-0.527396787104211,,
0.285589580242562,,1.31702094116468,
,3.22614147211345,0.616626397015683,
,1.32375997527726,,
-0.162926710698454,1.44965890720135,1.47529893738686,0.69542240919683
1.39857200633747,0.819329540388298,,1.90021769151268
0.898396240682948,-0.409969972265249,-0.0442079900591391,
-1.64849481838129,-0.802706601513146,0.52761755399525,
0.228556973262187,1.94077515403505,0.469960397697178,1.4914468276453
1.65354723467773,3.01183497807984,,-0.112820114135371
,-0.479970816362789,,-1.31426738705855
,0.885224311366746,0.596818586080259,
,-1.59193067914745,,0.765075887759838
-1.19693521218868,,,-1.69759239653366
,0.172895153508664,-0.269232754662,
,,,-1.34160674283322
-0.458018068096944,-0.987049066392528,-0.25406540219004,
,,,1.91798896962468
-1.13689311169114,,,-0.657968510497745
0.266918250873058,-2.1370006832675,,0.429268642943041
0.428332039471543,2.46372134308352,,
,-1.83270606994282,-0.611651343749789,
1.82218882183542,4.47993460693224,0.22048739456419,
-1.02234732857525,,1.25888766964456,
,,1.1645649411449,1.73552371350931
-0.0889305674506674,,,
,,-0.850146832109176,-0.218782127590152
,-0.389542268871963,-1.34676611463529,
-1.02040059068393,,1.41100753821192,1.14025883159243
-1.31345091651841,-0.921056309181588,,
-0.494480875483423,,0.254670045601216,
1.75175714975545,2.3521676156878,,-0.054666656907621
,1.28959332019201,,-2.46049677300125
0.331434398227886,0.995649489073149,-0.123183323251137,1.89442967146724
-0.18984663767754,0.814360029824711,0.894270265898345,
,0.890075004000993,,
-0.951679543017146,0.794151907574277,,2.05734594656479
1.15791046656864,-1.75663854817339,-0.438882168070288,-1.20974443612939
0.584705260241351,1.03733040097152,-0.0760959072597549,0.453415325942343
,-2.37554344715015,,-0.427089316994459
0.0545532458119923,-1.17407394331524,-0.257695602565683,
0.716331619499123,-0.540840416848359,,-0.789638369573931
0.557730982054603,1.36346300673116,-0.960114933396772,-1.17164946131001
,,-0.252179812146942,-0.700123112447551
-0.61298775489485,0.157877790980586,,
1.11613661549039,-0.861660192194986,-1.47402986423476,
,,,-2.09334734760366
,,,-1.90564804147115
,0.577747917481142,2.29015242053053,4.00502247934411
-1.08914519088452,,,
0.457786957944971,3.14972254927929,0.903781653991018,
,,,
1.77910266685145,0.162733084029112,-1.50194074394056,-0.808987699244009
,1.07844360369933,,-0.127812427769226
,,1.17958616303281,0.561902245642258
-1.02554224849711,-0.881347810039307,1.0762718602451,
,,-0.830665922130581,-1.06446987107598
,-1.68419125780435,-1.96432479796314,-0.596754189354984
-0.450934647056651,,-0.353773300476928,1.40271431967867
0.51423012023069,,,
,1.3889654648588,,
,-3.09835131379981,,
-0.730509672807828,,-1.56494758215447,-0.0612480322180948
1.9050435849087,,0.679359157091456,
0.332621731470394,-0.797368053346546,-0.749466090829345,
0.230633640499451,,,
,,-0.187144120343053,-0.0222136444582973
0.659791899549327,,-0.444513538884691,
-1.02362358887971,,0.307533163662043,1.93919620127676
-0.891521574354298,0.210027513217468,0.49882690842387,
0.918341171021649,,,
,0.0400347305783856,-0.294278741644632,1.48472436526483
,-0.320778599581402,,
1.76990410988936,2.88945356751237,,-0.937207652654382
,-3.4213828117394,,-2.3425817811681
0.572811529859585,-0.523529602193907,,
1.01724924908461,2.36285980047969,,
,,-0.454721428321007,-2.28001204704166
0.444287051411554,1.26183852630587,0.19011293216017,
,2.97694326792745,1.5001833406126,
1.04062315291451,2.16442042704097,,1.96161564291948
,1.00257609438641,0.1243548227961,
-0.244883779092525,,,
,0.607351573846291,,
0.800622356509766,-0.557236413200422,-0.601102619355156,-1.69190770939437
,-1.7059264403173,,
,,1.04037095274877,1.65705415179944
0.160277539993178,,-0.62299901033185,-1.37187576625304
,0.777837128714838,,
,-0.301458610645666,,
0.0839306795150329,0.475061207568256,,
,,,
0.161226351326199,1.35052391631075,,
,-1.48491281317615,0.922822509910655,0.715352572274757
,,0.510415885453541,0.253259301042783
,,-2.51438298362692,-4.3890620424237
,,0.329713236911024,-0.944862549658829
1.05766417094298,,0.535864349275993,
0.825149727768283,2.17144980854802,0.32238546519489,0.793550447536788
,0.506454306489437,,
,-0.27435391136286,0.608668001700654,0.356577900573486
1.57530770683748,,-0.5437009475062,
,,1.31028710917763,
,0.148110573175213,0.443627790719485,-0.49195522978939
-1.43684344365778,,,-0.733616752665195
1.39531343894608,3.71690291065884,,0.073552439601738
-0.190703432644857,0.69439511200281,1.32810363891631,1.05563503348693
,-0.0258016774100653,-0.783486982599745,
,,-0.901448680579803,-0.0472280161426296
-0.0500372678876282,,,
-0.443749311866524,,,
0.299865250136145,,-0.233165815755455,-0.155062150836699
-1.56842462075497,-4.46288469157856,,
,1.58875563390325,1.20890174088062,
,-0.371643817153027,,
0.468525122530146,,-0.347494859624533,1.04710371581633
,-1.69017997595772,,-0.822769881283605
,1.08424892950704,,1.47011125232178
,-0.675193254038866,0.498629103709437,-0.709788053959572
-0.767989573092782,-0.590448090737686,,
1.29904996668359,,,3.21642136113975
,,,
-0.156891953039067,-1.09828934798308,,-0.169322593766147
-0.35893656058468,,,-1.17027668642794
,0.938816419704661,0.606211059949494,-0.54960108997787
0.0692364778530165,,-1.04683274489841,-0.273082158773368
0.0969042337010548,,,
0.29003438776557,-1.14885683729918,-0.444819656361051,
,,,0.760823131190042
-0.846896388820319,-2.82749568041788,,-0.45793599602685
,,-1.09740652327724,
-0.548627361103323,0.137847127883653,-1.26683537677495,-0.379768023205906
,2.28154637347123,,1.80863651474465
,-0.630740397824858,0.032233465256746,
,-0.757926469938547,,-1.7624352404298
,,,-0.0907466947285838
,-2.61679047754064,-0.775772854325774,
1.39978335621251,-1.00611194229848,-1.35074515292715,
0.117459584626988,1.45875098832492,,0.022818120942563
-0.331545758200853,-2.38873605745656,,-0.664304296090245
,,,
-1.18559164903534,,,-0.0102745682976404
,,,0.300556788931819
,,,1.19122110826293
-0.333120901223949,0.827182543492145,1.57359256245169,
-0.0659609463524635,-2.21409476295416,0.213092279498704,1.37007784376546
-0.11522170942195,0.14896925956003,,
-0.650512618774529,-0.275722555905416,0.442650752025778,
-2.01868865908242,,1.51944032687936,0.899074851439047
0.348834970176592,-1.9708777406504,-0.517784448578737,-2.18462596393735
0.761639507646859,,2.54520601355036,3.3509639236588
,-0.760985837190854,,
1.48240271845861,3.0400482864039,,
0.385154823687235,,0.424318735883183,
1.34164029499387,3.08437098721002,,2.39282360821546
-0.957170471242288,,-1.00754436922229,
,,1.42475842731415,2.39583826577783
-0.100013958938808,0.79908162986617,1.5423961329405,1.26500134926994
0.768507431881776,1.91051491721907,1.44873643510109,0.591254454537948
,,,
,-3.13106176206123,,
-1.77865914874394,,,1.25423130434095
,-1.3841705544054,,
,,0.800779584950544,0.711739252105144
-0.706321492388223,-0.0959321273695228,0.269632359325748,
,,1.41833809828716,2.7701801544846
-0.46792597392522,,0.839731823875442,
,-0.473055462228411,0.000811529367983618,0.0273079149445658
,,,
,-2.71046070338505,-0.886181577645275,
,2.08840402493793,1.40593776293364,-0.233386369340207
,,0.28209593370666,
,-0.983570030890986,,
,,-1.94042639327398,-2.87415013116323
2.06470428414334,,,-0.25155192197
2.19359006906425,,-2.06166848584919,-1.36548169346971
0.156595323350149,1.71726994885189,0.56732745293274,1.99127275349628
,,0.799150075099551,1.07186815933366
,,-0.809332005802021,-0.715991248722022
-0.65277439594702,0.118703085463571,0.966102407624775,3.18479224792166
,2.73529000907356,1.18228487325432,-0.276439615913036
,0.537273223983201,1.2031121165131,0.682417503499533
0.372911595208748,,,
0.619850074568692,-1.02886345984839,,-1.08063861164503
-0.757510160695849,,1.23108208263474,
0.851524681506183,2.39800504076284,,
-0.747929970916306,,,2.42485811719221
,0.825624147996108,1.22889207471798,0.439712636360279
,3.07270546068071,,
-0.988442922383206,,,-0.00851911874803268
,0.589199630453753,,1.16920190511245
-0.489532871212412,,0.0922089842953983,
0.294353388436968,,1.38691146868402,0.889967656231438
,0.0572129727181311,,0.664130924434469
-0.427196386338202,-0.562301212401489,,
0.268102869997785,,,
,-0.662168954780395,0.491180001901603,
-0.136136872184964,,,0.107799698794091
0.825790831665171,2.87112608459032,1.95871738160004,
-2.17412464922931,-1.36582149937869,0.471505835519245,-1.14692703321349
,,,
,,-2.42498159092147,
-1.58908969414543,,0.0999982667892401,
,0.235286900407423,0.795534482185088,
-0.992928349756011,-0.505198600365935,,
,-1.96373596113527,,
,,,0.297991806390809
-0.390635251474806,,-0.322838308023174,0.708286970004698
0.85678547377811,,,
,,-0.340340454716673,-1.82918175005542
,,,1.63882517197476
0.398362715628605,,-0.530057638555606,-1.00835049926926
0.362352157635545,1.38288389405069,1.94475078464316,2.13709721067032
-0.852525670314502,-0.12850582330666,0.365942605947246,-0.224727687725649
,,0.0717652799138269,-0.146667225584669
,,-1.39904118842245,
-1.82489758417833,,,
,,,-0.687083565775511
,,,
,,,-0.963429446066603
-0.422227003189619,-1.5132532441441,-0.00790055935338612,-0.902937619470913
0.68182969040341,0.807490536968027,,-0.202338823899526
1.00949618573749,,0.977700009702307,
-0.726104964901155,,,0.643656431546781
0.806108868375026,,-1.02303440933919,0.166780532088137
,,-0.474203746061126,-0.474434215425354
-0.784144004842646,-1.01779501012241,,-1.60871345718202
,,0.278057648466928,
,0.549670690693223,-0.65031257160433,-0.1130676604308
,,,0.160493898402677
0.548774960444283,0.186396046202633,-0.494572480392259,
,2.26840018469454,-0.135970470622594,
,,,
1.05170127017537,,0.193847965706737,0.354813032823553
0.622905462337194,-0.84471034124593,,-0.365248296222388
,,,0.337570835774907
,,1.02325123482573,
,,-1.37612124507185,
,-2.34324382891559,-0.72583944912264,-0.57279847443415
-1.10518272915749,,1.37309455527624,2.41438104963169
0.591946003397209,,,0.455168673935222
,,,
,-4.04085052870608,-2.61282769758743,
0.741277377171399,,0.594146598383368,1.95944292476808
0.753295047849076,,-0.0729361948342147,-0.152780719365113
-0.262670503361778,0.513296678906981,0.810027436075086,
,1.53157061680831,,
0.0735986090078693,,,-1.23200890613318
,,-0.464772694524624,-0.347530967425896
0.426020486679004,,-0.21469996447969,
,-0.613285392001904,-0.772764648326812,-0.431869680646785
-0.00763687041997194,-0.101877804150075,0.850308035526373,-0.188500308108016
1.12566760522075,1.17421204601941,-0.0209424435947078,1.27593805121351
0.883002311017247,,0.0839978428590354,0.476354723116724
,-0.641886335276492,,
0.414700706778464,,0.652926531416257,
,-2.18799003760075,,
,0.885947028842725,,2.47121735009867
,-0.543283582397625,,-0.323194689550972
,,-0.376937992853078,
0.94322446838622,,-0.128225912611266,
-0.109317123186431,-1.43997428935436,,-1.95454277338332
,0.178278569082412,1.41482422910169,0.89110492978108
,,,
,-0.692141804005398,-0.558305612121813,
-0.0687656423038444,0.106707121154499,0.353356814190146,0.678920991158982
,-3.20493182738924,,
,0.141370015878616,,-1.18584482700346
-0.072486909951959,,,-1.10580129988226
,,,-1.11023605529767
-1.20086932820744,,,-2.9303952763583
,,-0.156628987415832,
,,,0.27587992636476
0.653495765694276,,0.477408482909135,
1.77323863192756,,-0.960202640788004,
-0.0384567937093384,,,
,0.830869777934183,0.109502576008931,-0.100015140013986
,1.65523377575305,1.00640413762453,
,,,-0.689309997110707
,-1.32692599211245,-0.439302274359089,
,,0.162423085557688,0.199103544003153
-0.0517182128948834,0.0521539587286534,,-0.241569740327237
0.908447698792251,,,
-0.749725786852189,-0.416605868080511,,
,,,
-1.14777075045925,1.59022106750228,0.813239825157289,
,,,0.31549958163873
,0.286733767519242,0.331957349549086,1.10287392504435
,-3.02539316061047,-1.96203154800104,
,,,
0.107235034754764,1.28974986374098,0.018767421105966,
-0.944057691649846,-1.87281534960651,-0.399642004163855,
,,,
,,,-1.65798517214206
,,1.39461808935259,1.01465160394137
0.716683320938825,,-0.387054295373588,
,,0.0349808523397247,-1.56262823286582
-0.478528210450305,,,-0.956621688446701
0.438721750586617,,0.619438162846032,
-0.679112270457868,-0.328627899507041,0.693172094759333,-1.30103832074108
-1.70296483514544,,,
,-0.367864946068478,-0.76189711556936,
0.360357237879846,1.50048578161476,,
,,0.0141228252272481,
-1.9940787873306,,,-0.952641452472675
,2.60922822839303,,
3.39037082127154,,,
0.207480407355457,0.604012386403587,,0.384788561254395
,,,
1.22456031207416,,0.624910396807029,0.999353333509546
,-0.347299527809034,,
,,,-1.17424426061025
,-1.69475885983205,0.854623762112934,
,,-0.833054032614971,
0.622409782886114,0.475267670333021,,
-0.29071598924087,,2.06222074720553,1.97675801596851
,,-0.931974921988098,
,0.601246390755605,-0.889507423564613,0.417091236107165
-1.8636669824956,-1.85330932025822,0.851867790224157,1.23891760354748
,,,
-1.44349288893542,0.239667714271147,,0.493567587211286
-0.208570162415648,,0.803580491159643,1.62188958483227
,,-0.0187853930190893,1.04890987070331
-0.218593816856198,,,0.296408802537281
,,1.25664736529684,1.60079106418872
-0.58205991791537,,,-0.980097511024365
-0.783097595711896,,0.956032614692837,
,,0.782793154646776,0.608128996396443
-0.805698081611249,,,-2.63465047998097
-1.16618470736774,-4.07485211331464,-1.91874489502058,
0.407946196248296,,-0.829086236792996,
-0.863004246007877,1.80448783104677,,
,-0.303792893179175,,
-0.146427487847921,,,-2.34277750364509
-1.4335621799108,,,
,-3.97462835457904,,-3.11560512135186
0.885112455057677,2.80568906796094,,
0.903076085954568,1.27514736952017,0.859203183850819,
,2.94704609206052,,
-0.00358030839978085,-1.60487731139705,,-2.12095673719257
,,,
-0.768417027015159,-1.77401055214828,0.642485098954966,
,,,
,3.46952383210697,0.805018489459841,-0.554126569518353
,,,
1.14038682512847,2.37676850009915,0.658725245659546,3.05163291351435
,0.531928574930002,0.0934065075781848,
,0.683288050415229,,1.149699756586
,,,0.837259341027239
,1.77509842050431,,1.36248075474678
0.876096109595914,1.7149213834056,0.714687772651994,
,-0.494956868034416,-0.334783550667283,
0.477114245376879,1.3535577108349,0.635957680001029,-0.387758166333571
-0.491405300209402,,,1.45277444086503
,,,
1.29542579083131,,-0.935518095038537,-2.85232987985281
-1.42021949166693,,-0.535841604001426,
,,,-1.04344638595296
,3.68410122953898,,
,-1.98204555852078,0.409431201355167,0.0649134677004771
,,,
,,1.15343506635659,
,,,-0.080370025448967
0.446313016638096,-0.92696103482214,0.206602506804957,0.666811430217158
0.421884693273688,1.6906231766704,,-0.246990397382206
0.442464772145637,-1.49060751341947,,
0.557245746378939,5.04192916000911,2.76003767632054,1.18751412040106
,1.85895386023001,,
-1.96866155667422,-2.25704620554463,,-0.208876125933267
-0.148816361359868,,-0.670832501929864,-0.989699185962062
0.112463812551901,,,
0.72467620264776,2.47053126333021,,
,,,1.07997114501255
-0.499600189815913,,,0.992050087626138
-1.07364299075116,-2.2148392376017,-1.77126004981374,
1.05724021270968,,1.35517205980793,0.275340408265617
,3.25326894364852,-0.607007611556191,
0.787676725359233,,-0.340092309747003,-0.71177444382255
-1.22240338257699,-0.172154101972314,0.618246468653723,0.670895152235318
,-0.736189127965012,-0.568170876213515,
,1.06508240927696,-0.495363780380371,-0.864193092241692
0.167940980736459,,,-2.10493356639349
,,-0.321209798555675,-1.97246176569119
,-1.74170271243152,-1.36145292263426,
-0.665302795560156,,,
,2.92242150755797,,0.834098475297554
,,,
0.227614939940088,2.38320189099378,,
,,-2.6428339448088,
0.578334940469455,,,
1.36467278147354,,-0.195979357503594,
-1.70157980266041,,,
,,-0.974396329518992,
,0.357631474876763,,
0.578589291608515,-2.05361153948826,-0.615572197845815,
-1.16920662152897,,0.311234107323444,
0.806184855447289,1.45437673194311,,
0.307390076162333,,,0.72412532646137
,-1.78032135076852,-0.548563288116446,-1.22563480947156
,,-0.294459852194053,-1.50138309177291
,0.676219258871022,,
0.925546098499114,,,
0.64822977373149,,,
-0.150209374167699,0.402046172738826,1.74463197252053,0.671000597392551
,,,
,0.121559149607621,,-0.752583921563251
0.668751399439465,,0.0500403041382638,
,,-0.718926297779586,0.566366953513067
1.58043183698592,2.87660285466047,,0.919078986899023
,-1.56515619095999,,-0.941850997605213
,,,1.64748181413861
,,,
-0.279629906980599,,-1.03654962902512,-1.67982429245762
0.784438245280006,4.94638638976334,1.95457612714575,
-1.58461664459117,-3.91594495954961,-0.0780441801891742,
0.47836614779403,2.21334645835674,-0.258349263555798,0.922696522373171
0.393566372994815,-0.385909995904971,,
,,,
0.368377328533257,0.419826248463123,,
,-2.43712121048059,-0.237489729165051,0.281774598382924
,,0.715270301542728,1.16944214041711
-0.45391373338119,,1.82472140566931,
,-1.10863209180671,1.55278145266229,2.89461753459722
-0.00684630317266509,1.33696369759316,,
1.37305204498399,2.12563796478873,,
,-0.465846367437966,,
0.558103293948777,,-0.796221862956151,1.38788332962776
,0.0775753201347247,-0.979549950322809,-1.35529302887743
-1.17951862914156,-2.74891201423502,,
,0.306799878862835,1.3952756625689,1.26184033677127
,-1.90213447920826,-0.301497249252888,
0.551274211467889,,0.163300291994334,
,,-1.66977290166289,-1.44696020110273
1.85057170361062,3.09641885474993,1.05126810371485,1.18485614345579
0.573675108263045,,,-0.959466554604996
0.849695891082609,2.47042536776528,0.441898878699047,
1.33438358533495,,,
-0.500719097964974,0.243956113758093,,-0.959955552216819
,3.91920656789191,,2.91281519163432
0.868793270244154,3.04813011683992,,
1.36935168800303,-1.12850869009099,,-1.24130080657874
,-0.00146436746500234,,
0.421147173037333,,-0.784016267481247,
-0.868224047271223,,-0.406304141894481,0.483564826152769
0.729560360957693,,,
0.500265872418287,0.447745830652948,-0.138233413547457,
,3.25517800510998,1.52898507758977,
,,1.10406113947864,1.0449463869903
,-0.637057471648583,-1.48912134920689,-2.46333849465805
-0.0768658984340142,-0.0313925083490628,,-0.646198174373109
,-0.598955270130281,,-0.38425348154991
0.17163150692454,,0.792522928997877,
-0.830108574326988,,,-0.770361217915445
,-2.32085746162715,-0.977304890608712,-0.718712680683859
,,-0.276083458437946,
-0.967031902668912,,-0.835674666860704,-0.319233725971637
-0.144611070135517,,-0.764843919026665,
-1.79813255637493,,,
,,-1.02933872530995,
,,,-1.60518212967055
-0.57661892421144,0.571877919799457,,1.79431614136086
-1.85169172955149,-0.265069511530453,,0.192118058278117
-0.112863239428975,0.514973913917083,1.3113328055262,
1.32106926722151,,-0.498706157471154,0.580791946646082
,,1.18313182849571,
,0.684793803061973,,-1.3600207771649
1.18374591227984,,0.312963554413319,-1.50906791843752
-0.771501441100894,-2.56985410987104,-1.06127519916363,
0.729689191352037,,,0.112852233795326
-0.58708561577886,-2.39577889425018,,-2.18167229986781
,,-1.17450654525821,-1.83515954724507
2.21446531934013,,,-2.02417837808127
,,1.26166529950172,-0.0220223828754564
0.768007713717215,-0.561181438977568,,
,,,
-0.786235919994713,,,
,4.72107908734478,,
-1.09330076397331,,1.97867015205877,
0.214479375285073,,,
,1.46716087564233,1.02928845935745,
,0.614887369734685,-1.40795857953357,
,,,-0.482537047980772
,1.18837199288566,,1.29340087765617
-0.820986697119997,,,
,,,-0.741584920273724
-0.902098008539463,,1.81511034313144,2.32842585363153
0.627068743114984,0.965855082528273,,
,2.45884475445253,,-1.1794476137602
,,0.58095493099741,
0.366114382931719,,-0.809712986500423,-1.68362692766265
,,-0.165147767241416,
1.02447486299323,,0.836162359017029,
,-0.0555909332383612,,
-0.238248695902827,,,0.650143414005803
-1.55785490387231,,,
,-0.79060376777813,-0.123098649901635,-0.994646315762155
1.12914439564163,,0.744243160333179,
-0.295107830705934,,,
,0.309268170521947,-1.38994686810402,-1.55841633509063
,0.276449311963602,0.626394641991997,-0.264072569677743
,-0.823675331592136,,
-0.117290714714849,,,
,,,
0.11162049819721,,0.695649627489354,1.19259636892116
,,1.78014328277439,0.89317842059361
-0.591017164454285,-1.72154140131019,0.615249894812748,0.553060826382973
-0.315936931242398,,0.949346023460547,-0.357308311449705
-0.00815215232553516,-2.54583848103242,,-2.49538127328219
0.207495140718474,-0.584712751331683,-1.38705136059625,
,1.89768654411196,0.277700099829746,
,,-2.22931218352533,
-0.199619050552942,-2.22720878450509,-0.341318263845092,0.885035451517104
,,-0.624016649692437,
,,,-0.403864511917855
,-0.166141812271216,0.0279662216711338,
-0.0137534164753999,1.00806053322657,0.944940006904508,2.23787006050585
,,-0.659666771160296,-0.378097752104957
0.41430816410829,0.514010904323868,0.088428778921485,-1.15695163911436
0.98905792019639,,,-1.19612494282758
,0.0255578518482762,,1.75976223455546
0.163761406846557,,,
0.216936344144384,1.47849562256128,,-0.790406255090912
,3.99140275208969,,4.47434226816532
1.11138040702469,1.38871103270244,-0.0399824399747291,0.2930035134344
0.279160816939631,1.37267027172912,0.579088672728815,-0.468282219320045
-0.0761706715471799,1.37010850887228,1.1961487795466,2.62813426067125
,,,
0.164534117605585,1.92208292391846,1.30079265062077,1.70262507476023
1.57785197879348,2.23004709921264,-0.954316122278628,
,,,
0.613922964193686,,,0.301046074062522
,-2.760253377375,-0.135980686583043,0.85139073816071
-0.112391961337408,,,
-0.0217945399608857,0.946783368223706,0.179973504829463,
,-2.2619241390559,-1.06883169278547,-2.10745935387712
,,,
,,1.09750040833503,
0.91415873392772,1.80641228123959,,0.774386942721163
-1.29873199484646,-0.819581209442858,,0.519346037096108
,0.864332826592263,1.27402200627055,
-1.11254531995509,-0.907587251984384,,
,,0.25377945485667,0.042413044738255
0.525412448266355,,,-1.85358018045613
,,1.13946923468818,
0.993479982122214,,,
0.0385235990753455,,0.202055371615294,-1.56588189953646
,,,0.122201593973987
-0.523626697886161,,,
,,,1.40284285265865
0.914752241002756,-1.29913549613884,-1.39418657767692,-4.02904442801095
0.238071491562714,-1.03228668390684,,-1.44286289802216
-0.239067759454706,,,1.35716076748195
0.0692353265457363,-0.114923623377847,,-2.18574757933059
,-0.33144205315389,,
-0.698166634620072,,0.668717655518443,
,0.504920728823303,,
,-1.45330721791852,,
-1.58499126820987,-0.226287356231072,0.0629278990729388,-1.28337881958439
,-0.290788062221867,-0.599247027185416,-1.4488310697634
,1.22629673214226,,0.70767162349916
,,1.50683982855656,
-0.0433473543476873,2.10935490254257,,
-0.51016044142411,0.62923019703332,0.257905520749768,
,,-0.118943640183549,
0.851856403292672,0.512042741321568,-0.557176200488897,
-1.42618467292015,-3.16847890303686,,
,0.429076560358571,,
-0.792611650757683,-0.823864995532789,,0.918189475766901
0.282310214545467,-1.99205728523729,,-1.63450238361046
,,,
,0.56060789202564,0.49107031181109,
,,,-2.41806350842795
0.668282618933513,,0.240205961000344,0.0873709700475021
,-0.977346825865878,,0.965996838420094
,,,
-0.451812936257225,,-1.94169650498854,-1.15543907650331
,,,0.364155166037913
,2.34122253019571,1.20467788237077,
,2.5133146796469,2.02779635506774,
-0.328506572568084,0.190213566782085,,0.545697579776102
,-0.177129491345096,-1.52399706722696,
-2.24869006681656,,,
,0.28431049164287,-0.46505385243132,
-0.289023270462573,,0.816265266891657,0.0660844614334907
,2.33063655690628,0.32173021267203,1.17377774924465
-0.453997700638682,0.884941181418555,-0.184401778223894,
-0.593864562445098,,,
,,0.725210515294587,0.174040437793591
-0.209448428272738,0.51001875322483,,0.0690243717813579
,2.98628703566546,,2.13044139632584
0.989702208129369,0.916414990465839,,-1.84535847746926
1.67557215582683,2.14798177040378,,0.430455186668643
0.914965318314041,,-1.26941511447253,1.17297981593185
1.14426270796186,1.97198789977257,0.420671026680054,-0.339138472905672
0.902876414499107,2.48033476088215,1.17398376800112,
,0.1132108402546,-0.655707833868671,0.117695258808244
-0.582528773997008,-0.386558011928393,0.897306041803554,
-0.532934737323476,,,
-1.60083999637529,-2.2881326275148,0.31376022096899,
,,2.2572657179578,
0.899355675856713,2.61355309774457,-0.0771229404609852,-1.2018190868287
,0.0329764936672357,-0.769400377996211,
0.0951327044554184,,,-0.675912629120138
,,-0.405782150409051,-0.284010377146126
,2.99336052791218,0.766105736700216,-0.453080726563725
0.736685531250424,,-1.1895092369534,
,1.08586071592391,,2.41805975159845
-0.337680640667324,,,-0.39397547287109
,0.319723153104259,0.129241212853255,
0.448607097706726,,2.47366514885843,0.850165713110791
,2.43095257810034,,-1.93743757843581
,-0.742403026430725,-0.678353102319725,
0.853615666783069,-2.04463753648538,-0.974270804070611,
,-2.68686879451152,1.2619730379927,2.09036287021015
,-1.09683154992143,-0.781673183496275,
,,,-0.240029867963347
1.1133627173571,,-0.638031079743575,
-0.164453088280257,0.120029364146954,1.18349740442027,1.7376303358875
-0.390374082006742,,,2.61230683595005
,2.59664785561669,,
1.11627285824002,,1.47435300652694,
,,,-0.262566536304584
0.427866487609647,,,-1.99031012194779
,,-1.31405232229086,
,,,
,,0.87432139268893,
,3.01520345957147,0.359950086019225,0.203505394963677
,,-0.857966273478318,-1.10273044480201
-0.570903886330324,-0.507903068739247,-0.335087666477442,-0.182164974500872
,,,
,,-0.444079027124276,
,2.19657818079692,-0.206425962517665,
-0.290567886165088,,,
,,-1.02285413179485,-0.420641539456136
-0.180187487716462,,,
,,1.41978954020454,
,,0.812676912261048,1.24931378953679
-0.821258543529422,,,2.30062073227538
,0.193375697934385,1.31916832878955,
,,0.276913902068892,-1.82580256590131
,,,-0.221068848731798
,,,
,-2.46178935817605,-1.13888447518215,-1.50737038438264
1.02320175527412,,-0.951225048313443,
,,,
0.569778969605829,,-1.57219420256506,-2.01363422876238
,-0.973650677244547,,
-0.666654380122182,,-0.689218636270736,-0.490008422345237
,,,-1.35194120114325
1.04389134830903,0.415987435570302,-1.08317263234423,-1.00598282727954
,0.494988535025438,-1.16530463822622,-0.113491550569087
,,-1.91306054163915,-3.74912678363043
1.60421218162388,1.63931901184356,,-1.69402272663587
-0.515411199745366,,,-0.982574966337244
,-0.794471906993546,,
,,1.60951707046383,
-0.667342096176409,-2.26488677110089,-0.682258050097425,
,,,
1.3811003308495,,,
,-1.09782278199605,,-2.65243476732126
-0.509403455422264,-1.77262077181686,,-0.474515172709348
-0.469787634155099,,-0.202189899566559,-1.07497594264215
1.377675846806,2.7674852727499,,
,0.728231243894764,,
,0.706101949318092,0.314334956761227,
-0.338701983664306,-1.89642767877163,,
,1.09875894948851,,
-0.808755144962193,,-1.59505812787142,-2.25205348051903
,,2.84299579922489,3.47935302581836
,-2.69198746877216,,
,,,0.98077632644247
,,,3.59275485200623
,,,-0.538992470970352
,,-1.33129409422823,
,,0.493352243818293,
,,-0.635728906115521,
1.76454599657549,1.58884788925432,,-0.222757522557929
-0.433899349823264,0.304212727884795,0.90733608717862,
,1.08881337220624,-1.00881279770205,-1.68911746698334
-0.526935321377321,,,-0.79348447810984
-0.298582885151505,0.69547910248684,,
,,-1.29298209138725,
0.0109618427990058,,,0.0352268695850509
,,,-2.06108662950797
,0.433550786318511,,
,,1.95696487654005,
1.8686555003337,3.01059304366564,,
1.79042420824304,,-0.152767922022342,
,-2.43548338140568,,-0.92067268100959
,,0.79459777642812,
1.37527530471249,-0.317238338427119,-1.06586353060855,
0.998290023052202,-0.146302009396135,-0.513292069823521,-0.119595686445537
1.27660161874577,,,
,,-0.643175787437826,-0.651954795312443
,3.67766306210091,0.817414048095855,2.0482152514732
-1.13345995977033,,-0.629111341041525,
0.753916341883288,,,
0.141275980445689,,0.233849803781046,
,,,
,,,
,0.0157898724571524,0.335385777734641,
1.62265979575681,2.05599775659684,,-0.241740401468947
0.0895132277627515,,0.646596213783363,
0.259217949214378,,-0.969331732161616,0.324590860007089
0.209632833061035,,1.68119118718415,1.10674402548751
,,0.357307412587064,1.27723259940774
-1.13402124475505,,,-1.75555014823094
,,0.0595560264317151,-1.10739741617744
-2.09363944995893,0.356562856673532,0.0986465287434092,
-1.41856694283561,-2.03681423679823,,1.14599998209329
-1.07639669493838,,,
,-0.294484240675108,,
0.107188816567081,-1.67491701313015,-0.94089367248082,-1.33356436092224
,,,
,,,1.33669110267875
,0.442911590599617,-0.422794383595679,0.606179992089102
,,-0.17390202456361,-0.570600682302792
,-1.78342250401815,-0.848576851835234,
,0.897466506527414,-0.832919679211164,-1.71316688422668
,,0.604547477501536,1.73263154371725
-0.255509102547389,0.951773957637805,,
,-0.715591622046803,,
0.307726791210618,,,-2.09341634525362
-0.0600132533332709,-1.50717737850867,,
-0.555652889939218,-0.537435396641204,-1.7003173958916,
,0.815810683471203,,-0.0895371472592402
,,0.239704211237647,-0.281460645451945
,1.67707227642525,-0.0459065403009179,0.143346317139483
,-1.19260439369852,-0.32252048883557,-1.45886117530885
,-0.453668643869708,,
-0.359982240682608,,,4.06473322827628
,-1.36858091731635,-2.32238540226561,-2.84641188460769
0.292679118416953,-0.950702310346859,-1.75584041428257,
-0.701505236840661,-1.10986514144585,,
0.88223456781802,,,
-0.133370388722892,,,-1.4079492752591
-1.12067849929142,,-0.104030466700563,1.3052092779991
,,,-0.408279420005294
1.52414281017881,,0.885353571319344,0.793487587298723
,,0.109290240476927,-0.483569580835139
,,,
,,0.613507364508639,2.67597740608772
,-0.396207097432204,-0.215483887354058,
-1.07057053489039,1.29367552445914,1.65352267872229,3.24757062937993
,-0.507469267621105,-0.557507154692367,1.02752928280199
,-1.1945241479568,,
-0.0345935057990383,0.46641761658074,,-0.0514528206848806
2.36505553200281,,0.410451992772142,
,-0.103036817679028,1.30379686134697,
,,-2.11904366924109,
,,-0.141419495127464,
1.05059284411588,,-0.405090596205424,
-0.0107244846593236,,-0.37286589221625,
,1.34030795053733,1.03100251539801,
,-1.38351482234975,,-1.37338449563111
1.93975599193716,,0.127560308307144,
0.482739008175833,3.11947853485138,,
,-0.973224279501124,,
1.42345912865025,,-1.82184504113897,
,0.84478074982172,,1.17781755663584
-0.033571771837525,-0.523583994825954,,
,0.0711897568609346,-0.925527200280866,
,,-0.86727597584991,-1.53673496753021
0.25655948095525,0.149509551336485,,0.926069799857888
,-2.48691450645193,,-0.236268458369234
,,,1.92253597779092
,,0.0280693897319254,-0.845848252538381
0.200146875274757,,,
,1.14450594698416,,
,2.02721644652943,1.13860710437698,1.31332749063375
,1.42561568454561,,2.3389119446484
,0.407074121167644,0.966047224355612,0.786768209473489
,,,-0.380813672955882
,0.702255119414744,,
-1.06800486773328,-3.32455734570797,,
1.56581433705846,,1.00774210087195,
,-3.12021065782707,,
,-0.450733800219907,-1.37485410917248,-2.09709473729584
0.151832330355081,,,
0.121670301966854,,0.41921772299392,
,,0.329083267988458,
,4.10097736517648,1.68275249817925,
,,,
-1.28936418822322,,-0.600582317725531,
-0.654568638113246,,,
,,,2.16104184570899
1.25674782035705,0.890379921725126,,1.03893220950313
,0.504443178018498,-0.0210811931828601,
,,,1.15195439048018
0.381591622693148,,,-0.941632432862694
-0.243644883639445,-0.646554598403858,-0.423502131607827,0.328871236798357
0.0480530840530341,,-0.769326756187376,-1.07786228161988
-1.40454586110179,,,-0.961938168181409
0.289933728895764,-1.45661615047737,-0.856719339887791,
-0.535553582293745,,-2.15307931479826,-2.71418995533539
,0.668458229390472,,-1.5272029691799
-0.345981339154502,,-0.117933106665012,
,,-0.942034068639586,-1.12902094790642
,,0.280872535587194,
-0.366904910633707,1.77060389403936,0.313023071531276,
1.09457820784237,-1.67568763888613,-1.61054701590728,
,,,-0.214070615132285
,,0.90362020137728,
,-1.42616036371711,0.386283209544877,
,,0.106030438368904,2.13659753416745
0.159370441160762,-1.81350704067455,-1.78701668612159,
,,,
,2.38462911242657,1.39028159972082,2.33731997588831
0.870434029844877,,1.25310723078363,1.72310850697485
,-1.61959069672105,-0.467190525841476,1.13925163041325
,3.50032249410407,,2.04204791037652
-0.158030705178362,,0.882817296853655,
,2.22007251427176,,
0.0722613190889151,,0.817612316839589,1.82473425627958
-0.332422844566724,-3.55975882799544,-1.41333756118896,0.27597960131794
-1.83492004662686,-0.838804909828081,,
,-2.36056415801426,,
-0.041340299917431,,,
,2.08295140632911,1.28365900221593,
,,0.245416766558549,
1.37544111232424,,-1.94260240385201,
1.39899046430298,2.29294423791559,,1.1680181431806
-1.14331625591094,,0.9220602147129,
0.47230056219311,3.58179848094588,,
,,,
-0.125199978688284,,,0.740680670672006
,0.583425313013034,,0.0385860373368543
,,,
-0.849174603633478,-3.63309252876023,-1.08411742032739,
,,,
,,,
,2.30357450219872,0.692813231023617,-0.204770597196884
-1.55907516443377,-1.12621725498877,0.523756798950708,0.760034524490781
,-1.92388649989254,0.520337025704725,
,2.51858268242937,0.743740573971396,0.4481998378993
2.27347291299472,3.1382478196455,,1.03612226247552
,1.53377511453487,1.43813481744454,1.2509069733874
,1.04177931638807,,
-0.00750278370972113,,,
,,,
,1.07414299871803,0.0757178102349771,-0.479665284634468
0.203663965116151,0.641612799693549,-0.044534235633752,-0.441690481764282
,-2.3608434582403,,
,,,
-0.350853615046856,,,-0.96485589847484
-1.40349008471503,-0.373812870813632,,
,-3.21295016789049,-1.79238824043226,-0.929924183815467
,-1.8092285658329,,
1.05920687266615,,-1.0102510495708,-1.27134413822252
-1.167396032264,1.46178289772035,,-0.0596270434717265
-0.557643627318445,,0.763021801598356,-0.294795332364735
,,-0.562909441800322,-0.870711069319701
,2.41949258343442,,
,3.23317439221755,,
,,,
,,,1.64939024446955
,,,0.334025524630696
0.555204061863422,2.37539844646739,,
1.05872312582593,1.64823046041166,,
,2.82585210929888,0.76101105093758,
-1.96498233271119,,-0.918176964369304,
0.273235703066817,,-0.821618796742792,-1.26411799728408
,0.726353383701765,,-0.845008751370197
-0.0545986553603831,,,-0.826293450495213
,,-0.134638962841209,
,-1.6950984117727,-1.17578830937602,0.378904526209219
-0.77908574126392,-1.32050220824029,,-1.64459164897018
,,1.45243574938515,
,-0.145808889261786,0.586412053152102,
1.28395701047459,,,
,,-1.62033593852788,-1.80949875900265
1.08174184817912,-1.92995127009565,,-1.50650038989211
-0.756981356946019,,0.952201262427621,0.778814012191546
-1.28901947384896,-2.35378003752248,0.687914127542976,-1.64280883544136
,2.10416815951393,,2.02950616292093
1.14625997326498,2.05466102390937,0.725513115303438,
,0.495804601046298,0.889742205352727,0.10152651496214
,,,0.9106356279836
-0.860325741423062,,-1.58743172074196,-1.87303200255164
,1.2483053353732,,-0.225260876397948
-0.0937232337608719,0.666002499865452,,
,-1.54583509588588,-0.583052034902538,-2.32131753342625
,-1.06639899348512,,-0.81951061449457
1.53732753549595,-0.71655356478734,,
-0.455771062778902,,0.323341983367843,
,2.28173012021616,,0.103860823260532
,,,
-0.329041970526538,,,-0.358085441502132
,-4.11476858715318,1.00516171620007,1.3330552962779
0.513983786447932,,1.31590436042304,
,-1.24187799817918,-0.464420506524517,
-0.998538406003926,,,-0.247267023746208
,2.56361278823371,0.784223733852386,0.49280318048035
,,1.80683639154714,
-1.03978254140354,-0.832648501873313,,
1.03102518166676,0.870316141688229,,
-0.0941478383696331,2.15384671797768,0.991144026939049,0.614983423157273
,,,-0.128382523102631
,,0.145192337940531,0.982769996828793
0.213674518441066,,,0.175713595703811
,-1.41359501798188,,0.239813614341333
-0.470408874742861,,,-1.85674907813404
,,,-1.97158782245113
-2.3359473318599,,0.670515637082656,2.47097709869808
,,-1.50710086938011,-0.109060033638586
,,-0.472642602857836,
,1.75900086101221,,
,,,-0.828150385762741
1.29306948602434,,0.19874898736895,
0.188849315056629,-0.784708789989327,,
0.101939134905212,0.986364287636027,0.286365448361139,0.976687417804288
0.698135808858598,3.33966249354382,,0.393539908348977
,0.282411487218556,,
-0.195898856066376,,,
1.17758441380777,-1.3300214790873,,
,,,-2.49346599524189
-1.27549670675253,-2.21194882988662,,
,-1.47033810095473,,1.63128676664352
-1.37758962460372,0.420759698175205,,
-0.59831080371967,0.158283768892655,0.259300699741724,
1.21092038385701,,-0.520594076824039,
,-2.4984713238785,-1.14965472106946,-0.37487612397404
-1.77901419088083,,-0.336264923960264,
,2.377109328116,,2.23450543094846
,-1.80099972369791,-1.45994480737384,-3.22418148425028
,-0.961657918425523,-1.00591945825303,
-0.168250200756106,,,
0.427775678362924,-3.7219800045607,-3.10081544733344,
,2.13154905303938,,
-0.651211869360044,,,0.842623808365646
-0.304590923146605,,-0.234787716390368,
-0.415097169645636,-0.465456295937532,,-0.143538306466986
2.81608427602238,,,4.50660720054676
,-3.38089583728,-1.00038595770904,
0.472800423111086,,-0.67006754452081,-1.44837771611762
,0.682519644892893,0.561308076707618,
,,,-1.73564598423005
1.37875466885731,1.74142686686674,-0.0397434929297792,
-0.338883669537391,,,0.051270951249477
,-0.156476688875641,,
,2.21288836802833,0.0539513629798608,-1.62835548633049
,-0.690248936123125,0.700225724746293,
,1.08980236480329,,-0.21914992758775
-1.42845961222117,,,-3.07978804562763
,,,
,,0.584734141720419,-1.31440557210412
1.35711964684949,,,
-1.99917741100747,-3.21628046388575,,
0.956080621428453,3.92282731649637,2.41430570825886,
,,-0.262291236715308,-0.901720136447424
-1.27121697156009,-1.86609530794765,-0.240088466395096,0.383341747828897
-0.768323878489628,-0.923336387983863,,
,1.96484077441059,0.971971854796723,
1.14383542879701,,-0.00845436681912273,
-0.765999304028674,,0.0401609372061594,
-0.224125999053298,-2.3034529961981,-0.768470345090566,-1.64107543384836
,0.661825654880359,,
,-1.14722736416006,,1.22786712331971
,,0.314001786513158,2.50205553995129
0.448768189234897,,1.19935562994858,2.33338995158641
-1.10581452855633,-1.96031874520439,-1.64842460758216,-2.10320970275934
,1.02881062699195,,0.923406059188291
0.783277510302197,,0.558091442361505,-1.27826186418729
,-0.425905186465156,-0.252772816029414,
1.42509827746748,1.41193095712869,,0.597261813058825
,-0.286253078443241,-0.576420783156381,
,-3.22567000853082,,
1.04782692647826,,,-1.25237015684643
,-1.8232924220855,,0.446077984789768
,-0.232688821096339,,0.491894904972296
1.7190418138518,2.197697712766,-0.230222558651579,0.0688801655159185
,,1.40370557004679,
1.54955532739698,2.24247459408883,,
,,-0.698744964954042,
,2.49727477854527,,0.498873917336932
,,,1.44900523265679
,,0.740470852019787,0.30121934640186
,-0.991942761733828,0.629040529558861,
0.0766436635945079,-1.33004173935734,-0.594829557679583,-1.69731195253698
,0.580440508899713,,-0.0371829606809316
0.277446817034678,,-0.656208334534476,-0.551383631003055
,,-0.30571271204535,
-0.460485565976711,-2.25858782568521,-0.503665041910418,-0.174800299281604
,,-0.150629960444101,
,1.17941179608185,0.800940558387889,
,,-1.18671784824664,
,,0.430636363736109,-0.760487830037401
,0.322889648746841,,
,,0.961292345517448,
,,-1.55656431030924,
-0.643681105896039,,0.544843926460806,
2.04601885213282,2.08384046462466,0.327768822410872,
-0.560762421131065,,-0.488809232804017,
,,0.124061212674077,
,-0.337993088371608,-0.373938119775673,1.13705117145742
,2.33529287974716,1.66964674817633,
,,,-1.15847630611805
,0.860312058023681,-0.129661250884983,
1.12265421625967,,-0.0614056054424501,
-1.17260886019801,,,-0.598495234361021
,2.39027354825119,0.269262247626327,
-0.704140337217957,-2.92389645213552,,-1.5509340684984
0.680758638017183,,0.190657518428592,1.11929297982448
0.130006761402136,-2.30444666948836,,
,2.35941454314721,-0.291141880810867,0.776711172173857
2.05850086898135,,1.10530977677517,
,-1.15103740884365,-0.408348810733532,0.368242451392529
-0.534616652198382,,,
-0.823516726518704,-0.0797276370897713,2.06528923788075,
,,1.02663108946843,
-0.0696018363603779,-1.1849244793571,0.638331846421192,-0.169714046069558
1.99180191472057,,0.779955035238633,
,-2.82436553102491,,
,-2.69256843724484,,
,,,2.71211597743373
,-1.70661235937214,-0.52682880926582,
0.821111859737407,,,
,,,
,,-1.29757137375826,
,,0.732456439186754,0.725196414569406
1.19520647042577,,,-1.24370886849977
,,-0.446028623417949,0.600151632014677
-0.312280694434521,-1.1521310962799,-0.555405845015943,
0.0459937666619196,,1.0135102100717,-0.0691264242376526
0.652722613401543,,0.760511004792329,
,,0.515606075631556,
-0.310270965480046,,,
,,,-1.2026095329488
,,,
,-1.83587155263426,-0.58033376096083,
-0.0210075354337069,-1.42260578697026,-0.765195867451319,0.154456297745466
,,,-0.78076321286296
-0.994479836178391,,-0.392132246106756,
-0.199867234998128,,-0.814464750576459,0.0784519646750412
-0.347027822807086,-1.6999125480214,-1.04896881717259,-0.220028710302533
,-2.12871610885704,,-0.4240641486883
1.52988221249492,3.89160082719354,,
-0.0119223793666472,,,0.568522004052255
0.398671992491547,,0.101917080159456,
,,1.38851610194636,2.25870673846031
0.601359843881131,-1.10950333094367,,
0.218495462278797,,0.0318538483486216,-0.508251659840033
0.236595501860209,2.44308969213709,0.994622667246874,
,,,-1.83009791323724
,,-1.28952949407893,
,,-0.5803432748902,-1.63657581080918
,,,-0.972354870689419
0.180822010712195,,0.457757469726081,-0.0620831309703512
,-0.0708472400243239,,
,,,
,1.84242989482166,,
,-3.54184523644576,,-1.65597284414259
,-0.96228223781471,,-0.838085100882957
0.58599161230581,,0.677716886832238,
,,-0.960054740411522,-1.17391914676235
-0.800527545484263,0.7549065792255,,
,-0.497683584662526,,
0.235749032414043,-2.03680516999744,-1.2077298951659,
-1.63483238484751,,,
0.871229240582207,-0.550701654175642,0.533265347876546,
-2.16893467443595,-2.14143922058412,,1.14089983675583
-0.503339522315559,-1.67617586510678,,0.62143111524333
,,1.49662448139402,
-1.24860020954842,,-0.579360171804034,-0.860587351560074
-1.07790734011295,-1.79067974510815,0.195710060361437,1.3610714284528
0.250077353605602,,,0.0047430992455948
-0.11977403121588,0.228292998029235,-0.78745610136141,-0.482039000161873
-0.30085263245286,-0.105890214005892,,0.692745889915103
-2.32076377558186,,0.732029770375811,0.534288175530985
,,,-0.617320921803103
-0.131307112462703,-0.612911181787188,-0.635537866712807,0.632197399598233
,-0.499892807244847,-0.0203026480728,
,-2.39839453905976,-1.78574030895321,
1.0495407129977,0.700186849545004,-1.07383926931824,-1.17551160593633
,-1.7126215664002,-1.57090353287607,
,-0.141569800181823,1.12604749004013,1.42946316937043
,0.309480128272256,,0.0603991806305586
-0.28490348155087,,,-0.0739631514080732
,,,-1.438284679205
,-2.51498422907537,-1.38458609129384,
,-0.195132043214725,-0.781132677033532,
0.741194719519762,,0.72933820964955,
0.226852003567295,,,0.759837364244862
-0.200147012715761,,0.855533164521198,
0.387820244768823,-0.766800231929785,0.334850020961827,
,3.63120304041777,,-1.99602408548641
-0.140513958248364,0.0290942584115204,-0.44974613716595,
,2.55884902486142,1.86817878395297,2.04087659748994
,,,
,0.201686650380499,,
-0.420298275494042,,0.333186531907172,
0.195664503560041,-0.594079212550607,0.214775377630061,0.077842522693197
,,,-0.510355332293261
,,,
-0.766214222789801,,0.578954070452965,
-0.929714216784719,-2.45596408396988,-1.23851485535283,
,1.01582572628584,,
1.35683685227542,1.77096837050417,-1.05598822527035,
-0.787135594929695,-1.337812388172,,-2.68324274383513
,,,
0.330680560251943,,1.20945073301126,2.20612535411466
-0.55462045006283,2.19857144249035,1.00965151734779,
,,2.07451834027279,1.92370320757827
-0.0475961169783602,1.28084421460348,,-0.441555441862573
,,-0.450038363625214,
,1.62503017053358,1.01203773214142,0.0746493810709269
,,,1.99277342223713
,,,
1.26799658618238,,-0.165597451776538,
,,,1.36999295422876
-0.464481896508305,-3.36861853910118,,
,,-0.263115336142614,-0.677963995978872
,,,-1.06341538533689
-0.339626156224904,-0.725554305703284,0.235127002090626,
-0.423344808400481,,0.82695531860974,
-0.618271527554652,,-0.72468864295142,
,0.468572990827229,0.240226404870602,0.0158435029466688
,-2.40672083936212,,
-0.16757803378388,,-0.268587183086092,1.25398747699361
,1.38886337212846,,1.6606610833751
,-2.13644410841768,-0.453095230965119,
0.385425894820638,,0.201432679538149,2.61295307077677
-1.96708768381011,-2.1972591145888,-0.443926192797612,
0.954968861111918,2.40529992143419,0.354496197150051,-0.700705148998046
-1.6633605848706,,2.414924743698,
-2.20273488009703,-5.16301267291855,-0.865470347247734,0.718517282671903
,,-1.02318024969011,-0.805939653111159
0.162080393912321,,,-0.915176057074758
-0.651567164764164,-2.31672880490943,,-1.91005209089603
,,,-1.13220462590372
0.333204975057779,-2.05974899124692,-1.47521058037124,-0.849800217442205
,,0.0717121656283101,-2.58345196430328
,-3.10217819207326,-1.94740597075287,
0.497932992929394,-1.91825026365298,-0.820605963196813,
1.63398965670861,2.1935118805509,-0.240444802575717,
,-1.43416051275336,,-0.820439865192799
,-0.0936532580796539,0.291973129478715,0.167117430319326
0.453160033529716,,-1.0656473570545,-0.582960863943427
,,-0.0956847295793767,
-2.25653485624939,-1.76407990501667,0.271708659606423,-0.416072180893178
-1.22465855193064,-0.77237297415913,-0.84342438483173,
,,,
,,,1.72640975947624
,,-0.532540539411741,
,3.04821624024149,1.04980628511168,
-1.06381135183874,,-0.980258799174485,
,,-1.38912464180295,
,,0.618205754701307,1.95458797364197
,-0.794027766439048,0.0573838872018155,
,-0.758933355083381,,
,,-1.30659620372524,
0.374345223259504,2.40537425822677,1.39038599617606,0.492167453827115
-0.0810548925112574,-0.155691586952995,,-0.0918277815122756
-0.0470493466531285,0.437374490312744,0.0343420400670102,1.05154350479445
-1.94878708644615,-2.86285691994713,,-1.32152685862431
-0.673668581278741,-3.89309704621276,-2.49749510433214,-1.93940974225696
,,-0.78563321750104,-1.78556567408383
-1.6057180576203,,,
-0.493883100845236,,,
,0.412237469548886,,-1.6687241630331
,1.39785611673956,,
1.09126265030032,-0.170773503273418,-0.0662044561146614,
0.444400296922585,2.36380677348412,,1.1810790214203
1.01207034075848,,0.514431098288697,
,,,
-0.307840173188787,-0.0487200899166248,,
1.08516888442625,1.23077395734313,,
,1.01913373000441,,0.461682312293817
-1.68024471568337,,,-1.23166108651883
-0.846555519092125,1.16451779893047,2.28921256091298,2.42335079841549
1.00759205983273,1.58148662339993,,-0.81576127234642
,,,0.121689084670499
0.333444132777122,0.171509856855161,,0.115344209098321
0.0142226956806451,2.06205625295233,1.26427092770204,1.81596600284123
-0.496357607349662,-1.43182273742818,,0.30688844365701
,,1.1184452686726,0.0544075652905232
,,0.717774267679461,
0.209578828892245,-0.692612968985389,-0.763623997851172,
1.23467013989917,-2.67186726221562,-1.68806820088176,
-0.199819784434937,,,2.20758813849139
-0.923208042026682,,2.71924247803751,2.9865849737989
,-0.00415914932782724,1.50798163776749,1.12123179058672
,,,-0.0700479705464687
,2.35386984096931,,0.416491763945504
-0.463683013103733,,2.84615910691811,3.0577112675877
,,1.82122937157117,
,,,2.33441845670121
,1.05507342397391,,-0.165777532314471
-0.658681856604976,,1.09607063792032,0.96920518831619
,,,2.28777801113115
,,0.0998279509307027,1.25033356610728
-0.962178270242238,,-1.22006999320058,-1.0945128650745
0.623360901900257,,,
,,,-4.10632135245909
0.38933087814222,-0.0434319205388694,-0.439850887595192,-0.398529814771268
-0.580503496721951,-1.03171934515343,-0.617346630090634,
1.79497795592676,,0.016416573859158,
0.665288009047707,-0.797974987210723,,-3.5166269693194
,,-1.67740305565452,-2.90306088723284
,,0.945067047462514,0.105167045913647
-1.21451438389368,-2.12730318205635,-0.378994242373767,
,-0.516530842978294,0.588993551762156,
1.40335789868052,,,
-0.188839311604344,3.24066243128093,,
,-0.548071029649646,-0.621953769983214,
,,0.125024917999127,
,,,2.91503821990163
-0.880212545566096,,,
,1.76345370534372,,-0.338166180749744
1.44655271093401,1.96530172494907,,-1.16269215491119
-0.593402125000833,,,-0.977898897700897
0.275979011382551,0.489996382018989,0.548168110935353,
,-2.70234583465084,-1.52619206761251,-1.70598664896335
,-0.0561364912397869,,2.31663702149356
,,0.233040294437111,0.824328229193158
1.36906206733358,1.9420794922689,,
0.940310089910901,,,
0.5936651573177,,,2.06972394459793
,2.68438301442724,,0.846889892395855
-0.424424996733506,1.23354867985732,,2.53434685400775
,-1.41653887903338,,0.744537953314113
0.209629277871549,1.11150603254242,1.02025729042043,0.631830383879628
,-1.71236991035004,,-1.02810163541444
,-0.539101107059639,,1.34441141090971
,,1.36148277591632,
,,0.684102567052816,
-0.321358418660978,-0.138490477885421,0.408123545050895,0.501557061393813
-0.996491243786537,,,
,,,
,,,1.39820487025157
-0.295271709137097,-0.0130196166087692,0.0850418708929588,
0.54916088318128,,,0.178452581244711
-1.54589181325016,-1.11915448801758,,-0.724046689348275
,-2.88373534517121,,-1.29115301243736
-0.111331874671968,,,-1.3189245413039
-1.4128135356317,,-0.338197937084208,
-1.98295385072071,,-0.681098182928233,
0.783595407833566,,,
0.900869339749533,-1.47357726840093,-0.689825746517302,-0.75267519121042
-1.0299636420045,,-1.02167794142721,
-0.272057268566593,-0.0054748730119818,,
,-0.438134596834657,,
,0.713580789829354,-0.411479951269973,
-0.0296783010019916,-3.05555198113674,-1.42423091749104,-2.03595524455895
-0.869460450959366,1.26009896624102,,-2.23805500799041
,-1.17688766879358,,
,-2.28043097144723,-2.27400171753857,
,,,
0.571008847814101,0.153702121376038,-0.238453323435656,1.0508493498988
,,-0.00704102353778934,-0.597298673986095
-0.842889697415977,,,-2.50904870179622
,-4.18092940126074,-0.786348320924561,
0.530875663154472,-2.48217937645702,,
-0.177058947394319,0.0183830598959891,,1.079555180261
-0.0393923499714967,,,0.463214232209767
,2.04116997963074,1.16621335126948,1.64893716325051
-0.8935158344016,-0.113739102308945,0.257740431339078,
,,,-0.22988614593507
,-0.46298587016866,0.348514957499862,4.13873157889737
-0.713187821756013,,,
-0.205746143817567,0.132342965347142,,
,,-1.32688845208815,-0.842384426216954
,-1.06103821881473,,-0.324614522671468
,0.193698879061901,,-1.30000643267807
,-1.40224100548592,,-1.1016617333944
-2.54193110113798,-3.28970599410825,0.875947042483976,1.59310754386461
,,,-3.39324908288063
,0.916203251062442,0.381418576995337,0.0536103311110259
,,,-0.705312060729992
0.688327722261226,,,0.0077650758729767
,,-0.50207882496893,-0.924230313500772
0.645646746355588,0.223186532949125,,
,,-0.155194901609538,-0.220956845914014
,0.424162968945987,0.0343099163787527,-1.47058639670432
0.00415968001844305,1.00280329062951,,
1.63006733460683,0.715484654170791,-0.133881904504806,
,,0.184655020260185,-0.237820879023287
,-0.646659675332681,-0.67990336449381,
,-0.450102264491753,1.03910089440806,1.37329765799295
0.557012225188023,-0.327884869809674,-0.752739331493546,
,-0.871768282085301,-0.0274853807778274,
-0.648299296516002,-2.45618174854958,,
0.071960844365645,1.90676338033927,,0.658354304479769
,,,0.17951176319573
,0.709821418397407,,
,,-0.620133497034257,-0.115383161251401
0.411351933690778,2.61763894047306,,2.08316746062144
-0.776183890462463,,-0.618684010780002,
1.13967765719806,,,
,2.04882397149552,,
,0.800661713928063,-0.871485883234438,-1.78451143162103
,,,
,-0.472602059878982,,0.489939467613941
0.0541979571095952,-0.912824561906554,-1.0210777174321,
,,,0.615119911124234
0.778106697935667,-1.94443483889651,,-1.80623364064097
,,1.14046684613887,2.24428067480441
,,-0.30821739469878,-0.826421067273862
,1.34992994487838,-0.221739052346975,
0.626081345376854,1.94196725246569,,
0.872931663855459,,1.12099246177963,
0.816391978938957,,0.817426682823403,
,-3.08424028827382,,
-1.31260505619999,0.168135297455146,1.34196890193784,
-2.01251977795928,,0.756946003766945,-0.112535471476921
0.504932697727817,-0.552911798634322,,-1.2638349033714
,-0.657350417356561,-1.24063301275434,
0.335850688825044,2.24199002461229,,
-1.05912444601131,,,-0.461459438637525
1.56771674994935,,,1.48184714983247
,,,-0.54443202901556
,,1.60769656943749,3.45309595459822
0.551402005080575,,,-0.4586372137315
1.19031064508552,3.44588643544834,0.00395312553577807,-0.56806174239577
0.330602226294406,0.184316214411576,-0.157476632932461,-0.547400474810787
,-0.0838804204233026,,
,-0.7156133264658,,
-0.55851419019136,,0.544007290133286,0.835256009423719
,,,
0.282074067985043,-1.9841548396801,-0.430021919441724,-0.594653467185238
-0.0332192123310964,0.69448941345779,1.75138402986579,1.20142753588318
-0.177971989093417,,,
0.183485516942061,,-0.0247267865659582,
,0.262366015853955,,
,,-0.522286470546874,
,1.0137769395586,1.14644338784929,1.86105291204617
0.846271470268007,2.10642107174124,1.54100027623725,1.64522517991794
0.046932368001524,,,0.731150122802771
,,,1.24689959522141
,-4.07692761642177,-2.16462194833333,-2.81201198714198
,,,
,-1.78312072053479,-0.962761155680945,
,0.135922519377937,0.172454643394807,0.200842968256886
,-2.81549711657339,,
,,-0.198871946054345,
0.125964082145297,-0.669490602098378,,-1.69087900344803
-1.11677637555443,,,
,-0.465486768262416,-1.84696192888893,-1.9842902872109
,-0.306828868282372,-0.710705386546302,-2.50594975116854
,1.35954627316473,-0.445259709642626,-0.782994184006125
-0.225770566942818,-1.15544009586172,-0.962087979961452,-1.58296033435318
,-1.7443170577939,,
-0.0980529020064929,,-0.617612621023906,-0.727383781006139
0.404690656237582,0.0667575943431495,-0.295905023898113,
0.799914606641116,-1.34643064913085,-1.65070823247515,
,,0.543054954855686,
,,,
-1.01556474815148,2.07324002680444,,-1.16812368096614
,0.327579887397786,,1.57516611049239
,2.45400730052646,,-1.0046020910116
-0.428615845083704,,-0.0815326566760316,
1.14568121778476,,-0.206356159991049,
-0.243098209585093,-1.22595599297758,-0.183142588704389,
-0.478543237763877,,1.42712751437914,
-0.710417122207556,0.826259385689638,1.93713713542,
,-1.09806092863811,,
,,0.34547181166486,
,,,0.727374186920205
,-1.14790885663053,-0.469830879999165,
0.838735792432261,,-0.408892669903645,
,,,
,,,0.615867561426449
-1.42711135295193,,,
,-0.504079407050506,,2.36830796500376
-1.58945511359183,-3.05676591228181,-0.90089052957416,-0.957999385819854
-2.84854676989379,,,-0.501813989772387
,-1.58036962880132,,
-0.493723874282408,,,-0.807490120830242
0.394970677706016,2.22835904055596,,-0.518019855617813
,0.799503628755678,,-1.72123135595949
,-0.842797034114429,-0.741393896829097,
,0.413429386888272,,
0.350256179524455,0.600244540375383,,
,-0.358004083063926,,
-0.774315249588103,-0.352179323034618,,
0.730815610006591,0.794825527441188,-0.4724759747223,-0.335129324046584
,,,-0.294519759988965
,-0.570762938319064,-0.552027719304294,
-1.222380910859,,-0.945726070647033,-0.843534554371852
,0.0531605625663126,,-0.319296802469091
1.427519655915,,-0.72636141618694,
,,,
,3.12441696310348,,1.3263153887466
,,-0.706859902277359,-0.736250580690182
,,1.60654717937619,1.2090431937598
-0.587684756585901,,,-1.07243215291979
-0.411697868987503,,,
,,-0.647321269589118,
0.256396753535657,,,0.835693698082214
,-2.72694274457395,,
-1.86058762981445,,,0.426533518516994
,0.8852378540243,-0.161455693096072,-0.20203296466189
,-3.00860978750507,-2.00531347926449,
,-4.87951757194785,-1.68412431420301,
,0.671047043453808,1.86521545533383,
,,,
,1.99613308819164,0.269400473646899,-0.367552695205778
-2.01286872832228,,,
,-2.88845394711364,0.607412086495088,-0.60303505355536
,-3.11506276253763,-1.6250425711917,-1.93712019393825
0.175396078648851,,,2.52917195776262
0.330839221414253,2.23332325677713,,
-0.320689231300393,-0.021781251737122,-0.588626784838669,-0.838910831240526
,,,0.606695830755588
,-2.42092459150648,-0.933405410801591,-1.14061282961404
,-2.0003931518661,0.443110295011294,
,-2.63949355833193,,-0.959674273810421
1.62288518113168,-1.61204345176831,,
,-0.701504986760969,0.622906660196073,2.0253994677117
0.0762644051386911,-0.280390428560381,,
,1.39842364375221,,0.401321830717831
-1.24022784904392,,,
0.635947897868601,0.477409078298098,,
-1.05062867965275,0.302246153059237,0.705185373421634,1.07544817869844
2.73520918962219,,,
,-1.86103426548723,-1.22661429165899,
,,,-0.0641622819729815
,,-0.387589355040817,
1.84364554004006,1.87378076542993,,
0.663927110403606,,1.58805361109754,
-0.250990643747969,,0.225558570554305,
,-1.06368898252879,,
-1.03872776071744,,,0.187387759947743
-0.78498930533731,,,-1.47543134194566
,,,0.278345519782524
,,0.377414310996902,1.1083859905107
,-0.412478352070746,,-0.981443623337521
,1.7847389511717,,
,,1.03028322471671,0.621042013234335
-0.694531484071315,2.07326289816494,0.754261594912219,-0.87039251670622
-0.444932544042374,,-0.17766114957514,
,,,1.13774675129917
-0.00484443653596692,,-0.960665371956097,
,0.160018989018256,0.295840412233023,
,,-0.387695070222156,
,,,-0.0764535930658011
,,,-1.34896220446677
,-0.7672874613982,,
-0.049344529739962,,,
0.627765061532786,,-0.458396567117685,
-0.223971151420257,,,
,,,
-1.56374070756789,-2.47430871680539,,1.51019322501461
,-0.260533430629694,-0.323066979536599,-1.07189380210572
-0.516215987283684,,-0.306428447549164,-1.49237326247036
-1.19054257551753,,,
,-0.851556775492852,,
0.371994945422908,0.938464295272683,0.295185196118034,
0.0923429640204638,-1.19086079068601,-1.00880417504463,-0.761324313558048
,1.21839924175363,0.509187398902318,-0.588140355882167
,,-0.103734071193328,
0.828464029727859,,,
,,-0.667532935189074,0.123429167147005
-1.32815619805706,-0.90407210697241,,0.271499276885822
,,,-1.51204838325718
,,-1.07989512600753,
,,0.539395391122745,2.44593446472086
,-2.25609281307167,-0.436228040727348,-0.923323688569592
,-0.0746532933847255,,-1.6034631695488
,-0.450545147594329,0.903665802195412,1.68930725939377
-0.400603355192185,,,-0.801220130090945
0.173361502856003,-2.14449144712811,,-1.2134637313665
1.36938766954533,2.88659144887988,,
1.29919609375684,,,
-0.456296893545459,,-0.967298503258083,-2.4956410272357
0.010664861858056,1.31042507495229,,-0.510082635853262
,,-2.2639149136375,
,,1.00420635196813,
,1.06738861774265,-0.128934096571679,
1.49800968551095,,,
,,,
-0.692465145302773,,-1.31121438344035,
-1.3666232971684,-3.62582784465733,,-0.881789314446233
2.1260518537637,,-1.17617256761232,0.737610464245173
,,-0.116316205068109,
-0.593948909367117,,-0.516849821673601,-0.31751666582215
1.07806733795125,1.73512833665641,,
-1.09958583285891,,-0.0836065886624141,1.24257139074359
,,,-1.38690752328598
1.4408703022386,-2.93194908837376,,
,0.232731365029134,,1.44314292128871
1.45128094388337,3.82506135153651,,
0.641551431409249,2.04276097988696,0.46011963144969,-0.116462427910123
-0.678807618879959,-0.391433192789326,0.0101478929415063,
0.574312736347461,,1.56213812037827,1.17140172869704
,,,
,-0.877789308158107,-1.18886219188327,-0.757043657199058
,3.01395211127479,,1.56723811227363
,0.0679800497970646,,-0.0836186639519461
,-0.738610600284256,-1.25196116891899,
,-0.564922893815243,,-1.47219203828669
-1.20558039559856,,0.0120830674316974,
1.59529386747203,0.783271237194069,-0.708108894277591,
2.041955459993,1.2297319032963,,0.930105086515818
0.614481250043309,,0.0663082947838724,-0.0604635060194478
,2.14025465917512,1.74011670294428,
-0.496421667693228,0.197372491235419,,
,1.73440707471043,0.554810072461919,-1.06201212884064
,,,1.79155676470737
0.288169818251616,,-1.4385532459931,-1.68310368493567
,-0.549154507380622,-0.532122378589908,-0.443370839200885
0.788403786030499,-0.167143107390374,,
,1.04742357801431,,
1.24299900805133,,-0.657796552032738,-0.0920766468340783
,,0.26520020368201,
,,0.614049678801282,-0.93707882259663
0.96618929222735,3.33927912060409,,2.48906079116277
,0.514511585812412,,
-0.457483758648024,,,
0.945466684608465,,,0.541891596784497
,0.290960755319265,-0.492480970481469,-1.73116058985158
,,0.105833422495397,-0.243604693211658
-0.900444693895271,-1.53936602804298,,-1.75595378513972
-0.37035070411506,-3.16365775852966,,
-0.0407969264500623,2.81300852961918,,0.231407652338817
,,0.0604757964385503,-0.427029859677626
,,,0.989326117807426
,-0.236370702723325,-1.15888481392383,-0.608561374276274
0.474900095404527,,0.286194788665791,-0.162016807714639
,,2.37726562611118,
-0.48874772568831,,1.31186851003724,0.317115168115854
0.900203657260438,,-0.532430866934913,
1.07753566006142,,,-2.12323123231112
-2.37367085604992,,1.4904537092388,2.00038297385429
1.12457483752911,,,
-1.77954774715351,,-0.548393922429268,-2.16520420230658
,,-1.67319559232013,
,-1.42740949186922,-0.467122029293922,
-0.630105782923093,,,-0.254375877910942
,0.186767852419094,,
,,0.65515338358574,
,-0.756050236510109,0.745458404159359,1.03106920959274
,-1.88857466124623,0.522493194464307,
,0.318954169955645,,-0.0205419610959683
,0.212757723897206,-0.883941912184621,-0.137547521011382
0.860947143393616,0.310072197513257,,
,-0.766439032619198,,-0.0237355258852848
0.937543052030658,0.656997096283722,0.197758114653897,0.0247604690688232
-1.39520577829527,2.71841598606345,2.12796398585981,0.996584570693768
1.73874301887633,,-0.688994959596743,-0.267767976090005
,1.11866275581923,0.651166677914118,-0.610716182800852
0.765024386769347,-1.70424482953158,,
0.317911345135436,3.70373087700905,,1.98696117825069
-1.06360051761289,-2.9888067719123,,3.17246843407925
,0.129937701046595,-1.27420021003345,0.843344661876743
0.0333768426273916,-0.595638927987278,-0.937593259773779,-1.8214395651223
0.818407774847846,2.41473503011927,0.246395938617687,0.238505334389717
,,,-2.74719455093487
0.868497252409914,,-0.53278518517171,
0.0216805208980772,1.59150586622451,0.2403826585792,0.876878555976857
,1.41913786637473,,-0.3414328668183
-0.352180864911126,0.567195796038337,,
0.527288318248801,,-0.928381418202209,-0.719325209450136
,0.45802894757923,,-2.40568807089742
0.843859777098379,,,0.421302757887944
,-0.528828671100503,1.63574929695891,2.03874484849378
,0.995793018230225,,-1.3094141579641
-0.580165079131849,,-0.648086100702782,-1.05432630224376
,1.64681379944682,0.686176846771982,
-0.636686379475083,1.0062962685454,0.838349455071418,0.327705786014332
,,,-0.0584535981807403
0.790371602039116,,0.959133780596116,
,,,-0.990235088064815
,2.80385474152278,,
,,,
0.563262281636034,,0.768808277704727,-1.27692540488367
,-1.25799922222901,,-0.47181954896827
0.423038432410325,,,1.21136006956568
-0.596764229709111,,,
,-2.14347209000688,-1.04816476583171,-1.93534864504777
-1.68160070977383,-3.72350291359017,-0.439745551586426,0.407816293360964
-0.456296359001271,-1.47826047818778,,-0.531538841425224
,2.4391575988739,,
-0.23903748350282,,-1.67567955573018,-1.18667506170493
,,1.30365944267725,1.03513769910036
,0.185911310838405,,-0.989776425194093
,-2.66463908922023,-1.74132723314552,
1.94661810026563,0.997482988342542,,
1.21303635372129,,-0.478252658307972,
,0.535950024443634,0.673945873503189,
-0.411921203246786,,0.647983984274655,
-1.44068097826971,,,
0.74047345310968,-0.868524803464612,0.598883147444585,
,2.08099232815791,,
,-2.94835733715334,,-0.133187705143552
-1.20219764681918,,0.0135198863242752,
,,,
-1.51647903560073,-2.42602248436012,,
,1.74468883820867,,1.76267613288397
0.572135777806248,0.376769989637903,-1.37300411238467,
,-0.911091668558957,-0.548254784734123,0.496424341183953
,0.757067577177672,0.264802741880008,
0.105181865810994,,0.0486528773262721,
,,1.44228122801527,1.05419187790215
-0.0418580303239525,,,0.62589816833703
-0.587260767867037,,1.17925079170996,
,-1.90417853930874,,
0.238716819750682,1.99360854765511,,
,,0.0729190203898084,2.0207721303277
,,-1.0551997902795,-0.24285142282389
-2.63250764609541,,,
,-1.16387979301025,-0.615659955348117,
,1.88507420406444,,-0.122506695252016
,,1.00836594026664,0.438742447575664
0.345861674157838,1.9969816662713,,1.16810100526479
,,,
-1.48276130575666,-1.80517470093467,-0.420630812911644,-0.58307479204072
0.49463129762884,-1.78870283882164,,-1.67348138027529
,2.51324588631817,,
,0.137484495524394,-0.373313893277696,
,-0.184281446856921,0.856937735268221,-0.142289186103416
,1.92787526765309,1.50999715277372,
-0.444960875475881,-0.870839269132058,-1.62247431413672,
,1.78798961848335,0.140226694919078,
,,-0.974288820317594,-1.54083062511549
,-1.32629619346367,1.10130994107812,-0.455334785355351
-0.456571640834288,-1.44643330668747,0.00546102508559725,
,2.12823342152072,0.488797057645407,-1.44013431288372
1.65182870430573,,,-0.116864377844047
1.11425467962836,1.34115605865185,,
,,,-1.798037910213
0.318479885539619,-0.141653777017622,1.11023928977076,
0.098489648944743,3.03515141242328,2.09038488059711,2.48029535978076
,-1.74365475739588,,0.290215114217573
,,-0.180583910689635,
,-0.367686333679389,,
-1.06062421894714,,,-0.489236045985324
,0.424735148443568,,0.280675946678379
,,0.377531007262679,1.1675905836284
,0.971101837380405,1.58085031004863,
,-0.5262525724966,,
,-1.72317719804043,,-1.52827165924649
,,0.436672843136606,1.13914840388857
0.502545254666909,,,2.82084661602472
,1.26850998535985,1.1399515648827,
,0.357099822885851,-0.568215806112446,
,3.02710807717168,,-1.06471104962997
0.372910426410749,,-0.278618513041039,-0.37705674297308
0.157479547884347,,,-0.646755704132593
0.0773429033210805,1.53704841230861,-0.454758752994852,
0.257545945939747,1.41600462577826,,0.463889626581212
,,,-2.20773845585633
0.136823618948169,,0.113144177978698,
0.653823170914733,-1.04327760210917,,
-0.335768542377534,,,
1.12934492850217,0.503485179014084,,
,-1.10060205832675,-0.624166459634448,-0.233061886485391
,-3.58172703445002,,-0.937135858322335
-0.0997203693834034,-3.87380094879293,-0.859475195721393,
0.447020452653874,,0.955607724906105,
1.2300316728337,,-0.463765500282963,-0.901473078417136
0.0602104326151076,,,-1.81029841030309
-1.940069201671,-0.43949636606524,,1.41394277184179
,,,0.274002745983002
-1.19921192196747,-0.218874084102795,0.0960374245908292,0.132566608183697
,-1.99328518982514,-1.05706851808391,-1.99651545709849
-1.02562705123497,-0.668548044591297,,
-0.799226924512563,,,
1.13712909055669,,,-0.440879188139093
,,-0.402609834539998,
-0.439062773952966,,0.707128620191003,
,-3.47140333023103,,-2.03856637434277
,1.21945871309794,-0.648837511211769,0.69527702397569
-0.666705010074985,0.799727485981247,0.0789334190805224,
-0.826223863869995,,,
-0.518615722213841,,-1.15574481586887,
,,-0.729721481446873,0.429162268634695
0.920033349469812,0.870429080089443,-0.507511419855573,0.907778869714655
-2.18195813409894,-1.17438206677107,-0.497393391695976,
-0.5276920773549,-1.03313912060504,0.223981752938083,
,-1.92806954377443,,-1.04001116418708
-1.95678478418978,,,-0.0184436729757058
0.0286581970792618,,0.0988315757533838,-1.09352497072254
1.53823566132278,2.23453966759249,0.114195420708222,
,1.16444330740007,,
-0.562776208352765,-3.25877231128435,-1.43607841428819,-1.36281228406913
-0.696955708518244,,,-1.49919413837288
,,-0.108354136137966,
0.710110231783851,,-0.125879802209296,
-2.56169696298002,,1.60344334398016,1.92465252399286
,,1.0214210308409,1.72602826016041
-0.405540381007554,,0.489050723693276,1.00912874093388
-0.743938496851104,-3.42521899467216,-1.40382184743839,-1.62644179526535
-2.00612003132012,,-0.95476401597327,-0.93041734821645
,,,1.79750799860062
-1.64905677245587,-0.000182233531935916,,
,-3.70090468206531,,
,,0.82753464529632,
0.0463197241835662,,,-3.31685495467562
0.461004079383783,,,
-0.503738767197944,,-0.150446762773506,
-1.022398456216,,,
,2.75255345449931,1.3508316286096,1.86390009035036
-0.667393503214493,-0.0468083960510267,1.14463658791934,
-1.49327582905547,,-0.0837748980418391,
,0.840760480878287,1.17595739804752,1.78007574370226
-0.193405134857153,,,
,-0.0692498517931756,0.311234498741318,-0.712824048917601
,-2.69657150109325,,-0.319222523334373
1.29187572312354,1.60914013240673,0.403799278736178,-0.444901319765786
0.333671031663867,-2.57178164884021,-1.31737638043248,-0.450849195594723
1.47578697474206,0.815746627412123,0.598355214359557,
,-0.558371835487061,1.23801370075047,
,,1.27814891989824,1.64978306512149
,0.507257861987904,,
,2.10756374755963,,3.69777274383357
,,-0.565393629886806,
,-1.33352769801335,,
0.947230675691712,,,-1.12807644941149
,-0.0104881376631545,0.363631734760087,1.72450446982518
-0.236110187036619,,0.251295835459898,
-0.679536488943232,-1.52658337183826,,-3.47344888184307
-0.852178292364297,0.268764069813829,,-0.657770416622604
,0.829176883088639,0.319269277373277,2.71247915021066
,0.408236400267125,0.492448885902941,0.357377635287075
,,,0.985294033633097
,,-0.728699814078242,
0.736333814551808,,,-1.99536938336098
0.661712776915951,,1.47797309505065,-0.177029264415851
1.60352059838129,,,0.527411256872611
,0.281157144660908,1.23964115986045,
-0.206189006457514,-0.628583390304,-1.99285916128155,
,,2.02097745537357,
-0.468072564336127,,-1.07805222691592,
,,-0.277328503053143,
,0.599517659473061,0.801512953813225,0.95408775234131
,1.65286614598283,,
,-4.25144319214389,,
,-3.06800494608311,-2.35841529852654,-2.1858378507646
,1.13563938836149,0.040607558483195,-0.41826214754069
-1.2832584037532,-2.77605804017202,-0.8839613295211,-1.46164389650368
,,,
,-1.50613212584081,-0.4090414740652,
-1.11691813121359,-0.688717147713411,0.408056088067469,0.00327258535715946
,-1.49393785055609,-0.637596572033545,
,,-0.0282480482031304,0.257528677450312
,,0.393716023999008,1.11687643837543
-0.124268503812241,-0.684730520946897,,-0.166773128218859
0.107028807376313,1.29000282486312,,1.80382773298674
,-0.489328862377738,,0.0681713378433108
,5.61675062905178,,2.40134543747472
0.722656926345969,1.24696443227848,,
-2.32925346285753,,1.83935136093132,2.43383204477897
-0.645232545817526,-1.45296302395925,,
-0.234117494341529,,-0.567243705522694,-1.07044892061409
-1.10816067338053,-1.21695427907064,,
-0.273224175602157,0.0648652974698883,,-1.09675746336879
-1.13344115426419,,-1.43703629290611,
0.359307953730572,,,
,1.53824477583915,0.59609627959775,-0.0797489706808084
0.81098435313938,,,0.540116157818966
0.41645613593357,-0.207505993330445,-0.0314403789918698,0.73455801438163
,0.550192350163768,-0.697995839763524,
,,,
-2.15330336743643,,,
,,,
,3.46503408356176,,2.50385120622342
,0.141932643933262,1.06182828120605,
,,,0.519476527689598
1.09476867868607,,,-0.407826119605005
0.537493298921215,,-0.29861457798324,
,-1.48688689488701,-0.26094161391976,-0.888394983944881
-0.551500633193785,-0.674155188648716,-0.227863839282363,
,,,-0.493685437964416
,-0.169659928522846,,
0.96779678824769,1.90253085783365,,
,,,
,-0.925683146242737,0.467529996975401,
,,,
,,,0.378561628892123
,-2.71642503431273,,
,,,
0.061686497897853,2.58775272571888,,
,,0.309696975734833,
,,1.44297304997456,
-0.0584290512452095,0.482180213125223,-0.326138074675164,
,,-1.0136404825199,-2.23420462761325
0.412780797052548,,,-0.488334573125706
,-1.72145022726381,,1.36865521632347
,,,-0.0745573667080881
,0.901086145234758,,
,-0.0583803857645118,0.271441100243064,
-0.317376455269396,,-0.335284761747492,
0.316984562457902,,,
-1.101735412602,,,
-1.43095845286738,-1.72512904062935,-0.297543067105499,-1.14167763267026
1.89201063250808,1.62739461487944,,
,-0.174840309921825,-1.38367316890516,
-0.397028133394579,,-0.518510483849649,
-0.279957848490363,-2.37124658706121,,0.583239013278288
,0.828632207881915,,
-0.210320814229356,-1.04074345526396,,-2.57511959120123
0.192114963876683,,,-2.35754950991705
,,-0.708645891345727,
,,,2.63444177043416
,0.749163569892972,,
,,,-0.0776306332279342
1.30181266697034,-0.889683341134242,,
-1.12539685767474,-1.72905460417134,,0.113900206803546
-0.135307406049395,,-1.01715981588409,-0.798042856038828
,0.352739402488533,-0.694670372471697,-2.02450635216183
-1.07486233391367,-1.56433576486536,,0.356914501232483
0.997858726258268,1.28185938703083,0.858818853523449,-0.122789097672895
,,-0.0178144374134341,
-1.38555799043147,,,
,,-0.0753706569331759,-1.62081475042414
,,-0.234553123933625,-1.68683632675829
,1.15728583275186,0.191711414782532,
,,0.0816452991029548,
-0.673715819136411,,,
-0.0922300081017977,0.707010240610632,1.20119567677691,3.05730016693897
0.279735034290658,1.08805802825468,1.02092204406994,-1.11311948941314
,,-0.306038909045788,0.0230652697064008
,,0.0214588031156312,
,-1.04778276445717,-0.0328439276513474,
,,,
-0.227624806236914,,,0.741008901142299
-0.275899217586007,,,
-0.72980880602493,-1.46949817553607,,
,-0.163717093365831,-1.45960605026074,-3.28279908636557
,0.59458140701684,-0.475540772322962,-1.55001229422534
,2.27413442696091,,1.80346171673381
0.823616626218353,-0.139625717327303,-0.235784716520134,
-1.26531215025604,,-0.951813189660791,
,,-0.00772379233213613,-0.604147059076772
,,-0.513202141214347,0.276191220385526
,,-0.126587040398756,0.159710748254511
,,-0.37437482284549,
,-0.107805691917944,,-1.37121126462167
,0.342617281559781,1.22032024177743,
,,-2.08525634531991,-2.92341499056558
-0.643538933862576,,-0.0245956551918814,
-1.28932068916416,,,
0.340894898598314,,-0.429065235895232,0.551826607831588
0.922335674092897,,,
,,0.0336505321628274,
,,,
,,-0.0165266533390564,0.795096670186604
1.93382128195771,,-1.4684593679377,
,2.160633210017,,
0.546711841395066,0.0422083626288725,0.159795332431695,-0.624269252147298
-0.702210637746134,-0.177551198706103,,-1.05824341023557
,,,
-0.0583631400767486,-0.0967479210149811,,
,,0.192429289375088,
-0.859014614409201,,0.490655927835181,
,1.42517291907363,,
-0.0841799664768694,1.4125937805021,1.01843228641258,
,,,0.0695501655911798
,,-0.0240766613694158,
0.0763983799958751,-0.443621134596483,,
1.63686401169385,0.628934255640523,0.777568710980952,-0.536704877663427
,,,
,1.82123008398105,,
,-1.12742448378143,,
,-0.762303129562235,-0.363310866958545,0.0503263646746561
,-3.08011582873885,,
,2.29631231359605,2.22296589056049,
,,,-1.03058645224928
,-0.596232736241317,-0.34044823216018,
,,,2.49074253638689
-0.466765303532686,,,
,-4.06996163830191,-1.87932580182162,-3.07728256718832
-1.07282462705942,-1.12087521141033,,1.40185270407805
,,-2.34112951857508,
,,-0.576744564497246,
,1.52812106856903,-0.191491544793446,-0.353939029566453
,-0.40618980671053,-0.209666773844512,
,,-1.2990625137291,-0.599830256691439
-0.162851522523741,-0.466923553063322,-0.442782324820863,
0.0578455329557257,-0.526924901386564,,
,-1.46822583196189,,
-0.726712528090392,-0.879422847388776,-0.263473306300618,-0.65401301835491
,,-1.16341175913754,0.0164246278419899
0.078726292442996,-1.16729184858688,,
-1.33826589318506,,-0.13377521990076,
-0.921029235202948,,-0.161518153475487,
0.200261948609106,-1.6559526650448,-1.57435230509629,
,0.250870255028757,0.520209696076609,0.186830004927746
,,0.999996058146212,
-0.465705956438507,-0.810868160971369,,0.55659691002615
,,,-0.148097388945004
,,,
,-0.207792002903123,,-2.4458353203042
,-1.85975736102825,0.457482090366394,
,-1.06197035957328,-0.565902634258149,-0.39306302728437
,,,
-0.130421889948526,-0.640188174237207,-0.316586001704371,1.53769005720676
,,0.660503534097658,
,4.91241013972606,2.09589303162018,
,,0.00371514351001284,0.980103778774546
-1.00373971119925,,-0.669403893292739,
,,,1.09949275838576
1.08529588092986,-0.477627106689956,,0.041644477325372
,0.609562286360764,0.641846096680094,
-0.510980985089714,,,-0.258453060183192
,,,
-2.02323110391136,,0.188534955015981,-0.147889713437065
-0.665141472933446,,-0.381462071982128,
,2.13738570881701,1.74027557015569,
-0.0729116390239619,-1.39385663171814,,
,-0.913481422746208,,
1.01526613067697,,,-0.270537945673303
1.16305933920202,,,-0.7159520772265
,-0.803973242969251,0.133388791091669,1.45631370918121
,-1.69817268951922,,
0.730613939460249,1.98949361688591,1.01490104979486,
,,0.349409141564894,
-0.528747614634865,-0.320028886199859,,
,,,0.0549254827931068
0.345075406845387,2.75331203055631,,3.92228604025232
-1.91601821802967,,1.63944901726989,
,,-0.923638370588678,-0.496937531086174
0.773587127057442,,,
-1.7037984055143,-3.2077858380729,,-2.72673704399298
-1.20077712678264,1.12570286711478,,1.97643419041363
,1.87883169124796,,0.19378231723924
,-0.94673113576407,,0.0151806011666716
-1.75404475768728,,-0.771478472171254,-3.34563161380659
,,1.76581727671695,1.27580251042627
,1.51245915997686,1.16939699105723,0.89538932075092
,,0.419243561448986,1.77804985258267
-0.196572207000955,,1.69721456484334,0.712708966317498
0.696628740831187,,,-0.841275676344166
-0.0659814597136106,,-0.395100847335786,
-0.13434798554826,,,-1.52731003115086
,,-0.928537605030405,
,-2.16850012690255,-1.75925077385886,
0.623540462610103,,,
0.474898626830697,,-2.61589114561932,-1.92421955676083
,,,-1.12044595712014
,,,
-0.0571041609665933,-1.29919306016297,,
0.242843946422432,,,
1.96963413281427,,,
,0.729618007048317,,
,1.21279497578778,,
-0.607078196072321,1.69225791261377,1.09504287273718,
1.71013967532023,,,
-0.666247379760654,-0.374271503717342,,-0.556815562098847
-0.814372276715255,,,
1.03640262444953,,1.41976096872757,
0.964931532612911,0.596363287961594,,
,-0.263068288427197,0.576726053740584,0.716000515159174
,,,
0.2418598033419,,0.224857534349148,
2.05476070604651,,,-0.85315406278014
-1.43253449521809,-3.47986473505592,-0.479304713787154,
,-0.273224140321726,-0.870727399079225,-1.17508414362524
,-0.882460564925121,0.0549283796922109,1.5904982188061
,,-0.91450103640144,0.0935068198261101
,,0.472308456635559,
-0.130008455896796,0.570861111024707,,
,-0.259173898593882,-2.17550837577061,
-0.579026452784536,,,
,,-1.80309330455921,
,-2.65313168222411,,
1.31783561304849,,,
,0.963857738970203,,0.938490810037158
,-1.65634895537436,,
,,-2.06485913677683,
1.33897466777892,1.8162961168448,,-1.9188143363539
,0.133242832285875,,-0.57647513507629
,,,-0.987826591437013
3.42109460835705,,0.227956513828151,
2.57794265437777,,-0.34755654986475,0.696550558705369
,,1.61906756414827,1.82334616609005
-0.0643819052069338,,,
,,-1.11689718623153,
,-0.202943129724772,,2.91068230058876
0.739859438245835,2.00258922785813,0.878604089606388,1.53341729881567
,2.89108391280442,0.880519347265291,1.57930348363705
,,0.779270603208138,0.573386593557456
1.47880760269639,,-1.38286573052683,
,-0.908377418437481,,0.298173056936484
,,,-1.28829005752578
0.144417271262889,0.0510381446428032,-0.000929922306602976,0.692783470531421
,,0.0171269271136333,
1.06096624028704,,,0.447308217240253
-0.445505642122027,-0.374996437812368,-0.746299776721678,
,,,
,,,
,3.77520430767566,,1.89748001726385
-0.150307477864079,-0.744186811782274,,
-0.327757132786462,-3.59298035991509,,
,-1.37632946905122,0.665444916759445,1.42557645161122
-0.697284584551622,-1.31183366739979,,-0.106784620707325
,,-0.329038718826338,
-0.0374150136340493,,,
0.91349189044332,,-2.59587353465405,
-0.184526498264729,,,0.365825581863885
,,,0.216379541386401
-0.0527268089879745,1.32735641485648,0.638954546096488,0.667685539836989
,,,2.02574524105417
-0.503633417134383,,1.38098237920341,1.50890100742617
-1.7090601686817,-1.11939928027834,,
0.898549683127699,,0.564873924689296,
-0.237734026494317,,0.567841189726443,0.717788641182206
,,1.2830282417643,
,,0.147752798538407,-1.66910010086172
1.45374084383311,2.89897140848114,0.524539167207897,
0.350226959507424,,0.019613450294547,
,,,1.33728314293551
,,0.985036967135534,
-0.45923842962147,-0.54670372537106,,-0.659123002235721
,,,
0.146584016803509,,-1.08314229565257,
,-4.34009849019465,-1.25845266090089,-0.833867561378065
-0.472170080106029,-2.7101997087861,,0.0974388765764316
,,-0.0252494236623436,
-2.1783553060946,,,
0.0592086510876087,,-2.86655913310991,
0.647860636697636,0.377278372954,,2.44602461308901
-0.761426888665313,,1.08262743599625,
,,0.0072528482881149,0.997930845280816
,0.0919148338957409,0.325580279469279,-1.19296635303697
,-0.515989783482016,0.0820095708402532,
,1.76014300497302,,
0.574503005108308,,,
,,0.701710573925252,1.16081440480518
,-1.87307832920134,0.669385076281828,
,3.23307761262455,,
,1.17181903831653,0.736558777134564,0.911227512167148
0.00951589246488359,3.11067230925163,,
,,0.843500091497801,
0.626834196680769,1.1986964059206,,
1.20624313870859,,0.470769583351359,
0.772565368613624,4.22606216912299,0.104437505876076,
-1.37756706406485,,0.40361974347412,0.37718554130361
-0.362426925315183,,,
,0.944026191042047,,1.88533208360775
-0.109079876118132,0.70717545325556,,
-2.17916528120393,-3.29271497776045,-2.0727006495852,
-0.758114724994385,-0.580873212988579,,1.18242413161605
,1.11770704175254,0.376835555663793,
,-0.165705687769509,-0.304660935718405,-0.271250769717876
,-0.36855646226014,0.301981691146168,0.787871526060305
0.215926206229537,-0.275627428586235,,
,,0.769629970804908,
0.671853873401115,,0.044934095019962,
2.10655860175097,3.61644976553172,0.788201532984276,1.33605364037296
,,0.0658996768452389,
-0.505063521990801,,1.42741392801265,1.68673674823969
-0.138762940342402,,,-2.91282532001197
,,2.13902318000637,
,0.718118253183433,-1.54824442307181,
,,-0.645310638963772,0.0258787183159247
2.23560276857964,2.52747005840948,0.46004167412138,
,1.95791181048531,,1.63468642292177
1.48822116820748,0.744661305119727,,
,,,
,-0.164553881601986,-0.599149934172802,
,2.76405809768235,1.20164212534577,
,-3.21707768005775,-1.41034364990337,-0.413623897786481
,0.877509276925323,,0.662754326936411
,-0.202613317945566,,
,2.15772276216465,1.0193748897205,
,,,0.72281203890395
1.07623819643517,2.37551607774293,,
,-2.14352552852663,,-0.817805420157245
-0.580987627977025,,,
,-1.60305134843894,,
,0.0633207032443122,0.868837986808641,-0.3606686634806
1.37399835400225,,-0.740248021330466,
,,,-1.30195863583959
0.144840039347648,-0.626297497069869,-0.686759528307539,
0.842619843915447,-0.101020637182889,,-3.74134481297015
-0.543607815762762,-0.634531486592889,0.264165383122802,-2.17309481051962
,,,0.19331842468512
-1.02254160386159,,,
0.338147371372873,,0.349181825759086,0.2891707826653
,-2.90873841699505,-0.690849258443054,
0.246449258206672,0.184059785046986,,
-1.56796313114203,-3.8857794861763,,-0.936491213265128
,0.718212458133973,,2.02226398915572
-1.75745545006646,,,2.56098623083883
,,0.986604898013112,
-0.776166909934286,,-1.59383507318635,
0.554774652987968,-0.182877203077622,,
-0.582122130085705,,,
,,1.32013023310694,0.979890342110163
1.22151568781476,-0.605749944848163,-0.64859997519339,-0.834047396455549
1.66917040967207,,,0.44910439830696
,,,0.330832555161163
,2.82382165496733,,
1.27665308259526,,0.227802583206337,
,-1.33802445028763,,
,,0.844952865613576,-1.49959414823427
,0.591541009516942,,-0.835341901369024
,,1.96504615591388,2.59417641826878
,,,
,,0.0102523743472154,-0.690225537254278
,-0.894713438309251,-0.98465259087051,
,,,
-1.72636125386664,,,0.585196262239257
,2.23820405793273,0.493216987626224,0.139084278805406
0.286838523204975,-0.653647150939137,-0.058297944192972,-0.258308016996685
0.590740011639347,,-1.26459201408914,
-0.31736028416263,,,
,,,
-1.36758780159598,-0.729272856774283,,
-0.728807248919832,,,-1.92728006049438
,-1.45074890979768,,-0.766695901971391
-0.635206048873192,,,
,-0.959040744856749,-0.137120379074442,-0.710286359418133
,2.26844514763265,,1.65016219789792
-1.60873843468627,,,
,0.770974523926414,,
0.541704658217943,0.0984325604354703,-0.0612293253305394,0.290279941502114
,0.715425846684827,1.84457333749385,3.45691263763909
-0.0264957619663642,0.427343866481837,0.152831914973808,-1.09760897733681
,,,-0.135757994141264
,-1.17259041545104,,
,0.154133718164539,-1.02630258147187,-0.251523353751008
,-0.237837365876909,,
-1.22481659233549,-2.2947252302382,-0.437452692285724,-1.64149713851454
,,,
,-2.44709299679656,-0.75509888841885,-0.420157046485805
-0.870917714356669,,0.105578700735197,
-0.368555639793572,,,1.10332281143967
-0.485252516092759,,0.320639110452008,-0.19103029749643
-0.699961879182035,,,-0.235607837180539
-0.253433896782625,,-0.378104044566584,0.720104993245646
-1.58489760807918,,,
0.111038367521325,-0.521109501074059,-0.469389880439333,-1.29838393286731
0.631846158956852,,0.464026375508383,1.82155550487492
,,,
,-0.741751080648156,,
,1.00560010060036,,-3.12087452624104
,,,
,1.99883415097626,,2.29991268295428
-0.198507455577018,0.451515063558582,,0.197082755841088
0.492647761120744,1.88768197785396,0.247271936483962,0.270147839398769
,1.04001196596591,,
,,-1.20341202081043,-1.20127764117018
,,-0.176280371894972,
,,,-1.52342687464495
,0.81646443640719,1.85985278112782,1.52703235572976
-0.751698873596972,1.0306471314107,1.4066646694979,
1.07410152344092,2.67995248508977,0.853349157147973,-1.11861555451011
0.0938221556594885,,-0.491144635946094,
-0.773066829488245,,0.548380419645791,
0.591248734948418,,,-2.26685576764424
,,,2.31035363112821
,,,
0.400881867040071,,,0.795310695057261
,,,-1.43251129774614
-0.198840252562068,-0.801109197660798,,
,,1.67701575892126,2.65770582736122
-1.1838104344236,-3.61076993651268,-1.65269096788232,-1.47240533132647
-0.331398650181689,1.50801575401982,0.257921169829115,0.885109997765622
0.168024801248484,,0.578158458233626,1.44060365781233
,-2.42664572175766,,-2.29255457362496
,,,
,-2.18587202009266,1.60372035755801,1.8405168148337
,0.0457162747855882,1.49792604712809,1.24571632402851
,,,1.9039318753924
,1.51163319543341,1.71641222008591,
-1.19293202004669,,0.404116634315717,-1.29045554492456
,,,
0.534670732983126,0.538504637174011,-0.226864143815612,
,,,
,3.53783946047168,,1.53684883031085
,,,
,,,
,,-0.478842276831122,-1.15008884529662
,-1.6616888507863,0.296207611202149,-0.0754808874046696
-0.213349405510672,-2.48956932054317,,
,,,
-1.42008804484053,,,
-1.83543665542799,-1.58318122225823,-1.47467061459527,
,,-0.639063288246927,
,-4.82968010295632,-3.24451303110391,
-0.457880856793051,,-0.0989400604541091,
-0.992955765989436,,1.85492857480466,3.36881968179721
0.144072596665995,,-1.01907167600168,-0.716073061613091
0.591140522435689,1.56953778032334,,-0.221495271643596
,-2.08137694600552,-0.805215705557392,
,,,
0.951392914928735,,0.43983097721264,
,,,0.105117508081178
-0.561343472177005,,,-0.600970833504066
-0.0606100814465088,2.54884029873971,0.93693970832593,1.78426967029766
,,,-0.422760129598106
,0.353691877438533,-0.258445885981439,-0.345012074512374
,-0.141284694135016,-0.0936641788148959,
,,-1.46070543645854,-1.56591473961419
-2.48652390438096,-2.14803693751538,,0.83747070136033
0.401294135810678,-0.794455266361437,0.468646963223235,-0.139405315944643
,-1.76119417593223,-0.295936555543583,
,,-0.421321553623053,-0.277200781987959
-0.234463430687309,0.670450168282653,1.70916282707951,
0.481837360399392,2.61451728109965,1.02271557791236,-1.39377334587054
0.386893969204339,,,
,,-0.313374260676139,
,1.02915334723339,,-0.665806796315892
1.99741373388409,2.73080328915583,0.223132079280812,-0.0970893533865062
0.927508823680672,,,
,0.0449840081070226,0.322783718356706,
,,,
,1.77476926155888,,
0.650333599101656,,1.11138779285599,-0.149409663903681
1.2450301486185,-0.557962051851564,,-2.20908120975671
,,1.59327933270122,-0.223525732885692
,,,-0.26395500025215
,,,-2.18879391756722
,1.78683012732413,,0.418695989027991
,,-0.108849499304938,
,,,2.45461634912087
,2.90537814185657,-0.355825000808686,
-0.558897599388836,,,
-0.355779410672021,-2.11160557040607,-1.75520326580382,-0.827408586503316
1.32441739035745,4.04937042452633,,0.109165406600383
-0.0206222292289781,,-1.19117737752132,
1.16812642718924,1.72582605829798,,0.978522573025608
,,-0.173556508416155,
-0.0128416593054387,,0.575262820860214,0.201307576500869
,0.200372143485127,,
,,-1.25782067280473,0.928236604753626
-0.30331195336701,0.255857712241653,0.187681942721613,-0.905887399161311
-0.655267139665184,,,-0.123997690495934
0.857447324947049,0.212145513097153,-1.04058060816108,
-0.290983583023627,,-0.407180922379968,
-0.0827812044442989,,,
-0.827844692804802,2.24110024006271,2.80110367668117,3.60415235835231
0.215199005610929,-1.44607078052396,-0.16004455032493,-0.467098286293012
-1.61193635690363,-4.48747781277224,,
,,0.0642497815183808,-1.29332779028196
1.88010634326583,0.632673450978977,,0.170014936597565
,-0.257545446374361,-0.483447612747935,
0.634728634060444,2.95567187591242,,-1.55253455910259
,,,0.482370012654503
,1.41160144304408,0.233658698566,0.718078276850825
0.519814270578053,3.10086419565588,,
,,-0.522171604226191,
,,0.23787912398364,
1.1205690307062,,,
-0.122163599186946,,,
,-0.583687252147217,-2.03220129098533,-1.52361567256456
,1.69331940055041,0.76537901402111,1.65826256720916
,,-1.92683514040522,
-0.315117614832637,,-1.86099611990119,-2.48088420157803
-0.131122855661501,-1.4929023966458,-0.482406902070667,-0.969117220469713
,,,1.28607168464263
0.407369085480355,,-0.159908148318938,-1.85489511170745
0.264011434380507,,0.0989509864600506,
0.0912835539416647,,,
-0.680687428865753,-2.09844341014366,,
,1.85099936673718,,
1.98511178276459,,-0.656150402770512,
-0.929159357105225,-1.80946818793676,-0.221229788482074,
,,-1.26244491582055,
-1.40343255381246,,0.0821574370875093,-0.63459363960617
-1.24072906757593,,,
-0.286765201435186,1.44409673023653,1.02269946197322,
-0.391287301787077,,-1.27602278508208,-2.03225804713012
,-1.47925759407948,-0.772860142544066,
,,,
-0.196626923218971,,-0.996167098057085,-1.43726045704809
1.13402054312043,0.847058784640601,,0.824430788915441
-0.357801185526678,,,
,,0.792310600577029,
-1.06905180450069,-2.57315518563436,,
,-0.420986755681102,,0.594449243051054
-1.71051632221807,,-1.37632675134927,
,,1.08435240240787,
-0.976415461234376,1.51989182748636,0.989101251548765,-0.421700500795552
,,-1.63320895872862,
1.98924365380742,,,-0.491569544559725
1.7511310826985,2.26286265204009,,
,,,-2.52401616396355
0.776495901541338,1.37157004314007,-0.246405904378423,
,,,-2.06354538614145
-1.04326069445062,,,
,,0.578434671868046,1.4258588386216
,2.90858678463138,1.48880686519094,
,0.599692338296026,,-0.44869009494205
0.666470562339114,3.21958771605681,2.52661827034976,
0.889500197272317,,-0.757837385705272,
-0.187121427736611,0.431317995668906,0.853978516543677,
,,,-0.157838383721831
,-1.51340433334782,-1.65024014858974,
,,1.41499288060497,1.80972934810698
,-0.857055431506588,-0.32925944587728,
2.18417322839228,,,
,,,
,-3.05499346396011,,
,,0.530220011580549,1.23864513059652
-0.286641470723756,,,
,-0.54989943333682,-1.24521012033969,
,-0.506501089164976,,
0.272107368015517,1.06090489930118,,0.0530296691128511
,1.05056986424356,,0.142931930048877
,,,0.00364661594032928
-0.345802025216759,,-0.821902759213076,
-0.253966133668967,0.0195166780015774,0.37138568016561,1.14063706253027
,,,2.87019485613159
-0.269348130964323,-0.0147156120178482,-0.687095852793583,-0.363173473122703
,0.742641256157037,-1.03107948763825,
,,,
-1.27106502138202,,-0.681838969710806,-1.0920836084254
,1.70710774520021,,0.78275901376224
0.760383157988027,2.23835908668169,0.400491110972987,0.315115369873516
,-0.83063456102445,0.493459227949538,-0.447788963736496
-0.577421344918043,-2.19161792830731,,-0.390369919867147
-2.83937616690889,,,1.03390587899698
,-0.162399499446788,,-0.409686494123192
,-2.20902174755662,,-2.35901101939104
0.402574906183067,-0.129027575668667,,
1.4272117229534,1.0939229566892,,
-0.495919045927329,,0.244244883969543,
,,-0.268125757604161,-2.65381245828127
,2.67878916199809,-0.0925834918524196,-0.389378773314808
,2.86040916088478,1.3048237094693,1.6079219107793
,0.778872061925492,1.66156535743331,
0.417823594928106,,0.186739370812401,0.250122519297565
1.30496154444897,,,-0.0214624441137206
,3.06662312160341,,
-1.18738065485708,-2.48176940403584,,-0.424802471903764
0.533685008357217,,0.142178835191298,
,,,-1.4105399356706
,,,-0.749709368601369
-0.178463862456432,-1.60838076720002,,
,1.61754023064999,0.694260130087873,
0.682099496739719,2.37110636969757,0.489793379612867,1.11086661018915
0.746201526735843,,-0.834725485678904,
,,,1.07438972514508
,1.28089694121134,,
0.378460412533289,1.01119119062073,,0.656482407997453
,1.60437490473311,,-1.46588086037
0.0912301601069542,0.788387358204764,0.653392690198042,
,,,
,,0.63115695196519,
0.793932838572023,-0.748499338903031,,-2.40950620897214
,2.35044277890965,0.296414729185797,
0.549337333014554,-0.67428938027336,,-0.606224244112283
,1.95419969069741,,
,,-0.285126694917454,-0.603704789087732
,,1.92864250423474,
-0.869954917300795,1.23825902995236,,-0.82276658879542
-0.298508586975253,-0.49187475692213,-0.356582900340472,
-0.525294572640387,-0.961956984914826,-0.628434359427824,0.0473426363730735
,0.133490396019456,1.13793752225978,
-1.02389991827425,,,-1.39277041290812
,,0.282462699912938,
,,,
,,,-0.973536447907658
,-0.145059558236758,-0.326888585031817,-0.602641115789177
,,,
-1.64112944133307,-2.68708732850666,,
0.482758608560415,0.121132479406197,-1.23970234412454,-0.913059050943818
,1.9230933165738,,1.00342010522134
-0.407847758248619,0.527942412152461,0.91857148147805,
,0.490667158386881,0.0110095913631412,
,,,
,,1.71575123763093,1.18948543284145
0.815603462122397,-0.0710879195490879,,0.309533234361591
-0.914014481393565,0.968191425109593,,1.62179656965635
-0.554820797749138,,-0.879075330921441,0.0542495315425281
,0.00172969219096131,0.644634637773963,0.408012893743309
,,-1.11354013523703,
0.806859181812312,,0.23141099166857,-0.790505355389225
,-0.305434217212766,,
0.769852741781516,,,
,0.148877305260507,,1.95177324015072
0.153781366543957,,,
-0.399087420248963,,-0.639178619929021,
,,1.99815794534783,
,,,
0.276155443869339,,-0.949212157870943,1.52331860015616
,,,1.23896258690267
-0.120114745397783,,0.765145081461041,
0.397018504856981,,,
,-0.580791017729007,0.406585886286424,
,,1.17248075808454,
1.61657603604283,3.54292262797854,,1.72102456979004
0.616122843297705,,,
,,,
-1.22855665934927,,-0.0470971018139319,-1.2655491830328
,,,0.941848909455576
0.580156856563299,-0.334790475506673,0.700841259436395,1.55527551012407
,-0.498287257703336,,-2.51655555873767
,,,0.845583327095531
,,,-2.36068100608531
,,,
-0.307073609966018,,,
,,1.81181723279347,3.14487095987802
,-0.235790817266087,-0.0110222688905415,
-0.182327630508894,0.915481154040466,,-0.16345587189964
,,,-0.188892066909946
,,,-0.176044244391128
-1.08100043519868,,,0.792160613966946
,-2.32544309007764,,-0.745172512022194
1.33204012251754,1.80392174592803,,1.03340448006374
,0.0867628709081344,,
0.81272922619384,,,
-0.651135024934329,,,-0.285911491854596
-0.140308776263568,,-0.861703768533097,0.542413277148674
,,-0.421966528122594,
,,,-2.7156638768229
0.08889294253109,,,
,2.38463360425308,,
,0.655261509373094,,
,2.23965665763732,1.12453357771805,
,0.0101767949957794,-0.332343918501093,0.123358240347805
0.617651459020608,,,
,-2.17200311353505,,-0.309239239952092
,,-1.72809673837613,
0.602459332748625,3.33692702324999,0.318769540258446,0.35515035600668
-1.4145324747417,,0.517510386927338,1.05992599085297
,0.893511069877906,0.373065095225505,-1.70886389635711
,-3.31814411803531,-1.3627223830077,
0.31205830314547,,-0.615968099141587,
1.60156345500434,,-1.04823154828283,
1.54198702770824,,,
,-2.33640848405011,,
0.535026842684138,0.498521767163238,,0.370781987795253
-0.349720994346983,,0.760748764532833,1.63663301093394
,-0.387923784840297,-0.316127583308891,1.24326961274173
-2.2161334557135,,,
,1.31844464434318,,0.0363040662233567
,0.791922777906914,,-0.720744240938994
0.373889488898866,-1.11604760679815,,
-0.191218200356621,,0.110098513060153,-0.41941707427416
-1.02543755537228,-1.95790489825524,0.279088738093676,
,-1.82525239275844,-0.992450550915932,-0.815293160372399
,,1.30633808438067,
0.0543192874307289,-2.10906554548196,,-1.2005263794915
0.567101587438083,,,-0.0617504929241491
-0.464010628735977,,,-1.9930646638065
1.28480081505999,0.949363103409228,-0.807652139422778,
,2.38795363377379,1.43851117349902,0.567989141671516
,-2.03099336212566,-0.882164351800004,-0.205395860178339
,1.31875556075567,1.44095921682797,
1.11488218107788,1.71850074975852,,1.61804857226935
,-0.587964346616904,,-0.992573096699877
,,-0.0156167183559989,-2.14872655500121
,-0.863810862786491,,-0.0191716364831929
,-1.22867305958618,-0.498838553315263,-1.37862721186311
1.1377699929415,2.52456650926786,,1.36975906417747
1.71439383448494,0.0129378517929972,-1.05799892141153,
,,,-0.662492260698401
,,-0.454303528346146,
0.609702193642644,-0.261480805434009,,-0.541900961523634
1.19358200831037,,-0.94635162558389,-1.00231998855765
-0.858810426620774,,,
0.895706193348967,,1.04191067805178,
,,,1.21580592963049
2.07690354539009,,,1.91812415458126
-0.571339759295446,,,
,0.0575401642397191,1.48587970996335,
,,0.108765031220982,1.51437506222338
-1.25031206020367,-0.542387905735335,1.00975233028376,
,1.47717662113731,,
0.0614874404655674,-1.07319500160372,-1.219425336508,
-0.339967488178091,,,
,3.06781671993216,0.792145144399708,1.41082029602897
-1.78676065095644,,0.909497299053458,
-0.105388415641915,-3.17983507430997,-1.21027770452741,-1.17480143575316
,,-0.114938329810004,
-0.836164804463538,-0.817298414412432,,0.449111143856512
,0.00286195030120062,0.361527678673598,
1.94328489677314,2.33086659909259,-0.354563374720144,
,-3.18333705736543,-1.02441878282213,
-0.80359786515808,0.822256469692068,1.84075093242385,1.85670709552432
-1.19840856257805,-2.73456470003871,-2.44591386731632,
0.62952138428992,0.0570147033940008,-1.21710516699133,-0.405899475893989
,0.0334139595581671,0.709114273075273,
,1.66231884392393,,2.20565082415292
-0.645806382206571,,,
,,,1.38752009069743
,,,-0.566924097878758
0.137003753628528,1.72259978917846,,
,-0.352090522908791,,2.65298455582764
-0.535887467461224,,1.43866743314808,
0.713595097676634,,1.20330617616197,
,1.16513685769837,-0.375997006276349,
-1.11482614497505,,-2.13745068034255,-1.87707754663512
-0.228621036089534,,,
-0.0815898798548839,,2.02561514902275,
,0.272286506344068,-0.423085913263084,-0.949337420839066
,,,
,1.38722966299578,,
,,-1.15017272913011,-1.53946620213689
-1.40678671660781,,,
,,,-2.15164401116572
,,,1.02257981476778
0.430427805191253,,,-1.0868101787546
-0.128786668054707,,,
,1.29022448989248,,-2.2892324486917
-0.246528493011147,-0.811393730870241,-1.09954335554822,
,0.40655490781074,0.912291635547194,
,,,-0.701464760197089
,-0.873243153987535,,
-0.283973587038927,,0.171946144174811,-0.346926030110826
-0.263158284120996,,,
0.0560043037582182,-3.02493859196894,-2.13775960437404,
-2.31866188966679,,,1.37260949782464
0.683297132017777,0.764668087657989,,
0.721231898711608,,-0.18264045414027,-0.638857134584588
0.629245190810868,0.576838847544846,,
,,0.0627734933641551,
0.0993084268808665,,0.769563332305791,
,-0.0835674329599401,0.319151005944065,
,-1.37246972530839,-1.40743099326565,-2.15090336886617
,,0.398792988064905,0.922192107386014
1.31689292485862,1.12522104098602,,0.371682282890725
,,,0.556547720363979
,-0.916916205398113,,
,-2.86314902088035,-1.82833285194706,
,,,
-0.927846619109304,-1.6469728321,0.655686898378199,0.615448917435628
0.804032290142514,0.807370427559048,,0.480117576482074
,,0.159712240622364,
-0.262678090014843,0.493614472599339,,
,1.76593652731077,,
-1.37736386169196,-4.35524775460294,-0.901209318460694,
1.73050131428387,1.08715926159451,,-0.83017447838101
-0.00508718145513425,,,-0.261665317571501
,0.650302518528833,0.738650016074299,
0.397543921415631,-0.330753367171545,-0.0602241215960477,
,-0.758377288136816,,
,,-0.172718823959341,-0.124299366167044
,,,-0.471445880859828
1.16912354606323,4.62152574560237,,3.07268113185539
-0.566591093897041,0.121855145517261,,
,,-0.012157780589487,0.307430007915382
0.123993538996108,,-1.27534228867444,-0.198282989010164
0.897374477733325,,,2.58441311569859
,,,
1.58218645567045,,0.476603242612491,-0.70670902089341
,,-1.47054951416845,
-1.90307697710446,1.73921147729959,,1.63573411822131
0.947324753875237,,1.6890614838874,
0.753420372173012,,0.169805097703587,
-0.697797127021826,,,0.793330987573246
,,-2.20887079124532,
,-2.96560366511948,,-1.77911546761845
-0.0125469747796106,1.4936844438414,0.734802353992525,1.52717406154458
0.0906300156783073,0.0244652943496694,0.768723667833359,
,-4.0049901753826,,
-1.58133763297504,0.414484510482484,1.6366589556123,1.26393518621214
0.174485077417376,1.66306878147875,,
,0.642344517126788,,0.652188250417871
,,,0.0728634998722999
1.00771668611063,,,0.713885727728055
,,,-2.23458845680515
0.127064314826948,,,
,,,
,-0.0247826871877311,1.53438764112519,
1.24267702194518,2.03984837806552,-0.0279114233581441,
0.917015357279716,,,-2.09396048392661
1.27296529299446,,,
-0.42620110290016,,,
-1.46431958960135,-2.29429404085617,,
,-0.271453634933916,-1.40476237322014,
0.618532251784249,,-0.879432674781996,1.04469234205664
2.54036862385644,6.08208278514125,2.54298800883599,
1.71949292604995,,,
,-0.0969114445111378,0.292203659952852,0.116888996902482
,-2.77679332814066,-1.8426682959356,-2.04593761736244
0.620988963443898,-0.337924347392766,-0.241022594064045,0.76069051687529
,3.52410508535617,,1.92127621167885
-1.18313396550829,-2.49142090809585,-0.242121325433994,-0.466033931729994
-0.780501608586493,-0.825845308506848,,
,,-0.235329215698769,-1.904048343687
1.83718698216698,3.6581282686929,,1.21621837490191
0.194556414446477,,-0.0767666559549431,-1.11379157854617
,0.060944332458283,,0.945382606700248
-0.542570527423244,,0.739729828702797,-0.124323300399757
1.16741884047502,0.921617690327126,,
,,1.10282635787543,0.770541011034816
,-0.389550291939515,0.0371571780460954,
-0.631445133964004,,0.327593448140245,
0.30528731624952,,-0.265575948514384,
,,-3.01111522010195,
-0.909335306190533,-1.67699507261032,-0.492664942850859,
0.591884173719186,-2.20661928737982,,-0.645101221866786
,1.42350040605624,0.0199449401850468,
,,,
0.625750200559898,1.36852800843707,0.40795412075066,0.272715664795248
,,,
0.461566093810851,2.85554943352045,,3.39670000055194
,-0.58327030307046,0.0228312518226173,-0.382718189058961
1.19787605791361,,0.693324477312238,
0.231803133441912,,,-0.176621230216568
-0.502841451950738,-0.222770915979036,1.83186846388028,
,,,1.95141300651421
0.957297525780924,,,0.502172168446902
,-3.02967465871919,-2.02088826861195,-1.72117280911659
,,,
1.63616438658732,1.09463474378914,-0.80511444409112,-1.03671914271215
,,0.919868325296479,0.570126025336127
-0.349143907623776,1.31103482539338,-0.147128984537846,0.247967364619949
1.61863073979497,2.65881289053754,,
-1.89803988850216,-2.94678391944411,,
-1.1065443604311,-2.08561180737339,,
,,,
-1.31288137012789,-0.378689377375483,-0.52934049633808,
,,0.815819949827092,1.7188181879938
1.26449613364349,,-0.369974626790149,
,,,1.32539292781002
-0.43940582572685,,,
-0.423679975612137,-0.46596633159035,-0.0830371439744179,
,,-1.12759630480998,-1.7006697765398
,3.00837173584287,1.79036495385344,
,,,
,,-0.0513658133591758,
,-0.834461295294133,,-1.3263283445161
,-0.311214614249733,-0.722286571270103,
,-3.21441948522017,,
0.075836973157585,0.131985028272435,,
,-1.36360948309618,-1.1671916417008,-0.733210173049915
1.09853317980309,,,
,,,-0.112992334952755
-2.19649538110396,-2.66576323920395,,-1.09975755799859
0.92231751847207,2.18004873292314,,2.16665002695161
,-1.1570149673699,,
,,-0.622132598503772,0.433641255052086
0.898500827015439,,,-0.1534360551541
0.68916731902298,0.996291295269491,,-0.858811289646317
-0.819023245342681,-2.69461288292431,-1.65690685531624,-2.86371557551563
0.320066756976218,-0.945085778285157,-0.113792616536761,
,,1.91236445192699,
,,-2.19082062386216,
,0.0320740755255851,,
0.819754452082411,,0.321910696068711,
,4.1997270162054,,3.05417083801863
-2.60952500918578,-2.78762513383212,-0.560361895744937,
,,-0.472080818153382,
,,-0.240645872463798,-0.186827722947301
0.110221751018043,0.393042926054409,,
-0.270074147559846,0.332467528342654,-0.752731502463392,
0.692097306933716,,,
0.928280305471999,,,1.30039191000725
,3.10024345481499,0.345479370829227,
-0.106292768822515,0.709096481589702,0.893642249231753,-1.16456461644413
-0.42412912886889,,,
-0.14031375201881,,,2.03857359625059
-0.227291151311803,-0.528893416021136,-0.210451678326361,-0.830913472680512
,0.213060029883834,,
-0.824595488543724,,-0.932872259593832,
0.584580583678504,,,0.425117668492065
,,-0.435922355373505,
,,,0.838355857621329
,,0.623380051324935,-0.532509164032307
,1.17349158430982,0.991843171766217,
,,,
0.726076067920901,,,
,,0.131104628863639,0.860724886380072
0.691599611796066,0.921666815612831,,
,,,0.721001137455541
,-0.804846749873816,,
-1.21548799679483,,,-0.719794621117207
0.0447285363233251,,,-0.260944494857771
0.661470374680939,0.566365970503733,-1.16731368151569,-1.71965655582856
,,0.398107243837378,
1.48370145305015,-0.236165577413019,-0.490022012165855,0.252640417015417
,,-0.389142005813999,
-0.128191449344178,,-0.509227757340361,-1.11079737636179
-0.661276942989563,-1.2412667878668,0.192499955270867,
0.254068219646731,,,-1.85771194805651
-0.0643552748031504,,-2.38590839863095,
-0.325129316662193,0.452528571206422,,
,2.57317754582348,,2.09920183482727
-1.0058648980287,-0.244874547202936,0.363907357782524,1.4607043989506
-0.982946998026845,-1.60104930300745,,
1.46883036183792,,0.910255509360465,
,,,
-0.430071756633296,,-0.922231379415496,
-1.57919107955978,,-0.0600088056181498,
0.192863736910639,1.96184064997153,1.66255935940255,3.54909007446904
-0.497300055180433,,0.524535083957625,-1.71032903251605
,,0.856449191821725,
-0.207148755289783,2.27610705906245,2.26848037877614,3.14623089419567
,-1.09713409991654,,-0.721740208621176
-0.0686352590528387,2.11872094088309,,
-0.178001417030709,,,-0.402994161279612
2.3728384785312,0.645078736534646,-0.590864655350865,
1.08720419757735,,,
0.130018231301872,1.32803003959502,0.767962633496084,
,-1.41682359035753,-0.615860517274851,-1.46691007963609
1.17912968355308,,-0.432033819954957,-0.925993008570281
,,-0.10873496840893,
,,,1.95632684094427
,1.66312087535549,1.66844564593753,3.85195383458511
-0.411312115325928,,-0.365194741714781,-0.267026663175832
-0.367209823908698,,0.4887848379094,
0.440309141403076,,-1.22941177685305,-1.1347747395436
0.139471132630852,,-1.5234209773267,-1.31663319483438
,0.203303876132051,0.610428344114251,
-0.209374034941842,,-2.14721053712935,-1.68671661045801
0.250899225803122,,0.731258686742599,
0.466728667413922,,,-0.226487820666626
,1.76848252583806,,
,,,
1.31665945128356,,,0.199760174465759
,,-0.803647810850366,0.807970702553491
-0.645086569893443,-0.815800593330556,,
,,0.739783656366274,
0.30944156174369,,-0.0225226036017636,
,-1.04185248557212,-2.92804931099731,-3.78670865006768
-1.36602541858539,,,
0.0478644721567874,-0.142597747792937,,
,,,-1.5036114927883
,,,
,-1.88291764007108,-0.618510865886842,
0.864717315822876,,,
-0.044407932368369,,,
,,-1.42353067065204,-1.35986642913029
-0.0829221120128502,-1.69951080870493,-0.382852441308543,
,-0.428932814988474,,
-0.364461374099185,,,
,,,
-0.585210155969012,,1.47439827828477,
,0.601881048198871,0.425172166263379,0.195789522744993
,-1.10345025939384,,-0.0691004382554055
0.302361385182744,-1.32106185429982,,-1.05876606550033
,,1.17702882101461,
0.782087200345919,3.2692290457803,0.586360273850079,
,,,-1.28401995521855
-0.65686621713525,,,0.675313800595772
,-0.182997508821876,0.668450307603454,
,,-0.681581904310009,-0.229739094781666
,,-0.158909459982668,-0.370801091882703
,,0.748823223176291,
,-3.52352350378418,-1.60215590026068,
,1.24251784394769,0.170906658454038,1.42653770314778
-1.04396345037488,,,-0.846946452145936
,,-1.21698243026987,
0.0730709155813911,0.00394350003673782,0.687777510965026,1.54812065754078
0.721771014943123,-0.299830165274001,-0.395493221554326,-1.52217537583129
1.09417150104969,,,2.75829542057901
-1.42329438949761,-1.25948131203432,0.978035101030043,1.42099679689882
,2.98363123972879,,1.13064189356031
,-0.799996741638604,,
,0.277053293213766,-0.684376716111625,
,-0.636753577834341,,-0.587426575573402
0.488398385701636,-1.00007108900115,,
0.660500810354084,2.27291255496622,,
-1.71404332731453,,-0.138621517216762,-0.772050472196389
,0.25930732928894,,
,,,
-2.0811641192689,,0.498918563296504,2.55500799680678
,-0.710434664670611,-1.05121321818971,1.17229610107571
-1.51159225445321,,,
-0.224143134032667,,,
-1.34652889551142,-1.73148484395047,,-1.91603918451763
,,,
-0.442113996050495,,,
0.647112024498933,2.26719254961255,,
0.315899380117686,,-0.238851030044969,
-0.642473816319186,,0.0449221401744261,-0.813970059670805
,2.68378567061033,,
-0.0986951474975073,-0.659342836345006,,
-0.0235244885614462,-2.80951857545827,,-1.56064919629137
-0.446038295193204,-1.48953919673281,,
,0.658108149912778,1.38669845996642,
,-2.13633940438624,,
0.377517395774565,,1.29373291502453,2.06532251916617
,-0.379398377317014,-0.204893131823156,0.360489458272385
,-2.109866451881,-0.297439906584115,
,,,1.15859778530577
,,1.34884392270012,
-0.985350251537578,-2.15466733613485,,
,,-0.779352518935231,
,0.911061917319353,,
-2.33328737733905,-4.16769976261219,,
-0.416915573563025,,,
,,0.551162851998328,
,-1.04233774734219,0.263411260772684,
,-0.0119721494562307,0.0508918444976309,0.293754532599323
,0.58566723190058,0.0507779399995197,0.411964333917245
-1.82442858730991,0.671673802538103,,3.09620389782593
,,0.0560509642654513,
1.76226244398383,2.4212812583107,,-0.237961854160239
-0.65462442147273,-0.244864122595969,,1.16363984379697
-0.966094459928818,-0.235153223118863,,-1.18418002684393
-0.857718561750186,-1.49587588080413,0.360261647313284,
,0.298348372853975,1.2736068174618,0.2314056839809
0.185919886253164,,-0.638670395343081,
,-0.665334707862738,0.655798660836742,0.766388606207291
0.201719599167546,,,-1.31961756325688
,,-0.685184984956938,-1.94678515344473
0.336181512220115,,0.228734584689463,1.25928427859054
0.74982570129541,,0.497823891531962,
-0.800882335188553,,,
-0.122741393064011,0.158509213722468,,
,,-1.29957958277874,-0.673249883508254
,,,0.759376049430437
,,,-0.8199785065095
0.0508606797200874,0.271426814272124,-0.319134810048101,
,0.577939137629157,,1.30082980917487
,-1.81068884075121,-0.713279019680579,
-1.09939099821092,,1.09380019905373,0.509137048585289
,0.244121043447249,-1.65808110738455,-1.31886642098932
,,,
,4.26376516757904,1.77591721533744,1.60691942942539
-0.529590169612876,,,
,1.25386224781604,1.78205906348755,
,-2.6669526373158,0.407497943417942,
-0.658878760701194,-2.49863959173322,-0.00368822511066039,
,,,1.45145320170489
1.23170354306709,,-0.681010982578167,0.894218648922599
,,1.3725072091264,
,,,
0.300296912049029,,,-0.76503561163133
,,,
,,0.390794277528899,
1.50662404051982,,-1.2483145892703,
0.616992709956802,,-0.180707106448402,
0.714400058203048,-0.85207444682495,-2.33748544187108,-2.41824145262771
,,,0.266193885181115
0.179047539276805,0.0336232892839303,,
0.293346436715331,,1.05997463557796,
-0.655101630091572,-1.85331856336177,-0.725165075338438,
,,,-1.6474372470035
1.97352809039938,,,
,-2.88285520622815,,
,1.63698419662427,1.57479703410615,
-1.07382112975227,-1.77979894202821,,-0.696063372712585
0.351996769280441,,0.497321834196899,-1.12101920590837
,-2.10037578727801,0.076781652579501,-0.952076424290057
0.590351151685933,,,
,,-0.872723778516502,
,,,
1.34131625877434,,,
,,,2.07517213109778
,1.96663830585856,0.474311151536694,
,0.0204229980049797,,
2.03629655316149,1.38486188744667,,1.47583538746059
2.48310511270667,1.56331409264475,0.442233389929621,-0.0755494317272162
-0.393625324430424,-1.69129867278862,,1.63096303821162
-1.05513659065903,,-0.398435553295776,
,,1.36134489402298,
0.435595444256836,,-2.19981927110317,-2.58102214708531
,2.42562745673528,0.224562590221716,-0.197379884272757
0.150213367683698,,1.68005494573229,1.44004929330735
,-0.900944373386512,-0.575170982303645,-1.2719970659783
,,-0.769479441806948,0.630947755405336
,0.221969420956699,0.706635317163395,
0.68223512694434,2.71327744166316,,3.26896298763219
,0.553399853184848,,-1.43966816339374
-0.0444719203914545,,,
-0.53481116323028,-1.50841299133229,-1.03519757597892,
-0.337547843522416,,-0.595191311056911,0.262562720056726
,-1.85797528769952,,0.767327932055365
,,,
-1.59511082920805,,0.490891330867727,
-0.590700483309733,,,0.186210962516379
-0.370331045729754,0.556663530272919,,
1.20552835668786,2.08498646456925,,0.824513341234467
,,1.66923443528563,
0.944225289376759,,-0.580962046244088,
-0.294231849492569,,1.90170510191478,3.027601376667
1.67136844844011,0.965705565841742,0.123072224846249,
,,,1.87372023190013
,0.0796331198159,-0.889498950542973,
0.877530983969036,1.80586377164473,,-1.70786590957478
,-0.676840108403457,,0.988545332265543
,,-0.42681994318846,
,,-0.539300297643327,1.24264024034124
,2.2384415661122,,
0.0121705199650967,,-0.901383528908577,-1.23356612624357
,3.554748216428,,1.27354610436541
,,,
,,,
0.284409588673499,-0.15826141754184,-1.20691778220491,
-0.636273493528611,,0.0911471353297722,0.0606572961582367
0.939339897411908,-0.286853845214387,,0.931489521622298
-1.97311049815324,,2.40734903450742,
,-1.4019033701601,-0.564895183043425,1.45313333043546
,0.63528240011802,,
,0.653682793901505,,
-1.58001110881281,-0.292918412623179,0.514531485237624,
,,,-0.717660053573286
,,-1.59490993749539,
,0.436779641421037,,
0.356334107598921,,,0.981409367992484
0.288570307268879,2.83608363627106,1.74046042660734,1.05830901895287
-1.66854171402762,,,
0.851062197178538,,0.927674864245106,2.16627255045608
,,,1.3284714829352
,0.0171569328131354,,0.0824217701888426
,0.254540836100822,,-0.686135226986067
,,,-0.0286781117899982
0.703787584477816,-0.0368967956190925,,
-0.631284950402577,-1.28945200418651,0.61828784718679,1.11295161147982
,,0.451783958518325,0.557970159946139
-0.396963325733646,0.169936363012713,-0.652993536357336,-0.23368375681027
0.381958965453471,0.5687465180396,,
0.928532701142653,,0.697844622323029,
,,-0.0584959984528127,0.843613451979612
-0.652702548747161,-2.21156388165788,,-0.802037157084594
0.819982366814568,2.78915290141531,,
,1.286292462419,-0.267027973304195,
-0.929196433792633,-0.53842182091835,,
-0.182194333185985,,-0.60354190056863,-1.56308505468394
,0.10896329414626,,-0.517539312475226
,,1.66192463835738,
,,0.266312671501715,1.349740434477
-0.494699035304771,,,
1.06648977745833,,-0.746560655170731,-1.20227107604367
-1.36184763274346,-4.106003476561,-1.23716600922986,
,0.702403425279065,0.235140039097495,
,,0.218461675964965,
0.0469274542718289,2.69388394195394,1.49980453526117,1.21834818984835
,,-0.392170266765949,
1.62398016004902,,,
0.900771211455154,,-0.0997062654635902,-1.24165415464836
,,1.3635737807839,1.60723344847896
,,,-1.63813528483234
,,0.401120521844276,
0.839196893439883,1.80774482928342,,1.36206833711628
0.542106621872022,1.99884762562618,0.774889032379677,
0.403620734272322,,0.773668903930539,2.3541384024926
,,-0.374100466647701,0.0759175703057464
-1.27104788310115,-1.31131077340382,0.488560441952891,1.57751231176996
0.153593751976728,,-1.08351186962715,1.29813672822938
,,,0.683533425587628
-0.611712959847967,,,0.0115254923928146
,-0.0350976556674938,,-0.501680790286056
1.83802787018593,,0.916969080069917,
,,0.878450126232076,0.405320838879559
1.14035660065238,,1.24229832014071,0.445130316270587
,,,0.242746572928715
,,,-0.499357995878542
,,,-1.56501463405929
-0.300444528172987,-0.576692966414869,0.858892855270203,
,,-1.13603872149345,1.36821339117944
2.15652982339948,1.68363133048426,-0.123298732953193,-1.91996207281928
0.318518880351254,-1.63858036778007,,
,,,-0.178565096139484
0.742349498291056,1.21342909976373,,
,-1.4744103920153,-0.0259514273494928,-0.0810830223483407
,-2.87682095028742,-1.11106043837854,-0.294721077277222
-0.989612002140715,,,
,,,
,,,-2.1348905486026
,,,0.245776828563758
0.850860623631441,1.38213594955819,,
0.502179059686094,,-0.251169719544975,
1.43374253551606,,,
2.16566298935473,2.62454153671211,-0.457153700482286,0.756526282784191
-0.575375757570541,-2.61454015028799,,
,,,0.894341340684902
1.55866378109588,,,
,1.79874779791777,0.714324689752607,0.548811765682302
,,-0.0826502604996665,
-0.997570805415241,,-1.23586786012049,
,,,-2.48060164622416
,1.45757810919351,-1.00335885405888,-0.833739502830695
,,,
0.1105373040221,,1.78870515010697,
,-1.20681570195187,,
0.0696712063141521,-1.80699007909795,,1.27353068790565
,-0.140043713641685,1.58409552111207,1.38875656207926
,-1.31187138656211,-1.09118789756743,-2.61294964491361
2.89485439080467,,,
-1.39868047845967,,-1.64373005189987,
0.432113401706453,-0.847476385672726,-1.48094681215475,
,0.931472056458303,,
,,0.138739493291466,0.159198067763509
-0.819342713160187,,-0.389575557137767,0.464171132057811
0.04830946044581,0.35502232539457,0.114195757090117,0.576086798164341
,,,-0.18595217082616
,,,
-1.02579127077834,-1.93410130866097,,
,,,
,,,2.63150201244746
,,,-1.1055482042244
,,-0.587711112278821,
,-0.877847925454642,-0.616984290723025,-2.14113190549285
-2.17399642996397,1.18930961658956,2.5705879397651,2.98539535151239
0.617616257222932,-1.63533053249367,-1.92276533637034,-2.62302128142524
,-1.49778653148597,,0.362440299501226
-0.446968711845108,,-1.27577973302916,-0.630028788044281
,0.389548229787396,-1.04285571441084,-1.72957087026722
-1.42847458672458,,,
,,,1.32369199492965
1.21450578994531,,,2.03266030896878
,,0.298648136671311,-0.804079964489354
,1.45106929198833,,
0.19654977656002,-1.52501428888148,-0.910061169987262,
0.650113188667264,2.32183227466343,,1.82008766273577
0.671004187901994,,-1.03567039657968,-0.40253309101722
,-1.90716385615944,0.273048743671169,
-2.02610958278953,-2.57617682707098,,
,,,-1.28648993865405
,4.22026304833619,,2.40562354432718
,,-0.546623630763912,-1.11383824715849
,-0.613298605656939,,
1.13254984181008,,-0.646145901574886,
,2.58092855955751,0.421790236643586,
1.5278701045484,,,0.889381669108762
,,-0.325940455008396,
-1.04050799863329,2.10652551869095,1.92729657309301,
,,-1.28063712697593,-0.639069245370197
,1.36203130702967,,-0.00673087314825438
-0.5438885166101,,-1.04706256042671,-0.520167761018259
-0.858549301944023,,2.1004823645706,
0.229785936335843,,0.285218528763316,2.89730366135606
-0.942643151607528,-0.655612239863473,0.791185213924314,1.42913729822765
,,,
-1.82549539989984,,,-0.728711421882555
,,,-0.393357460924266
,,0.43812721051169,1.15024160248757
-0.494322917187916,1.77365601020051,,
,,-2.50323629842445,-3.94777816834324
,,1.22948907196532,0.353067912132838
-1.39986064809992,-2.50425345878566,,
,-2.38831405647788,,-1.50529230635313
,-0.827800853647403,,
-0.952976638746264,,0.690687616145886,
,2.08065340893499,1.26976273533114,1.6243631302683
,,0.568035925445408,
,-1.32966367755565,1.25407212188683,1.29468221906887
-0.430168767896826,,,
,,,
,,,
-0.334805580381143,,,-0.223340287223023
-0.0378407039000508,-0.755815288019219,-0.578745136630716,-0.0286713601027702
,1.89369751563924,,-0.233181497430385
,,,
,,0.516568511587231,1.08552775204373
0.333336200779982,1.12219554042208,,
1.30909768203641,0.736112918557403,0.270929372226913,
-0.17446224484665,1.35024702043267,0.618172710740393,
-1.04362586510721,-1.67945605932437,,
0.994200366161547,-0.94692958046561,-1.16048477197309,
-1.52463453962983,-1.82871053432947,,0.441691935096316
-0.245253129149815,,0.716705500814478,1.51932197882036
-0.402155077823464,,,1.14006904034136
-0.522744336367696,,0.691074181524208,
,,,
-0.586900242207328,-3.55279711838306,-1.58009396248025,
,1.58152648789061,0.355531345892466,
,-0.266310918686796,,2.14662622397486
-0.619043185207939,,,
-0.66613948273847,,-0.779441314055837,-0.897171339047134
,-0.0674781965569831,,-0.852531080207376
,,-1.29959043213035,
,,,0.880938300569747
1.44870575010661,,,-1.28082679751871
-1.56609128850758,-0.383025110024732,,
,-0.909869338161565,,-0.766720528520617
,,-0.339068745430957,
,,,0.880433801293837
,-2.6205308180452,-2.50379064605361,
,,0.966760870775922,
-1.15361378713773,,,0.640793581107088
0.659703276387862,,,
-0.946189816730988,,,1.65496950712324
0.0635472785679089,1.58458504606407,,0.931543217846858
-2.12723267692916,-2.05382387446223,-0.501183986749773,0.497460086202477
,,,-2.46441434225854
1.10772289770159,-0.803744442568017,,-2.26447016413283
0.766162876774896,,,1.23153975626132
1.0536729823113,,0.0690579708181846,
,,,
,-0.99008226718125,0.574706026354052,
,,,
0.72019564869517,,,1.82198674401441
-0.167781876538558,0.494344118973936,0.643963307880633,
-0.203278916015153,-0.937813426696557,0.230246015220771,
1.67812825011243,,-0.642410642423917,-1.5892712266781
1.0909351280286,,-0.62533599044298,-1.9971163468647
-1.75644462967178,,,1.77746617235
-0.384610792994895,-0.45177305961596,-0.545568138481645,-0.854230275806884
,,1.88907420450771,
2.9715850332843,,,-0.841916696156725
-0.494334531346305,,,0.955487707393231
1.14803978343915,1.68125542978608,,
0.0962712490458892,,0.0550071116009558,
0.108830210144798,,,-1.39239176527982
0.495236949037723,,,
,,-1.28656844121288,-0.130934414715056
0.832936996059557,1.78201987851055,1.7119202412192,
0.559823773483781,2.67836203413199,1.26013702718059,
,-1.63014697581345,,-0.404176009511379
,,,1.39350409454899
,,,
,,-0.713855604655241,
1.06528488521985,1.76883276265227,1.62376880739268,
,,,
,,,-1.09130812011644
0.541435465702584,,-0.562741851780642,0.0179998507469266
-1.16976792602983,-2.13214824076245,-1.65257532240707,
-0.557080376687621,,,
,,1.25022479246183,0.503450271899775
-0.188922789114515,,1.13270000188783,
,0.955772145925654,1.96956368633168,
-1.25744854173679,,-0.114099839966169,-0.45473453665191
,,,
0.0524980457691653,-0.492649598015596,,
,-0.74234227755574,,-1.40475648463195
,,-0.480274624863652,-1.27793453086206
0.586755962790902,,-1.22183212377007,
-1.16383957087157,,0.425419507477312,0.360308535371312
-0.54611202207988,-2.06293079213729,-1.05053730147949,
0.450377169868581,,,
-0.692515474185169,-0.0737178122984188,,
-0.779596108965332,-0.530338138509436,1.15185230746282,0.79313737686026
-0.047332659920564,1.56289938677464,0.437170112467879,0.974754442929559
0.03543456559178,,,-0.273889015896573
,2.38202213885329,0.059303318227389,
-0.233386020255715,,,
-1.70078808299975,,-1.33046101789776,-2.10872369314593
,,0.886155667673658,0.429197836548829
-0.630470468347582,0.697189902465773,,
-0.932327589303977,-2.74846238295148,,0.758539890624587
0.321903702210027,0.156158053869627,-0.425424336762656,
2.50176509605977,,-0.485545036207481,-1.56397370332688
,,,2.09243717687451
-0.154839559706279,,,
0.503667184079687,-2.83690559081646,,-0.0769275637831633
1.44276824076692,3.412427626363,2.02258644893144,
,,,2.41248608831104
0.66448047052591,,,
,-1.61586886084035,-1.64107752483491,
,,0.352470824398518,-0.043484824708557
,3.02978117832216,,
,1.38078676271849,,3.78542959206025
,1.24631099406529,0.765192316974237,
,-1.42904355814189,,-0.12474573016194
-0.593989980081054,0.0197325966949415,,-1.78608260530031
0.290962076036892,,1.31786128179691,
-0.0550219977069135,,,
-0.371738277193412,,,-0.163017072427083
,2.35633325807714,,1.83341201736782
,,,-4.10817144913837
,1.50447870828615,0.819835733489886,-0.315158192658032
1.37356613266313,-0.275316164865734,,
-0.881356062680646,,,-1.19815361257206
0.315788060527378,-1.02402063081827,-1.45921957226743,
-0.968386578638255,-2.05487673510608,0.0977491166384465,-0.011341939807346
,,-0.290874793215406,-2.1284112109894
0.390362282133484,,-1.45453673116377,-0.936466490913379
-1.00953678417864,,,0.70045501513058
,3.83907400516747,,
,,,
-0.316606290644603,-0.558789024426356,,-1.48659547678275
0.245466542402521,,-0.795951168008534,-1.20900725647242
0.0750448352632334,-0.0491724692120448,0.957366505848016,2.5998078056041
,-1.75249580348318,-0.490221317021396,
-1.39706392020774,,-1.62762063358151,
,,-0.5441119033821,
-1.00472117009238,-2.56416029203937,,-0.892399506165836
-0.0352199893647191,,-0.458895618834756,-0.132556224953965
-1.64807616548373,,,
,-2.35997195323803,-0.724342630495832,-0.435450099992766
,,-0.353847095731316,
,,,
,,,-2.03324497228229
,,,
,,-0.584878788707543,
1.09363612666732,,0.478162114586495,-0.229006310787855
,-1.55283761980124,,
0.787040338989375,-0.109640745652362,0.288694025931945,
,,,-0.400941673667996
0.377467977221097,1.62933150348068,-0.273359118876608,-0.329486052186912
,0.668283304922349,0.907855750331856,0.541093285502764
-0.973213955735574,,0.905096157583417,1.41899098243746
0.299645255805759,1.59904403110034,1.2918096299636,1.85322601970343
-0.339482321326464,0.90430631400951,-0.856222143821362,
0.201738895091501,,-0.341864999481795,-1.55127362695547
1.32539797092552,,,-0.746472080696224
,-1.49203654519605,-0.228437494701221,
,,-0.323504102371267,-0.537401712413009
-0.350154112917245,-0.421358788248284,0.410667578441951,-1.04761758008243
,,1.20977870572646,0.411088842328124
-0.0898142512489909,0.703316973919098,1.41076946055692,
,-1.86825330903889,,-1.13488682483582
0.791572694963361,4.03772161447945,1.26922566561324,
-0.492727604293671,0.923511672449533,,0.184121488680467
0.710314711011948,,1.23501776745474,1.69345221837537
0.720730133867399,,,
,-2.00598434858507,,-1.33295303779995
1.42649174309633,0.0210509220313349,,
0.0269243053279024,,0.964876241847798,
,-0.559696474898668,-0.468013127020043,0.912294696159924
0.0743993511918555,,,1.284759999634
,,-0.0183705433576331,
,-0.963841311716484,,-1.64906466707915
,,,
1.29299293500947,-0.361480914408768,,-1.51854495944224
-2.0742065856962,-3.8538889008902,0.224574527121698,
,-1.14038015453972,-1.30284849932538,
-0.338345892460005,,0.51171991908019,
-0.700697519970714,,-0.0507444180062242,
,3.51921354477747,0.935182899708775,-0.96067067156986
,,2.21662646328209,4.14098629524802
,,-0.288565603198377,0.526855253909637
,0.465988016478773,0.803511567336872,
0.152877951357064,0.205517391657993,,
0.961010037635776,,-2.01516831325981,-2.51820048966681
0.439716226872132,-0.549521991659117,-1.48326948447139,
,-1.08830952844695,,-1.09836596769406
,-2.00782951025144,,
-1.12632173407088,,,0.54672958789611
,,,1.1659716082057
-0.253272863743923,,,
,2.6882920766518,0.656082777251185,-0.606102658079717
-0.978402832216023,,0.721126112790756,1.47505178089452
,-1.19349754061202,,-1.11165101171093
0.440956164186974,,,
,0.0536126292630344,-0.349229950948585,
-0.284222614442247,-0.418099051461648,,0.087133121314303
-0.618144042623548,,,
,,-0.157382636347405,-1.27535693112174
0.0174532471596551,,,-0.805181016969157
1.29963841108782,,,
,,0.410448021417639,-1.26715039984291
-0.122534387113049,,,
,,1.91639451174246,
0.791413490106773,1.7032520624534,0.816292429570088,
,-0.19354973794623,1.15305640524394,3.13248225769077
,,-0.818293793696153,-0.0876092574386593
-1.49673280807476,-3.01431990869451,,
,,,0.518425397280935
,-1.0958038147371,-0.747826626019449,
,-3.74551831034297,,-0.323919403529226
-2.33035863632177,,,-0.561037995322716
,,0.571916881821471,0.56341443050526
,,,-0.270109702861391
,,,
,,-0.243741509533503,
0.0500653563275891,-1.04431382762772,,-1.48922896285355
0.155990601900036,0.769495743155874,-0.626345638464872,0.960028120699254
,0.456792423489763,2.4994716852631,
0.0545550789313691,,0.244028442044174,1.98109494759097
,0.315228390486903,-0.653606163556059,-0.796126889975175
,,,
0.198195563814535,,,0.452736220234523
,-2.73135659791762,0.286926380379424,
0.52632360170575,,0.760842280303709,0.950170938954131
0.711046522019671,,-1.2895877181296,-2.08042183739837
,2.98560889202989,,0.582809604588338
0.301398927192011,,-0.28197316769896,
,,-0.12394851162893,0.0256623323836614
,-0.372406482918856,-0.212080500336464,
-1.26924504211123,-1.812735810025,,
0.654270193041473,2.68399395174334,0.496031801247016,0.477768119468885
,,,-0.918610172869853
2.33752882268268,3.75974370610715,0.975749465011085,4.04398828618954
-0.596338058924886,-0.860194116187614,,-0.226832879215224
-2.88762982904888,,,
,0.818223219224994,,
,-0.0650246162420137,,
,1.26252839665131,0.262672080261767,
,1.05355066912193,0.648963447096205,-0.143184610049712
,0.0680105083877083,,
,,,
-1.18906159124793,-5.44961667493984,-2.66582080171014,-3.15917977763595
,1.80631680802291,0.31253605566754,
,-0.663924628055726,0.848606003620845,1.70382562001751
,0.53146928251126,,0.0412161515236034
,,0.374022737861695,-0.675590891279966
-0.0652582755903693,,-0.0574440637034373,
,2.0332091660881,0.0435966496535557,
0.343609622634679,0.399522830576629,,1.28420632787428
-0.353092740361297,-3.65253836370678,-1.70625873052258,-1.68335838640063
,,-1.32416294004793,-0.741329442740995
1.68460867330367,,,2.10417284536205
,,,1.5270449334733
,,0.851693666413768,0.323853093368689
,,-0.343689640606495,
-0.572805931639577,,0.11967739673795,-0.200673863806882
1.53571787982434,0.597915248433755,-0.493452810235867,0.744148486943073
-0.74765546446844,-3.92831644157344,-1.25781915262555,-3.68631087567666
,3.16810846617002,,3.34961965497132
0.387628403916459,0.263055271802031,,
,,0.32601851168974,0.139460437637132
,-0.349439106694512,,
1.73154802913209,2.92506769749584,,-0.691967152998923
-0.728562623202175,-1.84811639144108,-0.391549721581057,
-1.74544030678352,,,
,-1.02015760495794,-0.338708314833932,-0.457512631565967
,-2.27394973034603,,
-1.34221036389457,-1.4944402859562,,-1.31928831344871
0.610770202238328,,,-1.5816238743469
-0.0557766266686415,-1.73813884857712,,
0.84701928165966,1.85218062496196,,1.24995437292195
,,,-0.331729385533863
,,1.04200934121168,-0.244357733986892
,1.11690492765062,,
0.552018613628635,-1.11574963229723,,-1.38340956773986
,1.54079281808807,,
,,0.917422143981852,
,,,-2.14193376652305
0.807143831935644,,,
-0.940116280192513,-0.918638759016084,-0.396448482740007,-0.253409862376067
,2.61191568689135,,2.13557574057008
-1.99762732818409,-0.887937934982897,-1.24601567329526,
0.138729601683047,,,
,0.197943915588253,,1.93435980038254
,1.51324708581461,0.336967656620515,
-0.240116874283649,-1.25227692001358,,
,,,-1.12076114035653
-0.642231450884744,,,0.778589261434828
-0.664178443147495,-1.32850061715538,0.070662480578013,0.640243673538941
-1.97301371082498,-3.02320516870324,,
,,0.129576798394436,
,1.73609058946096,,
,,,
1.48023793951334,-0.0141903301235189,0.0420721937695758,0.367897075581573
,,,
-1.00232204198398,-1.73365918642813,,
,,-1.07226499626045,-0.62439975011521
,3.67446453813682,,
,,,3.55942260122947
,,1.59482184831775,1.5664927478767
0.0464198809005516,0.61057652089694,,0.551780955996626
,,,-0.113805053404471
,,-0.193914495841223,
-1.70618749954248,-2.808012732747,,
,0.0693421845355959,,
0.888734457216717,-0.912461627250603,,
-0.380935589430475,0.68522486802805,,0.36853771622174
1.20042237058618,-1.20708937752126,0.0778441333167672,0.712796844068143
-0.613786417628227,,,
-0.166695812608068,,,2.47311129379585
,2.8719350309548,0.832789527423472,1.5620216070338
,,0.170765663102519,-0.411770486469545
,0.0890190833248724,-0.545794909766596,0.245675835060972
-0.899870707064619,,,0.991638497435386
0.0670106043901452,,2.29985144739473,
-0.644265584699205,-3.31690331224668,-0.672660614132153,
,-3.07097798788135,0.0492970154772752,0.989519624667173
-0.970491872039209,-1.99577454819592,-0.421538423592557,
,-1.02111307947536,-1.3745016852604,-0.411783704551519
,,,
1.06803589634442,,-1.26502942363283,
0.0385342268220356,0.310416161321305,,2.12356073561088
-0.127406724329176,-0.755171204818431,,1.48684234426633
1.10613338969307,0.744124688723152,,-1.76253495290842
,,-0.0675717913261895,-0.357664554036921
,0.501999014355143,-0.396280873208068,
,2.34002304265764,0.693757505092483,0.354944103773638
,,,
,-0.102072652785486,-1.30344778582681,-1.44539022243969
-1.92088504995097,-3.11554360251235,,-1.63306330172557
,,-0.172576487128342,
,,0.505130934650635,
-1.11020718374346,,0.645715775337096,
,1.87682666597321,,
,-1.48621326877249,-0.0839929121228295,
0.951889434480402,-0.314633444823052,-0.806791071403346,0.526907349652808
-0.920180526501519,,,2.54371388488319
0.118175117960979,,-0.596590446015768,
,1.3589419750894,,
,-1.10742106729166,,
0.0384368414759949,,,0.486661174280067
,,,
,,,
,0.166817380071783,-1.6567651964565,
,2.70385660336724,-0.0619748771264361,
,-1.12340277000125,-0.200622101408084,-0.58431007203824
,3.15642796586113,-1.18253944419945,-1.61741505339922
,-0.142461439054819,,0.96579619244492
2.9238239501318,5.37420832036254,,1.5420263102081
,,-0.389626781595716,
,,,
,-3.18261722543011,0.050415859546416,-0.258808174010301
-0.871469943087801,,-1.24672909005853,
,,,
,2.5623197163274,-0.325698024117477,-1.05729565753497
,,,
0.308495292568104,-0.709767660180842,-0.311173751512228,
,2.08186067053613,,1.95776548528399
-0.676675596367901,0.604285976486411,0.756434791827118,
-0.717903102159638,,,-0.391625466221861
,,,0.355865562075907
,0.0867498999884727,,
-0.622689767958637,,,-0.196189570360638
,2.77423408808363,,
0.77081867169404,-0.00939230352734421,0.01847673325752,
,-0.424513256146169,,-1.30076338053422
-2.44862135362922,-2.50939007562461,-0.123755068727172,
0.495119681899253,,2.63800067334424,3.64917253418069
,,,
,,0.993663498164742,0.572264674898515
,-0.486077242395725,,-1.2430043634618
-0.0328780548058861,-0.0522650293196634,-0.406071721348297,-0.403976141780334
-0.776007105490692,,-0.88325316520024,
,,,
-1.11280918419286,,0.721853936109585,
,,,-0.539866210478189
,,,-1.44153872334913
-0.282203311332044,2.2427015793139,1.88853914784185,
,-0.630838333905555,-0.441832686915642,0.975750920972224
-0.325172996563801,0.53351092795256,1.21910975245584,
,,0.260668008177026,-0.426800276122574
-0.386892082931343,0.0285921892124356,,-1.95513554825805
0.610203857819049,0.0362074164489115,-0.311850214069561,
-0.939779775135914,1.03892460268871,1.76593483637289,0.494504471623789
1.53836358801599,,0.122101031761606,
,1.29289025318634,,-0.671479531131675
-0.71663302769885,0.775594719470612,,0.41905812529759
0.230438944862016,,-1.07518386830168,
,,-0.567487916652973,
0.50870846650783,0.705856982758606,-0.225278528212036,-1.30558245578081
-0.809396597344662,,,
,-0.337986733515664,-0.793397182086285,
,6.15663224118564,,2.02904663467269
,3.52969954315195,,0.986184995469735
0.304992512785019,0.824485126571752,0.262461076678548,
,2.04283882161209,,2.24122520512475
0.421503008938672,1.4889565377448,,
0.898379755642647,,-0.345252518461173,-2.35033218110475
0.385927146861621,,-0.305553333924362,
,-1.76417023708906,,
,,,
0.227793843711254,,1.10424785393352,0.651825493280948
0.720449424080687,,0.256481440043509,
,-1.032817913389,0.231447418836823,
,,-1.20829394287424,
,,-0.805351913326295,
,,-0.119811593954067,0.160394178319455
,0.406057083935873,-0.162520966638434,-0.437134947434631
-1.07415455414373,,0.816424611069935,
,3.73623335569964,,
,,,
1.30512922116238,2.36884512654195,,
,,0.431532910188287,1.30582089559694
-0.982083465583142,,0.513109449523659,
0.860888491074712,,-0.317874725824698,0.5049691757612
-0.081744927167929,,0.891903842349376,
-1.8451908393036,,,-0.358734940398851
1.50342038213375,0.0364668851494416,,-0.272389472540582
-2.48852743080384,-0.37550214040189,,0.305888571956698
-0.692526021320325,,,0.909644806519144
,-4.6590240400694,,
-0.567967502113959,-0.349095902009179,0.466454699033943,
,-0.53708712216731,,
,,-0.802034985185081,
-0.578854149910313,-0.531080576366089,1.60904466847851,1.62583994646235
,,,
,0.144838439289146,1.32264716373419,2.25579436481182
-0.855759582087002,0.710318210558238,,
,-5.42298942055662,-1.91443009270855,
,-1.24313698105488,0.336511224456475,
-1.90435779127418,-4.18483236353404,,
0.635338733866089,,0.58645748836854,
1.87015838792933,2.23687470389923,,1.43341549454402
-1.14546193848128,,-0.0723535427197958,1.6315167324604
,,,
-0.875533900687168,,,0.323371998397429
0.788390456341582,,-0.81708480666288,0.0209340760112612
,,0.262198957464708,1.49190714027039
,1.04365683076371,,1.50149555215925
0.771469878691198,,0.616073881165493,0.431395137344636
,,,1.01287539681455
0.447831638138293,,-0.853654294772278,1.48822825255785
-1.16256526522146,,,-1.20984041993447
,-0.289202809939657,-0.654761088656886,-1.95078030674628
-0.616103464566919,,0.893796976105833,
-1.30482930362763,-0.549449092127633,,
,,,1.25891033539098
,0.774415038290123,,
,,-0.950340817359536,-0.685634041329437
-0.404328026761701,,0.747995282351239,-0.0268595890857279
0.982565049225279,,0.607937936818785,2.41190663909943
,-0.941545664828715,,-0.994601308416592
,2.28986239220768,,
,,-1.55554804834549,-1.61983360855365
-0.148875337173038,,-0.280656424283765,-0.100531740765428
-2.19971757795955,-1.96127660339141,,
-0.608838514896523,,,
-1.37830797006746,-1.33685747896379,,
-0.37808428586824,,0.0250989064942282,-0.612754165844547
,,,
0.138225403263888,1.0870499396942,0.38341598725504,0.123834192733254
-0.719146277753351,-1.76155612007324,,
0.888692440655481,-0.265304193531564,-0.517721089664259,
0.491372928474695,0.152374002314251,,
-0.0803500691057765,,-1.39845250800107,
-0.227631250524714,-1.46512463610137,,
,-4.1110665557271,-2.26485370111713,-1.78351297497345
-0.0714200255752952,-1.32022673936374,-0.126922179048068,
0.619530244648906,,0.763775459810372,-0.183875901399555
0.127656676246875,,-0.372672818590422,
-0.627376645697984,0.179089502070311,-0.0944569343248268,-0.414311638197932
,1.63045305726538,,
,,,0.434379828534016
,1.09667672051763,0.128326486833156,
-0.980177626888364,,,1.94625065053461
0.747985102745544,,0.0317317912835401,0.66570356180926
1.25779662068081,,,
1.2221833523778,1.20632305515176,,
-0.112160842700522,,1.09281504383211,
,,,-0.825223660262125
-2.13764149985513,-2.2489714080837,-0.352933880721822,-0.489718966519522
,,1.94727562460448,0.91861496409636
-0.109286874357898,-0.168030876619924,,
,2.26827111127936,1.29092557422602,
0.108759073688381,,-0.837661232878455,
1.29479689861678,0.359074495350477,,
,,0.614294787129453,
,,0.119299094365516,1.35439103024868
,-1.47069854992291,,0.0827752151304881
0.655762571951209,,,-1.13035462146652
,-0.626001485486548,,
0.606569514039166,,0.618998856867302,
,-0.922744525904788,,-0.236810776691546
0.394815020131042,,,
,,,
,,-1.74029718179439,-0.511748415918188
2.99152532733133,1.23666168420717,,-1.136127112444
1.54052050648587,1.82374946559262,,0.691869829698105
0.980378794904776,,0.284167646156933,
,,,0.584884879638902
,2.31279494877821,,2.89147303342759
,-0.97592898888649,-0.0611811846087857,0.492885142982343
-1.98512889480691,,1.08581076483846,
-0.240167897097374,0.653229085684668,0.212863567440729,-1.07008830160067
-0.316538046267265,,0.452575589159848,
,,,-0.0456432428751127
,1.57287456428828,,0.0167026008002643
0.651828959763116,,-1.58711241624118,
,,,
1.15565715134385,,,
,,,
0.0550690875835367,,-0.33598146978565,-0.356822861995136
0.0757323802746318,-2.20328051972848,-0.758377587799376,
,,-2.09719637688197,
1.28164889939765,2.30571176847189,0.262124702292858,1.12272199323609
,-2.31918983713906,-0.825526716362823,
0.949803349503218,0.0144530754031207,-1.08823296237182,
-1.18310978507429,1.30136794723713,,
-1.19265860477875,,,
1.59578333479431,0.0103766690742479,-0.277452129545715,-2.13092292221212
0.0369392685017888,,-0.786550821890051,
0.0337820994332734,,,
,,0.384976721431354,-0.438919411274068
,,-0.624962143917129,-0.760864101687998
-0.84666438748252,1.43392119340436,0.999535413575092,
0.138357324986206,,0.103489120578919,-0.0257414881749328
,-4.55222738641898,-1.09520010783964,
,-0.368222604950988,-0.324239207385718,
,1.22892060184447,,
,-2.23910051873925,0.722710529613058,
0.184764335937665,,0.358329772187866,1.27831182955867
,1.47372122663988,0.466093120910915,1.28590394685198
1.11407753323473,,,
-0.281042036472996,0.485998410323904,0.51194396951502,
,,0.402214419049105,
0.239222737737268,-1.76384498051077,0.265671586069401,0.16430665706333
,-1.39147061820041,-1.19135169115085,
0.0403178822322321,,-0.480721020594104,
0.215454744346174,-0.268399895867529,,
,,,0.304990302340414
,0.199266796753563,0.926262712662328,0.501535969454179
0.648003818354912,,0.764059300371899,-0.0578634547874689
1.62673701629703,3.202160425174,,2.83226095925717
-1.92569377349633,,,0.640481861771268
,,-0.850549525164159,
,,-0.989243467144727,
,-3.44039536277978,,
1.16681337455667,0.785753820728316,,1.14165310627983
,-0.437818430817588,,-0.555074478949107
,-0.0306606693915854,,
,,1.95058565458436,
0.898576833356327,,,0.588741154152065
,,2.31993718158382,
,,,
-1.2733628036548,,0.203148727093317,-0.932761170556574
0.581466657889296,,-1.20885499817185,-1.06286576710137
-0.910780798192153,0.0621528432261579,1.08396254707487,
-0.551874495500953,,,1.0555868456539
1.38422224664466,,,0.683546358797854
,1.25178601198621,,
,1.94809117908562,,1.7309873290697
-0.245585632015596,,,-0.591131732276611
,-1.81415779425421,-1.15079237386209,
-1.88057396502837,-1.19395374623926,,-0.598254648769879
-0.217766243830373,,,
0.354738794936102,,,
,-1.70532845252846,,
-1.80778009715662,-4.26455146612719,-2.51600251029469,-2.51726219828084
,,,
,2.48655520759214,,0.756229988513548
,,0.447330857874204,
,2.5607609989696,-0.33018252198737,
,,-0.54558130003725,
,-4.07164630526337,,0.160499737336659
,-0.551674080299425,-1.0547358222305,-1.91470299127874
,,,
-0.478588320720279,-0.750887447427314,,-0.496054968409655
0.333595621234046,,0.451394372707818,
,,0.763888698356092,
0.589335500714839,,-0.362465292341648,-2.0941823562992
0.876592079389192,0.625851794296258,0.167284279227267,
,0.515591262841145,,1.06077417822685
-1.28742628778282,,-0.124326772305502,0.266985194977395
,-0.31102355843057,-0.383720971818864,
,0.0466755237849347,-0.0225486762658907,
,,,-0.716588131299571
,-1.53589416470798,0.198789611344039,
1.18298161074152,1.52108805348399,,0.87516778405044
,-2.39104271222139,,0.379049421634495
,3.24950597262765,,-0.459689599335413
-0.64489251592825,-3.06773962315196,,-0.646737570653243
,,,
0.0340745981039207,,,
,,0.318803273758821,
0.947850371730136,1.57645575236043,,1.94315200941758
0.722604398667226,,,0.525066173229416
-0.868606252322955,,,-2.10821089756502
0.0377018047450394,,,-0.260639818830471
2.52239807042822,,,
,0.0546372610813998,,
-0.166712862493818,,,
1.4028930698445,,,
,,0.639814798321838,1.5489659259342
,,0.454782726006981,-0.0101800675410766
,-1.16707228382191,-0.650257347566012,
,,,
-0.0385537561204246,-0.411377091377551,,0.575735286016504
,,1.16395238806002,
3.23554281654337,,,
,3.68257211967918,,
0.619616219204552,1.22335972856399,0.500434802499709,1.57566494030444
-1.37352867429314,-0.297012929954945,,
0.141241738837254,0.452292362256566,,
,-4.40376659327292,,-1.14325953921515
-0.258273243330735,,-0.736429008325098,0.586999393458356
,,-2.16017402135998,-3.64818055674897
-0.198070049692169,-2.36773090352888,-1.94101942766103,
,0.552323255946606,0.97344064626542,1.01450782891368
,,,0.170706005103738
,-2.39795593705365,,-1.02841248319482
0.100049582245978,,,0.700930595786796
-1.51123341901236,-1.5564778389028,0.26511330093652,1.54412049463537
-0.480871431890273,,,
-0.341587648007823,,,0.570068042027706
,-0.707209661419121,,0.717578247347446
0.207376636370952,0.58949283542075,,
,-0.683239085055888,-0.0709221926872788,
0.849013844908703,,,
1.22658542110533,,0.000962525921677138,0.840614476751235
-1.27941767070771,,1.80389971655156,1.44335662256505
0.184011110654948,-1.14370513766994,,
-0.7490257660595,,,0.209463559885241
,-3.58396168688488,,-1.80397104673308
0.419863624728317,,-0.883450708416018,-0.865992469278396
,-0.78674810582943,,
,,,
-0.534844330403008,-1.17383313460577,,-1.87364274357213
1.12971200930182,,,
,,,
-0.989382575570002,-5.2185089944085,-2.98333559023262,
0.31316852556151,,,
-1.15966477035314,,,
1.46673353907052,,,
0.270059578028115,,-0.0333812323672981,
1.06713532118701,,,-0.592609787756812
0.388143801506102,,1.30338391513521,
-0.108270386698755,,,
0.750488542155902,,0.627203961660149,
,,0.0701367352742334,1.00204307138913
-1.43268242639769,,,0.56691618818044
,,,
,1.53146179080641,1.0322816996804,
,,0.915815674400641,
-0.465118741895463,2.26977702866713,,1.48724915826305
0.920851504045787,0.638592322140738,,
-0.502192713878502,,,1.26816270223869
,0.860933568969347,0.0211166224592327,
,2.15148090246791,,
,-3.27052843486287,,
,,,
-0.426199321602835,-1.72621653492421,,
,-2.970934549286,-1.89518210831794,-1.00759898380253
,-0.156172951215917,-0.120725849794559,-1.03524844650611
1.18231429883526,,,
0.283358694174729,,,0.288227510827673
,1.65026438197223,,
,-1.85430772747168,,
,1.60311313535397,1.60518472665532,1.28512264534041
0.52464440269118,0.443447398321149,-0.475187374794174,
0.633379288392583,3.45837230819423,,0.699849591076849
,0.151144880184336,-0.711901845116001,
1.74568499211517,,0.618266003364633,1.77086276131949
1.67538956644338,2.78177545550686,-0.231238863108405,-0.0496300820996775
-1.4593043614019,,,1.163637080993
-0.417404252867921,-1.68123850114204,,
,-2.42726831699069,-0.266877945195377,1.54225524109329
,1.27487258667608,,1.5542645990646
0.248256394147199,,,
0.351407773967145,,-0.417083754031194,
-0.780451694935575,,-0.294594079123485,1.06809877052746
,0.76434639981369,,-2.12239015084775
,,-1.02086672704833,
0.249413868883769,,,
,-0.951506424039479,-0.359929304423946,-0.250686946658251
,,-0.405997011095109,-0.704883292674058
,,-0.262977745436814,
-0.465325060092531,,,
,0.608138375439318,0.754615760962349,1.59392387394927
-0.494181843877065,,-0.954944531033418,
,,,
-1.06976068195843,,,0.484222170193152
-0.434114796822793,,-1.88525301869002,-3.02888956023338
-0.0248566438012168,,,-1.73115971710625
-0.729108845461425,,-0.361343604373188,
,,-0.0975281836305622,
,,-0.191371715761617,
0.749164757240454,,-1.61526088702646,-1.12405923201968
2.20977517791002,5.081885069011,1.880292653734,0.915891130793372
,,,-1.60435532245858
,1.15524952928169,0.885393607528822,
,1.8579990775149,,
,0.933525437386274,-1.00836609784273,
-0.389164984085092,,-0.145577720826754,1.61281827679853
,2.98209039830874,,0.962184094115624
-0.952345799282998,0.31792334128139,0.26950314461552,
,-1.3392240020378,,
-0.55316507526113,-2.98213984779439,,-2.08389214443111
,-3.20786029484315,,
0.420695958687057,,,
,-0.0902882481189233,0.76948686969722,
2.1695257924131,,,
-2.84301789503408,-4.94145987459665,,1.5116426761022
0.645281929502748,2.39883600498703,,
,,,0.0396481056640346
-0.286229169578084,-3.1976204203302,-1.34760920685489,
-1.08880098387599,-0.938795780850638,1.05955934661286,
0.578400488855279,-1.32794950507995,,0.256769471321663
,,,-0.203291951506853
0.489112200603266,,-1.79058400034507,
,-0.776559136983965,,-1.23769620621322
,,1.00743092373373,
,-1.38149141205918,-0.883805894076238,
0.178738701781817,,-1.37742161301562,-0.458943740173691
,,,-0.800246914379966
,,,1.6916418636269
,,-0.352575657124482,
-1.03055273658386,0.452222973018375,,0.0616900712813003
,,-1.49614532698506,
0.646328884938565,,0.665525264911712,
0.0788285553783438,,,1.39094156136045
0.945405729852455,,,0.373728976119779
,,-0.771429390130006,-1.48029819315122
,0.407154112744408,-1.31627683665468,
0.212001873527642,0.749390226003915,0.276021131059653,1.81480500457422
,,0.678383620096349,0.599092382732865
-0.455711994077975,-0.0660405671577137,0.689851833772646,-0.105054835436312
-0.782293586541174,,,-0.882857141117553
,,1.48370381771584,0.0322687761220843
,1.96204728654694,,-1.54926433039476
1.09077665503263,,,
,1.22021287415062,,
,-0.629015798622012,,
-0.756056442753469,,,-2.16030635784843
1.47246617375261,1.98235336972751,0.758667089045106,
,-2.80653681583252,-0.0990094087148466,
-0.15888537828916,,0.757871498326506,0.214040587474548
,1.75976762993318,1.00279763701987,
,-1.76640285403251,0.921196398151041,
,2.47551963176541,2.07795242953329,
0.489185585613409,1.76552107196463,0.826208214130109,0.624658898572446
,-0.589299426742676,,0.378916987770134
,,-0.660963259671186,-0.019681997171988
-0.686687437166656,3.63494930135186,1.58653839770385,2.57530598436711
-0.941603766118093,-1.24808483375127,,0.0893687774357601
,,1.09712815331382,-0.191178801562151
,,-0.297402317731917,
,,-0.675659478831254,-2.05238482130032
,,0.810061152834506,
,-1.36041113368823,-1.7950245591759,-1.07554568627439
,,-0.0489527052353197,
0.606447474560152,,-1.99234285670172,
0.301728112720811,,,
0.474748254024927,1.48262398294256,,-0.846203170093625
-0.63020028988294,,,
,,0.783211398156357,
,,,-1.75342499971632
,,,-1.36529463974544
,1.16023784738536,,0.267311331215817
,,-0.431080948883436,
0.475527499245612,-0.114432275654601,,1.45843893687002
,0.158786395457801,0.352304029714224,
,0.291408411067658,0.461177965913971,
,-2.21123232009897,,-3.0052696532166
,0.544727501570517,,
,,-2.01806798099481,
-0.0363299297187298,,0.734977422716633,
,,-1.14644706302114,
,-4.78566890956319,-1.25118935112985,
,0.659779200386955,,1.47437260083224
-1.48537404711266,-1.54075620853579,-0.185504963286085,-1.75466531156364
-1.47712041031981,-2.07700874928542,-0.736900767001557,
-0.58264035626689,,-1.22533987981241,-2.20892051918746
1.54930379091226,1.15410762524699,0.318112040372227,-2.43288802516371
0.10688293076497,,,
0.259566728752779,2.69265319901914,0.150683358687245,
,0.796010272707047,,1.94302587273219
0.270847411651089,1.28789220053632,0.471152529262154,
0.633189247403892,,0.0521430904463708,-0.565062664440912
,0.616903441177055,,-2.62550892504376
,-0.204111640007208,-0.777900020872206,-0.863092058870652
,,,2.80617730092213
,0.211393921739286,,
,,,
,,-1.50348662272153,
-0.333022248776666,,,-0.968312184116914
0.650773965410399,0.0579238962169981,,-0.042890623760552
,,-0.373676162364363,
-0.341476452668467,,-1.9428691317004,-1.51537298835972
,2.08986434561281,1.1097653366753,
,,-0.305205055634321,
0.221546740723215,,,1.01657010198569
0.925939991622145,,0.345598556288784,-0.684010033662578
-0.344776981722618,-1.92537349731765,,
0.624855729729621,0.743858807878974,1.03969251966097,
,1.99700263126819,2.41313480606882,0.529888022330973
,,1.48572878775896,
0.00977875691569575,0.785618393603307,0.468381171900265,1.45165518536105
,-0.523669870392377,-1.89721926257361,-0.691676608674015
-1.27578726414557,,-2.33098900302063,
-0.162588041070684,,,
-0.813952668017409,-0.886811263846911,0.0854605148604815,
-0.35960728144336,,,0.154300798931323
1.02424399526782,,0.349983530902174,0.826331149870117
,,0.362389550226918,
,-2.66029073109106,,
,,0.423350162494204,
-0.189466034412415,,,
0.806090490556974,,-0.940858663158586,
-0.0424478238394652,-0.132404400978904,,-0.548490686695572
,-2.63329069007505,,
,,,1.51062668043517
-0.382259076212963,-0.0352289605621796,0.298663702000616,
,,,
,1.97639134980293,,
1.15152892329233,-1.92285338659075,-2.79842891726379,
-0.460631493696267,-0.844493919912902,,
-2.21526238484571,-3.24956452496393,,
,-3.47631075814844,,-1.19743892024404
-0.934275894673734,,,1.59197622421434
,2.06783214181933,,1.48792418402992
,,,
1.56473745939815,,0.187169589697709,-0.223199728955639
0.400904127545379,-0.055509362959483,,-2.7319682069651
,-1.65243370685553,,
0.494910618258433,3.20295710974519,,
-0.74785389485066,,0.560662003336754,
0.000603359390358705,-1.22598235334588,-0.684865014971829,
,,,
-0.144058142629655,,,
,,-0.593466767831502,
1.92120815461321,,-0.297069363040742,-0.636252312875497
1.5098548579768,,-0.821291769135093,
-0.889284398071151,-0.557697270505384,0.393439854154945,1.60204829307062
,,,
1.15136467995391,2.21294333963683,,0.433512462542369
1.10252557067069,2.95978315576923,,1.50182356647383
,-1.0036665980146,0.020986354700286,
1.4098008988475,2.43469421506921,-0.0241464138880244,
-0.70459579703588,,,
0.126642533268377,0.478020260423712,,1.39172985331591
0.168755803793434,,1.33549450924483,
,-3.7762037599319,-0.511237197702352,0.16456496954748
,-0.713686725140979,-0.54975752631449,-1.97437667385864
-2.10038657301994,-1.49443427886798,0.0943796902450444,
-1.96633850418178,,-0.587442457941647,
0.320515432417219,-1.03161431904373,,
,,-0.660540843579779,
,,,0.989163337754933
,1.31759731786587,,
,-1.68371072891026,-0.563287244427578,-1.28821818159604
,-3.43164169211597,,-1.57399117011855
,0.0817250011552036,,
,2.87573565162189,0.4342739710942,0.482289488114055
,,,
0.21692478937968,0.110837819494927,-0.68852224763239,0.456968623420611
,2.14213812461128,,1.96917134922755
1.6284169621075,,-0.39105645326633,-0.49254979235184
,,0.393800618349373,0.320731507990151
,1.67292000871065,,
-0.167695281953007,,,
,,0.0727967352280682,0.179360598636156
,,0.151936620296609,2.72417053843192
-0.980278646483449,,,0.70783216756793
0.344005988229784,1.76877782757085,,
0.185534561177573,,1.69592105911709,
0.141199612995274,0.781097064003008,0.950977022268237,0.711156875247739
,-1.17104229815539,1.39971843529595,
,,,
,-2.48846302255872,-0.603777757102727,
-0.70378506653743,,-0.28955355605199,
,,,
,-0.753688417666251,,
-0.84560346853087,,-0.754994936251914,
1.24699040807504,,,-0.268395695089496
0.695165011889778,-1.34012771336977,,
0.27483248030804,,,
,0.296094205042984,-0.145362406968335,0.593105788362864
1.61208119736512,2.09568792108756,0.152837382185203,-0.888142646944383
0.902960768100829,,,0.946670102305204
-1.18344198624181,0.483884906311505,1.13392671282756,
,,,0.561713061253863
-0.202126635484378,,,
-0.242671297917503,,-0.694168752063025,0.167312468816316
0.237540119595662,-2.35187192465836,,-0.264235410046561
,-0.0251453875551952,-0.619271853126967,0.404637085295528
-0.493880053554895,,-1.52691631024851,
0.684869475041558,1.5839805679015,1.09773146415266,
-0.48204249043091,0.269714148813314,0.740349600005419,2.44411644269804
,,,
,2.42829352546035,1.11903761559876,-0.506488203505606
-0.759682871256907,,0.412235620146561,
0.153682006360345,-0.498721301176111,,1.40197794749834
-0.0972534984139286,-0.4381549024506,,
-0.295900576371233,-1.24327937020418,-0.476262919284777,
,1.46005312738779,,
-1.82483093838315,,,-0.419745935709548
,,-0.546072144890392,
,1.974353205131,1.22821938236806,
,,2.24129673999677,
2.23177009882985,3.22272388864786,,-1.14380201938054
,,,
,,,0.926848550443046
,,,1.0501502331998
-1.68526239503335,0.744236197643228,2.2236364050476,2.82625240924307
1.21069157198561,,-1.29307413786732,-0.754599415276596
,-1.14678374382003,,-1.03873848846475
0.438546775700866,0.669505098150027,0.845958464746233,1.69676810398093
,,,
-2.37947638574378,,,1.80517967142059
,1.0943212883112,,
,,-0.835536182651096,
,1.50578517792127,,-0.955914524691639
-2.45149100964402,-2.30958321542757,-0.27568077272595,
-0.131003819224936,-2.00522687435007,-1.43830103853922,
-1.05339701036674,-2.97304054804097,,
,2.11746364954521,,
,,,-1.73027717934617
,,,-0.0884685786853378
-0.468292103835751,-1.73503557965366,0.321924091581676,0.40144851906525
0.12982106876817,,-1.33604234766475,-0.186992042392169
1.46235284119442,,,
,-1.0985725733187,,
,,,1.74997507729075
,1.59116398649255,0.0501810485265787,
1.28460132176685,,,
,-2.79259012784828,,0.188531949159524
-0.168516631588257,-1.4628937597651,0.204719782028156,-0.630704279774563
-1.46661662751573,-3.0205895108256,,-1.42931270323288
0.759275035989203,1.20000566819399,,
1.22277702922995,,0.612777729821651,1.05694226163266
-0.617535389141603,-2.11807039370869,-1.88207578294007,
-0.511773942223519,,1.55583376964562,
,-0.444622639596625,1.46761416859121,1.6824163121429
,,0.0334631871143509,
1.46152195521853,,,0.711282680353744
-1.69993221571343,-1.04361721749613,0.217883760073096,0.478205710238628
-1.81251474524571,,0.042362548351195,
,3.09874261275692,,
,,,0.332426173340648
,-2.56465506076856,,-2.58715668927055
0.242249032302166,0.524854568947225,,-0.560175188645305
-0.621258548098154,,,
0.339038070553804,,,-1.40927190227027
,0.428273522755556,,
2.04323321252589,0.397630304828039,,
,,0.48924251060429,-1.10888268406572
,-6.01645302966394,,
0.499962209076086,-0.40507283044403,-0.810902741396488,0.520881527607188
-1.25714158968218,,-0.572257557733887,
0.822761428159943,-0.919256316733243,,
-1.54609608135241,-2.55918951033781,-0.30961296129749,
-0.258780758988273,,0.717011147523747,-0.577072176305189
0.390407377124082,-0.15126399433551,-0.639611134656151,
-0.197270203079809,-3.08217619896735,,
-1.94694947947191,,,-2.13751780679243
-1.42763817341705,2.69233355018272,0.781760880954988,
-0.850418042257596,-0.778733033089746,,
,,1.02343490586128,
,,,
1.27560202747805,2.78317900378167,,
0.179496176715821,,-1.57593240022223,-3.02799423729239
,-2.64323026023038,-1.35384886742554,-2.2419017011035
1.12759346616907,,-0.579377251833745,
-1.14694954858439,,,-0.438954274255512
1.48101859708601,,0.972678342465014,
0.916191212458402,1.74302240304644,0.619145771295814,
0.335131017104748,,,
,-1.29820176044597,,
0.203619661886632,0.378075765112576,,
-0.447041192021587,,0.374734872711839,
,,0.370187867392622,0.11313298245772
,0.293782518701272,0.631771098256187,
,,-1.51060638460999,
0.599492053306319,0.174721282573274,,
,,-0.187477986011177,1.21817272619352
-1.13885696475289,-1.37766265815713,,
,,,
,,0.723492227593343,0.175907704729619
,1.47569950520874,,2.2044858289542
,,-0.205747355411774,0.237206760620969
-1.39598222358437,-0.443508015560992,0.2561612518858,
,,,1.3939225376315
,-2.05960615889818,-2.12369731348779,
,,,
,,,2.08187958441636
,-0.0331170445631066,,-0.300700773628136
,,-0.816086499784593,-0.601636340581069
1.34246054657364,1.25173533988433,,
,,,
,-1.77266109765407,-1.64469397425036,-2.37316993005795
,,,
-0.0144570974007778,-2.11510046862227,,-2.84786921908926
0.545575680865128,,-0.92457864081657,-2.22763128944329
,,0.370402753047859,1.53839413501385
0.0175966291792284,,,
-1.03428012006976,,-0.00300897917551872,0.993232012537783
-0.628717129629501,,-0.0866432374423072,-1.01602564783812
-0.404901407269793,-0.138341489950904,-0.0910004196582893,
,,0.533516822346471,
0.763807156156157,,-1.53485989629204,-1.38272881441968
1.75961293587004,2.1603051389861,-0.330945904107939,-1.78111882883706
1.31518008174595,,,0.719676249322514
0.422840228773344,0.703120958183783,-0.559240368418086,-1.52905715868865
-0.118307690254848,-1.22012550451645,-1.1033691728125,
0.576005728308136,,0.166110425745111,
,,,
,,,
0.166466198021097,,0.623253302910967,-0.170136828089519
-2.34502321435256,,,-2.11948169195777
,3.22777148298401,,1.05547614346682
-1.33156143483864,,0.68926290447859,
-2.62587763955897,,,0.260744704514276
-0.000342472147151789,,0.502192168071631,
0.107412294687636,-1.82934551730868,,
,2.66795632722472,1.96094076576915,2.96723701366026
,,-0.631086188099086,-0.0825309346087153
,,,0.673074542252108
0.592497104156848,2.90275719113056,1.22379737078494,
,,,0.257779986688738
,-1.46292609657116,-0.464620778888233,
,,-0.0296229875750547,
-0.270900317647183,-2.54749219578352,,0.688849442143761
-0.060785904550875,,0.355713304435728,
,,,
,,-0.554097232327917,
,,,
-0.332290606474839,,0.883461260043088,
1.48194329316471,1.87038333726958,,-0.46508410057855
,,-1.24383960336302,
,1.3885417541666,,2.81302145792989
,,,
0.287902029979113,,,2.4145872170376
0.466534226807171,,,
0.145161086801629,,-1.14394042275182,-0.62381140004382
0.599325334115896,0.332841430226385,-1.63922865464756,-0.859375097564506
,,-2.50724007144005,
-0.238878516187315,,-0.645955924429265,
0.652135347242971,0.325300851438478,-0.576465118452862,-1.72192437199515
1.03807857111819,2.76446108644315,,
,3.39223535006278,,
,0.603742054292281,0.159554468384594,
0.840061158464551,,-0.244715903930626,
0.609308995068682,0.328937509181612,,
-0.223717667477607,-0.225866974562194,0.906943845162034,-0.570497305913667
-0.164343918304594,-2.24401357298456,-0.737025418860726,
0.621993832386204,,,-0.107864632923839
-0.45538382362054,,,
,0.346124935607312,,
-0.0918070082042202,,-0.0607326524629998,1.07821474284187
,-1.10537513278213,,
0.334188898006935,,,
,0.0545675906712949,-0.667585681322486,
-0.0611033670381328,,-1.43520355756523,
,,,1.1066498026617
-0.175782369169236,,,0.169136460038975
0.578799236784286,0.325115406917712,,0.332234784337534
0.53259812823823,,,-1.02037081368225
,-2.49208639948943,,
0.4177120868164,,0.209533873781897,-0.246686915240289
,-0.0662822095491822,,0.495731115411419
0.563353249160496,,,-0.289527066704785
,,,1.56965162501244
0.24352214016804,1.13362643952147,1.10994842010572,1.89564198917223
0.719590249915119,,,
,0.0964434900883433,,-0.971051485603826
-0.00852286427622694,-1.01987186493587,-1.36560883307757,-1.29226127120414
,0.141311535872032,0.115348990100623,-1.30526745466995
1.32823335412769,2.8189282984804,,
0.0530125522622219,0.212934010873357,,
-0.376265157965668,-0.635687903406606,,-1.26672011493466
,,,
,,-0.16768138606081,-0.569864726728605
0.387150587324501,,-1.70319832673372,-2.39909437599715
-1.1380526011713,-0.187518410138595,0.721173264208383,1.32107134056812
,,,
0.184197119538614,,,
,-1.32318762134206,0.297385258488327,-0.584433194367999
,,,0.912943804715992
-1.10719940407301,,2.5732832648084,3.53067870869372
-1.54890311450311,,,-0.0345516490758483
-0.0698479401103959,,-0.487731675023966,
,,-1.14479419000929,-0.095005364731295
,,-0.770257086605415,
-0.120859637284792,-2.24625367917507,-0.0748887493715602,0.0391239372946215
0.378800825326744,-0.667120448344764,,-3.24432454910947
,0.253169883678084,,
,0.531600683639955,0.51427055120864,-0.0243348702576935
,-0.920184622022146,,
,-2.12836880888205,,-1.58802607295843
,-2.15634602178384,,-0.516914916717899
0.411464908515077,2.61090839264833,,
,2.04805429271484,2.47191972808128,2.67944104612615
-1.5509775524795,-3.61726533109243,,
,,-0.996067204875557,
-2.00020298785555,,1.54431480991695,
0.129017185333089,,,
0.584768770263072,,1.28202421585249,
1.80192914517347,1.91183878092699,-1.2403841176801,-2.03749512128134
,,-2.24715100711098,-2.62450075579345
-0.47253781279156,,-0.587213353740312,-0.0314757998094526
,1.69411681755563,1.43276784410853,2.8062874139534
0.237583034706238,,0.0655660123707846,0.391060725365039
-0.798348314380711,-0.379261922845512,,0.46366488657561
0.929332179663478,-1.08598877924235,,
,,,-0.874693958344328
0.985170574488639,3.19553822967808,2.29489495107584,
-1.62921830722764,-0.376831864557769,0.700501571770342,0.807936938778866
-0.162234665329609,0.960149983960752,0.301383364420191,
,-0.432018113458511,-1.09068460094671,
,,-0.364287537847311,
-0.478686769821278,-2.73613683146764,-1.33765983937618,
,-1.4244577920339,,0.0389052625286425
0.103420706841276,,-0.730049939580628,
1.26229835926168,,,
,,-0.780713340205336,-0.00181282884972434
,-0.361492113778579,-0.162317814609611,
-0.482566864635336,0.740601874528311,1.02604572232847,
1.41320322147466,2.46056322834741,1.4465827635363,2.78654966549314
,2.74537689254061,-0.327702342506238,-0.0232866333680811
,,1.53132626501207,1.24135803458929
,,,0.0943895881175354
1.36624980298819,,,2.1852875248785
,,1.24144482536654,0.000511861815954973
-0.056820381470355,-0.0629962634132275,,0.504324971137377
,,-2.41021106150509,-2.46954556401139
0.10571373539749,,,
-0.475412846638052,-2.03902163338151,,
,0.795747807420534,-0.0437071437351738,
-0.447633825506989,,1.05205688176489,
1.86991842288677,2.3074801630288,0.169698166305607,
,1.30013901561137,0.300127057134595,
0.940762582355678,,1.10925742470288,
0.00114037939802183,,,
,3.86005245604215,1.87959256056381,1.96627222702189
,1.2646524264113,-0.417795703084254,
-0.648756927555097,,,0.657266079047693
0.282057595472141,,,
,,,0.240078321277696
,0.385360125051708,1.0072373582271,1.74640111081195
-0.0463609106163997,,-0.282308351829716,-0.0991083557571077
0.470334653258416,1.96689300452367,,
-0.116979104080516,,0.979390733956981,0.583964218690873
0.955642402601893,-0.449632170950166,-0.221776257278949,0.342131268812098
0.313166943227935,1.81329416130581,,1.54761752215415
,,-0.419556264511948,-0.445677886542188
,0.327851261340431,0.47687234731741,1.15830027350011
,-0.947560223103348,-0.534077829592678,-1.09736540700885
,,,
-1.15166933686074,-1.88897960945427,-0.209697283934405,
-2.04499496770188,,,
0.467675329647353,0.426058280631878,0.923443593775824,0.975672145440813
0.941962064122669,,2.05292423400088,2.44514043965143
0.452910356116704,,,
,,,
,,-0.406817791744427,2.08019902814217
-0.930310131580784,1.05013824166746,,
,,-0.0267808260504091,
,1.03628717136152,2.22176380567249,2.29339116142583
,,-0.2791158069571,
0.992881907632339,2.39342611009933,,3.06430309060887
,,0.44420114309557,0.0394274168926675
1.06793715834658,0.132287117848859,,1.14064265669587
,-1.11208131560856,-0.46195666993982,0.745285432166396
,,,-0.0977600348993596
,-0.638536355119921,,
,,-0.530632160027916,-0.182358224029352
,-0.220843092422248,0.546688454088983,-0.472402299796179
,-0.110121647442564,,1.36624615579381
,,,
-0.835230624377586,,,
,,,0.14539540753877
-1.20877889007238,-3.79478835501415,-1.30418071588249,-1.77482382186281
,,,0.101340109666879
-0.493898645223734,,0.201940752782197,0.950302170684604
0.0183160017591458,1.12038061049269,,0.40583458872712
-0.177364947696921,,0.532074940717817,
,,,
-0.122508155169796,,,
-2.17699358942494,,,
0.000559584625123736,-0.125580777819533,,-0.296296871017302
,,-1.20623125437813,
,,,0.265501328216586
1.36723917292648,,,0.473352295787727
0.0367601401988459,,0.983704635588473,
0.270771895991867,-0.273236125880874,0.0852256543228503,
-1.42765630977467,-2.98845299455981,,
0.0995746809256668,1.50883496312547,3.31362188293883,
,-3.65222050825484,,
1.9984893050234,2.81058473137689,-1.20142428327281,-0.640672876737831
,0.743289583284586,1.27754873418428,1.86174298274696
0.352160890026348,,-0.238453327352545,0.599990587994168
,,0.825147901305313,3.16143383287113
,-4.16535972429971,,
,,0.388768955532436,-1.22374619901345
,,-1.70633907640306,-2.08127567154278
0.458505667493202,,-0.408095510999782,-0.912925096196242
-0.618805090882675,,,-1.65379567190516
-0.679937391524609,,,
,-0.165756881097583,-0.0765757635153277,-0.222256616106885
0.366427285746921,0.925773763355377,,-0.829407458821168
-0.248906664495431,,-0.48927562992446,-0.861917739050883
-0.736329424522719,,,0.885492234065278
,,1.01738051094837,
-0.0487537818800853,,,
,0.997940447381663,,0.942055316523667
-0.632083935907471,-0.377314684977051,1.24443317980604,
-0.123067474017374,,,-0.472107013038034
,2.86245509282339,,1.25161494011424
,0.189193303718526,0.614691807854303,1.74596268379089
,-0.852053153521305,-0.400359746820557,0.132079540077115
0.410650514231095,-0.94586461815008,,-1.49639524919693
-0.448890499888346,-1.11793847075407,,
-0.709676063028738,,,1.62118849176991
,,-0.252070316593759,0.840271429771895
-1.41759645000403,,0.211670746481647,0.422884876857238
-0.264020690520718,0.878188294097024,0.504996236102404,
1.2527868090458,1.20162833111429,,
,0.432293285001703,0.780908017904771,
1.54571970712446,,-0.441630260783494,
-0.602236288764586,-1.03256029622349,,
,1.3407285055846,1.01384156684455,
0.124398605835855,,0.0559461258250412,
,,,-0.698827509113309
,,-0.0510083330675254,
0.777727573620663,2.30753620003673,,2.71335753823702
,,-1.56956175055141,-3.68462259905862
0.968502349122963,-1.00789021067087,,-2.28647344693171
0.490184917432232,-0.631344852171145,-0.360697007284141,-0.958421681609868
,,-0.0568478510553908,0.52897422760357
,,,0.63791361138493
,,,
-0.648600599019152,,,
,,,-0.21142254470562
0.935634309069237,,,
0.791319019046477,,,1.03792932782174
,,,-1.51282131638212
-0.476322723291209,,,
,,0.385415859792933,-0.806450223081475
-1.41251709469622,,,
0.179352063176733,-1.35351621960831,-1.20428544758405,
0.277655959574592,2.08218956968235,,1.44546665068827
-0.501703223407696,-0.489249755070135,,
,1.30322862982548,,2.28310466070707
-0.393517451126126,2.33760386767035,1.39951048032742,
,,-0.125786536123717,-1.35335129316337
-0.10976677752305,,-1.02102195980407,
-0.223120966205164,,-2.11444894365276,-2.54032394696572
,0.462896803133927,0.802858083730607,
-1.1688159402078,-1.49367038949502,,
,,,
0.719396102982843,,,1.2356666510003
,-1.97137932951459,,
0.0593338459343979,,0.0799580305949441,-0.130318537484274
,-2.24088696915278,-0.0671269397577448,
,3.4694577220494,,
,0.0739131500871074,,
,0.376701740802316,,-0.618811683860249
,-0.295933634864131,,-1.34741319416603
,,,
-0.908501501508117,-1.72452085069648,,-2.04179823054837
,,0.770275324382987,
-0.108211010065327,1.05285327344556,1.55051913245707,1.83888500814697
-0.0575192355285753,2.04766612571879,,
,0.665136615887348,-0.394020365140024,
-0.114388107013693,-0.608617402646559,0.105008517693232,0.3426465725849
-0.574018283429559,-1.19308016038224,0.051134607535974,-0.146801532864377
,,,
,1.4027178400391,,
,,,0.655275345423105
,,,-0.55195531698576
,1.1738291370216,0.463588106365689,-0.87089950850811
1.66243635837573,,-0.85541460563214,
-1.15579864674893,,,
,,,
,2.29648533037818,,
-1.55745823944199,-0.718536175136836,,1.83066732146635
,,,2.45721359604208
,0.535410980235144,,0.943705030868878
,,,-2.48361159622486
,0.826709589455819,,
-0.665550918985606,,,
,,,
,0.299806493183831,0.362508993725666,1.62772784678764
0.888384026333753,,,
-1.11367173348657,-3.29395696882463,,0.887712642089886
,,-0.749064053170092,
,,,
,,,-1.62033193564241
,1.59654100176461,-0.422515233455512,-0.953474503850652
,3.30892202903032,,
,0.0350269356187787,0.760173430833846,
,2.35853050170213,1.08100651341715,
-0.52794019949943,-0.67938777377041,-0.164188902291242,
,-1.09092829910183,-0.179421688567157,
-0.619871253094748,-2.11300947079003,-1.56403014275234,-1.87003248660813
-1.09414715458447,,1.18507946662053,
,1.45449308160296,1.03823519522365,1.32701875508737
-3.18918610643503,-4.33247051747697,-1.07757788645242,-1.56815322056515
-1.16944424186678,,,-0.234183471191248
,,-1.12787723684341,-0.795929990564628
0.149196928334611,,,
0.554631070423332,-0.390491317194273,,0.85120015778852
-0.589690702483591,-0.254938050789953,,-2.5213198624442
1.40956455320645,1.40833845237287,0.720643403630958,0.693651006109498
,1.23181747043563,-0.114064727954216,0.723350295269907
,,,
,,-1.33433627434795,-1.5259012729617
0.479094516876518,,,2.65699265434027
,,,
,,0.0504655574836684,-1.47685375291457
,,,
,,,-0.112607576346035
-0.161728735063497,0.20323504981888,,
0.126126493805749,0.0263642622734346,,-0.739400280229764
,,0.411012075413222,1.51380820041931
0.733028625007077,1.91092532534796,1.78276963824666,1.22208677059829
,1.35769209975688,0.885891114561442,1.34208505515064
,1.41470837800345,,-1.41686470322053
0.713170709295136,0.0399318498904438,,0.581809593531263
-0.768887741449215,-2.36385433381589,,
0.825866376973108,,0.370415398884785,
,,0.959803957211463,1.68189928287658
0.153363028470634,,2.78596102248365,2.8171616449146
,2.95777877830254,0.804718452665811,0.9416574953751
,,,0.429079834338792
,,,
,,,-0.437253755465073
,,,-0.173373690862051
-0.20256487619833,-1.69252810961231,-0.399293013056019,0.982477297244231
,,0.440188548473643,
-1.40739406899524,,-1.60496861186338,
,,,
,,,
,,0.131598581084672,
,,,
,,,
,-1.05260222755422,0.631604067501014,-0.993253576537282
2.35919691735473,3.57578367649796,0.444103978676902,1.27276674017646
-0.447634538850182,,1.15219467469735,
,,-0.0268631408942736,
,,,1.24213439191457
,,,-1.25872227949576
-0.539683716567268,0.188685615312975,,0.315520160560692
,2.1314680421747,,1.67331408626196
,,,-2.6845585268752
,,,-2.89704934034661
,,,-0.668451355630845
-0.239937983315594,,0.282604567305673,-0.738219675139052
-0.271886923602991,,,
-1.40303650902349,,-0.372181809205446,
,-1.00147924203811,-1.84469632432668,-3.17558043026156
-0.873191554689282,-2.00499696194347,,
0.827193177842784,0.219769373895306,,
0.558026882514199,,,
,,,-2.39969949144598
,2.89104273089586,-0.111876139491572,0.216213706127768
,,,
,,-0.200287891025147,
-0.265734673601599,1.24859174491255,1.2234130870639,
1.15617986844195,,,
,,0.249158019685266,-1.42345281761726
,,0.365121281805236,0.455172485824612
,1.91806992010151,,
,0.427860549482079,-0.260879308864844,
,,,-2.57255729909899
-0.331291452184084,,,
,1.81281136956007,,
,-1.91229198289922,,-1.38388988794683
0.0136256983844964,1.8710807899539,2.35395945340763,
0.252213484446859,,-1.62114325095875,
1.0895061399478,0.639009427817315,-0.0773097543127982,0.0933912698206439
,,,2.14558109530882
-0.441254808830028,,,
0.600319646411984,,-0.840252301636835,
,-2.82988829242502,,1.30293687495274
1.29544315368299,0.286797119756089,-0.188468864469738,
,-2.8552444656729,,
,1.24507435599822,1.58185352718448,1.94626124336235
,1.09799149052167,,-1.12936762610881
2.23377741359153,3.65960803764618,,0.79441082967853
,,-0.726700325936892,-1.5293254766326
,,,-0.522591106812135
-0.133160098464251,,,-0.68888704259569
1.17023378386562,,-0.063926558567285,0.123116776689286
-0.277110287899164,,,-1.7947454932392
,-0.0474203154473244,-0.544557437956889,0.617732111569183
,,,
-1.71383683975675,-0.464807179055258,1.25864283451174,
,1.77948957743275,0.118582396835232,
-0.517072254128232,,0.401484169970728,
-0.0595924608676152,,,0.636800031312358
2.24501021264297,,,
,-1.25741349785939,-1.69493964404502,-2.43478359620301
,,,-0.314752102084009
-0.989657753295806,-1.36293027653206,1.56812010737038,0.175179429630511
0.430177724937883,2.11421665513145,0.0691826319989887,-1.59874618640506
,0.497467374000311,,2.17654180778786
,,,
,,-0.0369568837795532,
,,,
,,-1.42253277988037,
2.28263600626823,,,
,,,0.493574580003407
,1.05783004917271,0.37649371902508,-0.388995022264703
2.053861151768,3.62451175275053,-0.12470677325691,
,,-1.12055047426714,
0.0471264794105824,,-0.304454977024538,0.260554588892486
,,,0.822807842554471
,-2.69585732152083,,
,,-0.799541088226206,
0.473501010253413,,,
,,-0.421982410091407,
,,,1.67869777293825
-0.332192091893926,-1.18894610903945,,
,1.73283900528215,0.349917781526706,
,-1.7359855806084,,1.0409547718642
-1.7571523211675,-2.11309379887766,,-1.12427427478409
,,2.37979499890937,
,,,
,0.0930521672895323,,0.744871981053844
,,0.791878248497836,0.316990677466459
,-0.309990502632703,,
-1.31718431349308,-0.653027326858562,0.126079488857646,
,,-1.4654572610043,
1.13239345345274,0.50298823610874,,-0.85474963342656
-2.05851452686204,-1.74975129354485,,-0.338612112574858
,2.14956727764496,1.0224924243757,
,,,-2.17310116579937
,-0.441639870688973,1.5086086754199,1.33429401757473
-0.232507509578728,1.82139716767779,1.21429006899876,0.799710829088255
-0.189051299337589,-0.2062911334096,,-0.353587002218864
,,0.672629438522586,0.330959931546958
2.39883323295012,,0.772922876313641,
,3.79855098817035,0.56027621659181,-0.857701030073661
1.6269914642286,1.6475332933218,0.69189819303945,
1.61588635938788,2.26425389800981,,-1.70868402780222
,,,
,,0.0178766104180936,
0.171172924613639,,0.297558406665445,
-1.53059525910518,-0.164882455404397,0.341356053352271,1.91649097680972
-0.777832675853036,,0.0220334801235663,0.563809570194828
-0.873034514793412,,,
-1.09017130238436,,-1.10025322177663,
1.41265589165171,,,
0.500047962609191,-0.385710338042082,,
,,,
,,,-1.07760804736899
,1.64695841635898,,0.601552546064274
,2.97477758830685,,1.21135708828312
,-1.29775434827104,-1.12119344801591,-1.81473470487794
,,,0.0551753607140733
-1.17847443705294,-0.852325203481661,,-1.01737896442388
-0.494871119028844,,,
-0.00324293186600494,,,
,4.19110041613114,1.2168011641754,-0.888813795142688
,,-0.0411373070052623,
0.685444668607466,0.940038878435267,-0.283737289010801,-0.354445262059079
,,0.750854531643286,-1.34483295028077
,3.14958064470406,2.0564684366564,2.0472336165852
,,-0.0205391678295811,-1.76676795831646
,-1.96447711883684,,-1.05279320805341
-1.35723063236369,-2.2774468908716,,-0.769319992470237
,,,0.761349913962824
-1.5172073063295,-2.56255060008919,0.460094659137395,
0.8591760307438,,-0.19239610882622,
-1.21461753377647,,-0.0985691864516401,0.495163569876659
0.619055380663752,0.849653196585469,,-0.348153546476892
,,1.0995341769723,1.54364562870732
-0.198027912485171,-1.63233747696433,,2.19310198280499
,,,
,,-0.91173896573359,
-0.0145075459885022,0.690351162462508,,2.92791618684525
-0.763833231605356,-0.248514983975551,0.121723016898039,
,-3.47762784094664,,2.08198892498483
,,,
,0.333931931063629,0.25633471895376,
,,0.759970948016983,
0.282013838236583,,1.60719088844879,-0.281310391920307
,-0.960999064547341,-2.41229815687096,-1.91176854863574
,-0.556822198671025,,
,,-0.278558502250592,-0.92848510355669
0.0696744125654669,,1.05222109727207,
,,,
-0.247314784417699,0.576260099692849,0.349673907935903,-0.871364985384729
,,,
0.0746809416916121,,,
,,,
,,-1.40181845228334,-1.92895185490435
,,-1.07308236125521,-0.715433996140498
-1.40164554337845,-0.986605155380089,0.370786561555766,-0.735191637827289
,,-0.399342149830517,
,,,
-0.882446125897466,,-1.24102088990379,
0.0519890587224565,,,
-1.54098229380283,-1.13997136816052,,
,-1.41645890193624,,
-0.357174502316491,,,-1.28485344143182
,,-1.80295235199197,
0.0418094360662308,,-0.156977424058461,
1.85985974779731,,,
,,,-1.15696885304129
-0.18966487420983,,1.0524254397513,
1.01206499539579,,,
,,,
,1.33059118676217,0.945193900709343,1.30288723053679
0.702250024275935,0.338861988845834,-0.0533860506810118,-1.33757155664722
,-2.71315535575222,-1.02873373299289,
0.372917673711702,1.82695286217037,1.06991344425067,
,,0.533878351134144,
-0.0502266005733623,-1.31935352982798,,-1.49989824873305
,0.803758796151099,,
1.12468748523873,0.546388132832218,0.537059860902284,-0.669584099864525
0.297891244345568,,,
,,,
0.753812887631443,2.13478442652304,,3.01691901459716
0.149893353102687,0.519960567473372,0.967864110051733,
1.13737163177908,,2.28972368966034,2.62510746675789
-1.60142605000689,,1.62026572422861,1.51922497482823
-0.744160153516132,,,
,,,1.08963178040371
-1.35293498302923,,,
2.74869116959292,2.60072695628252,0.24640385126838,-0.812452054831506
-0.851797058411363,-1.60439846884642,,
0.447210710627482,-0.69692865743227,,
,,-0.266971061594572,
2.20505144512363,1.75549706703204,-0.447754835836791,
,0.900286576523314,,
-0.51390709879415,,,0.46989425338123
0.261131714601403,,-0.998337979972366,
-0.710477164451562,,,-1.86315069736927
,,,-0.594033348298944
,,-1.74873179043572,
-0.91141928834144,0.431737312554887,,
,0.28734446759119,,
,1.52779716279474,0.149501007903305,0.678380251967599
,1.86555720731711,,-0.352810278799755
-0.256257861475329,0.308855669037969,0.706243646982622,
1.07226546534951,,,
-1.00420325447998,0.220316906593165,,1.79330064303947
0.59940330269578,,,
-0.93436541172637,-1.37119304169338,-1.90731967977402,
0.716653796030982,,,
,0.945820109463321,-0.604460387216598,-1.7285387255793
-0.437376196501637,-0.896404861136363,-0.854637604032625,
0.456829687646366,,0.763153600883693,
-2.20555688955753,-0.546066453859672,,-0.442902300505825
0.32384533359146,,1.15079596353938,1.23219968076967
0.314399515561469,,,
,-1.22325052080146,0.549565363708426,-0.242554679874317
,1.61052330671746,,
,-0.509452506518436,,1.35609267625198
1.39937560676313,1.52244613477327,,-0.0586682205323599
-0.960676911927524,,,
,-0.224028798051918,-0.0876073261406472,-0.489883595308504
,1.28627060325511,,0.72604443116106
0.816438255703914,,,0.730532424255213
0.763474905445859,-1.76817430127238,-1.06718728825069,
0.631216956640548,,,
-0.208711655187107,,-1.54721538514369,
,-0.72726614893459,-2.00231606137653,-1.55480929068575
,,,0.304588329694214
-1.56168905216946,,,-0.447632764336766
-1.14302636105406,-2.06270256952027,0.193976218585495,0.696706398387766
,,1.81538763185775,
,,-1.08072905825135,-1.35209000223257
-2.34414358896845,-1.1169539925461,,3.23424268666238
-0.157429480539448,2.01498588548021,,2.72046282315536
,-1.84463998807459,,
-0.345191700473056,,,-0.374394235911152
-1.60699047340335,-2.66018477971829,,-0.688714633017186
1.17045205316643,,,-0.890301577976405
,0.1001527922051,,
,-0.706657480575517,,
,,-1.58915698247517,-3.34964086877486
-0.864814897070758,-1.9819648428996,,-0.423902030500721
,-0.65286181334718,,2.70843343210758
-0.619364751207046,,,-1.35412264553579
-0.65272192246535,-0.13861471130619,0.584560602622423,0.951144737497074
0.350356614408586,0.597811349479435,,
-0.315781872662742,,,
-1.41119312519735,,,-1.36245691464228
-0.183980050914444,-0.673688526666693,,-0.466723880866956
0.596546581983446,0.537788898098622,,-0.132935271448887
,,,
,,-0.28841854647659,1.54901247368251
,0.966166364715526,,1.38387006680946
,,,2.20679104474912
,,-1.04381389240499,-1.80205306040229
0.422608450965959,,-0.314244445602997,
,,,
,,,-0.973550792214432
,,,
1.07547944244412,-0.457051083092384,,-2.04450121670656
,,,
,,,
-0.683645666438561,-2.74604736567457,-0.284840594812092,0.102994745823301
-1.04794090296014,-1.536112028583,,0.249456573469918
,,-0.377083339034237,0.163606757733481
,,2.70419370751803,2.60213794982473
,,,
0.194509270110642,0.415946984578225,,
,0.452268528299308,,
,,,-1.82264942524691
,1.84428931883796,1.02735683377089,-0.697233154796533
1.22091119465961,,,-0.399322259804377
-2.34738248877123,-3.3545008460396,,-0.632218498723175
0.630115626366462,,0.24891801322524,1.26804684605444
,,-0.243703213328168,-1.90588030860024
0.180887564900774,,,
,,0.643637879442959,0.877859384510823
,-0.509663646138317,0.459611130182636,0.71372496195628
,,0.695837355888414,
,-0.359770380965399,,-0.127951613754259
-0.186656775348593,,,-0.971312473895243
,,,
-0.386938795071383,,,-1.99796362726715
-1.01348118369913,-0.507470438334016,-0.0522360130430632,-2.01470516918279
1.44656213577428,-0.415066766451592,,1.6096543225377
,1.50146464821548,-0.084923053164414,
1.21728073293652,,0.210978053944293,-0.285004189765321
-1.23200347970807,-2.98438512116243,,
0.357918034047249,-1.34341295330439,-0.975425334946263,
-0.315700054170456,,,-0.309215291247121
1.95405205583343,,-0.472264410230803,-0.607129650302317
1.30768999356293,1.66513935475804,,0.106437661801876
0.56028484440506,-0.11803547454477,,0.0784745744114727
,-2.46326510256084,,
,,,0.396816253567442
0.721696856710964,0.785891687086978,-0.615995389045902,
-1.44674605812155,,0.248869793563203,
,0.305624975473455,0.73979908698654,-0.648910667166466
0.857005905130621,0.225331232424396,,
-0.187570257333689,,,-0.52404902840744
2.3119814587379,,,-1.23855212767587
,-1.54561614183508,-0.840550738322687,-0.698274736195013
,,,-3.15858936749217
0.931140803824297,1.95587792933306,0.553503528872794,-0.296696401513737
0.409298429359221,1.28354444963651,0.747315414566278,-0.159187464787255
,1.54545132558028,,
,,,-0.43431747619003
,-1.12022544364911,,-1.21829004864217
0.0242896913459327,,,3.12193103363197
,-1.25158092990523,-1.03198456888084,
,,,0.134126274613459
,,-0.519449154422577,
,1.79042950135657,-0.593431262014552,-0.749418384076092
,,,2.82075717002247
-1.05568097477355,-0.00872101418572335,1.56488421015678,0.863467674611052
,-2.20883123487474,-1.88136129575839,-0.266904911894959
-0.184268914374016,-1.6168412724731,-1.35317793269824,
-0.574685024548392,,,
-1.86461704676392,,,-0.821037862038772
,,,0.354851986335148
0.79153174818635,0.87752157193725,0.528639862316268,-0.512046805002364
-0.73615741607846,,-0.113211998517755,0.075119358894816
,4.06569962085544,0.584280216103551,0.701005558774355
-0.315671972568024,-1.03779005677719,,
,,,-2.94719078643232
,-2.19589174357373,-0.836768081681914,
,-1.4441950978206,,-1.8856429898863
-0.583640669137996,0.548320085572355,,
,-2.06953100484717,-1.91308971653334,
0.543313021143199,,,-0.475569500087211
-0.999070001677223,-1.28168974693798,-0.929601575905752,
,,0.134590506215233,1.03072317668132
,,0.0830582399151878,
,,,
-0.443788859098143,0.832416391516626,,-0.937304797072006
-1.17789136221902,-1.1790626750011,,-2.19942566428544
0.717310412342599,4.27584558012665,,1.3450581950743
-0.553795211581469,,0.518973157959975,-0.188808493896766
,1.01617822211314,,-2.53424634804918
1.19012428295469,1.32736304728567,0.243334935089374,-1.6138573739457
-0.219515587913003,,-0.212455772044332,
,1.85285224865682,,
,-3.63190768132113,-2.75377000219598,-2.54666319046112
-1.7629072985395,,1.37916559144249,
,0.93981939889399,,
1.19037838497796,,1.42343676166095,0.541976951681155
-0.526348401440748,0.124501300792845,,2.59472109792058
-0.255133994076784,,-1.26969557880846,-2.73868774523234
,0.247450140729385,0.647209165471743,
-0.454611040789359,,,0.795140585281105
-1.12022151802517,0.391889268544631,,
-0.825764854661655,,-0.251647168724965,
-0.172993634200965,0.484223543375571,,-0.352880483941975
-1.54881651115628,,0.039204183700739,
,1.43503953429001,,1.92927103503696
0.573994104339189,,-2.25585472422692,-2.97948144154637
,2.33360227923034,,
,,,
0.987465824766583,3.16800800289435,,2.39994505074777
,,0.179383256705235,
,0.292393409491863,,1.21639799014568
,,,
-1.35011322691241,-0.704912319898041,,-0.227153446971014
,,,
1.65794005899899,0.802840999837754,-0.240956395550381,-0.775817323185899
,,,
,1.06472023760941,,0.853456647779399
,-0.942187301813863,-0.91700584724389,
,-2.30000736163269,-0.83927117224144,
-1.53376001755048,,-0.359006901736498,
,-0.115935712935546,0.396349898273571,
0.292900802591756,,0.243861220194855,
,0.197957107825342,-0.0153836304967677,2.34839261370855
,,-0.319266339407646,-1.52668467874548
,,-0.499684444536675,
,1.16585302367528,0.821857895122721,
,,-0.57848326418043,
,,-0.750636779154216,
,,,
0.0153230091325226,0.342228241264999,,
,,-0.418039455554844,
,,0.511606041723003,
,0.818851409863469,0.790898254017631,-0.450683108324328
0.660152576360034,-2.26830306945647,-0.829437268977467,
0.289679285846421,-0.934906801727912,,-1.79141761335296
,,,-0.963104571974592
,1.92560230419831,,
-2.00607830967004,,,-1.08214129932043
,,0.0927042787266345,1.00025016403338
,-0.0620871782928022,,
-1.87410461064231,,,-1.88265838171494
-1.71511380432561,-0.540050815870498,1.19072111792212,
0.0227944231451889,-0.36362477263106,1.07589954835476,-0.256660586523318
0.120618840406489,,,
,,,0.994014185851454
-0.0614644550457881,0.611116269993935,,
,0.646933069242727,,
,1.3232739505244,0.461997271706612,
,0.189563287317212,,
,0.144289827750203,,
-1.33370301395789,-0.600213813283312,,
,,-0.94623825315304,-2.34079976236292
0.918670629996042,2.13697165183699,0.845195387147344,
,-0.25474204336733,0.726196121804117,
-2.56886469517867,-3.14033815493741,-0.423238703981474,
,1.50756056784502,1.58044991692235,0.638930346073807
0.033536995485771,1.43408616620471,-0.273573709517029,
,-0.645686236450673,0.59942974469826,0.690269763878661
0.848284366708695,-0.307040269760691,-0.714557289827658,-1.24430413761249
,,-0.165141069396775,
,,,
,,0.0169844852529632,-0.244439882525953
-0.0271168017233772,,,
,,,-1.36298259839358
-2.12620877503193,-0.367462400902787,,
,,-1.3285293446208,-0.680466647752224
0.796863123179804,2.0569244323414,1.10859350852667,0.207124454376686
,-0.359765048651373,0.833133738369088,
,-3.86935863890071,-1.52548805448486,
,2.80974642588714,0.0653935627097402,
,,,
-0.602353454176854,-3.33137571761992,-2.42407132369413,-2.12541895304708
0.0112920285614735,,,
0.066831735605579,,,
-0.297869271266027,,-1.86866684135453,
,-1.44973244115429,-0.240145258400171,
,-1.08112291642113,-0.389863635343582,
0.660093459318623,,-1.24828297717757,-1.47804336598756
,1.35406269317562,0.303880224038715,
0.552109462476014,,-0.0548935499168911,
,1.38463918196049,0.578782642618863,
0.620484014298819,1.23640141685347,,
0.322623762157625,,,
0.840445369361455,-1.08875286230417,-1.41534313752518,
-0.135711564020889,,1.0440044148897,1.15084019334697
0.732306087714431,,-1.11450073984765,-1.98749966216044
2.00517207805254,,,
,,-1.04119140568941,
1.03446706476585,,1.35558424958295,1.57323702444416
0.0248371823468652,,-1.47276064118324,
,0.715292467669219,1.0489577954124,
1.1336902950402,,1.31301544740689,-0.0184720194700156
0.459163784267842,-0.560215768215145,0.410236199830174,1.08261337765002
,,,
1.76159185432767,2.20739542515946,,-1.07562913005983
-1.85658185826634,,-0.453542367597926,-0.98650053702501
,,0.76632577704568,
,,,-2.13178210341428
,,1.67867265248383,
,2.57932348770461,2.00057960122853,
1.86173634509438,,,-0.0499695843254747
,-2.80739780267135,-0.445712797997597,
1.03720074533958,-0.712011682902634,0.254663164913393,0.320529116107534
,,0.727101438601145,0.950035993885948
,,1.49333448067281,
-0.447408819138214,-0.685931018462744,-0.456577871830418,-0.0176037871409137
0.861708157698352,,,-2.20831930984332
,,0.339248811707439,
,0.0431401872043641,,
-1.22822780912991,,,-0.904671360966856
-0.997604371919908,,,0.380266426134688
,,,
-0.0403492698725768,2.90734035557878,1.27912058359111,
0.514331649330583,,,
,-1.27750096902684,,
,5.32136796974971,,0.850220621299056
,,-1.37451179077391,-0.0311713788216907
,,-1.25762023624169,-0.250282216502114
0.916666822054779,,0.291662474822429,-0.687821391652673
0.510265148781819,,-0.207998067893886,
,0.284708149569403,,-1.69233758605909
,,-0.0182709336179937,
,,-0.293427227352455,
-1.54365870306588,,,-0.620220607354486
,0.102290238635981,0.271518577663976,
-0.31812607113017,0.0540369285416068,,
-1.51429472782324,-1.07012270348758,,0.672467020241053
,0.457653048816145,,
,2.18637262196415,,0.557093771053092
-2.15100317530383,,0.205848232421257,2.17274191982704
,,-0.149521447462789,
,0.109537622341502,,-3.25957919505113
-1.26625963195404,,-0.970165190758744,-1.20448415869888
,,0.0945059404175251,-0.501968596844183
,-3.233369636669,,
,-0.810317250810128,0.016836767734213,
-1.19053321330863,,-0.543390940721714,
-0.637104980710363,,1.70474982056585,1.016678784666
3.08373953891157,,1.24521326904866,
0.937498171832295,,,
1.39053798682574,1.52725428262885,0.445382721451596,
,,-1.61711652101467,-0.489166801208793
-0.3076327232952,,,
-1.35137784214305,-0.970342209505062,,0.593134330376932
,,0.132244994229434,-1.32257268070253
-0.0502489767645623,-2.30033555431651,,
,2.41278969852329,,
-0.318163330993801,,,1.88446857560561
0.010704375169905,0.833895550648611,-0.0215652310272324,
,,0.443286819684363,0.954389658078916
0.230341910610583,-0.702916997160409,,
-0.783850951122933,-1.62308236348287,,
,-0.835392485526034,,
,-0.372306489029018,,
-0.903302610637793,,0.382869149288096,0.185924407507291
,,0.254764076614052,
,-1.18571139598564,,
,,-0.0319093456349462,
0.868983501540315,0.610077792698965,0.363657432278309,
,,0.582448366078206,
0.0910405396538839,,1.92452668568413,1.82891764362367
,,,1.17927595353206
0.295147004062264,,-1.90796249373685,-2.01473764790232
0.998704583836859,,,2.68486655539911
,,,
0.999246299474132,2.87090622174175,1.79475267380602,2.51136957592128
,,1.9607017578823,
0.430202610728404,,0.775081797661926,
,,,1.10134401150357
0.171146054168896,0.565709866866731,-0.664582399912487,
,2.25164665686841,1.14199024161758,1.26963623669659
,-2.02250525153547,,-0.628573542717457
-1.5827634676954,,,
,2.25047915802514,,
-0.821920819330948,0.754117651145582,,
-0.980503349151853,,-0.811870149361934,-0.172364146244462
,-1.80073367548316,,-1.81957446809512
-0.995564403263049,,,0.611024148212713
,,-0.961339664051626,
,,-0.170906477083741,
-0.361104383878549,,,-0.110811956805426
0.822325056303155,-0.676687049373456,-0.965850819894685,
0.44579358311539,,,-0.957172131269887
,0.352414187896282,,2.22476480354336
0.659617730648756,,,
-1.29899642539878,,,0.185858278580989
,2.09696149418709,,3.42601220483878
-0.273474476684454,,-0.602187298531475,
,,,
1.12619804153917,-0.495163933838937,-1.50868833709336,-4.46269462268991
0.0258032078374534,,,-0.885673610592722
0.518567097096957,,,-1.70206931767021
-0.045195276933462,-1.1081718005607,-1.34409565526775,-1.53476059292249
,-0.323838795382117,0.255221875690724,
0.581194816879208,1.75014556844175,,1.53016319755797
,-0.715138534169602,0.289398089414036,1.44338559888307
0.849550949134466,-0.0573713898011913,-0.796305340133837,-0.418205672394148
2.41707061116309,2.26988660696292,-1.05297714851058,-1.08272951750144
0.343170309743907,,,-2.36489587612937
0.674747490285039,,,1.44207189857515
,,,
1.25095003389709,1.18372711849733,0.356959287497098,-0.0763398332172366
-1.24918244905993,2.03154810867258,,
-0.956586822541286,,,1.83074295942402
0.0739198338164977,-2.58517519250973,-2.3800974059354,-2.3600753803727
,,-0.859512433771685,-1.18431058732287
,0.799587268901167,,-0.0944737841264311
,,,1.19826231858532
,,-0.195953644552612,
1.64517537794029,,-1.43580924049197,
,,,0.117957421689304
,,-0.392172955953431,0.291807705913769
-1.62032723364213,-3.12899524069875,,-0.101960772589308
0.749614934060325,2.38671566502525,,
,-1.78940001859094,,
,,-0.633454884619039,-0.986374934185875
0.677509852574167,-0.381328579854711,-0.159216463543552,-0.232334801631019
,2.70618241875562,,
,,,
,,,
0.764942458548993,,-0.588593987711215,-0.0939472094435945
0.819763821351807,1.68689658175818,,
0.903843672415332,,,
,0.856924356042546,,1.44665888894938
0.288753601819581,,,
-0.943263842642371,-0.352048503478813,,0.956813052417887
0.133218261122488,-1.1324850011266,-0.881314743674471,
,-3.81846417480632,-0.740089731947433,-1.27630672250913
,,-0.0534985456054363,
0.505667226698908,0.568868672624635,1.55392719033061,
0.702695839014471,,,
0.161088256522705,,,
-2.39122398897229,-2.72034547774677,-0.837439191073685,
,,1.6496989485376,
,-1.07455474344296,,
,-2.92470062470265,-0.444699786488536,
,,,-0.759259116318762
-0.937623989119962,0.0164352689964045,0.0645415480815664,1.23478320138556
,,2.08039548986678,
-0.548026711622977,0.726487556903561,1.20330470965736,1.01266724810759
-0.64915536254515,,,
,-0.49236095534239,,
,,,
0.172215159503044,-1.00164287954511,0.204449991133115,
,1.08634203566844,,0.755162058133633
,,,
,,-0.24686363646885,
0.517725254590259,2.46019890701017,0.741907463074093,
,,-0.109786605255523,
,,-0.0206306751100566,-0.808880460980748
,,,1.44845226175719
,-0.203010541931159,,
1.12771797949832,2.5294512314128,,1.63179459846383
,-0.782963386550136,,-2.06492307551251
-0.0864712721110291,,,4.23409582558273
,-2.45915458127755,0.128398179984281,1.35986706688515
,,-1.39319989516651,-1.4419095297067
,-0.707170630758593,,-1.04960373057228
,2.47368878465999,,
,,,0.255484549170223
,,,
1.63106073240292,2.04260130629297,,
,-0.965092612849612,-0.882149344841898,-0.673433968038692
0.34355431554872,,,0.37742407050474
0.897984249772551,-0.240164613570602,,-1.24152762206789
-1.36473363304489,,,
,1.79117804033967,,0.0171984671636214
,,1.26949105792606,
1.13283957772548,2.38024830193791,,1.35253376359721
,,,0.584031320742199
,,,
,2.29078373115363,1.01635564133653,-0.0983025358795591
,1.51900403022224,-0.947930160018186,
,,,
-2.37058663432074,-2.65517205581843,-0.235854905063473,
0.0172274128643755,1.68010703995116,0.0806307373575804,0.219382405547841
0.191082073762916,0.389522677703665,-0.492997695401731,
0.818162217902652,,1.05126331290781,
-0.699228106144098,-1.25644694448451,-1.09217503496728,-0.419737460809684
0.996451529666396,,-1.33754185485004,-0.78516581484584
-0.69274535356833,,,
,-0.699099187076178,0.810701492003917,1.3275704961721
,,-0.875981344328801,
-0.608044983359464,-0.324155562735993,,0.714105948138698
,0.3842987896867,-0.296095927147791,-0.978237441493056
,2.38513021406579,,
,,-0.630792272131494,-1.33709077789552
-1.15852700589699,-2.35607079972425,-1.03831522889182,
,,1.64848053645928,
,-0.224820885010822,0.434632225581985,
-0.268400025520266,-1.02196870653759,,
,0.173934545076123,,1.75978713758923
0.461331003901638,0.461173880760891,-0.447468477034871,
,,,0.660041739848048
-0.67939633341417,-1.19579373900345,-0.822972408932445,-0.250272360126492
-0.318611569966249,-0.261835245961079,,-1.93388307190097
-0.658019293864502,,1.41015783662107,
-0.162615980275628,,-0.801738675504413,
,1.99746459263011,,
,-1.56396509297682,,
-0.0278099839182587,,0.969487151612596,-0.233019578149591
,,0.538828275113854,
-1.21675338327355,,-1.74700386193617,-2.31114615980631
0.953601027080163,-0.42536515603359,,-1.55513488256706
,0.184106632440992,0.776559642839838,
-0.704946172078452,-0.774388863488141,,
,,,0.814235279987392
,,,-2.25655077287693
-0.151614769827921,,,
,-0.708771796597842,-0.169523098146087,
,,0.729401480197019,
-0.552909864931753,-1.2652252797181,-1.15602494860787,-0.89388056840761
0.954259677245468,,,
0.164420107478753,,,
-0.277725410828986,,,
-0.644419619223862,,-3.12519918422871,-1.09661014968982
,,-0.76231150890405,-1.04816648368649
,-1.9632469677972,,
1.0906215035097,-0.467951452527627,,
-0.781372921136103,-0.730996880305095,0.470303483126366,1.01790984435589
1.64332373376438,,-2.37093145303073,-1.49660447043301
-0.170785226051006,,,
-0.653641910106926,-3.86398571838372,,0.679011530869579
,-1.4297779300848,-0.00247914646566992,1.44378560920264
0.188105486356753,,-0.801067352060978,
,,,
,2.26168508548027,,
,0.422158654765024,,
0.205072404879131,0.388108610971676,-1.30035121064336,-1.97655403736757
0.0634116980727395,,0.104523767795311,
-0.741664430606325,,0.288529692398676,
,,,-1.0543972554051
,0.856290564741201,1.33665490943696,
-0.980080361865213,,,
-0.415431332879817,,,
-0.27844094049977,,,
1.05409934754309,,0.190669897237294,1.12208235735787
-0.62305895188382,,-0.72341928787537,
-0.178191822257626,,-0.416688085891256,
,0.445553549369463,,
1.60388383078126,,,-0.260513899760239
1.44882146078712,1.93157395754917,,
-1.05839965003638,,,-0.679041845985379
,,-0.154951927394428,0.6534167788386
-1.29720147388242,,,-0.838281120989647
-0.829073430273456,,-0.805204551035285,-1.77026603175385
,0.17937172967579,1.1608245738086,
,1.08028136881978,,
,-0.941476551798761,,
-0.313185666444505,2.53656727439074,0.397217218207407,2.20153831126724
0.306202128122618,1.22392082122201,2.12315919282226,1.81820067551458
1.22963755720089,,,-0.813438543815141
,2.32341850864058,0.156759469707963,-1.47946272848758
-2.0712886450964,,0.51128718085472,
-0.254411710301793,,-0.0834974301653851,
0.476396540102075,,-0.796263219521894,-1.53854591164075
1.1648359123802,,,-0.622025753460493
,,0.341469371361881,
0.127827928639979,-2.01101084930767,-1.08686683452974,
,,1.24102707897126,
0.198993869675984,,0.556961623763979,
,1.99149398978929,,
-2.21675513493914,,,
2.03387780206071,4.73392105043056,0.742642853775053,
,-0.478868198790149,,1.18784823023309
,1.12580430680549,,
,,-0.396860964816548,-0.698671272246819
,,,
-0.331000594076846,,1.86811352501988,0.960354692571566
0.355548081917882,-0.0297636268110295,-0.214555919330259,-2.79612986266838
0.169888599035472,,0.330573236299737,
0.239238593824761,,,
,,-0.963127126254308,
,,-0.571154864217528,
,-1.31287109189731,0.342836195949452,1.20107872671876
0.41627418952243,-1.67856559104369,,
-0.32273060276783,-1.03268815395663,-0.678534551005877,
0.842913529277499,,,-1.16433927644248
,-0.644167757678568,,
,,0.62250149075158,
-1.53788372174715,-1.84085942588445,,
-1.48353381221735,-1.419950184427,,-2.51082189969611
-1.7447381269927,,,
0.0242356783728676,,0.203173406732835,
,-2.33783289736205,,
,,,
,,,-0.879001073609005
0.0146697562119895,-2.07179354030297,,-2.84840999059061
,,1.85270987208452,0.824166328280736
0.30121905668371,-0.740057707351618,,
0.421688779118986,0.958399461732335,,
,,,
,-2.35914876698209,,
,1.85026367139749,1.09860468057337,
-0.20300577965444,-2.24866182308753,,-2.01264396957968
-3.84840269995274e-05,-0.322363697378389,-0.889090040003932,0.903183084709947
,,,1.19016600764194
,-2.73522757257464,-1.11604670195037,
-2.29142750276276,-1.90983611283744,-0.531131531597809,-0.0349188998396425
,,,
-1.57125070163983,-2.9901150668375,-0.605823427158206,0.037481622017814
,,,3.06345594893157
-1.06639966452267,,-0.46451310562525,
0.389090532297012,-1.79502041870631,,
,,0.700039249492635,-1.38854520936589
,,,
,,-0.0329021697988877,
-0.67093240335342,-1.31914910746158,-0.443280784016925,-0.80601715703921
0.892725899985323,,,
0.476799443153048,1.32886874933583,-1.07281828400322,
,-0.823121329670996,,-0.267616722493243
,-3.48469901659523,0.363166495579849,
-0.486200731941719,,,-0.733879184468282
,-2.32947009258406,,-1.80292994991369
1.77384268160864,0.330084661073513,-1.38393226292062,-1.79700321734944
0.0337124389773445,0.53909375210562,,-1.08450022077374
,,0.837443848230391,1.01206143392371
-0.173960891087615,3.12485956606985,,
2.07554917645169,2.25714506488964,,-0.132040116635445
,-2.85384999401842,,-3.1207967771631
,-0.887825083962955,-1.41434275277085,-0.182511926994034
,-1.14426868429492,,0.0317785457791873
0.727129908185823,0.846792272444673,,-2.90455646014122
,-3.94643638441344,-0.421112108055374,-0.362499994663317
,2.4386059602875,,
,,,
,-1.50690904315282,,-1.52276098746509
-1.18622500956318,-1.11163519442709,-0.868562715323967,
,,,1.17379856336432
-1.8163370958066,-2.67016066138825,0.419103132946288,0.588936182471092
-1.71753992490193,,0.268068935831465,
,,,1.09338001651121
,1.00317194307482,,-0.715466316892276
,,-0.62589448383643,
-1.93209497227857,,1.45890251524687,
,,-1.47207963079608,
,,,-1.24088133506659
,,,1.03402048246443
1.84390932942692,,0.00360190830174583,
0.41958246226038,,0.602429947020315,
,-1.95154256075808,,1.34467632867966
,,0.507119331084798,
0.213093639533192,0.754829611137943,0.694857596127454,
-1.7182887639908,-1.54095117482867,,-0.57383854485226
,,,0.00322248431935204
-0.671879471327625,-0.729719670130647,,
,,,
,,,2.69074004169095
,1.29473041981306,,
-0.651915887319594,-1.66357579527782,,
-1.45676385275197,-2.91024934499915,,-1.37610947202123
0.172284600439745,-1.08311586537963,-1.30411925269354,-0.256283710797015
,,0.744211055756585,0.4799652691035
,1.13688527280273,0.347438400933044,0.760361567945127
1.18917934773041,-0.182517362264762,,
,-1.25023541139015,,
,0.914558168116095,,
,,-0.442443879580995,-0.197556648567763
,,,2.24502669848133
,0.670836844358521,-0.148379778833473,
-1.06872802248799,-2.59514977244712,,-1.23698596684554
,-0.728344855763319,,
,-0.83010142859533,-0.734030259967357,
,,0.79403192598376,1.04973972215811
,,1.68288073041313,3.17779167590664
1.08919483753396,-0.869292047554822,-0.947148513609992,
1.16976360508389,2.58237829577694,-0.570215495212801,-0.205215674320584
-0.607156730101415,,-1.07678075812988,-1.9933540951016
1.65412285522879,,-1.34380045727573,-0.541281452327955
,-0.851003639556324,,
,,,
,1.65169232785453,,1.23097531380097
0.254340425178138,,0.350809183521082,
,-0.882648784329181,0.00654784411397867,-0.751114623129623
,-0.409216178590209,,
1.23617915452482,,,0.145456098624165
,,-0.722903788510818,
,,0.66546797361339,
1.0255791375194,0.787793462304585,0.449948083951953,
-0.166313578850091,1.08647261426652,,
-0.791567079440403,-0.130957822326068,,0.0536158443510459
,,0.94335088070879,0.324359235075059
-1.33336590569982,,-1.09917933125238,1.38488713708129
,0.812616774753564,0.653181727824838,1.35662928868785
,-1.24898305388541,,
,,-0.923286363929531,
,-0.496621602422735,-1.10956078938707,-2.87549621096068
,,0.905017122526589,
-0.0404459582548468,-0.449792269670462,1.1433969162958,0.474459160641101
,,-0.0308118717683269,1.61555993640105
,,-0.895757046923995,
,-1.59437644885794,0.828517450058745,-0.922280405634727
-0.025326160634408,,,0.332730549407969
,,-1.50061750269815,-2.96879750728515
,2.45708222818456,,
-0.301907306658092,0.471046966841837,0.930163805810293,1.12221924026136
,,,
,,,1.97882309193816
,,,0.543723784202737
,,2.05589238524983,
-1.68068071887634,-0.380708946100242,1.05273852834637,
,1.30465440935142,1.53950170129283,1.47120749093711
,,,-1.48624003578328
,,,
-0.102197913003283,,,
,,,2.44262075863448
,,,
,-0.919538296741685,-1.26276048828053,
,1.74957587747442,-0.896615958162939,
,-0.470007022747959,-0.131427304819011,0.732157260422698
0.242420207917438,,,-0.782056793116864
,,0.720149943689414,-0.19779299340808
,2.48453800173312,,
,,,
0.71429342693586,,1.80179062460771,0.647338887122625
,,,0.446101831718135
,,-0.343686983472274,
-0.297783274696659,,0.447691179455942,
,,,
,,-0.505849468591029,
0.416279250424195,,,
,,,
,,,
,,,0.19247837883878
-0.786063559931139,-1.39950846117847,0.590418912156167,
,,0.310410783066366,
,,-0.175459861767102,-0.391714575651022
-0.513157982499118,,,0.936078233606778
,-1.66159827824119,-0.894693975966304,-0.276936917367067
-0.275143450971411,,,
,,0.601614316252359,
,0.23660155374381,,
,-4.76237952381847,,-1.30544171423977
,0.738554385618056,,
,-4.01681654916892,-2.7190040581127,-2.58075900067023
,,,0.946295181465981
0.822378750667808,0.831839301447752,0.16349268217551,-0.579010322776208
1.87245817496444,-0.257136634129859,,-0.55678706711792
-1.18582888580127,,1.30319776691448,
,0.0977843798681302,-0.542280802042557,-1.64220472700065
-0.215424857788577,1.19855159174804,,
0.215958394156016,,,-0.410049085649327
,,-1.55204247462137,-0.761051442184911
0.415046268850245,1.30270055587385,,
,-1.97340714306332,-0.302419934794891,
-0.902131112277193,,-0.0811827957899072,
0.820606953567625,1.55987571060715,-0.294223061350428,0.283716504199645
,-0.106143416229607,-0.132879835554023,
,,-0.639069016994593,
-0.444030506514711,,,-0.571904873311855
,,-0.388817047420392,-0.582980944535901
,,1.01358131618518,1.85844648120339
,,,
1.48288035944086,2.14227415562467,,
,0.282365616465843,,
1.43773515097209,,0.771152296311192,1.91458892614327
,-2.11156047448698,-0.00262882273313371,
1.90461769269349,0.917000202386978,-1.96932159797711,-1.71188356278105
,,-1.61557798627058,-1.31197874717303
,,,-1.39528774913796
-1.21017318376228,-0.277927972382845,,1.05272430337235
-0.0680292317480523,-1.50816235389475,,
0.188278619044299,,-0.366225374615463,-0.37369033291477
,-0.16319951882363,,-1.80457407167264
,-0.802252188103967,0.210541073104838,
,,-1.29055416450049,
0.314903238411214,,-0.556748662658777,
,,-1.19948738210739,
1.44680593483769,2.86334468116371,1.38543210913031,
-0.754624453299219,,,-2.2617669777446
,-1.18220621764097,,
1.06762924035012,,-1.66330650387483,-2.86470514886803
,,-0.0848181402347709,-2.51946012323562
,-0.795653676968198,-0.0285076317840737,0.117756125749593
0.960574805077155,,,0.28213050754581
,,,-0.611306404150616
2.39520132525321,,,0.153504623673386
0.318634363552171,,-1.30612415385984,
,1.07798327033255,,
,-1.01340625724321,,
-0.80939744578196,,-0.703107351837049,
,,0.21085280960361,0.230726502913423
,3.30460532847809,0.797004338163093,0.26988233411509
,-0.246848734832289,-0.511450444283079,-1.76170315699342
,,-0.715919241869871,-0.540464874350265
1.34149424244086,3.06068567456672,,2.07104152035522
,0.868587554348607,,0.0241017891710096
,-2.18061826496904,-2.78612021042337,
-1.08185278393076,1.34852386323432,,
-0.00597734207346083,0.636133855475798,0.832567510461422,
-0.361005684089181,,-0.158984237833882,
-0.753344538203377,,1.36967366131587,2.13336606231772
,,-0.549986668691515,-0.0808644118756238
,-1.33413441845311,0.106621892763905,-0.110449890121947
,,,
0.822990237351172,,,0.0749435627530517
0.201997905093491,,-0.906889619683539,
,,,-2.05409121986978
,,-0.0466536110574152,
0.851246099895573,-2.24358959460129,-1.64411397165019,
-0.997512301769354,-2.54318679930327,-0.117110064941911,-0.266227512141597
0.774894794932878,,,1.95038064238792
,-1.32437752859919,,-0.165435983549386
-1.41795704082351,-3.58896893704703,-2.19083549772171,-0.639291208756171
,0.337484183995585,,-0.0339298301003612
,-3.09088327033275,-0.305645306175101,-2.62259450939685
,,-0.805229219628744,-1.14686092772582
-0.0859842009139841,0.0573289319823651,,
,,,0.0662112100628718
,,,2.10818434355802
0.114574862295207,-0.136734737214693,,0.245006397689837
1.38496025874941,,,
,,,
,,,-0.718138881501186
-1.3113128640567,,,0.00593910338991843
-0.806461300793105,-3.85768355904888,-0.802116987549829,-2.89048613205697
,,-0.805359467139004,
,,0.285706107685846,0.84627421654606
,,-0.358363441325471,
0.18706179676923,-1.1110921074984,,
-0.231192409164056,,-0.0136033099055035,
-0.155301426683517,,,
-0.41808374042322,,,-0.871828512984281
-0.860649608648606,-1.39478319920353,,
-0.733647067905097,-0.990398541249535,,
-0.829051291306179,,-0.111083659234811,
,,-0.811624470295614,
-1.39454099422648,,,-0.688231073634148
,1.02726684988227,,0.251910613728297
,,2.47160815177632,
,-1.7301798067061,,
1.25552093487775,,0.141826146310376,-2.11610646110224
,,,
0.0267545458181078,,,0.274834689186045
,,-0.734834941312737,
0.457153650450167,,0.00283355755004888,
,2.11379436460085,0.383262497779889,
,-1.76182709134735,-0.232300002846035,
0.138099933242379,-1.16860838356974,-1.37646729686222,
,,0.778603669605958,1.76426551681432
-0.235909539606058,,,1.72934773866657
,,,-0.503811540578785
-1.65130268614561,,0.671471234134115,
0.622705635129701,,,
,-0.219658142571736,-0.35962933858176,0.707889306149332
,,,-0.702058849902692
0.225603363522552,,-0.386741358632762,
-0.695993002502861,-0.429243865782603,,
,,,-0.0465080120483481
,3.80171348002764,2.27262674959921,2.49118289045703
,-3.127072140026,0.171091741326732,
-0.984320528114096,,-0.474964413988763,-0.298277264824584
-1.32163677757622,-1.3424930521023,,1.34043567210096
,,-0.526036761916081,
,-0.0676619511723373,,-0.938823580360002
1.18360405030045,-0.338058381118559,-0.905798638218608,-1.04063497574541
0.76433552342133,1.5867423102685,1.03349150472025,1.35314808008921
,,1.06580379572641,
1.18452861310422,2.17248017773424,,-0.373154137133981
,,1.40257529917443,
,,-0.678325967134799,
-3.02704571876399,-1.89256918448796,0.533852931847537,1.7114891978309
0.227313544381063,,,
,,,-0.0911641971472391
,1.30549469375575,1.83258043413216,1.66233915030394
0.48915850008,,,
,,,
-0.302558551826962,,,1.68959415382868
1.2742216233878,1.09520177941515,,-0.66003633872754
,2.55327709168002,,1.63403030794152
1.04242536770994,,0.39682747723738,0.246219511169069
0.596590680865512,1.09855395788696,1.976199876787,3.64052440423617
,-1.3183163872672,,
-0.248326516397447,-0.897428004747398,,-2.35571611214332
-0.0444055732894623,-3.24629678847254,-2.08694012622033,-2.86869099980009
0.14958578345488,-1.70680628336526,,-0.878420632251231
1.11791338203872,1.63973307150987,-0.534841748142,-2.74953114563242
,-0.967628068918388,0.94973867646174,0.702205247731787
-1.35561906468423,-0.580886958612636,-0.187870796292563,-1.0898567450676
,0.455777507260521,,
,1.03230934768322,1.97276098969578,
1.11670596384515,2.60385061722726,0.66144439094738,-0.439570177834839
,-1.33704214878506,,-1.09704109323444
,-4.28164597878917,,
,-0.065371050564568,1.01461210878983,
,,1.82291297916584,3.33680188990796
,-1.31680987229807,,
-1.26580965679209,,,0.0098074380464554
0.0130261887470164,,0.928692587924241,-0.465567992828135
,1.38755247922773,,
-0.479462222356082,,-1.59442287242713,-2.60611841578566
1.11030898866863,,-1.11449919127145,
1.40120355190492,2.444154638925,1.18708644908241,
-1.26406262745094,,,0.850402163518903
0.86561315233749,0.11902583158996,,
-0.107980564945206,-0.22831637631876,,2.29426317536969
,-0.226584216352786,,-1.4756899282338
1.75519625666133,2.30502523504503,-0.293099948050454,
0.980495074810237,,,0.745382691545036
,0.479298133756325,0.234336930495145,
,,,-3.01935168119852
0.363113909999487,,,
,,,-1.47413362040802
,,,
,,-1.02343942731099,-0.104691332410385
0.215458852795724,0.993674950319516,0.840337907085393,1.43864700092101
0.167552997982991,,-0.989768834444693,-1.07119441201818
0.440723940671675,,,
1.08344626295578,0.0877304129719275,,-0.199559766174838
,0.88994944610372,,0.972742513337733
-0.389052596533895,-3.27175583749534,-2.16101380092146,-1.68461697843126
,-0.494384533486121,,0.220973636295795
,-1.90665638309634,0.234112259406957,0.230687763729558
,1.701424743164,,0.420820380931117
,-1.45579149946693,-0.988531747646457,-1.54142230815457
-0.394162971603446,,,
,,,-0.00735103441951596
,1.04034845785676,-1.45432537185152,-1.22685984290792
,0.594260559989126,-0.28596969716416,-0.168317529059813
,2.8676315204835,0.94204947090725,-0.229649989600597
,-0.989836869306899,,
,,,1.18447046280847
-0.15997257338173,-0.441565096714342,0.412967354254118,
,,,
-0.153480072072986,,1.65228224480624,
-1.57886169108309,,,1.15990027339
,1.79891905689571,,
-0.0390386053295887,,0.858764031385484,
1.3043064867744,0.848862501994518,,
,0.34593532373778,,-1.00761173394457
,,,-1.26461176073869
,-0.382691957596948,,1.58472732753887
,,,2.09553740083222
,,-0.495078033414079,
1.21840108562617,,,1.60308835031775
0.742200100646031,-0.259516817512289,0.0583363945199381,
,1.23551585128251,0.403039662260288,
,,-0.659413701712849,
1.01855144503343,1.30772725286215,,
,1.3053382417041,,0.449583427213039
,-0.880493030247345,,
,,,
0.76486829955584,0.172951540003282,-0.326900394413499,
0.70537176034256,-1.27318968980731,,-1.6752446874091
,,,-0.557606193849578
,-2.77553844356505,-1.22249159247448,-0.381413399301978
-1.25008980491088,,,-1.50137328780967
,,0.265316244089351,1.17612232486391
,,,2.53640597523091
1.06502977207387,,1.5349747731147,0.657651903622975
-0.0163205357692386,-2.19020132812546,-0.247219905422836,
,,-0.578631078645989,-1.23250387547338
,1.6641564849145,,
-0.265342733295722,,-0.816029178286768,
,-0.167316349196695,0.602106899009581,0.274905129587419
,,,0.203547255485716
,,,
-0.976873614932792,,1.01898997422917,
-0.273216955429388,,1.5647769253909,1.08052460656763
-0.345333580288122,-2.25854716147095,-0.416201996966429,
,,,1.27501919555257
,,,
,,1.60386128421946,
1.04706493489168,,1.62430489877973,1.37631639533906
,-0.816576563476552,0.872684626169034,
,,,
0.787606043660786,-1.43849185219934,-0.0792615163527088,
-0.594477483010278,,,-0.88460973613621
0.456318829076642,0.594130577963713,,
1.74418409412504,-0.885345894814894,,-1.17884503738442
-1.34251068086662,,,0.278319508421514
0.72420916681353,,-0.19012057756964,-1.49075266928411
,,0.018455707469752,1.26311806460834
,,,-0.655721533162344
,,,1.13993388167156
,0.6264212020129,0.671279787397212,
,-0.986192784105473,-0.194874400110826,-1.84684472624239
0.0198757838998294,,,0.732827005805946
0.584447830871561,-1.09846931403793,-0.518380631311892,
-0.197527824058765,,,
,-0.423083152291641,,
,0.94266302420415,,-2.06437697776663
,-0.0248272464210187,,-0.904682118273324
1.37841082692889,,-1.12563989741023,-0.766107175748276
1.26146847671117,-0.704851934827732,-1.30000112742102,-0.674884516670661
-0.647407029764523,-0.596892828380924,,0.821668681358054
1.56889017974812,,0.565205088346731,0.448446704476896
,,,
,-0.777591929002553,,-0.794987807782
0.892124362277247,2.6529181494507,1.64726269757525,2.26997750120935
-1.01261509627113,,,-0.778023630041371
1.86411813793255,3.58202388632224,,1.53631005719802
-0.5936631914962,-2.98376311903674,,
-0.360558619329931,,,3.25256411915148
0.511570775289022,1.2066369949639,0.391570765949862,
0.103141817684016,,,
1.68308408170103,4.37164434556124,,
-0.734866705641252,-0.962768692175494,,
,-0.88537370213132,,
0.263265192295681,0.496294502943611,,
0.56358707830839,1.01098350664014,,0.655038972836217
2.92890073765466,2.05606398962315,0.373988183729635,
-1.30002668088558,1.60542622941612,,-1.62078380621218
1.11674868817054,-0.396702933539647,,
0.889579274958517,,,
1.10273386310226,0.90028648575316,-0.482238295337088,
-1.26904616094272,-2.80581757595722,,-1.24836587893249
,1.31018366209402,,
-0.495790294461392,,,
-1.75314656659443,-2.01522406165263,-0.4085335160356,
,-0.067690798083969,0.22471704841063,0.216389666802814
,,-1.08832683137102,-1.36541919136826
1.63771480212514,0.838736840805721,,-1.63191694833263
-0.707736848552588,,,
0.897975810526054,,0.32584736769847,0.954520006147365
,,-0.347422964259821,-1.07909408090982
,,,-0.281109353234904
0.538171974115534,0.381801994704039,-0.77789747790894,-0.965420447409124
0.556373474234109,,,0.508748154816517
,,,
,,0.565973475728729,1.13516126610577
,,0.496481801620282,-1.4284770444857
-0.239429939410603,-0.129984466944151,0.768580544642106,0.73384006473531
-0.885321526657093,-2.13741996484316,,
-0.174061043295515,,,-0.220030311890252
,-4.19221136367433,-0.98569291260685,-2.91998984577634
,1.5581235526923,1.0900158278812,0.812902183682081
,-1.55761155565932,-1.84160516189901,-1.32398042444102
-0.245289947053769,-3.58384009510402,-1.92729341246533,
,-0.617959207403771,,-1.50068880930966
-0.619107782374149,,,
,,,-0.310362322153408
0.863847975957668,,,-0.749956465794666
1.32097499885475,,1.05589188191053,
,,,
,0.294599244539997,,
1.099134416359,,,-1.40041090443427
0.319835560866633,3.07177040560003,1.19972933370768,
0.331826954305442,0.188322943700019,0.0174246634714838,
-0.260038290356082,,,
0.0998192539386361,0.781394188867064,,0.173681069155857
0.00724071688079461,,,0.489504300089122
0.576012131181961,0.922894074244796,,-0.241274514581744
,-1.12411312709613,-1.80095199467444,-1.07419234612855
,,1.13134055221603,
-0.0749796735619426,,0.662462098677329,
-0.459219901074889,0.0504718891369178,-0.299656492872603,
1.54810614854915,,,
,,,
1.2126046821893,1.90331790647471,,-0.511593413624334
-0.0104457896309208,0.198595982945447,,1.2639287704891
,-2.5734962387713,,-0.613595112610067
-0.544876099049932,,,
,,-0.511806631024453,
,-1.06730792415457,,
0.132514461575596,,-0.167580249143594,
,,,-1.22943587134567
,,,
,2.52098074451371,,
,-1.24985591228173,,1.24370591205774
,1.34992935521924,0.553610840132049,
0.728954795421616,2.05331893033339,0.437346638095735,-0.996395359568816
1.20944426976428,,,
,,0.555795638085292,
,-0.0615599854209042,,
,,-0.749590418635777,
0.0622881857961604,-1.72390640057229,,
0.137638812385161,-0.987476117366929,,-0.00368084626025378
0.363314588085867,1.39282278488315,,0.760240741827204
-0.900476186439797,-1.66514546626043,-0.584518163162891,
,-1.47410993266418,0.0146894237073033,1.24287614894703
,0.205662995527006,0.572111135663056,0.332751508285707
-0.524178797619665,-2.12653371678684,-0.316724469335398,
,,,3.04335736739757
-0.055502568633025,,-1.31137460456492,
-0.794798686051251,0.480351364633369,,0.875862726523683
-2.23432499818708,,,
2.01752322047439,,,
-0.816473402087086,,-0.129988785132844,-1.11605862878559
1.02206117151421,1.8256820510742,0.277238363393011,2.94753388079559
-0.617647674785591,1.93806240868804,1.49631120257041,0.296904287542813
,0.472642937302162,-1.45969588924498,
,,,
0.601374805102868,0.728560687009963,,0.676348055763474
,-2.17438189874554,-0.371134607126921,
0.237677214798051,,,-1.76106139272367
-0.149309396415536,,-0.326244355448551,-0.577922650019173
,-0.0883731330535906,,
-0.331321204454683,,,-2.33784127927148
-0.388060670047731,-1.14152678732401,-0.170881369023441,0.867800763695883
,-0.697341753871253,0.336360660611148,
,,,
,,,-1.55635995316218
,,1.14795184242058,
,-1.86016837098539,,
,-2.1044626977212,-2.08237883906429,-2.85801343597712
-1.1963427433009,,,
,-2.39759153577517,,
1.0123873950144,0.0231637987966404,,0.463382495145686
-0.164407004838077,1.83768824542543,,
,,-0.881310291583059,
,,-1.28448675555723,
0.485923668062809,,0.195575938914091,0.997992660596725
,-3.04196472668645,,
-0.842351247454087,,-0.186670724339901,-0.827261421808659
-1.49321763791648,0.020385238956744,0.365728469898365,
-0.266922908129746,-0.39989218318444,,
-0.0378021283944908,,1.43125853418944,
0.08609396739403,-0.358270383284274,1.01713148954142,
-0.167913783865368,1.99401100629843,,
,,,
-1.27704373641474,,-1.58923834535861,-3.20716131449223
-0.295919836775165,,-0.142651141271315,
0.27580604991679,-1.08012386051863,,
0.187964744297138,-0.90192020056157,,1.98527156903421
-1.04871482146234,,,
,,-0.204979319666542,
,,1.98150870929718,
,,0.0815966702269022,
0.268663524214536,,-1.1072429493257,
0.852789539234794,2.41072729156739,1.00717742135516,
,,-1.88610518803513,
,2.24275005849063,,
,,1.72203390567508,
0.862933971331269,,-2.57307640391793,-2.64333925746478
,,-0.476128707173833,0.0569494013760382
,,,
1.14541061392117,,,1.72716582392048
,1.23953607143716,0.506037414864887,
,,,0.225276856831921
,,,-2.54587524591002
1.33516981321616,3.09735925788516,,
,,,
0.743183126429956,-0.858014038255143,,-1.72815944384151
,-2.66063158692274,,
1.42108869022006,,,
,,,
,-0.836714570852652,-0.945278743161821,-1.42505383789341
-0.754740241638122,,,-0.439261687753665
-1.29828942974782,-1.91787067889439,,0.534827800093191
-1.00994800667889,,,
-0.442255356623107,,,0.284984082477951
,-1.29868277787541,0.171590308036425,
,,-1.0525896627241,-0.590458501565697
-0.535742096095451,,,
1.97806561213558,3.46533130260044,1.43560377330175,
1.09974633988314,1.15044246038511,-0.966340474381154,
0.508279506349271,,-0.397996781263615,
,0.312389462915065,0.198706668239593,-1.58499764668484
2.01685395284189,,-0.0515191077553239,
,,-0.573371555805397,0.544345785112991
-0.0368637196963349,,-0.779553283845342,
,,-1.06948418942537,
,,,-0.392429646784224
,0.417680181960486,0.980878790345334,-0.162653404095933
-1.01552629949096,,1.66037130025731,
-0.00772866548853936,1.21950919123021,1.05587236721845,1.79412650588909
1.07727289261698,2.34737791441146,,-2.43877475352518
0.0816606719445841,1.35293231388927,,
,,,-0.577799598620497
,,,
,-1.40344286617141,-1.22388122857905,
-0.249282077814207,,-0.104916844906647,
0.690309080939519,1.54010380286789,,1.01207695885687
-1.39513134972696,,1.05123475069176,
,,,1.29186590043985
,0.342037140502808,1.16814598967627,
0.26872572369192,,-0.651498588328941,-1.98413929087567
0.177304050453375,0.135166540477764,-1.48392232756149,0.047337771000185
,-1.78288560147497,-0.898074330119716,
,,-0.345535567161159,2.07043321936099
,-1.40074212573339,-0.601167548760639,
0.893944506694481,0.775234978276342,-0.0378119927057446,0.954213859440734
,,,
1.29769183878719,,,-2.52080953560884
-0.252828866522159,-0.395843479499274,,
-0.741781006315799,,,
-1.06294924266973,-1.71082600371469,,1.15508573972526
1.07991563923797,,-0.51162587594071,-0.55329321440845
-1.53857567162438,-1.34781535578337,,-1.15023614975844
,,1.08492533012816,
,,,
,,,
-0.16074859865845,,,
0.0587806858326671,,,
,,,-0.55654162864545
-0.747674757079359,,,
,1.54992722904807,,0.106900291241048
0.661118609918134,,1.12276813943515,
1.64881936081943,,0.280410361212201,0.0095782448517005
-0.988746409880949,-0.0398557813250545,,
,,1.51902940050423,
-0.815205748637506,,,
-1.14736472262916,-2.38406626854789,,
1.98413193716878,2.89848120280243,,
-2.50954289457859,,,-0.185555484444706
-1.41180434505841,,,1.5690816358478
-0.759333968608841,,,
,,-0.0222006926523443,-0.938453914231545
,-0.906689303910794,-1.99739459437849,0.23063834838115
1.01481148496636,0.716424012175916,-0.388744875922984,
1.28079269441467,1.72491509379689,,
-1.04154107009828,0.414516147715912,-0.224558437082932,
0.225096459642073,,,0.446078380761128
,-0.196897682767962,2.00020968390143,
,-0.648161270637628,,
-0.874287165770076,-2.51483834956093,-1.0932060040351,
0.444844019071968,,,3.14488280155551
-0.994963863286208,,0.295731939554567,0.162982005017681
0.016892882113848,0.527128004348158,-0.451686720189212,
,,-1.2189542122148,-0.702550916015944
-1.07276863866058,-0.951057494577257,0.0855252494511631,
0.379612705422413,,-0.173847826476809,
3.27590829896888,3.32679139495665,-1.62450262670859,-1.53967385671436
0.0203573007436711,-1.34424467394848,-0.8730844121218,-0.351807078150526
-0.41621940371551,,,1.33163696283438
,-0.397835558294931,,-1.12856035136109
-0.360501471386532,0.607859417583424,,-0.548933220218344
0.168806737963375,-0.0249436149052891,,-1.37621700121584
-0.871752081481623,,-0.142644596681776,1.59979851371574
1.52163774372306,2.27560871972449,0.0474548844579296,
,0.692710906376594,0.224360753260357,0.499629565689467
0.923412639155038,2.10434924913007,0.524885054739152,
,-1.15438175867355,,
-1.08934616679036,-0.700950875039978,-1.06020950300935,-1.64163596524555
-0.936922309126624,,-0.895765004328872,
0.328528060071521,,,1.37383491091609
-0.479894028302119,,2.73260131125037,
0.511160572434252,-0.386688480819264,0.754463474292794,
,0.976433131530816,0.788136560273516,1.77942093253351
,-3.08137515971399,-2.08640497957343,-2.74645350781717
,-3.23025045094868,-1.15121853863013,
0.702752335304327,2.10759256087564,,-1.25269370663292
-1.84553238616542,-1.9512333271426,0.0242826737977472,-0.275447940973379
-0.0183323638780197,-0.475463266120151,-0.489142712497446,-0.779828437004185
0.470499873769073,,,-1.26008758411506
-0.794856573566363,-0.728755565564912,0.161272810914354,
,0.253083382601281,,
0.218127441659153,,,-1.02782836076029
-1.60975859972385,,-1.07109282584719,
1.56194118142925,,,
0.310591488256536,,,
-0.27616570209019,,-0.842126692629919,
,,,
-1.25021542760217,-2.67417548097396,,-1.51150607710668
0.00167062410266024,-1.56136623797082,-0.641855620959978,
,0.718117540709821,0.227308850322086,
-2.92129601548532,,-0.0776028203462781,
,1.39651786252985,2.48745837144904,
-0.690619496498588,,-1.69393903576622,
,,0.11461846737111,2.6126865041723
1.11319335478242,,1.48231893295382,
0.147656116917149,,,0.469359098383239
-0.802166501068598,-0.123813280671973,,
-0.0767884500373738,,,0.389056962814947
,-2.25831792574377,-0.371193071314022,0.166280691811483
-1.00850275646813,-1.51010395341081,0.399144177206655,0.923348750500949
-2.50340650921739,-0.892883331374066,,
-0.260967108399529,,0.312065852203048,2.01813676559461
,,0.107395239839245,
0.271445584725597,,-1.18232107698533,-0.99840228376685
-1.04858148838335,,,
-0.468447377427223,-1.17212017160919,-0.787978110499617,-0.411806295915657
,-1.26619515329833,,-1.41055998307927
,1.21566023113547,,
,,,
-0.321164122841576,-2.23106857110948,,
-0.0527015529236533,-1.18944611866753,,-1.124845242267
,-4.2111831859706,-1.91549547877921,-1.17116560672205
0.0389199961692448,0.738912140120693,-0.132737310969788,
0.404575344064249,,1.1728148308075,1.5933018411589
,,,
0.214650211509929,1.06470539316956,,
,-2.68329955022534,-0.744839865849363,
,-1.09459377817993,,
-0.327269178646847,,,
,-2.985255052575,,
-0.301435860098489,-1.77654697904077,,
,-1.42165191810633,,
-0.955436016833875,,,
0.0213242036088949,0.350158622291334,,
,,0.838028336604986,
-1.08167529695,,,
1.81414609935703,1.58993427137526,0.24701780829266,
0.774055477159116,0.164022777053469,-0.867323795921959,-3.08974480060968
,-3.45558643229631,-1.20290122890375,-0.858701447129723
-0.237648907554613,,,-0.322549686793614
,0.475645079766402,-1.0539041627612,-0.0777905294555644
,1.04192448107619,0.712337655042217,
,,-1.84186355429631,-1.2779984363421
,,0.928350111501106,0.838951959438908
-0.579015605930199,-0.962414958039554,,-1.15949119969669
,3.25033032474506,,
1.11829159511152,,,-1.16749901701035
,-1.4076426471809,,-0.461671790036753
,-1.38987053921831,-1.08887848649344,
1.22618045720956,,,0.931698096904402
,,1.91699685898147,1.0794471961108
-1.97826432925518,,,
0.447248575383745,,,
-1.28776572578927,,,
-0.61217174670739,-1.14275540813922,,
,3.12143562801704,,-0.0786358205644369
-2.12211210045675,-1.5124812589554,,
,,,3.24585922869632
,,0.587938331582546,1.49306994900122
,,-0.567445232734065,-0.525008780922763
-1.4864914283609,,0.254040812792605,-1.13486829930318
-0.301931767961413,-0.869013588113156,-1.08606489012377,-1.29226409551575
-0.57346530372923,,0.192103001719132,
0.310873621923446,,0.27211210375875,1.23459856635233
-0.621560704330828,,,-0.146620689155439
-0.701263342394065,-1.50383727888292,1.53543765931332,
,1.09122413123631,-0.795874045819981,
0.495845057791496,1.39675498659208,,2.05866122770873
,1.68985584146674,,0.729743528057671
1.06539199491243,1.16661854610413,,
,-1.94528353743048,,-3.07423065996757
,-0.373261316666192,,-2.71597163808545
-1.32473847060709,-3.6739896855664,,
,,,0.187509989281159
,-1.69374416533006,,
,-2.13767542334232,-1.18330530726189,
-1.07342867377695,-0.0237423078047744,1.44336277768441,
-0.0738147669924104,,,
,,-0.899291740750779,
-1.49987005889833,-1.49950464634145,-0.69909185782357,-0.448458060266375
,3.69161793216097,,
,,,0.0343612901802424
,,1.22358326717325,
-1.2351754910404,,,0.313067554280256
-1.48467683482397,-1.20934733491231,1.12677554081716,0.729986035003601
-1.50352648318506,,-0.414280591942555,
-0.446322503252161,,,0.816170341350378
-0.106741582463604,,-2.06042852871508,-3.26380297354298
,0.236207375792324,,0.864739638649835
,,,-1.42467678160205
,,,
1.10109146783194,2.95280631396841,,0.583087429393915
,,-0.342760324250598,
,,-1.12196278447308,
0.713489787805379,,-0.311611952870853,0.612147882149308
0.556979381175099,0.0268377757331781,-1.75695822943811,-2.61381077133114
0.117951165076868,0.707177402305671,1.15802562080894,1.05376548601821
,,-0.842792115497977,
,1.20059413565029,-0.789866113399731,-1.01434948261988
,,,-1.35511260437999
,0.794112201309235,,0.65434402713181
-0.550857321607034,,-0.221865931475959,0.0274234954300706
1.38481651121209,,,2.6432746145629
-0.165597496145851,-4.21439335590995,-1.84097842458452,-2.02312246733661
-0.232804343394382,1.10481143652298,-0.0661110517808991,
0.620238400325893,,-0.520529114941408,
0.607284523395547,0.91526803375081,0.45563791532845,1.03107761067153
,,0.295568785838523,
,,-2.04351633804657,-0.903213415366988
1.0078264999656,0.122488571245085,,-1.06766611977545
,,,-0.737672084851635
-0.479974314822132,,,
1.26728853859005,,-0.882248273420298,-1.03949562094585
,-1.43136688571215,-0.0785816899498884,
,2.70819445922085,0.853750348208348,
-0.895166995835912,,,
,,,
,,,
,,0.163936816234228,1.0525717963461
1.9314386274796,1.65380866031674,-1.00472973834651,
-0.76021714261813,,-0.204216872043378,-0.781609263396362
,2.14438528349175,,
,1.68332858582348,1.23772598020526,0.783155353799925
0.0249343251746742,-0.184907312191473,,-0.982768628094664
,,,
,,,
,-0.123126814617483,-1.0138509277509,-2.35378307959544
,1.82721907352759,,
0.134274228321053,0.983950573789237,,
0.081714883783497,-1.15627588426942,-1.01747030601825,
,,,
,,,1.74385756489176
,,-0.397079187114098,-0.0419011157463469
,,,-0.582435756145484
,,,-3.04668930568526
-0.892317444171541,-0.779980312477401,,
-0.0526610312211097,,0.858976945988148,
1.78378200048199,1.84740278425647,,
-0.351007069840009,0.387682408094887,,1.3505117751749
1.1273350100928,1.40791544150189,,-0.679388114724239
-0.246389111883029,,-0.0752362106875648,
,-1.26984701152104,,
,2.26292636146048,-0.670916768081512,0.237043552976435
,,,
-0.648398617928522,-3.33934967277525,,-2.98017370535439
,-1.32911029900527,,3.02947312325345
-0.513088192302024,,,
,,,0.560796425832443
-0.465406094777788,-2.94443268694121,,
,,-0.84255233201743,-0.360816841573909
-0.240403654831488,,-0.635193752369467,-1.88200703158471
,-2.361588030239,-1.04328569193561,
-1.89609645076539,,,
-1.0102355300278,,-0.363602883068888,-1.13008443615797
0.00741535359866215,,0.447363839598365,-0.372302897450928
-0.496765687212136,1.20779225028299,,-0.486123260230671
,-0.8871397463098,-1.62884810290013,
,,0.328325736293964,
,1.10151526382659,-0.171461689204862,0.64629022732854
,,-0.973807094241863,
-0.597874523412628,,-0.868962505965223,
-0.174148350015402,,0.0905486798821877,
,-4.20459062031059,,-0.639233247524257
0.547558010896929,,-1.32504220363782,
,,-0.11009798564606,0.564564820497021
-0.444936363904856,0.25180435026135,,
,-3.48936876066888,-0.664778676464408,-0.213066544866448
,2.49461997738964,0.964851801412582,-0.553412084581249
0.425828084013383,,-0.0684163175259126,
,1.07484776407965,,0.826622617403271
1.0494802263222,,,-1.80892855758072
-0.819797433180351,0.220429240118847,0.872492468459768,
-0.738381470699821,-0.11258779817729,-0.26805394055823,-0.886268794896096
,-3.17428981057493,-0.509191708535937,0.558836309228631
0.857547675178483,,-0.496359786771354,
-0.459581093044728,1.92436864833827,0.627262389039944,1.34880703880086
-0.797742789296458,,-1.63908827905509,-2.02964566805935
,-3.48722138756574,-2.32942487485566,-3.68853836769984
-0.19097574869508,-2.28159291358819,-1.76328372712179,-1.01002628424738
-0.635335873067093,0.287486718810648,,-0.27868409196595
,,0.241951775251666,0.0248246619554227
,1.13620506425482,0.973443420189088,1.34282550976162
,,0.454480501159308,0.806585558817422
,3.89407597305542,2.31461979027597,
1.81636425818632,,,0.840739917524292
,-1.51656417317691,0.00930747506987078,
,,,
-0.616188357010355,,,-0.32253019156181
-1.20180700028455,,,
-0.301643044859894,,1.79179425811162,
-0.593128760821164,-0.102880117864306,,2.6714627559447
,,,-0.134079343966905
0.372835782644859,-0.403191776995866,-1.81513669052228,-1.90374229148225
-0.447169999700267,-1.1734295682724,-1.5478637038517,-1.57725691823078
-3.41378800539887,,-1.00758080387474,-0.213551495450674
,,-0.266456117208721,-0.447004239521373
0.188237618848249,,,
-0.0706717227085059,,-1.26187715317109,-1.79032345703146
,,,
-0.450345071082317,-1.77986288057514,,
0.952372185422378,1.24686111750549,,-2.37935945166718
-0.338939735460729,3.26945450319224,,0.580685091384457
-0.458743467606728,-1.51656428960778,,-1.50145917343776
,-0.781968763417223,,
1.19278655796072,2.05630396830748,1.9122661796124,2.89550147519431
-0.418907825100109,,,
,,-0.598247601020043,0.472324240778697
,,,-0.0748885963265999
0.129867723949724,-1.33479870840868,-1.88976907793217,-1.9135847125632
1.74349207373836,3.63503806177221,,
,,,0.79474274661089
,1.69711246147912,0.0233895828590145,0.519760740807133
0.466623055006779,,-0.484962551203514,
-0.211607446282987,,0.823615772793469,2.34208928102584
,,-0.0224723468015048,-0.186015270815764
0.749030435261853,1.95566855885711,,3.49015458148402
0.14488526106311,1.46417313581307,2.91743983625458,
-0.518783170964857,,-1.11428345494951,-1.08735823493493
1.31128160759596,3.07499275424337,0.0449555502125278,-1.35076982501038
,,-0.491499664493487,0.169190267068181
1.20996051140149,0.0134251059559454,,0.183275739761695
,1.44819837857834,-0.206190824445724,0.146178951907905
-0.762132555077574,,,2.67230915412822
-0.25495445083938,2.10448926564737,,1.27896540196953
,,0.714328566965794,
,0.137174792189279,0.362643662425708,1.24161483855232
-1.77795578375836,-1.83627070252608,,-2.0761380593416
,,,-0.894065544011021
0.15435442317656,,,
-0.61828724139115,,,-1.41294465061049
-0.0232465159936248,,,-0.82142572307374
,-1.4812383517749,0.716672136459729,0.110699062150274
,,,0.0566513845803269
1.90225048050644,,,-1.40374423187026
,,,-0.852331998517172
1.73234970040474,,1.3511612455984,2.31750153501818
-0.14686955337995,-1.55735521244754,-1.96784648453447,-1.55459958984747
,-0.74649063715145,,
1.14748961195064,2.23424617010087,1.1774054428478,
,3.2674486855834,1.16011302564375,2.08285369747606
0.801037474987433,0.461207283834385,,
-0.135261291562419,-3.20537530693431,,
,,-0.163100883643463,0.764541821855077
,,,
,,-0.631247703551547,-1.50881063487083
,,,
-0.367948182290832,-2.17795872852483,,
-0.920185436988979,-0.737970882888731,,0.767115670201203
,2.16622624260953,0.0950198921459256,
-0.7378562051922,-1.43010661260351,-0.0553698695640779,
,-0.605367044351172,,-0.590718939625863
-1.86080985001404,-3.71313378161711,-0.0446659771496857,0.00405344780977835
-0.643701923640257,-2.63871085145742,-1.03094555703188,
,,,-0.718149794685976
,,-1.54757441672894,-1.08939537575212
0.81644111260158,1.81870030516936,,
0.543143182334588,,1.88545643130557,1.1852815901043
,-2.08857800601896,-0.633635940130597,
0.85936046537701,1.76566640245002,,
-1.0216920662398,,-0.232688889682561,
0.712890392058031,,0.714488212441339,
,,,
-0.0315592041167918,-1.85249167833167,-0.802997529543349,
,0.427756147470209,-0.33539666968278,
-0.326084831299733,-0.732408172123725,0.694615615989112,1.81728747481928
,0.739016261872731,1.31728960607412,
0.572953053492816,1.77110916958134,-0.012350983631076,0.679978985913694
,,,-0.258918544438411
1.51788812497892,,,
2.82471876434655,,,-1.68365729265985
-0.11273842983908,,-1.44666363859372,-1.82078677505085
1.32946118013757,,,
0.692659114556169,,-1.46633133386098,-4.25998549715639
0.0699438598690893,,1.00264834589345,-0.081746675036183
-0.0528378442452677,-1.51108919639181,,-0.434362045797909
,-1.93160061406343,,0.663498103914352
,,0.431081459507958,-0.629845962729517
1.03704135567893,-0.814357053290966,,-1.17879445097822
,-0.964208648261383,0.262697724498057,
-1.20125122199509,0.242846667863372,,1.86761501812391
0.0302883523965746,,-0.206698775113228,
,,,
1.74067850954298,0.357657140732932,,
-0.556531541211859,-1.54506979093333,,
,0.343344797710732,-0.22169489388339,0.121911113877777
,2.90439284400746,0.349983697964523,0.165973938503297
,,,
,-1.61525314306718,,-1.49438982632872
0.348797683174704,,-0.443210834243366,-1.87208405916531
2.37772781695755,3.43201113565622,,
,,-1.86337471067619,
,0.382774635904856,,1.09745942100211
,,1.11072247518569,
0.0590779960324681,,-1.63338801693691,-3.08245087179386
-0.388849858802789,,-0.395222493901185,
,,-1.27014915256884,
-0.656089810469421,,-1.01121498561948,
-0.134651472082506,0.372900640998539,,-1.25121491525504
0.675957695557538,,0.617429867398381,-0.527899209480337
,,-0.358841148138926,0.847581557335988
,1.34680872393682,,
,-0.857824212462977,,
-0.830233284077037,0.41580033983633,0.404363835124735,
,,-2.20578002376702,-2.11276548869535
-1.57446266611955,-0.565511392661155,2.0769711811719,0.435639200755127
0.190549121736647,-1.1097027733345,,
0.921528665264763,-0.385199281722614,,0.314787298296483
-0.131259521885002,1.71949115470316,,4.4534073152623
-1.64039657688756,-3.57497095353905,-0.648293632315276,
,,,
-1.30009160756557,,,0.72419181828152
,,-0.11598606511857,
,,,-0.489085952361144
-2.04270308488149,,,
0.851778688270516,,1.51421520678201,
0.259731150608054,2.6589411966527,0.525313704656586,
-1.16420771092819,-2.70829346444215,-1.07769835705223,
-1.41205936785437,-1.22925246784173,-1.12148496559817,-0.96580619673526
,0.516372192076013,,
-0.536864238027104,,-0.261259244092064,2.03401723163028
,2.03725568580379,,-0.0218828353412407
0.37954174704255,,0.0200851846906928,0.280392892960924
-0.957402357649547,,,-0.757215143119414
,,0.289049212009349,
-1.39128503779909,-0.286359487744643,,
,0.271446968152162,-1.56370325857088,-1.4142527934972
,,-1.09166863945352,-0.385381681665278
1.43238382539799,,,-0.395727970307159
-1.01678362381117,,-0.391577082137115,-0.382696816073947
,-0.303940986804873,,1.06984321545895
-0.51039563761724,,,
,,-0.780475357767851,
,,,
-1.22479236693125,,-1.17557660741971,
-0.949700113905872,-0.263620493036753,1.24313347950026,
1.76588815502968,0.661278535407502,,0.187516993442961
,2.46753103370462,,
,,,
-0.762261487874152,-0.666378460820059,-0.218458507992251,
,0.569773542802568,,
,,,1.42193827873837
-0.275673844522837,,0.292746160937001,1.20858840258137
,,,
,1.39433139438716,0.0972902823109277,0.228856089557515
,0.353268356083747,-0.498144098111834,
0.770283963799983,1.9314879853693,0.734464593552873,2.68949730207107
1.7952032108663,3.20327768738689,1.02223160403152,
-0.0604490891555284,,,
,-2.83398736360781,,
0.210473331204397,-0.58919577179603,0.220766908797648,
-0.0368396637641501,,,1.25720903277343
,1.26822688431145,0.0883358188135823,
-0.0573442273899277,,0.532090640337817,1.89505091994663
,-1.90600089362888,,
-0.0889101522186457,,,-2.03626220492808
,,0.290894451404202,1.18431211984552
0.569933206854661,,0.901408004500207,-0.687180184438302
,0.657421418630318,,
-0.113843453185286,,1.95150302105273,1.16671863148786
0.552905906109517,-0.617792225430291,0.166918391090672,-0.093198570209473
-2.02956006594939,,,
,,,
-1.49767184123777,-0.72626875605223,,
-0.405455694608118,0.706182326578391,-0.0288844007344063,-1.02323828664014
-1.4002913530797,,0.092070217534539,
,-0.193973068439178,-0.0976976204213846,-1.01197254422336
-0.688711859938011,,0.316401970764476,0.862833666719435
-0.488652300491905,,,-0.0609617113525852
1.23530940701422,0.815465879646028,,
,,,-1.1474884875688
-0.34256835679028,,,-0.182031219312368
,,-1.20197537413967,-1.48606415540895
,,-0.0864258115057057,-1.09111057108132
-0.373347873955579,,,2.33135429479141
-0.705913682965425,2.34735426806949,0.426012073918822,-0.499717150137809
,-2.65067697190468,-0.145373592542156,
-1.11948448426382,,,
,,,
,,-1.9177190794625,
,,,0.525723868187595
-1.04530027352358,0.496651013892698,,
,,,
,,,
0.445657890350966,1.78463714377825,,
,,,
,,1.29349091401264,
0.177940680194105,,,
0.999695919546675,,-0.813553910527838,
,-1.52001324325829,-0.770464180162472,
,,-0.299332694218272,-1.28796099813332
,-0.0295920014627151,,-1.69034324939849
0.652135057033228,-0.665728571776302,,
,,0.0173709166986136,
,-1.06254756991233,-0.764610218433043,0.0524671750070287
0.625164879333557,-0.016796650478403,,
,,0.308448678189274,0.389474195065593
,,,
1.41211395332358,,-0.549256439543039,-0.730070920612166
,1.36011511484352,0.163721844039022,
-0.192449574686267,-0.945077216408419,-0.329993250963014,1.44283661021949
,0.640780220492049,,
0.876163568296054,,0.185735166952816,1.0418425283936
-0.758346497140262,,,
,3.32100445034085,,0.808143954559448
,,2.36791951648601,
,-2.13389390380474,-1.38020093327572,-1.63066519124846
,,0.436184856462801,
,,,-0.190372444334052
,2.43292304106805,,1.16683550440722
,,,0.566545942288544
-1.2179748564802,,,
,1.57141215289119,-0.82474622687448,0.741782386693563
,,,
0.56842903856661,,,-2.19202119284962
,,,
-0.969959941777926,,2.07802684511773,
,-0.267022175195943,,
-0.0234472743614127,,,-0.586156725520061
-0.434144699174267,,2.54613464983395,2.43151758498415
-1.9943340021324,,,
,,-0.0502883907925359,-0.748958306789108
0.490276565726803,-0.739208353370484,-0.972684057559024,-1.45539841806138
,-0.700986446050627,-1.41005081263475,
1.14515302024812,0.964927368639311,,1.65443885781702
0.713769665749411,1.45811005282343,-0.364356598185513,0.312623183398278
-0.201678825773981,2.264786923863,2.2889003061225,3.80135189775624
,,0.0095757515485495,0.515283071693406
,,-0.205743451289169,0.385396949779265
0.938766216362923,-0.761559973057939,-0.551671921422647,-1.58913536536905
-0.603470494839364,,,
,,0.0229964640249002,
0.92823300523863,-0.550641570394499,-1.86580459746714,-1.91979195987868
0.359090462240704,-0.0860622781193525,,
,,,-2.50030795074841
,,-0.662661921239222,
,,1.64593570478255,2.64703614505796
-0.276737825839425,,-0.10608024294701,0.842666652246447
,,,
0.139424305372722,,-1.42181628170289,-1.58833941549694
,,-1.18445152251641,-0.375109530487252
,,0.869952123084035,1.34216517398325
,2.34499429266307,1.96412540585728,
,,-0.230427782984423,-0.115428586695214
0.0555095428648723,,-0.223300433766498,-0.114247542353958
0.541030164477047,,,
,,,2.35103016190038
,,,-2.0700271215195
0.0309730324517755,,,-1.00987399141849
0.458411654341046,,,-2.08338460676974
,,,
,0.996312236468982,0.608540921148067,2.75479006151535
0.391491958293694,2.58086743015162,0.681367632138071,
-0.886524893523497,,-1.13888836193672,-2.43018324067375
,,,
-1.62758816223906,-3.51873082071083,-2.36139678422805,
0.910026353420563,-1.47954450099662,,
0.684047217263731,,-1.27622165242252,-1.03015004530014
,-2.40234900617503,-0.172053163212516,-0.694620764589155
1.68793300204711,3.59767510060346,,
-0.548234524405783,-1.45899537594281,,
1.27235101713631,-0.0557005775085729,,
0.701140119543595,,,-3.05751247777752
,3.91771131607846,0.741522649934826,0.448080173464185
1.26903037115332,1.28457116473042,0.281298197319712,-2.03334313511404
,,,0.00465057202193786
,0.172066325563846,,
0.533985835716627,1.54094304201837,-0.299939904510164,-0.229389112116979
0.863510790207517,,1.84797064361176,0.749474366426321
,,,-1.36569493789321
1.20037462254049,,,2.37190762275268
-0.140391418142241,,1.13044068015394,1.57632809439648
1.7700780657183,,0.50512597914504,-0.494456088540424
,,-0.760360995273216,
,-2.46977340958838,-0.862360243723407,-0.770395274566353
1.27519729484828,,,-0.0632247300333664
-1.42251331058624,,,0.506227218434868
,,-0.540254329634918,
-0.848389891350233,-2.40725783842027,,-1.51384931074243
1.30756902051937,,0.33475881918338,
,3.88014898945362,1.5243861175434,
,-0.247626395499772,1.49789407936402,
1.06610268437664,2.29977592314387,,
,,,-1.55217823624507
,2.49366302051125,,
0.911637479950543,,0.825682848460633,1.4026736805073
-0.507134896840544,,1.6736253173159,
0.267385200686626,-1.26066121951011,-1.07286631790879,
,,,
-0.351222832836138,,-0.231853058632104,
0.846335475711249,-0.150122700415507,-0.312927065036318,0.119770206188515
1.01884847499035,,,-1.29689832964918
0.594545830481905,-0.942529670081926,-0.305298643580282,-1.23409229534745
0.246856797447293,,-0.202213493300241,
0.748586771913576,,-1.06886969830134,
,0.428727473502694,,1.82081876972738
,,1.42059922358347,0.741517140388692
-0.912534514450111,-0.377017375218706,,
0.351892765401576,,,
0.0627806044708449,,,0.22985709799774
,,-0.60626069032539,
,,,
,,-1.17107399664689,-1.98528157578775
,-0.348647221063193,,-1.63435600906904
,,,
,,-0.4406001829275,0.0911074242120881
-0.608092801083095,,,1.50413019466105
,,,
,-0.104844167414579,,
1.19161191262195,,-0.691130546125747,-1.63292454394576
,,,-2.68698678386874
0.0823008277314867,,-0.0753046181409911,
,1.30917920573982,,
,,,
-0.995189766402112,,-0.0371615085261629,
,,,2.51141458552087
,-1.43949893430741,0.571611324643545,1.32026810004058
,,,
,0.105646170327195,1.29184835562664,2.60018016951104
,,,
-1.34886543032903,,-0.0695829719516734,-0.822093596041619
,-1.80551559779251,,-2.70877537404839
,,0.648538421184901,0.837392878602761
-1.2836842868083,-0.00760403404567667,1.02043028839209,0.831834234059413
,,-0.864741925239232,
-0.928706832667332,-0.588080431424112,,-1.63256625639269
,,0.922355236109168,
,0.813499531115657,,1.21014518486216
,-1.00579176658077,-0.571301131124708,
-0.552189300181318,,,
0.948999857957505,-0.464656029718214,-0.487398112748918,0.918859734025164
,0.96040011502055,1.4645748105576,
,,,
,1.22483380511349,0.504975780322106,1.2970123110131
0.380701291636888,0.0547369172525066,,-0.469632108284188
,,,
,-1.48060299911534,,
-1.33193696954301,-1.72987041774635,,
0.260900204202877,0.500114007406836,0.187950006879164,0.817981229150981
,2.70919411382675,,
,,,
,,-1.23767086234834,-1.21699207495481
1.37485903096621,0.403535449952374,-1.07268351692458,-0.818320457060252
,,-0.418472564249598,
,,-0.44795607247478,1.06559388990022
,,0.992205516652698,
0.409670706675348,,,
0.688855928032327,,,
-0.855891535546151,-2.81896306937018,-0.914893015895359,0.220249203256916
,,,2.26002875832597
,1.43701060081142,1.63375420707527,0.750652859356385
,1.3382035837122,,1.06378778056101
0.857132090315397,,,
1.6366827702832,0.673745724253064,,
,,0.365746524496763,0.487636490158935
,0.271718576495502,,
-0.814155313856356,1.1532693068619,,
-1.28899268625967,-2.48306684542272,0.144000725730919,
,-0.739506300335065,0.510095666692215,0.333284597749514
-0.37715379660842,,-1.20502877578361,
-0.480849572450868,,0.430442038260501,-0.817458842549154
,2.00943777098709,,
-1.62619427460619,,,2.02223849787245
0.15895716488783,-0.930245334816706,-0.396811373697923,
,,,-0.928620879140294
0.657259424329231,,-0.347286638200746,
,,,
-0.839800257326232,-1.13399408018574,,
,-1.6717429152915,0.0974617833639671,
-0.215953934243082,,,
,1.18455257695369,,
0.117762836397598,,,2.13517841245489
,-2.38718474507659,,
-0.64970096402558,,-0.0495825460273973,0.120301374987937
,,,
,2.98049252378026,1.47856799797739,3.37397328935832
,1.66053770237408,,2.0761906403453
,-0.833031667814273,,-1.08303389135688
,0.0738840898023114,-1.39905676488581,
,2.26824804212971,1.46886144617305,-0.469069923889917
,-1.770158682283,-0.118994337869537,-1.91525097341516
-0.727277841774519,-3.51364353265073,-1.64693410392319,-2.46035839659415
,,,
1.11576331613128,,,
,-4.30111641186348,,
-0.58022373327872,,,
-1.90342670044957,-3.68494104428967,,
1.83669092425245,,,
0.139266047194824,-2.21333991246481,,0.912470892252639
0.438840687184399,,,0.888842991972542
,,1.45660921945635,
-1.55689603224039,-2.2301415057635,-0.522689805445223,
,,,
0.881420659715242,,,
,-1.33949277571777,,-1.02458276680688
,,,
,,,0.0592675162926545
,,-1.26837474223077,
-0.905791592082889,,-0.908138743106937,-2.88243201937795
,,1.70428783465809,2.04477415737399
0.788320444546589,-0.027283361370291,,
-0.883609685930349,-2.25382029676031,,
,-0.208881768940461,0.362479082224516,
1.93266550607338,-0.441259971549902,,
,-2.8152083419044,,
1.79234298282381,2.75693128614849,-0.0394423851075303,-0.0309080039738533
,,-2.19967192268336,
0.427162210957329,,,-3.78235737555839
0.523183759821837,-1.49386498026062,,
-1.17717025020021,0.0919443811174715,,0.650212175609672
-0.737138692521686,,-0.993438455803299,-1.5859067772568
1.86640407660091,,-0.302090416454324,
,,,
1.06054884200624,0.162636283942544,,
-1.63951326628816,-2.618506494025,0.138116595758025,0.374001098856105
0.93308721049449,,,
-0.302932622972071,,,-0.459997845599233
-0.175992828035779,-0.159585851802259,,-1.42620023911402
,0.575674537485877,,1.01884407652812
,-1.64498780112707,,0.121233164720155
,-1.04914186626889,-0.196397169446208,
,,,
-0.801618673004575,,,-2.3002784319731
,,-0.560052112225723,-0.970787730318605
-0.12193214611296,0.329912628833006,-0.566897889925186,
0.104269351971405,,-1.73260446976876,
,2.27679767140603,,0.279648996193725
,-0.0718590566989518,-1.5412292034536,
,,,1.74897198870152
-0.0793336611752511,,-1.29331921533229,
0.69011247269733,2.58239131160757,,
,1.47017161991437,,
,0.805136678467238,0.559243770497912,
1.15962044556114,,,
,-0.0403228129229996,,0.899976508908348
,-1.62819675621779,,
,,,-3.33767076183061
0.894698323521811,-0.39648889385075,-0.813109835846659,
0.144196262966656,,-3.41807587573758,-4.39948065502777
,,-0.899182162575172,-0.203806546490312
,,-0.546120525642571,
,,-0.244024510867427,-0.995803632216025
,,,
,-0.92184661723883,-0.332198576729956,
,-1.75458096374774,-0.802125324572586,
1.10692029336161,,0.365719938397748,
-0.0832283687795578,,1.10431380675725,
,,,
-0.716333972116772,,0.452853783470077,2.64791621620509
-0.130086492461006,,1.320357867585,
,-0.807931133596859,-0.523557493404649,-1.59404722088639
0.593445686826744,,1.0492264455266,-0.757432679596503
-0.915272823520527,,,
-0.31928401625837,2.16190756179883,,
,,,
0.155201186793394,,,-0.726030273740117
,0.312636649033594,0.0577221014146807,0.149865724816072
-1.29513325339756,,,
,,-0.767937763041763,
0.762910501226987,,,
1.67049800540912,,-0.597578710517734,
,-4.47834458352465,-1.17713856403386,
1.42507694536972,1.87534764319562,,
-1.02409117303114,-3.02177072287199,,-1.63603999999408
-0.186805476866261,-0.819111855233865,-0.384489467133994,1.3291673962019
,0.0172960353932154,-1.5608101171197,-0.185398446875474
,0.768379802934076,,-0.169855287259048
0.13964252633843,,0.723374899230889,
,-0.779295910902815,,
0.436839943393309,-1.64679349095789,-0.226061306623618,-0.835407350640586
,1.16127871127898,0.44421309426717,
,,,2.58662251773709
0.447833087822636,1.92030887871238,,
0.0970799341271092,,-1.8570714707407,
0.17098212263026,,,
,,,0.46381030482183
0.20285431550106,,,
,,-0.0845790809962496,0.763096128093407
0.315623451363177,2.11027960070065,,
,-0.942014530480834,-0.274065402545666,
,,2.37833829016774,
,,0.451641461379976,0.0886800453964136
,0.897543996120787,1.84500619807556,
,,,
1.95169632479286,0.291799199035192,,
,0.297969101485722,-0.766590902961389,-1.26447468305286
-1.40656942486375,,,2.80848125629306
,,,
-1.02953732673204,,,0.334521467713393
0.131430796048041,-0.278996691532272,,-0.577422785357318
-0.275341374300189,,,
,-0.888323098020222,,
1.86164249953022,,,2.26341007012978
0.909581324222176,0.341492053392567,-0.172966294246367,-1.74267852125177
,-1.6796403626498,,-1.4194497375184
,0.955734055388446,,
-0.747612474183573,-0.76361129540334,,
-0.649698500999308,-1.00539933095581,1.42169119004447,1.19581371175545
0.0244210991546445,-1.21202318292782,-1.24429867157271,
,,1.46343300901337,
-0.775319743901906,-0.0668327267307552,0.0427036066806432,0.723700178604582
,1.01264260118867,,
,-2.05574165590442,,
1.13423841676414,2.90747426590166,,2.23999497014871
-0.351299467301722,-1.53869498494823,,
-0.360930048877003,,-0.693512347656868,-0.231716339245338
,,,
,,0.994383834747057,1.28890206432839
0.61107487220231,0.0291965046063386,,1.05143577239528
0.364213066363244,0.0650929649536625,-0.788250528757193,-0.910266484381662
1.02507875746981,,-0.0884491097994015,0.104999327043431
-1.08426494447674,-1.43420514034383,,
,-0.281693023057914,,0.193136708606271
,,,
-1.44350387550395,-2.09324183008377,,0.736941649206145
-0.588157877094182,-0.556305055355591,0.744634291758976,-0.257371691478292
-0.365650302204967,0.208436491458699,0.319697842345895,0.0196259007774676
,,,
,,1.46500948387804,
,,-0.187352001789396,0.249344434172831
-0.964888832576543,,,-1.29972495753241
,,0.939383897572731,2.56691060454407
0.0181888905579539,,,-1.27339070238046
,,,-0.0696166160407361
0.991049481939802,1.5417260901091,,
,,-0.329197286846796,-1.10750992373146
1.79564472276236,1.04030012476163,-0.889315752819425,
,0.611538424640051,0.886978252044691,1.08512048801798
-0.492533775468942,-3.64940408561567,,-0.505335324910607
,,,
-0.583063862376813,-0.427951630950686,0.544167587447805,-0.322815210853544
-1.2492405101132,,1.01325804822464,
,-1.61130764202037,-0.79122076046639,-0.8224983196723
,0.506756294566398,,
,1.5872829285006,,
,0.43356648807946,1.10280787553047,
,,,-1.49198355903516
,-0.7209097841857,,
-0.637210777689725,1.22367422054641,,
-0.390916151927342,,,-1.34460603055428
,,,0.113584011350836
,,,-0.999116362868232
-0.611009337657888,,-0.00396910688779282,-0.453250337365005
,-1.2317456272746,,
1.42907164060281,,-0.775354613692115,-0.0663180404342759
,-0.467040456575468,,
,-1.12813795304975,,
1.03955625118711,0.336711135112116,,0.00390705676356373
0.0341473607128104,,0.73506934274547,
,-0.676425277050419,-0.515281401408341,0.98448897407826
,0.119549248342387,0.710855814910599,
,0.0368593597255413,0.65032325063708,
,,,-0.39275448300097
,-0.916194035884022,,
1.10391731154999,1.86602606240148,,
-0.476095658518777,-2.86260456014038,,-1.00402421182206
,2.80899619236792,,-1.03972069227388
,0.893977560690592,1.07319872539709,1.98185640182759
0.741050015880075,,1.1245305908807,
-1.79597414743215,-4.31184853514125,,-0.135907616621889
,1.49724202030693,0.842812762502774,
0.782987738818558,,0.145210343310721,
1.31355186271327,1.37158933560951,0.238094210644392,
-0.0557615967622082,1.37163111921034,,-1.58543285942011
-1.08483671576444,-1.72170141938028,1.43210865024359,1.65072632160668
,-1.33964088981628,,
0.754743335139541,2.50279558163386,,1.90347578608041
0.881568481851896,0.6877997648462,,
1.32965790105899,,,
-0.0663639011771357,,,0.12500414680764
,,,
,-2.49905351769469,,-0.928937619836496
-2.67943701237694,,,
,1.61011671265414,,-1.42003830103201
,,,1.33776946859782
,-3.96053805963608,-1.92256058622661,
0.137886340389489,1.87372826195865,1.13663796091556,
,,0.203503201127578,1.21650364287229
-0.8354309531182,,,0.799127689143356
1.39926477342309,0.897948867899325,,
-3.05812274638343,-4.49452340899089,,
,,,-1.46593304283399
,,2.4257905229045,4.64645535457344
-0.622156929067873,-0.797911235192327,,1.78290436813228
0.130613555640024,,-0.13132463373264,-0.452332288203262
,0.678270155128925,1.64898071331853,0.784697220047123
-0.533934670266231,,,
-1.38737201285738,-0.418470243133792,1.00753183035941,
1.59922391528695,1.10501984587952,-0.423975442238395,
,4.59721680065752,2.02282435867722,2.41262450266754
,,,
,-2.49134224289382,-1.7752421566842,-0.675868972079273
0.659389492006261,1.7675614300231,,
,,,
,,,1.02759885555842
,-0.561266440914044,,-1.44471844185969
1.63056369553001,0.276316385177567,,-3.28967135178292
-0.784991866770306,,0.157159897060663,
0.766974274773346,-0.121807218849885,,
,-2.15569386992578,0.376254090489054,
,-2.31004841536676,-1.27331396827991,-2.37070229831992
-0.0497915302407789,-0.183853002527568,,0.457643292457975
0.312162856591727,0.417174799511853,0.644673169305809,0.4094739186713
,0.3561901227519,-0.442829239552014,-0.385078347665252
-0.481422182887622,,-0.34057382442182,0.578835446512493
-0.0127098688594458,,0.843454212375377,
,,-1.13447214761389,0.197183606432954
0.418049833386118,,,
,-0.77092062110403,,
-0.220873079467586,,,
,3.22956461976446,0.470090764966645,0.999286974330382
,,0.050147199590671,
,0.0761519725980797,,0.357087813475086
,1.09164114500505,,
-1.21992060687378,,-0.504306423651245,-1.32726885909521
-1.31922847182848,-2.02902058877838,,-1.40037882275874
,,0.203782771733431,-0.474240047585283
,2.62665703218493,0.869668632683753,-0.267661756901162
-1.10488914382778,-0.556985638728843,,
1.47772473882889,,,-1.23256050713248
1.00795474851833,,-0.188871160099581,
1.7495283281769,-0.468460364812598,,-0.429858124953184
-1.20961677478583,-0.824502096892458,,
,,,
0.0981616161180647,-2.0555756649558,,
,-0.866409366885685,-0.201678143643271,
-0.845393596769094,-3.1904888814324,,-1.5296026615948
,,0.306301928538608,
,,-0.9829829937984,-2.71931259631439
-1.47455554188735,-1.95554932949973,,-1.32519232556313
0.0126818245993348,-0.897772905417788,,0.00795035251574419
-1.86405223996209,1.46390048528735,2.97858615635282,
0.885298128972816,2.70816803644929,,-0.773540731935206
,,,
1.74707400868082,,1.44595670099753,
-0.261999285583627,,0.515594677551374,-0.447380785945896
,-0.516206834742267,,0.216285401408596
,,,
,,,
,1.06319140541708,-0.507091745463,
0.923316479662903,,0.602686040376031,
,-1.84387575991324,-1.95312888145377,
0.456662527558143,1.23674493407332,,
,0.537865078690392,0.220334222120574,-2.16417011134374
,1.53622975242182,-0.50716149728811,-1.34797077913282
0.189341797037582,,-1.05293511904852,
,,0.616468365944328,-0.946543100900372
,,,
,,,1.05799195173695
,0.36784092556145,-0.594440487490694,0.130138521722703
-1.11978291354669,-0.538523470310968,0.618008247691914,0.952914351549789
0.600113097156557,-0.425385648477537,0.221289307681784,
0.798221759096071,3.14532015659511,,-0.971322335521506
0.18388078766323,0.651188172698898,,
0.323802972576936,0.634335175420439,,-0.416565358326858
0.650494424541274,,,1.18074743281884
1.58297954237461,-0.109244298911657,,-1.4960134372342
,,,-1.09638685751721
,-2.04067500153654,-0.727726484781033,1.78887877130567
,,-1.29748001164251,-1.28067195604548
,1.38958499958963,-0.731346212420461,
0.10267905941179,,-0.738982676066567,
,,,
-1.35119999550856,,-1.00797698839287,-0.0633833633944707
-0.455781033610067,,,0.555396594847274
-0.25083562434288,0.533863725173682,,
0.50534710397092,,-1.80457805151395,-1.48592916672502
0.654022286791513,,-2.35520028072367,-2.16718071764148
,-0.738496037922592,,
,,,
,2.60571636988914,2.43416459105867,2.71003342126476
,,,1.63162892798685
-0.258620547953787,,0.028546310648333,-0.287900189695077
,-1.98077986324001,,-1.65088168749042
-0.353161254132741,,0.175914572642138,
-0.99310543451176,,,-1.32337827136046
0.868923149602917,-0.0491876691644841,,
,,1.09745499258914,1.70034291972868
-0.318847782177853,0.23746938628152,,
,0.686687110310118,0.94745709410752,
,-0.70421362259767,-0.335896320904438,
1.06850860216333,,,1.83970970734093
-0.482179828056362,-0.956769417695986,-0.837048696105487,
,,0.950498316360773,
-1.81763578783656,-2.55562886611139,,
-0.278583121537628,,,0.00374054847626026
0.0677352549954399,,0.184464820570006,
-1.35069077014841,-0.576474656889996,,0.144071955234574
0.919474362433358,3.05332148069814,0.951079030743359,
,2.64937605230006,0.972880325434096,
,,,1.36820217835717
,,,1.50347380310557
,0.880934278240348,,
,0.292019374581008,-0.974648510707476,-1.82939304205021
0.182138332351512,,0.447400197514639,1.15377420540606
,2.16875544815799,-0.100564561744661,
-0.416552562330711,-0.758203978861566,,0.681079497538238
,0.0012727105661543,-0.539773232650998,
,,-1.48328990394388,-1.6034011182491
2.16178726647596,2.02636054520379,0.494745196967419,
0.0276192348576938,1.27188006493654,,1.53467445780506
,,,-0.476477527124667
-0.352602254408073,1.45753256287382,0.988150858899399,1.07688824177643
-2.08687798940646,,,1.13127740908588
,,,3.95963265849263
-0.136036680349748,-0.87602363113041,0.160956800529337,
0.0921926590068851,-1.6025792646828,-0.619827562168978,-2.45781624098868
,,,
0.615681632550622,-0.535181224718514,-1.13249965933039,
,,,
1.71313622188412,,0.388974489127709,
-2.17955076857945,,,
,,0.10515715596808,0.157319590545903
0.946646649354902,,,
0.692901377495949,2.45328205535026,0.0768260548458867,
,,-0.519379009472353,0.134307665736526
-0.147397246952429,1.99287943470404,,1.57037772447181
-0.287952706118326,-2.14151442495762,,
,,0.353270538529929,-1.24369835078072
,-0.324708066842839,,0.221773348670968
,1.74250695449406,,
-0.80168592969356,-3.32829247790773,-2.19179253984878,
,,0.622719046056863,-0.362145576752419
,-0.393175246322195,0.0165749903111555,
,,0.37126634986003,-2.45333171378429
,-0.944629516948186,-0.722481458150251,
,-0.277294072407248,-1.969361385162,-1.36021317551471
2.37604385319617,2.48212836378182,,
,-2.58929868433806,-0.616438445406023,-1.03813827744103
1.32718964729678,1.35856076906552,,-1.54111974355721
,,,
,1.45072122572503,0.672390093973221,1.4445446083225
,-1.38046278650953,0.193581584557215,0.110274871068178
,3.56324433596212,1.13996313122162,
,,-1.65611567830405,-1.2898150653397
,,0.522064578923207,1.97992660477881
,,0.0601606358382622,
-1.55386927556186,,,0.00852762596368078
0.440201232522546,,,
,-1.61538924695036,,2.26912484308659
0.453151162140412,2.88429140552429,0.379917101830667,
,2.02230001211555,-0.45626621753219,-0.764383331147954
,,,-0.0966199731230094
,1.07252776449279,-1.227541421777,-0.994491269832458
,,,0.673726989241936
-0.795898028902544,,,
-0.96041834455225,-2.51917613556867,,-1.69673432853863
,,-0.53140950423435,0.148110236541442
,1.08163159627507,0.183728674785087,
-1.07221859325987,-1.5444567487564,0.256328735968818,
,-0.0119285893813463,0.0229236670425625,0.360525771369343
0.799591208318987,,-0.186971935960098,
,1.81682896067611,0.630330912556897,
,1.24733338612809,-0.0416241243038279,-0.364209888402356
0.174738995382156,-0.176543145469376,0.750717027297281,
-1.61110951071779,-1.89901895703176,-1.25976313439219,
-0.165801246959369,,-0.364285782195264,-0.77642546735456
-1.20492373985728,1.6518428166043,,
,-1.4982842064575,0.00556024445241857,0.0784304369605882
0.506151267678471,1.82060306001012,,
,2.79008794273358,2.42702070715432,
-0.889435327793729,,,
-1.20385250835597,-1.90624808664508,0.338404908951333,
,1.51052421175641,,
-1.9184592381599,,1.15565444417366,0.555619960013367
,-2.36955076065992,,
,-2.16159677452909,-0.377134756682838,
-0.0727195880352853,-1.74550778629837,,1.29072090915516
,,0.938695578784443,
,,-0.571059925631277,-1.18969962885958
,,1.99348347837717,0.483257309914506
-1.28432292290437,-2.04917517804168,,
-0.497926595692588,-0.601805476044932,0.177893207736761,
,,0.167887119675038,0.281016883890736
,,,
1.10109495742482,,-0.126808183937505,1.6139111538709
,,1.27178945520929,1.38418678164138
,,0.50113489889223,1.3445009672226
-1.75598543873627,-1.12754905000006,0.75185114537761,-0.556797693166454
,,,0.589086459512767
0.685282413360758,0.390391196291284,,
,-2.1821231104214,0.172800708008717,
0.741670511700805,,,
0.0200671792400772,0.964275690577024,,
1.91413993932556,,,1.13650735323492
-0.0106532577883124,1.86873469438516,2.66252584954336,
-2.14362076222586,-2.15929095302918,0.486034477458821,0.671418769902051
0.82436043127328,,1.41772625717275,2.32133998634039
1.0943847293062,,-0.676965334158589,-0.894123037331669
-0.41023390566632,0.636290275448181,0.0584804393241549,-0.978613264250555
-0.294991724611515,,,0.131001009705612
0.40394163590037,0.352366303601504,,
0.255442312812669,,,
,,1.38362332592093,
0.0552541815015395,,,0.433544698897874
1.98312504230562,,-1.70733005663511,
,3.27728940353575,,1.47110589781877
2.04758884678852,3.97735688245637,-0.323068621420184,-1.89711037018502
,,-0.845934921971646,
-0.411679303927403,0.281841400194579,,0.37375128032738
,,,2.86503114670154
0.721283781384187,,,
1.78350470205458,1.5596783012647,-0.384609710479366,
0.422692643650483,,1.14020374227185,1.98716541535264
-0.31794469994204,,,
0.308252633385196,,0.279803611668873,0.245080316019757
,,,0.51781018122865
-0.190591992314197,,-0.0457384439650854,0.507220159932486
-0.969372025375615,-3.90517973868653,,
0.142579505261294,,,
-0.41989921819216,,-1.6422954883144,-1.77784535363209
,,1.12575094212946,
0.0116297015642492,,,
,,0.352039963892635,
,-1.23252592331306,,-2.31627591313121
-0.253201827289784,-0.301521707465843,,1.20441204282777
-0.235512964102567,,,
,0.74657072319912,,
0.725062251527722,1.64794499099797,,
,,-0.688176484245648,1.2679404634526
-0.908474699923568,,,
,,,
,,,
1.09714462547287,-0.0647594661999218,1.34207774435266,1.44347969456946
,1.74392642025914,,-1.3527730786082
,3.77668251337162,,-0.612289470400104
,,,
,,,-0.384203538204285
,,,-0.941482775430858
,,-0.748030250246559,-0.971232918353468
-1.19105236703066,-0.0324319651071323,0.65578360805889,
-0.199561808658033,-1.08659063987748,1.22700646684682,1.42327682197309
1.16326308160103,0.234153634007778,,-2.84871479495425
,,0.274484600299315,
0.161522012874,-0.542661946529241,-2.03007503215363,-1.58320301099885
,,-1.13201237588728,
,,0.650959538117835,0.262144674270067
,,-0.00713617790607768,
-0.850347844384154,-1.01159751599647,,
0.288478102005916,,,
,2.08896698741261,,
,0.682130392230811,0.584474816460017,
0.0402260588108364,1.44725044902527,,2.83738237578844
,,,
1.28571799151211,3.27999604829422,,
0.118741644833217,,-0.138706909316997,
2.62951179316163,,,-0.340756342948868
,,,-0.8299366504524
-0.0459237775225445,-2.28829905038489,,
0.890516151635442,1.82571301628327,0.464211565377476,1.18649895830956
,0.48022540524646,0.825599182504852,
,1.17801186354,,
,,,-0.835821740487937
,-0.395492218496189,-0.105979597379579,
,,-1.42814020128819,
-0.226026473872947,,,-0.563861216165783
,-0.0608823665590537,-0.928110111512484,
,,,-2.32580625924238
,,0.517767977698696,1.30885511557628
,,0.650581231789409,2.54873460022073
-0.46235339999356,-1.4359624501763,,
,,-0.366933028950703,-0.290349896435214
,-1.996181809188,,1.02708155915656
,,2.20396311212085,3.31959976191094
0.282311615825899,-1.92018366713616,-0.150451520225334,
,-1.96690143718482,-0.409312358702769,-0.794071805586542
,-1.81470380476704,,
,,,1.61544284998086
,-0.238765501222215,,
,,0.965450434767917,-1.7568199633386
-0.564325331443096,0.144174986314552,,1.90757311922604
-0.0786210003406808,,-0.572361841683137,
,,,-0.661055596577993
,,,
0.921097221574857,-0.740027058079901,-0.877736015645781,-1.32388840691132
,,0.679225473656772,1.09897748116174
2.25569027549587,3.25172104122694,0.805171995117705,1.45033681645168
-0.31682768891911,-1.73287532879458,-0.121848621055316,
,,-0.911786544566857,
,,0.975923699921957,0.563413608619327
0.00980504292190552,,0.757587865879352,1.17555170866194
,,1.73876083196374,
,,,0.56079778636999
,,1.22750584835802,0.978607339070081
1.41632891445669,,,
-0.203069756912127,,1.00807534814254,1.50441675683459
,-0.919510482165924,-1.21376422455002,
,-0.040841747344124,,
,,,1.32341881219932
,-1.05953867234574,,
,,-1.04999054567475,1.40290609862144
-1.03202600920704,-0.966994132677441,-0.232281761150063,0.156034403481116
,,0.130967534784343,0.642975818645568
-0.904314736588026,-0.290247820027373,,
1.73819787845621,,,0.354262100892138
-0.322913631606971,,,
-0.59774607868777,,,
,,,
-1.73132809909557,-0.859581616011496,,0.876633163543245
1.0550838439675,0.983742240431623,,-2.06505266333183
,-0.406977666962945,0.239186432718777,
,0.413308553043624,,
,,-0.807488711128067,
0.62040897823253,1.19233968212926,-0.752181961715455,
,,-0.226491992905938,-1.02497512001677
0.347548477485232,,0.39851816978369,0.447495332997086
,-3.80911928844212,-1.2170068754857,-2.12676807916787
0.591885836530654,,0.387521576514187,1.43639136674434
-0.229687345300043,-2.94382583964582,,
,,,2.60183801383109
-0.43481271003943,,-0.252977655191946,-1.94239038758403
,1.64698708045734,,-0.542791037127674
-1.76198833549688,0.108879874439511,,
,-0.775446798927895,-0.76079296611151,-1.87131233188546
,3.187527051037,0.72243726037822,-0.120604203480025
,,,-2.23996937500845
-1.70668390836681,-3.39143001411996,-2.37751065369471,-1.5818063106204
,-1.48556265080054,,
,,0.16411469788822,
1.41707010715515,0.314368011050983,,2.70759466481448
,,,1.71346033520247
0.165223728797035,3.70693831134334,,
-1.01161997793715,,,1.37384494041855
-0.752745058527501,1.03180604189731,,
,,,-0.313607597831168
,,2.0112517713512,1.54117592879358
-0.155411036171212,,,0.984197715311809
,-2.95900610280573,-0.645021470580945,
,,,
-0.233557347747012,,0.150821493447415,
-1.58403701292234,,-0.232482918028232,
-1.73798976811449,,,
,-1.39181074632747,-1.2156354365089,-1.02465060229633
-0.901450384669093,,,1.68208247806076
-1.83114622823101,,,
,-0.0584023215454001,,
0.492363454555276,,,
,,,
-0.992693558425884,,1.44834934470699,
,,-1.13205598860664,
1.12981678378371,0.958768661276196,0.266773056854057,
-1.48893128622283,-1.65324995657662,-0.772213921419951,
,,,-1.84762115999032
,,,
,,,-1.25405234224789
,0.691860431929393,,
,-4.34210427199585,,-0.700055311092078
-1.98288500690556,-1.25146218251891,0.619154307878816,
,,,
,,1.43434940482781,
0.0979401735831754,0.21293305513746,,1.08751004108213
-1.0779604859127,,,
,1.10595003775016,,0.265196178144378
-0.618589226233488,,-0.171052319062658,
-0.191042966446811,,,
-0.149035334193069,,,
,0.550483607624456,0.276642768441023,
,,-0.272375025136101,
1.10082003019471,,0.333582410083897,
,-0.124811968582158,1.27876780832389,-0.426448023950425
,,,
,-0.846311044826432,,
0.489213700819335,-1.34427483087876,,-2.25577030311161
0.147604744805791,-2.75990770971194,,-1.7843473323389
,0.512539400225657,,
,-1.23693930568549,,
-0.543216369012219,,,
,,,-1.43284603176676
,,0.104358116363043,
-0.823293843581741,,0.500988275862168,
,-1.99058905895522,,2.18947095209139
,,,-2.74453254771439
,,,-1.5365244653523
-1.93130804196055,-1.88599273255313,,
-1.35749908415618,0.269005411997868,1.01285390391073,-0.81104655179949
,0.718821373726122,,
0.0766433230584245,,,
-0.989423633204086,-1.34164694064374,,-0.453445148920905
,2.08930362678932,0.861273711252361,
-1.16363184517882,-0.546332131852052,-0.0797785115971165,
,,,2.01185003671488
,-0.550149840873655,0.11090713840029,-0.510457223498511
,,,
,0.36575198936424,-1.0123474012469,
0.547186203861342,-1.06972063507282,0.679868739460395,1.30449206546511
,-0.658032569181697,,
,1.30794828783908,0.181432157340506,-0.912292644721718
-0.351521107756936,,-0.334108407199464,
-1.09119075807557,,,
0.412061924597533,,,
,-0.545034256546655,-0.966212300389081,0.346271948828322
0.989545651247274,0.530408850877602,,
-1.00326319133866,,,
,1.58462125664848,0.168539775872902,-1.05510081392753
-0.448644849725143,,,-0.740336757625434
0.65496913829468,-1.0237388112397,-1.31889395036541,
1.13979987109752,,-1.4642814647409,-0.879549941935529
0.846193971833174,1.24705474386519,,1.54302028815676
-1.02150484077852,-2.92826231284587,,
,-0.0989463415933638,,
-0.611967304475551,-2.28668609586864,,-0.976952514495523
0.439968523830681,3.36822072908057,1.58251068818622,
,-0.708160855986908,-0.130018160092888,
,,-1.48427135314905,-1.5201361668604
1.10998565612562,,,
,1.42607528048482,,2.2761416825837
,,-0.04168586516447,
,-0.938019970378108,,0.164274740740908
,,-0.674984891030049,
-0.983050040932155,,,-3.03808127251298
,,-2.21289820820629,-0.957569404377371
-1.7367794245338,-0.542529027067412,0.892165342090523,-0.0704098738167445
,,,
,,,-1.22684819459554
-0.9199486687177,,,
0.372360055117554,,-0.387529777549168,-0.818816174643865
,,0.48920353577484,-0.773371196952819
0.0265878617994432,2.17725670860738,2.0752804245032,2.06924071105931
,,,2.20205422872188
0.474113524905263,2.72707324214062,,1.62298417154208
-1.75916562665667,-1.02337916461855,,-1.44309540865371
0.266805873781619,1.2002450481532,,
0.0104176163710614,,,-0.345474098365854
0.932389660190216,2.36080808070533,-0.547574613657605,-0.681895756927213
,,,-1.19057685496412
,,0.0572683048315414,1.2047938250183
,1.48832555978353,,1.11006926304183
-0.661410045704392,-3.36896083842243,-0.518314150698749,
-0.681129779903233,,0.951070788473945,1.2338346442795
,,,
,0.836116019736342,,-0.836126591266637
0.223443277050411,-1.99698719609832,-1.75346129909477,-1.23118630003068
,1.89984617399615,0.278222422366323,
,,-1.60253773352533,-2.38430254583077
-1.70261496033122,,-0.320899532681085,
0.287448758850646,-2.24092779219812,-1.22611414886788,-1.83458661563469
-0.269114155008503,0.69089947209379,-0.776657578754613,
-0.379524721361516,-0.667108141753769,0.0877763553105377,
-0.694381543701603,,-0.45071046039773,-0.848755404832079
-0.193542723789515,-1.30861003284168,0.316111330536178,0.452163557959082
0.936893991814893,,,1.35433041015665
-0.822071099619348,0.25784029500494,,
,-1.99624163934963,,
,,,
0.452656407369059,,-0.0917519081899008,
,1.31760423347844,,
-0.300061535539994,1.32431247092695,,1.2740680121079
,0.363562734552993,,
,,,
,1.61016202926839,,
,1.47427984119732,0.159619133370559,
,-0.591898243023975,-1.02127091722836,
,0.581686965044175,0.760567769291127,
,,,
,-0.720402076893417,,0.0646898957281388
,,,
,,,
0.577906574128332,1.15853290881875,,0.598219907244484
0.147944852919403,2.03671480099207,1.4535511896345,
-0.842474252999495,,,
,0.682903674452325,-0.256965765273443,-0.452009492656244
-0.529824792261762,,,-0.671289138551832
-1.02078296437523,,,-2.67840319281391
-0.141966124478565,,,
,,,
,1.44198126111566,,
,,,
0.717668905739407,-0.412546197656972,,
,,0.655133755127115,0.941380667644311
,0.505732579879863,0.0248781410962097,
0.00465431422434222,,,-0.00289901397664397
,0.433224245437269,,1.19784887769953
1.11784189633082,,,-0.211479617061387
0.247223611057383,0.948744166725283,,
,-2.91894388740121,,
,,,
0.341368107491606,-1.3665361517526,-2.26469920443996,
,,,
,,,1.16299039315608
,-0.319234572205113,-0.0550923375259332,0.152193776350507
,,0.361370812874536,0.764747962640299
-1.02254967834869,-1.63243433742507,-0.625598203934596,
-1.24578468166768,-0.995006417145386,,
,,-0.121270959883468,-1.515797262961
,,,
,,,
,0.697600321950999,-0.964708029419139,-0.155542482712358
0.425304010820081,-1.14533696735355,,
,1.13691135353305,,
,,,
1.43850642301198,,0.569318573330719,
-1.12796160514441,-2.09301841938621,0.0627757749312673,
-0.685407530092446,,-1.83176010174429,-2.66245750237191
-0.777926523230062,,-0.164045536360548,
-0.377894617164921,,,
,,,0.937079872223451
0.6431477517884,0.501982676473087,,
,,1.04526275325509,1.60035499822632
,,-0.482665776550942,0.971269342679159
-1.52604062628071,-1.56459178545632,1.25147560226848,1.79623080683962
-1.531390868365,-1.5395381060237,,
-0.679166863591522,,-0.613562191108385,0.151535867929007
-0.873373138638672,,,
-1.52098422590799,-1.70241095711984,,0.650306249372834
0.392481087020716,-1.39456197597275,-0.352482780894867,-2.69956978737912
,0.834262892626846,,0.111706916059591
,,-0.413350569963605,
,1.78375903485639,,
0.43139096901476,,-0.372069903788536,-0.10996478395279
1.30415523517353,,-0.228696624250748,-1.3054125307107
-0.389135890602367,,-1.56144833693048,-1.85487019052726
,,,
0.289348445891014,,,0.495131610288646
,,,
0.43006635444484,1.18640348729287,,
-0.785487678087819,-0.565826740298292,0.953459171236268,1.04997035451331
,,-0.914744334754863,-0.458421972455377
,-0.548308277110854,,
,,2.41839216944111,
,,-0.490858972882082,-1.67058862912277
-1.17287394246877,-0.401097973449038,,
-1.56656679944203,0.526502240531232,0.497964584302782,-0.698457207786327
,-1.74017522695881,0.579799065246458,
,-1.81781238690737,-0.710876447539844,
,-2.07576834443546,,-0.386848086199025
-0.239837776867839,,-0.673721820302062,
2.64645121200562,,0.0472993221688198,
,,-1.3170383325249,-0.772261468642129
,,,0.221224344737871
,,0.88352464517789,0.687037661796122
-0.411317805026416,1.0317432276819,0.686048749066546,
0.775514909177735,0.487079206074033,0.00247901692121746,
,,-1.94746357956342,
-0.519983251059716,-1.83598507874222,,2.27006229416335
0.0705883136633334,1.92415283434621,0.884570769342594,
0.409643632238833,,-0.515091431777394,0.00972972468251165
,,,
-0.392624027714829,,0.398132681790294,0.398209630721852
-2.04013363764508,,,
0.540665454614255,,-0.07388502308277,
-0.665321188685167,0.719706540019146,,0.867079964240452
,,-0.20268954213294,1.42734534133062
1.18185827608229,,0.465337590220292,
-0.781710319136195,,-0.516246077592588,0.405480374915777
,,0.675313745481279,0.0351344987325741
,0.967917768886369,,
0.462579685821988,1.15906977293167,-0.366461384462128,0.911875301819592
,,,
-1.97452193642747,,,-2.1121895854878
,,,
,,,-1.48573680783621
1.37284391721474,3.76350264283823,,
,,0.310781041266813,0.246848253196185
0.650457649686153,-0.354864797901549,,0.0156372181426774
,,-0.420627267063732,-1.62477013729044
0.796136862511041,-0.443904039256429,,
-1.68806748417815,-1.87129524236211,,
,-1.0685726672747,,-0.142258936634306
-0.492799345134343,,0.036595931811527,-1.22625253790663
,,,
1.24234024306672,,-0.0683850025353169,
,,,1.43115569005903
,1.41984327693616,1.48213888724349,
,,0.107750739594737,0.151150171565845
,-0.62723372310302,,
,,0.249849740233917,
-1.91377942061336,,,-0.988659708747748
,-1.51685992219998,,
1.74907440578319,,-0.38835788661501,
,,-0.0982924958316871,0.483535600354604
-2.13558164758205,-3.0046805000669,,1.21404466225749
,1.61798555312368,0.726487459375031,-0.816377821277279
0.385901336062221,,0.102445373056678,
-0.698983339711992,-0.0290526653741419,-0.0707086980751326,0.0255181456178522
,,,
0.635905657069789,,,0.996503881075203
,,0.581437500827672,-0.483881849548642
,3.45374147066843,,
1.53695217375178,,-0.279855162305645,
,1.9912730461473,0.864351003663755,
-1.48063431852141,-1.4374890675238,-0.272519708814539,
0.0615794930752654,,-0.757175077359853,
,,,
,1.13413709748625,,1.13813397171044
,-0.570904252280224,-0.627105654093744,
,1.87769748618458,0.766448711720471,
,,0.525750031999772,
3.84776770582989,,1.28414486012229,
-0.999698714984163,-1.9961306988686,,-2.84902141639804
,,1.50957314416338,0.0973463092928657
,-2.00214990670309,,-3.0723123013554
-0.383997466589783,,0.461015379301007,1.75815338291486
3.39789410326659,,0.197852675994489,
,,,
-0.149839624441722,-1.23544682239598,,
-0.468349701374868,,1.11885920536092,
1.12579662627949,1.03547984184858,,-1.29666645457545
,,-0.526066448859251,
,-1.1035845141263,,
0.108873465160088,,,-1.96331802795007
,-2.43094905138181,-0.107535894110943,0.6932331830805
,,1.27368995774805,1.53377616290111
0.00114889952699058,,,
,1.36035523664985,,
,3.34134884469436,,
0.130598427256718,-1.82510075488672,-1.08644187100434,-0.792004261160104
-0.80516346412522,0.535366721474668,,
,,,-0.0606471781283934
,,1.63461738442765,
-0.321797968986427,,,0.651151424024744
0.772423270502735,0.14962284226764,-0.511943453930461,
-0.241610502559277,,0.990505185161539,
0.212770975389143,,,
0.825594764638088,-0.771953366967495,,
,,0.671796683694629,1.07595816183166
-0.752367691986515,,0.415949795741086,-0.1072913140916
0.378199932803201,,,
,,,
,0.956302979172313,,
-0.90211869584583,,-0.955433453843088,
,,0.318044097364308,-0.203983703367643
,,,0.533803358769349
-0.312461712862435,-0.655685972381716,,
0.720717448731055,1.35045334274581,-0.0440139111899893,
,-0.168653796369991,,
0.559022029508583,,-1.33848223146297,-2.51260372283906
-1.55419837865674,-4.17883949469157,-0.771961188467913,
0.709922629586025,-1.28360155128043,-0.766648235144382,-0.961744754138775
,0.266457775523301,,
-0.438081055272362,,0.35954965554566,
0.259304140876942,-0.743990604405671,0.359658412562017,-0.162133969685689
0.491537137167375,-0.693059757923707,,0.41084087949966
-0.49523162403629,,-0.564239442519927,
,-2.2465079206573,,-2.51208877613868
-0.693826247873705,,1.74078428281658,1.6377956112463
-1.26675412863605,,1.74727283648218,
1.12320174331884,,0.322215596908036,
0.380869990508259,-0.174713246548084,,-1.25737255489807
,1.40097837836301,,
,,,
,-0.14311116850838,-0.947444842546656,
,,0.328060336455007,0.220520646406675
-1.72587558927542,-2.524500632911,,
-0.387665690017064,,,
,,,
,-0.789286150436734,-0.376196418661912,
0.0300531850562052,-1.12756747302378,,1.51482528870994
,,,-1.5883551582958
,1.55879664157428,0.467925820434045,
,,-0.75831621928671,-1.03102513906976
,0.333495278684494,,
-1.18749913282224,,,
,4.43568761687044,2.3681654917582,0.390001021931675
,,,-0.721457187575731
,-0.0956847036079388,,
,,,-0.244123186511966
-0.295050798828287,,,
-1.25784490645628,,,
,,0.379908515649751,
-0.204411509653419,,,-0.799307868486654
2.79522292316182,,,
-0.437633109136367,,0.565192367088331,
,,,1.03184245782548
1.96302900357277,,,-2.06497623797015
,,,
1.53418047597992,,-0.321765410848892,0.248751655168063
0.31994399913145,1.74685520769577,-0.225738839309141,-0.744094292454406
0.735767556314044,,,0.328902791417961
,,,
,,,
-0.665469620093402,-0.0123896304024388,-0.160831954871399,
,,,0.540388151315295
,,0.260256331971718,
,,,1.03289897712283
0.388893387922627,,0.10263635588437,0.182752894728437
-0.734515887505581,,-0.181892451278144,-0.872416686317214
,1.75057180955122,-0.758715764100515,-1.59148755371684
,-0.0108134092787749,-0.743115894691872,
,,,
0.196198182203574,-2.07317212083895,,
-0.809436307495285,,,0.80910823425943
-0.478183556262561,-1.90877079206491,,
,,,
0.222763552028825,2.76737973486034,,-0.138389722908012
0.32638808648427,,1.34977095845187,
-2.60126862619487,,1.25436194630331,
0.353843677552644,1.30840862504146,0.378481234611352,
,1.70057640100638,,
1.10246269157661,,,-3.0937624930276
1.56442852049462,,-0.519358382620584,-2.24574393653772
0.877081387486636,,0.0147962435512526,
,,,
-0.422106919518758,,-0.222973991067964,-0.402185223224265
-0.546708463230354,-1.92073016117254,,-1.24905729102883
,,0.202199442612274,
1.63388660497806,,0.28193719452798,
-2.04566836994947,-3.6694290725333,-1.00602518018938,
,,,-2.47021455585218
,-4.53905399905116,-3.29652410115804,-2.20832641499553
0.443885007827916,,2.09069774068708,
0.840796391098779,-1.42386996567762,-0.869456904538622,
-1.36122238319406,,0.4671251194798,0.172228149606043
,0.957323421980601,,
0.401890919389888,0.810871619566177,-0.429933482976944,-1.05111721064503
,1.4001956488784,,
,,-0.516367402330025,
,-0.0515412418889496,-1.56207797542651,-2.11720330063586
,-2.14674371203453,,-1.1966172591147
,-0.663009108249335,,
0.0087367154715977,0.0388487458004684,,
,-2.24124172645469,-0.42175860663013,
,,-0.0269058690372722,-0.461247772422898
,2.87715915251651,,1.57528258021516
,2.45722489833617,,2.26162499051297
,,-0.221491435305631,-1.1035425768338
,0.549605738770782,,0.23884995545372
1.08976676358325,,,
,0.0989279576428588,,
,,,1.95107921708119
,,0.372233326263636,
1.15052514849622,,0.039461366025437,
1.78414809991051,,,0.283850265577148
,-0.265241800100632,-1.25728732647024,
0.185652491774797,,,
0.0354483682218845,,,1.46510123473712
-1.17880670222453,,,
,,,0.355007886933966
-0.584139004443496,,,
0.463172010782841,1.2931908327712,,0.27864880544105
,,-0.258914811080209,-1.24061091877187
,,,0.788947235815602
,-2.11949923308879,-1.09330412551989,
-0.109259812628646,,-1.11567803574771,
-0.473507060280221,,-1.16967805545444,-0.135907802229091
0.199502452302796,0.566513514482539,-0.60115388420932,
,0.127096285730667,,-0.914630190939974
,3.40978544965471,,
1.66343831012612,1.58921710456417,-0.240133971518101,-1.21457336693029
,1.9699212410016,0.0186216759003342,0.0507694951558656
0.622595125918954,,0.175871044967724,
,0.295502069465648,-0.337455817686767,
,-0.892919992346397,-0.254622502848117,
0.148182559359898,,2.14092215439029,
1.4497539900231,1.78683303382047,-0.320335070416487,1.05292793726864
,0.904139368023633,1.92712276740921,2.85074947462944
0.476037320045513,,0.144890739332523,1.78394608706949
,,,
-0.211335027783022,,,
,2.08412874108756,-0.146101313295057,-0.157276646154015
,,,1.9678076185269
-0.789674097566898,-2.27209486553609,0.96153441079956,1.62860660018224
1.17856196494562,1.27940453126293,,0.112095740469023
,,,
0.942811995418926,,,
,,,-1.25163474998507
,,0.959915673783187,1.41791128501084
,,-2.06734818767462,-1.96517838583731
1.17505009049336,2.33109376964856,,
,,,
,1.82919571194563,0.246556178788416,-0.907164578110842
-0.71222130789425,-1.43444854127089,0.0235610949445622,
,-0.48323213847358,,0.745670128111545
,1.30996945441536,1.64386523748671,0.754161808793142
-0.840744443808872,,,
,0.996199623294256,1.89328592501449,
,,-0.500494329488545,
,0.764746092558552,,
,,1.23708235340196,
,4.20116984145387,,3.46241070464073
,,,0.866082583798768
,-1.47378730261533,,-1.20248178412723
-0.823408826572036,,,-1.30540519184585
,,0.322986346745714,1.19689679519109
,3.4777098708167,,1.12486522078001
,-1.13936352750499,-0.414269511098823,-0.489944016540685
,-0.696866881999772,-1.52289076874534,-2.75544755180862
-0.330875222600662,1.06918808309241,,
-1.99402402553584,,-0.361545848055414,
,,,0.0769036134030217
-0.077663050636602,0.608573521096526,-0.779159988991533,
,,,
-0.237914125201134,-1.1155699988043,,0.82874695336487
-0.0450767462632371,-0.415498643944668,-0.209775804058287,-1.8943015144394
0.836517108817736,,-0.251324202296398,-0.0268512810819405
,1.30429561393037,1.07321990889341,0.60209110882944
-0.712897541973411,-0.725712733941922,,
-0.641242754246421,0.827663635352385,,
1.35189190348714,3.06090414889721,,2.65540114119518
,-0.621167348056574,-0.293154473112178,
0.298306520787785,,0.631057089777351,0.92257094246956
0.406006126879321,,0.65720934352744,0.94536001138423
0.444066919748991,-0.00129739330985912,,
,-2.74684381843842,-0.81685553572876,0.957645999528323
0.687200526409487,,1.03883144268176,
1.18763919384774,-0.704981924803975,,-1.02797525562822
,,,
-1.31749173927412,,,
,1.01057214897374,0.359831252623706,-0.740216156538726
0.440787497235852,-0.143549876831754,,
-0.506527344100333,1.59317678645497,,
,,0.47866344807126,2.82085283448927
-1.51261390155335,,0.0600201686029735,0.701255835911585
0.371930404777423,0.649597287542966,-0.642155914032242,-1.03185508038322
,2.14027633972635,,-0.409089621824317
,-0.651063737145319,,0.838615655513623
0.902945421002935,,,-2.4163881814307
0.112032032678918,-1.42583555409328,-0.929411907283543,-0.0720216438860559
-1.65511237263211,-3.32881772296267,,
,-2.5632226837661,-1.22429810498632,-1.26560929175488
,,,
,-1.92187163138344,,
,,,-0.92095745064941
,,1.23226709762587,1.57328473204459
-1.11639842385609,-4.0395289263994,-2.23236254126156,-2.37924483066331
0.273219845406362,,-0.901476146464629,
0.956232893297573,3.15663424971527,,
,,,
-0.405343062309264,,,-0.1295621245487
2.36056236707844,,-0.203749924753692,
-0.186566122419816,,1.30785661032619,
0.332457884923122,,,-1.70421554176227
0.477480979923099,-1.55397125945592,-0.291191619717238,-0.91783587491779
0.945988558385869,,,
0.846452117295668,0.326244267170211,0.351832198814307,-1.62136559060593
-0.019254972005391,1.49270446018658,,0.526150044447346
-0.132087420214518,,,1.39999972812575
,-2.14898426733494,,0.322678626889986
,,,
,,0.0491414640567702,0.499178622024643
-0.420956439603431,,-0.152409942940628,0.830302842970592
0.853102288403864,,0.434727925206045,0.244207177625612
0.0623769123231979,,1.13440579860731,
,,,1.61081641928259
,,-0.321274077945882,
,0.698565435424928,-1.58924890497948,
,,0.0777006616343059,
,,,1.2474706442605
-0.178539127990153,1.29300028816173,,2.51491754585376
-1.404679097393,-2.22139826640275,,
-1.04446826822157,-1.98992817064473,-1.34746419951173,
-2.00067228857843,,2.00119554372571,1.86390217385591
,1.30425005542586,,
0.189138778196092,,-0.804092583765192,-0.172379886392718
,,,-1.13880629025074
-0.169024101222119,,-0.204693016766731,-0.293496017243457
,,0.20244853425014,
,,0.897976552782491,
-0.166083725763023,-0.336789558169363,-0.766123121233478,
0.285401740533644,-1.03366083952444,,
2.12217419111576,1.76186403747313,,
0.97602105146384,1.01285288854049,0.96594180323227,2.96237919610994
-1.18724962621434,,,3.00346010057267
,-1.32249594372118,-0.620401485802682,-0.680584798908804
-1.66903888136901,,,
,,,0.156344604290918
1.47510824892149,,,1.90008853446939
-1.55955382009392,-0.174674721305126,0.571754571516838,1.27707925304874
-0.840713390285071,-1.10769207098602,,-0.0557429843897931
1.5521299362168,1.59820151744093,,-2.60558642125501
-1.16014991254167,-2.54503519815875,-2.79860756384627,-4.36870377390186
,-0.953904608686206,,
,,-1.97662570241427,-2.2928422247025
0.835960815401656,,,
,-0.64186741341742,0.00141102530001877,-0.272413679588133
,1.97561146351048,-0.0383733734024097,-0.381504961299511
0.181666022418198,-0.540438120261759,,1.3362628756594
1.08230069478159,0.698667899703338,,-0.649503826805278
-0.574339432054787,,1.34783588281669,
0.813003478177536,2.28446332055629,-0.641601410719434,-0.675663729038104
,,,
,-0.682147792142447,-0.11585897515658,
,,,-1.14942861554986
,2.71769323120614,,
,-0.391891341903248,,
,,2.1036067995317,
-1.04503325684861,,-0.46349779954565,-2.1741452166915
,,,0.193145345316475
0.314212127886257,,,0.567979174779467
,,,-1.52377527932739
-0.285008962297891,,,1.71158502511461
,,-0.315864111500411,
,-2.10031315249155,0.587337320259088,
,0.480042841316907,,1.00809638088184
,-2.86392845623892,,-2.07226896169799
-0.0454864601525843,0.548628946379815,-1.63603214432772,-2.72994533127527
,-0.688519959548574,,-2.44799855584978
,-0.294941702735175,,
-0.0881348355347213,1.10082499673302,,
,,,-0.241447037008301
1.84942278547432,1.23945420806242,-0.33156144270219,
,-1.66506052919851,,0.566502127473905
0.0305167312413108,-0.584860540959749,,3.24564210114618
,,,
-0.591791596706521,0.823640236175858,1.34200178183963,0.815926066431245
,,0.640047628063251,
,,0.906201937915906,
,,-1.20360476908719,-1.45357477783765
,-1.56026140794488,,0.471107373061696
,0.102239985969438,,
-1.18312190409505,-3.82551874234733,-1.27231812336626,
0.100254608889982,-1.42781393736661,-0.605390249662496,
,,,1.83506505626635
,,-0.289689312635065,
,1.40355759143368,1.08982611608064,0.543574863634712
,1.8305833378565,,0.00810144939823071
,-2.69721268411214,,
,,,0.329320338746258
,,,
,,-1.66270326128134,
0.0872739669408552,,,
-0.386901805789896,0.346688281670622,,
,,,
,,,-0.474007445256467
0.575108419945759,-0.922074232480714,,-3.01092252753313
-0.420529513231707,,-1.20564467595267,
,0.528910983000533,,1.14606041223816
,,,
0.833467456138272,,,
0.913793954269981,0.494201965200219,-0.704825681079017,
,-0.828501688519109,,
,2.25577123060289,,
-0.868707350583205,-1.78122513483068,-1.4755659989304,-5.04687185558449
1.97856794433333,,0.758634178038794,
0.154337034721032,,1.69202809793868,
,,-0.295973493530672,-0.588263047185994
1.7704099411341,,-0.831344042492233,
,3.20506539009952,0.337833009163674,
,,1.46832638292505,
-0.00259399312365598,0.394787246502619,,
,-0.686997649366075,,
0.956645018495331,,,
,-1.21963137245234,-0.62926820971909,
0.272647072247265,-0.931199507543695,-0.69916207284241,-1.07118352740776
,-1.45754150162094,-0.0346568501631155,-1.2389567558825
-0.00488185240666987,0.753089541188141,0.288890667273905,-0.51876623201354
-0.976219228606303,,-0.528698784984603,
,-0.419633583247551,,-0.656771947541566
0.456619218695199,-0.0334002108502014,-0.750914427101637,-0.537961294566223
,,,-0.0201447039509074
-0.370973645420588,-1.30337660256683,-0.428532628249292,-0.45063819408532
,,-0.33708967552305,0.704959602521563
,,,
,,0.42496097922147,
,,2.58316390917353,
1.94717122293365,,,0.381360660631275
-1.04415408185314,-1.80974715377956,-0.371067441639891,
,,,-0.350211648631271
0.750693303487793,,0.180405503056341,-2.09547522269232
,,0.189606967608591,1.16332400700201
,-1.60334774596138,-0.726030601270838,
,,-1.25006132260984,
0.72712461202541,,,1.69518729667672
2.14944999847516,6.12615101274367,3.70335062644464,
,,,
1.9541579949905,0.903590929227825,,
,0.208520100447429,0.201283634750485,-1.36994323524994
,,,
,0.985666738155839,,
,-2.97519466489056,,0.820665818707905
,,,
,-0.114415923460184,,1.20043399876866
,,,-0.371049322129611
-0.516169940697678,1.01215865793397,,1.04828506452838
0.726821602559821,-0.515628919930482,,
-1.72530302830821,,0.00895667440265884,0.710868409394981
-3.46749014053051,-3.10479594879568,,-1.10131652581271
,,0.188899317908709,
,,0.156544914887394,
,-3.22281458350508,,-1.72320256168378
0.339561339313835,-1.55770251707144,0.519976455751954,
,0.0073744847448079,,
,-0.972832327460284,,0.0409047905564973
-0.724943075530093,,,0.784149893732821
-1.09723951889746,,1.32280580600479,1.1663944678635
,-1.95713682149933,-0.45115414697083,
,0.972607655942557,,-1.82842223140045
-1.10155882951385,-2.53814227539515,,-0.549343926781968
0.87508686066438,,0.819625808401254,0.291579789524278
-0.543361285734364,,,-0.47788792663271
-1.325192575428,,,-1.20006598343246
,-0.700191219570724,,0.51931462524945
0.730203038317124,,0.99928635727184,
1.16652154284273,1.99557262436078,,
,,0.839494513617356,1.49955509628039
-0.042944645562958,-2.56210764633777,,
1.52101671163447,,,2.09860100321958
-0.437363048941313,0.623847837273388,,
,-0.692899499197789,,-0.546076106413597
-0.330301353901466,,,
,-1.82180270319112,,-1.3059177919265
,,0.757722867073733,
,,-1.75330568359439,-0.935799713773506
-1.43474421331532,-1.3301556647313,-0.892350312674291,
,-1.81281499047014,,0.344627462107504
0.293401898890875,1.16512540130208,-0.036188826830932,
0.193904035749299,0.267888448517691,-0.1770854571268,-0.786452481427099
,,0.0102454517320812,
,2.59945760293387,0.944335367289455,1.68307367409751
0.81905863440206,-0.286354839409924,-0.21623323715547,-1.36023997450867
0.0861944196129517,,,
0.295126009159854,-1.90576670515568,,-2.72440977006629
-0.267514353046628,-0.661219065727212,,
,,-0.0539348358515315,
,-0.226985599232974,,2.31945947672138
,,,
0.0317639392573996,,1.0974900548977,
-0.049580863194301,-0.133723334536575,0.186910707935366,1.17237466887547
-1.01721427522611,-0.468598269055796,,
-0.369167110386087,-0.665038433456916,,
,,0.949525530520668,
,,,
,,,
,,,-0.0829483074697484
0.992464847289877,2.99647169205539,,2.39712088632484
0.700825360379763,,,0.286507894212695
,,-1.76587536607313,
,,-0.328768938691552,0.378975600518946
0.886951944467952,,,
2.61914186876191,2.9344427476544,1.01026579357616,
-2.10174407191339,-1.21100790839561,1.57851171405849,2.32816569117665
0.877830613013444,0.342727257621021,,-0.475786231775993
,2.64978107826143,,
,,,-0.856763690729415
,,0.39135492693812,1.93786160832544
,,-0.77165086180385,
,,,
-1.02513096565978,,0.120370381918041,-0.791399063073675
,-0.456826410423507,1.97309162062236,4.25444496782675
,,-0.0549746698298747,0.0114957346162192
,,0.832445528544883,0.340386233712816
,,,0.576843757535292
0.157066617984318,-0.200094400926007,,
,,-1.62614262511536,
1.77002061352102,2.94307480381936,,1.52970908242313
0.357371337321231,,,
,,,-1.4318440520467
,0.220889958260464,0.570535918009608,0.399663060798851
,1.33693752848265,,
-0.749614085475107,-2.88523082626436,,-0.959495957362015
0.469876168757493,0.21196020149029,-0.48151086356524,
0.916287002054607,2.12234417881227,,1.73372803863999
,,0.514376955796947,
,,-0.907871113848211,-0.609230872184781
,,,
,-2.59778134176169,,0.371951168535352
0.1096292550283,-1.30667390777147,,-0.541742202986526
1.22445816022471,,0.824637314068547,
,,-0.902934659468334,
,,,0.259778579217592
1.31101143367217,2.34821453855658,0.965899633240945,1.57023947183372
,-1.39413961643678,,
-0.107854506831741,,,
,,1.07054108448762,1.42149222471862
0.365478048006868,-1.00327915699321,-0.172433420130284,
,0.0374846514611991,-0.602468719265053,
-2.28682734659651,,,0.737403252515488
,-1.46230816372845,0.616000154244571,
-0.188516883345103,0.15206563798622,,-1.27405322695359
1.06045652313553,,1.60841426709157,
,-2.4581045033074,-1.01091662529479,-0.841513200573102
0.757946719392751,,,0.506935705174252
,0.90817125629516,,0.569453654175749
,-0.125798402568217,,1.31509544459483
,-0.315015013177548,0.458604033376037,0.0225507743416918
0.507768765250309,2.52921264131119,1.23514409192436,
-1.28983936850713,-0.292003146300752,,
-2.08729404128126,,0.093152785711568,-0.444779512598579
0.244182500604316,-0.571671384280808,,
0.457002597062591,3.2839483116925,,1.91297232349267
,,,-0.104567877067657
,3.8892009109907,1.63084236159501,2.35608798112863
-1.36797261452683,-1.76208773973448,,0.33037125287343
1.93685825415602,2.40258448149663,-0.93431764349343,
0.615346706598467,,,
,2.23508665594445,,
,-0.0354524477588837,,
0.34506568921283,,-0.53396423966762,
0.392554733764943,,,0.669933080249637
1.28592362421824,,-0.746688743870581,-0.0273307316837486
,,,
0.251925858650462,-1.39690132800714,,0.527726789203594
,2.5485610961854,,-0.855549439411359
,,,
,,,
2.4589646194879,3.13048380348592,-0.537821889263707,
-0.793413753249421,,,1.25479220961371
1.59134943810044,,-0.268592535927008,-1.74835900326181
,,-0.775863205508173,
-0.429274897536772,,,2.17149846271123
,2.97104696800325,0.106080546459007,
-0.402439401426522,0.298128279267526,0.865004517562554,
0.0986456856685551,,,
-0.495890451579524,-1.87289537322022,,-1.27775723527734
-1.07420526214142,-0.520787771147301,-0.329540034729085,
0.68772905198068,1.40848842755569,,-0.875538769028093
-0.293945093193814,0.564542043031367,-0.205402333452048,0.0781374175084508
-0.186111935954159,-2.48868730126581,-0.943872103094268,-0.24443208806196
,0.508046359241048,1.13176664986067,
,-2.16521520062804,-0.897135870808645,
-0.97984040002516,,,
,0.328186438374764,1.40826098448629,
,,,
-0.226804865490008,1.08318414932744,-0.487705869229662,
,,0.72115262190888,-0.141235681244352
,,1.17731250935065,
0.440206587745544,,,-2.06728458305213
,-2.57553639486301,-0.22999989107151,-0.373114746065439
-0.57098989603792,,-0.622024450078569,1.90051329209559
-0.129044919635936,0.152487255895749,,
,,,
,,1.37989902334305,
,,,0.518518433292899
,,-0.0291201067079358,0.0582023845255758
,,-0.14508031162232,-0.133716052289378
,-1.28853152039446,,
-0.332948359833085,0.521790714635075,-0.529256136507369,-1.68469976324518
,,,-1.01780321338777
0.785979287677065,,-1.73840475680891,-1.67222233379382
,,,
,-2.04881911644747,-0.658637088674311,-2.37041631934289
,-1.87442267352764,-1.22404886963331,-0.78980212354215
-0.0133385142955068,0.0719368391323197,,
0.309625731800337,,0.379704036169504,0.86340932067428
-0.378627997285551,-3.22749761144781,-2.12227062879527,
0.947117144956565,1.00901533225515,0.621444971082939,-0.493212297172831
0.230409386366505,,0.0130151781898371,
,-3.06203859206919,,
-0.365080856171345,,,
,-1.57210880224971,-0.683175183724646,0.133373031436781
,,0.15642875899137,-0.857625521274531
,-3.1439254654218,-1.24632872989172,0.206957644362206
,0.780139135738333,0.14719716522025,2.93154234323465
-0.743249928266758,-1.07999232424747,-0.0250130525128346,
,,-0.891298224836235,0.39794330851852
-1.90948334050916,-5.40878603190606,-2.97410133696758,
-1.36530697914756,-0.727931991988577,,
1.37168518589256,,,
,-0.579887037178244,,-2.9443755163599
,,1.9892998371453,
0.799707422445035,0.015320767815245,-1.38833860500839,
-0.0719821483293213,-0.76102619549566,,
,-0.0524742711677577,-0.240759321225739,
0.817466919571,-0.381617903130862,-1.41880887017829,-3.1854201566659
,2.08033238682323,,0.601429601976749
0.898615110514001,2.48052211443794,,-1.6853725493217
,,,0.316263153188676
0.0321189318202827,,-1.37345480120212,
-1.15812007223265,-0.948844976924065,,
,,,
,1.33450103033284,1.94465650650487,1.89600018920301
0.482288585831482,,,0.544732366231951
1.74348458341121,,,-0.103407664658003
0.799182254853015,0.913290024256939,0.618702472606413,
,-0.405591289648236,1.50455731327098,2.02391520388852
1.50970573441613,,-0.896841819947043,-0.509903137143142
0.737178219980926,-0.266343331684657,,
,,0.427818147567497,0.232506115082117
,,-1.14851449953542,
-0.0377610079164379,,,-0.172122411201302
,-2.37468054323971,,-1.4840910171068
-2.23987706472538,-0.249440295937725,,-0.926878878298283
-0.780464256764399,-2.57672642637668,,
,,,0.495043488042051
-1.22675156454802,,0.286471388262252,
,-3.2458846144654,,0.112135494972554
0.587619016735106,1.71521275200585,-0.157765677617564,-1.4444742972146
-0.780499853388954,,-1.06646129597777,
,,,-1.43200890219406
,-2.84221234518107,,-1.3060129528669
,,-0.551459934445889,-0.703263438867011
-0.91623458628306,-1.8620726164842,,
1.20369150153219,2.18039651560297,,
,-0.207096902311745,,
0.21233159309894,0.671224563813907,,
,2.25528295853272,,1.58628100568931
,-0.549086191443045,,0.842457657481474
,,1.13254747775479,2.13825690718356
,,,0.367752433073862
0.309818643925999,1.6560355076151,,-0.663253751552163
-0.12875036772211,,,-3.25740570083444
,,,-0.88399189809015
,,-0.029247694425108,1.74348668276365
0.175368676277263,,,0.707536098446576
-1.40921663376519,-2.43450854537672,,-2.49501752859292
,0.201132765824512,,
1.41437989460868,3.23437818221099,1.28493976075637,1.38279997217688
-1.5346947112136,,-0.0169832283700828,-1.04285616543025
,,,
0.701720792195048,,0.480214403620007,
1.76498441952636,2.06244107499419,,
0.452689408081667,,-1.75345995814841,-3.28827815377718
-0.187988743900962,-1.66252551974479,-1.25649389806906,-0.829990692285011
1.6895905176338,,-1.7766441024633,-3.95734268362344
0.0202372234591816,0.227478923090265,,
-0.420809420822254,-0.00383601575397824,0.725908011140421,
,-0.685343763819676,0.361108952883972,
-0.545617365222827,-2.00732110593166,0.225453862685807,-0.773676358153953
,-0.0934508481513437,,0.888193353990344
,,,
0.0644186784680573,,-0.0844630228659537,
,,,
-1.11699649029816,,1.15341458704924,
,-5.22529880765688,,
-1.22013688500413,,1.14410364738126,0.456297954419657
1.84889391089167,3.01422504301008,0.650530494511519,0.189574147290038
,2.20824622680084,0.66600602443029,0.3812689205298
,,-0.0286752894510144,
,-0.17408895387802,-1.4225833630145,
,2.30337405135431,,2.45258543955878
-0.180399719411032,,-0.743493986588784,-0.852291316605157
1.0532763543993,2.56992716077249,-0.227338020197702,0.906486379459411
-0.129261086484958,,1.92215330961866,2.9446326158584
,-0.320330074352898,-1.7563978240383,
,-0.315804691358711,,
,,,
0.406421077190755,1.87036600026161,1.97913713533671,
,-2.6332625542662,,
,,,
,,-2.12999154718865,
0.00953260696301198,,0.233201391655038,0.981081573263106
0.627762719235877,,,
,-0.405033736886493,-1.37482046285978,-2.23651767539595
0.208829395829753,0.928224626507645,,0.550637481714552
-1.27468078164756,,,
,,,1.35521925713716
-0.10689441684917,-7.02372992939237e-05,,-1.0454675896566
,,0.283328367298962,1.51254382821275
-0.403322068979549,0.156777142780938,0.393549449313199,0.887397848156564
,,0.466657464479609,
0.00228251652673491,-1.90059390199099,,
,,0.0589030155916054,
,,,
,,,
,,-0.483622970590339,-0.222563297481658
,,-0.512701697603696,
,,,
,,,1.71579100843611
0.511536773877529,,,-0.237207092319896
-0.138032449761651,3.11111036953777,1.6697746008651,
0.480892354161079,,,
,-0.514092228402089,,-0.783924417985543
2.79615221495129,,-0.771248829200057,0.204211533189165
1.22967981091528,,,1.16062948533806
,2.70672115974196,,
0.306774234787666,,1.49897123877511,
-0.397852620668903,,,0.789585485098305
,0.256986648545034,0.268435406972883,-0.182971370177541
-1.03113604534316,-1.64014066033241,0.768526684776008,
,-0.460590738489221,,
0.631402325720161,2.03828210995586,,4.7296824841228
,,0.838846515094441,
-1.00093298700262,-3.43039937951985,-1.28058661242782,
,,0.884287323237043,1.35523348497602
-0.973864227162523,-0.324966543975118,,
-0.210599397159724,0.241019332856675,,0.425456083844315
0.212110553106329,,-0.694000771838951,
,1.53152493197507,1.14133012338151,0.532406035918514
,-1.54345659569043,-0.663233183098738,-0.670788679469172
-0.619767452404083,,,
,-0.209850827217581,,0.734329574042933
,,,0.751174117406342
0.407181058873308,0.561105798394791,0.23087746724052,
0.570586542317984,,-0.176962481375395,
-1.25221171998808,-2.62335684224005,-0.639791758319483,0.306592333248446
0.765068338506736,-0.953350213558408,,-1.77592109003223
0.934933177777671,0.670148059087689,-0.362915910848628,0.000659436220891985
,,,-1.38865323129637
0.878122462983766,,,0.565286249704538
-0.942632613491203,-0.490082266917143,-0.269995140422907,
,-1.91069453624027,,
,,-0.112462837550648,1.41189420663204
0.728269589285472,,,-1.64094337934048
-0.305353538243724,,,2.27188768301195
0.598440212230699,-1.3199661021467,0.319657921687193,
1.81189244087244,,,
0.188120359633566,-0.209402935719481,-1.3329840240541,-2.86940345687718
,,-0.379445641970287,
,-0.614606536449327,0.185658924640015,
-1.15174047469814,,,-0.0611392255481995
,,0.241367714250386,
,,,-3.69139850615959
0.172067784336622,1.78296749789859,,-0.783190017628932
,3.44843615677299,2.28422294401466,1.57709921872031
,-0.109075741873338,,0.77565678022771
0.4706365393279,-0.251132508260563,-0.626978639205921,
,,,-0.27343724239774
-0.221838047348204,,,
,,,
,1.13495799449564,0.255539951225351,
-2.05940676688587,,-0.506375317660573,0.949816257164017
2.27322552129472,0.530717243324893,,
,-0.811469818886143,-0.549596456739035,
1.07925984220572,1.9089102397737,,2.57875533156639
-0.265212222554983,,1.289348491293,
,-0.3543430980072,,0.3324136115043
-0.130085916841193,,-0.75306540183465,
-2.43751067763418,-2.07757924339839,0.206836815314676,0.436257185650688
2.87665790201919,1.91379706073283,,-0.57476470158458
0.25786882219952,,,
,-1.95256268718003,,-0.216040660835797
,,0.889270903521936,1.1357972233132
-0.722516809421962,,0.184784617115057,1.32469846410487
1.35372676264559,,,
,,0.222194730599144,
1.11822295318091,0.440009549236545,-1.0309796667375,
,,,
,-1.39206092555848,,
-0.607538380044804,,,
,,0.346606839608011,1.07693063678175
,,0.614229324233158,
1.76913808237755,,0.19883838437881,0.0502314091992825
,,,
-1.5673129497094,-0.849311324963249,,
-1.13725258782334,-1.68783782439333,,
0.34980959236678,,,
-0.286656645792744,,1.56913604556288,
-2.5911211112012,,0.625267849225275,1.24838814962868
,,,-1.24392848475592
1.57093734002844,-0.941557807679595,-1.51149972634077,-1.69623738563194
,,0.152884954573007,
1.55008979733247,1.78134073438492,1.69626548137183,-1.3378939347197
-0.68340939000027,-0.0647405849436837,-0.339095372487462,
0.740074238629989,-0.702836622721758,,-0.0286586610630586
-0.347568912347544,0.341711166385146,,1.34337743166212
,3.37325204196845,,
-1.8488982829034,,,2.74292441008475
0.20363405422316,,,
1.35685169078362,,,
-0.844464389347822,-0.31732454252096,,-1.26428795175606
,1.81530313529593,-0.0168363941279013,
,1.18308162265475,0.556232861233718,
,0.483935399030638,,
,0.0700425334429902,0.716738194086456,
0.568638957574351,,0.544869199909237,-0.732551916578478
,,,1.46286872071157
,-1.03008596844013,,-0.723891513558941
-0.253258038403011,,,1.83218764124234
-1.74282166875534,-1.24929351694474,0.461249801702357,-0.0117492475712893
,0.821517955308547,,1.39849020094836
,4.21348789846597,1.08960684095406,
0.047122023023723,1.18652144999311,-0.278298727696236,
0.85695788807293,3.05900442681732,1.64400972264726,3.11675842140269
,-3.4792582557587,,
,-1.14350636417771,,
,,,
0.0980073948902846,,-0.497846411178346,-0.473770079522711
,1.71414503119626,-0.435134817977142,
1.04355571570756,-0.342630827992507,,
-2.22199424682279,-3.65567044556682,-0.452748522404033,
,,,
,,-1.16005449655597,-0.657395563476619
,,,0.0560224391413452
0.260475840118837,,0.692035969670394,
-0.682576350488643,-3.66533580570388,,
,0.999587704219127,0.759017960295574,0.137405426448837
,0.277004557939504,,-0.842073739413899
,2.11099364923771,,0.946587708515034
-1.597252021361,-0.328751289220455,-1.18237020677071,-1.66248966163262
1.77208750669294,,-0.539064360146625,
,3.31206527061712,-0.0477630980231768,0.501371687746404
,-1.04513692167307,-0.274364622864437,
,,-0.922482422343857,-1.66328006432592
1.0248092804366,,0.395988675347021,2.40937402094643
,,,
,0.275708863018731,1.41915970888233,2.0610125950161
0.162385595774799,1.29392505218656,1.10176037310889,
-1.45651571975901,-1.32525818232186,-0.684661796005822,0.336604246971016
-0.499899180846013,,-0.0809573588873593,0.951039495990132
,2.63848384268835,,
,-2.21348242199115,-1.23007699867744,
,-2.5098497432539,-1.52872055935087,-1.0507174972395
,,,-0.869392149674978
,,-0.802202160434661,
0.0179318735696131,,,1.58029157673238
,2.79490800328722,,
,,0.980175268570762,1.79085632432283
-1.27974801114515,-0.0249142495440537,,
0.146858364488578,0.356217605942824,-0.269101513674269,-1.95121301639053
0.468036730259569,,1.61765444775822,2.06797324472507
1.44942319012099,-0.253617165455474,-1.31491424958984,-2.60199206441688
,2.42450616195602,1.05632545445559,1.46628702796618
,,1.18051343060534,
,,,-1.25839544563143
-1.09838671255217,-1.27689254574582,,
-2.28515562507822,-4.0616293430116,,
-0.244057232450315,0.693233956289043,0.488418453512216,
,-0.675782423417953,,1.82820702106365
-0.821342697424071,-0.351952225533463,,
,,1.22595142878754,
-1.36588819470312,-2.40951839414262,,
,1.08162114104935,-1.66867059548047,
,-1.93648059220504,,-1.36337004617282
,,,0.0810391446711145
,,,
,,0.044673832826669,-1.95614505912555
0.144071118945159,-0.880557940104352,,
,1.69844829064421,,-0.301813390211141
,,,0.0272782451082001
,-2.07989360826873,,
,,-0.47921835784104,-1.43000032944938
0.458109487699554,-3.09478826966627,,-2.76896043846478
-0.631549410083922,-1.8870847440529,,-0.142634078564837
,0.239727931792406,,1.43059365914761
,0.80295225409954,,
-1.92787431742729,,,-0.898805662666728
-2.13982675801654,,-0.698167945267881,-1.14737649688721
,,,
,,,
,1.11705667757293,-0.334104028513468,-0.101646028187858
-2.42540084828577,-1.75162328681896,-0.707650650961421,-1.59453065337054
,-1.67343277236662,,
,-1.06305267903891,-0.467015258087378,
,,,
0.9909431214383,-0.452568954821065,0.519998396815614,0.605336176229863
,1.39036542178596,0.425905019189819,
,,-0.44241249293836,
0.0485534518335418,,0.722391334262091,
-1.74974518988657,,,
,,,
-0.0314302730181347,,,1.63368837171464
,1.87213762546356,,
,,0.31116101795663,
-1.25936035327719,-3.22814607514604,-0.914812363785004,
0.163848022770205,,-1.50197990965712,
,0.239429502724473,,0.886090592680681
,1.56446769264433,,-0.417591397206916
0.309249009765272,2.74979156041882,,
,-1.0600483727484,,-0.117922007234743
,,-1.07059301751581,
0.0605687990826946,,,0.133802255210726
0.100214275587541,0.261171658067962,,-0.494468185162125
,,-1.2313148373074,
1.93157594123468,,2.02791086269836,
,-3.28333990358901,,-1.44170225672774
-0.562567479099863,-2.57813707143024,-1.57294916132995,-1.35813196806151
-0.989963124982774,0.0345857419298861,-0.300212282309103,-1.15396296884078
,2.79059841753579,-0.764373488581798,-0.723128404134858
,,,
,3.7172036034978,,
-1.2200080568157,-1.60867868007176,,-0.871072607911165
1.40177629587353,3.53650060893043,1.1948731280978,
0.332223376591772,1.67923651613946,,
,0.0977508180654054,-0.478742111330258,-2.21818034123775
0.307817188760134,1.25467174959433,,-0.270043902691663
1.13365063401996,-1.80264310675186,,-1.86791941480022
,-0.156565604860703,-0.403866131143785,-0.264850798926675
,,,
-0.417810000420847,,,
,,1.41126614572136,
,-0.802371338562841,-1.36984770545162,-3.47484328789335
-1.10782537474745,,,3.16665860819269
0.610910498640866,5.10435997801437,1.8055621150251,0.630613300690376
-0.427799008498503,-1.36983429580005,-0.31206446068215,-0.309953915487893
0.493082448235863,,-1.56761797682969,
,2.29319466355991,,
0.885916485284128,,,0.294621780037826
1.83770151297992,1.47289695790204,-0.790815711621128,-0.876803070485281
-0.402359265957749,1.45004194054116,1.89059573142579,
-0.31975728444561,,-0.722244668126845,0.210171715293465
,-0.22744837453092,,1.3226880852212
1.32108027016545,3.48174835215021,0.429685274995017,
-0.423828509853688,,,1.49071962889416
-0.0567439355194486,0.593057852888966,1.46232006714673,2.08538637726272
,,,
,,0.553568885952044,0.920456456259762
,0.525818249265805,1.17494107281627,
-0.938623287222427,,-0.590425060755459,-0.459912706796227
0.942810450886935,,,-0.528208388490531
,,0.557080775880168,0.318156103121057
,0.883584520807191,0.316999049445457,3.3700202582421
,-2.57271399005736,-0.813321885328184,
-0.909865161210238,,0.0680752135094036,
1.15519900929856,,,1.3916564195361
,-2.57078069527631,,
,-1.04530872277952,,
,,,
,,0.755254846000747,
-0.0818480949276593,,,-0.913560054687255
,,,
,,,-1.32045149001344
-0.374781459067382,-0.881574102634504,-1.0217635666018,
,1.10853262904051,,
-1.12370301324877,,-1.23476174161146,-0.151902773037685
,,,1.57037584877058
2.85563219584061,,0.287566643281326,
1.33788081448491,1.58536149862234,-0.328050671058629,-0.258874224028742
,,,-0.632498630058344
,,,-1.28901707960955
,,,2.14695159378773
,1.38665998505501,1.80426415601003,4.09663680376121
0.879551968973754,,0.839066718278622,
,,,-1.05269736717087
1.58880322390604,,,1.17821373488717
,-0.420041211848558,,
0.891097377033371,,-1.32173041197965,
0.343356828838383,,1.78902894575633,0.0171928272395723
-1.41436767855623,-2.47330139765207,,-2.85447361759036
-1.39990439302273,,-1.91391299676717,-2.00614598964988
0.0800346103888094,,0.532012080399321,-0.44730165673906
-1.77302414557006,,-1.12091454713458,
-0.932775933376535,,-2.12090894723196,
,-1.83226417107498,-1.31852613845707,-1.49292794515532
0.687114384170281,4.2823798630257,,
-0.45777057756259,,0.50742050320771,-0.621245248095666
,-1.06981744425019,,-1.05255769102545
,-2.47020045197111,-0.456779445775396,0.707132095664421
-0.107219808269581,,0.421074240502661,
,,-0.316408548093104,-0.508196089627069
,2.85571024200923,0.359468408613115,0.390112757492687
,-3.53357966788027,-0.259211302326239,
-0.354116013504932,0.996962076260136,0.863591616883932,2.91610499218705
,,,1.05551102929394
0.1580816314315,2.02456778101063,0.938005395448737,
-1.26399714708784,-1.91481466585641,-0.185776375475575,-0.354006817621734
,-1.50084246235529,-1.58519482817666,
0.51472868705439,2.20937202008184,,
1.59746007712937,,,
-1.14718367231977,-3.19909504875675,-0.481325604940184,-1.49152700410523
,2.9732509077578,2.46352877625045,3.00202687247981
-0.315699337700348,,,
-1.7009655266184,,,
1.9671369595236,3.48509991451111,,0.471088731414345
-1.01190955863675,-1.33277293382445,0.348033389206094,
-0.688797603116195,0.475154759100901,,
,-1.14711742310822,,
,,1.2566405258944,0.234732366282781
0.128612706520254,0.314757608445775,0.69383675796334,
,,-0.180531501984558,
,-0.803019502408911,,1.69358546053262
,,-0.0116410709047272,0.372392779581346
,-0.25116836035923,0.200127251400578,
0.215868419209663,1.56760600804931,1.46418655279435,
,0.805705124144209,0.365380227900092,
,1.21661252886653,0.374857250240043,
0.621857440749203,2.15778058805671,0.803652644083687,1.02992552802533
0.356581965450373,,,-0.6268390134893
,-2.04380172054097,,-0.952908344087781
,,,
,1.2674608549005,,
,,0.777485523033594,
,,1.09050020679782,
-0.753549489480274,,1.40784995013727,-0.0151452812756565
,0.79918607015179,-0.526525601647434,0.597060007528823
,,,
0.356034726399369,1.08897044662001,0.152059065952029,1.04091592910431
,-4.02792553738285,,-1.63910284942838
-0.0114839971409539,,0.507189141627203,0.79204351990496
,,,
,-1.3036715418652,-3.48873364974963,
-1.35921613330402,-1.72757835494343,,
,-2.98082153697898,-1.07932999538506,
,,,1.16742950591868
,-1.35034625717699,,-1.51540090068358
,,0.428153241220653,0.888212885986855
,0.312217416182215,0.455037535123293,
,-2.31665508314515,,
-0.21501379608893,0.468231754512362,,-0.564129714132203
-0.482469833728551,-1.93417674811812,,
1.69609897184861,2.27135916062654,0.27194863192341,-0.378640626120636
,-1.3869697715347,-0.177051843439896,
2.45669883347514,2.96733659964716,-1.09335908117157,-2.2597887976054
,,-0.612848473272388,
0.0419511022534994,,,0.666009589966533
,,-0.485796239283828,-1.08554321558595
0.731720465459601,,,-1.31001276700814
-1.59409421398027,,,
,-0.182703686526479,,-0.0148906577915239
,-1.2930636118745,0.298299365940451,0.623257004659824
,,,-0.870307831965041
-1.12103626320921,0.666703941540898,,2.1659075916197
-0.570905575956379,,,1.71697833160232
,,,0.99050700084646
-0.477770219192277,,,
,,-1.58402224134408,-1.84237648522038
-1.49256507532022,-1.55632418343279,-0.0382836837449545,
-1.77449710135692,-1.56941065039635,0.376778954240722,
,,-0.65819461881927,-0.725289232138827
,-1.88630142653548,,
,-1.7610154302797,-0.17823452768314,
,,,-1.69698324627928
,-1.67798397014445,,-0.442318149755586
2.03606614755932,,,-0.433493102510436
,1.63690558460775,,-0.322026499598395
,0.905446037113138,,
,,1.16527218065415,
,,,
,3.03293469220552,,0.205938762182978
,-2.67998748301326,,
,-1.94926851915794,0.206674453705904,
0.728057429429186,-0.975753267821993,-1.66630195331808,
,0.634497215467497,-1.11235972588194,
,-4.38040266758578,-0.341140029780629,-0.24418489142026
0.120741029712653,,0.73700442891931,1.16673895852348
1.60017748706764,,,-1.13603287928075
0.0248641914366479,1.6207002062156,,0.442120863116564
0.892058478064377,4.04368121729047,,2.32650619515133
,,0.584011477588624,
-0.101810415569687,-0.00454930758875571,,-1.91873803234469
,,,
-0.146484001811181,-0.533721344727257,0.511647183555437,
,,,-0.711854040101113
,,,1.75361531371558
-1.01063637716624,,,0.899040670556755
,-1.8783099778322,,-4.14040463773639
-0.437910370275815,-0.804926831026158,-0.349436634716787,-0.701107483776818
-0.979455779426929,-1.33524397069155,,-0.841777264005242
1.14247427213288,-0.04695442968656,0.235610530839058,-0.838101158621961
-0.877908641199135,,,
-0.116039291388696,-0.13688390788006,0.212858741244122,
,,,
,2.13509851324963,,1.83957510114168
-0.725621771106494,-0.00918234608191579,,
,,-0.894982956561099,-0.0403581665154564
0.0293935654501282,-0.0021339645658407,1.34939451881723,1.52288000825642
0.200306196660454,0.432963935030255,0.239666067796666,1.44716128338138
,,,
,,,
0.601540968385125,,0.923052949258618,
-2.64140336962956,-4.18369650476899,0.862847120888639,0.201848640166664
1.21885322017479,,,
,-2.27599667941805,-2.00604938057235,-2.28238650650662
,,0.952145554988694,
-1.90031990216184,-3.53342203849948,0.485236218259384,0.739453797463218
-0.93503526025574,,-1.58529507646219,
1.07851475241984,,-0.451347037678474,0.133873436640322
,,1.06717868439934,-0.304783467163799
,,-1.61040060979739,-0.905206789110308
,,,1.30912187991594
,0.297344871608091,,-1.26006819092463
-0.113728589959477,-0.0540644738381597,1.34360062741589,
-0.199816957010028,,,
,-1.27258363643032,0.476588581948094,2.02366920500069
-0.204148084802336,,0.786077783606716,1.05692499008634
-1.9714757483147,-4.41629787270329,,
-0.153690108826757,-1.60236846753023,-0.0458582608171539,
,0.769391587224381,0.07791585453914,
,,,-0.775852031198654
0.656093014323482,0.886893098776153,-0.883768754309926,-1.46180716438645
,,,-1.60302035544731
,3.31737334226586,1.70519491399045,0.714781123655963
0.700709320185201,2.6278035621148,1.17992409887454,
,,1.14467248716782,
,,-0.957319406367518,
,-1.57282084421099,0.0396125729469163,
-0.804131371658257,-3.309814558805,,-0.668905565153249
,,-0.147900386898042,-0.256297667525358
0.238412057811278,,-1.06635006508454,-1.88841906581181
,,,
,0.28016049672727,,0.59066629491289
-1.51901746274587,-4.72359942471996,-1.63874795190339,
-1.96111626636912,,,-1.41043039705533
-2.41936693619108,,,
,2.15264173677955,,
-0.0106082409057623,,0.36778172465295,0.754269947867606
,-1.04588631511934,-0.902852692033459,
,,,
,-1.02749571643503,,0.993217396224801
,,,
2.06552607354441,,-0.0544978895040415,
,0.204912158411977,0.0381146719701006,
,,0.00113139334786223,0.679231584798229
,1.24412080354904,0.381545428470891,1.82442311347865
,1.41318845145479,-0.157430913798854,-0.158093453893384
,,,-2.77665543680759
,,-0.144614839679821,0.643516640630421
-0.123870480920649,,1.13088443156588,1.57555287710252
0.357267791562067,-1.23655928497397,-1.05462106579919,-1.23974925548324
-0.400223447523533,-0.354052229123187,-0.514649787301312,-0.186323445753468
,-3.06105519325468,,
-1.47755249342347,0.814039797947196,,
,,,
,-1.34937613683953,,
0.539525417489703,1.12269552655862,0.632742658438137,
,1.99006967888123,0.614398996355601,-0.172761363220736
0.13046595661558,1.04880482840656,1.5744653716573,
-0.239932876236106,,,
,,,-0.15502246589632
-0.246306213737041,,,-0.792230605704199
-0.874361427984959,-0.12051154436,-0.453305882784834,-0.960748581261315
-1.32394291795171,-1.77839505016826,-0.100730315937041,
,-2.58966914149857,-1.37432303114862,
-0.419069823453788,-1.15860330501521,,
,,,0.782738842138298
1.1538041991761,-0.530184643606114,,0.124713232479747
,,-0.989187791863216,-0.293910084882884
,,0.266072386535327,
,,,-0.204775300675603
,0.695604129275667,-1.27977363026924,
,0.213607303911008,,
0.243161804868445,-2.01767725316299,,
1.21588131541271,,,
-1.58124693531926,,-0.535607066275276,0.19237654026823
0.398335400093564,0.186191762774667,-0.127203579647324,
,,,
0.920243200965198,,0.924310713789578,0.555558612368385
,,0.168967653714443,
,,-1.83072016490382,-2.03532742549522
1.05022926564705,,,-0.844840446001309
,,,1.58724172773724
-0.778805694855359,,0.910011887251871,
-0.843057131273291,,0.471279886607758,
,-0.154574972904984,,
0.321711652207346,,0.0655730110692939,
,1.83099931791783,0.218572981144214,
-1.28076654297001,-2.75138531350453,-1.12854092228146,
,,,2.14789414451919
,,0.736863236514602,0.456436710124785
,1.38170789928859,,
,,,0.96827516808815
-0.632544779228728,0.920549499901393,,0.327627935786898
-2.0660239181441,,-0.577729747130139,-0.851401610117338
-0.663410608856541,-1.6970239477781,,-1.31277944523598
,-2.80053368270732,,
,0.203321968423101,0.325698433778054,
,-3.48426213513762,,-1.25034127405164
,-2.23808862919019,-1.16181459662339,
,1.75597074011308,,0.0799624614836118
,,1.49290472356967,1.03424802673695
0.994975849161267,-1.15864291807575,-1.82804349997189,-0.697685347808869
,,-0.519170744903308,-0.838687721898673
-0.667173324473446,-1.75958454436303,,
-1.42510976620799,,0.417823077154339,0.0528044416966948
0.61456461082951,-1.89436735313067,,
,2.71105216728411,0.505907041130269,
0.840243055022055,1.85020883908461,,2.0489928525479
-0.647999269821226,,-0.107884423123469,
-0.368801785825359,,0.965198889914943,0.484143972956897
-1.48961774709949,,,
,-0.778748336763747,0.600198863607494,1.89819789927746
-0.927238281210885,,0.883892713259939,1.86823331679714
-1.38652042532914,,-0.816374310894839,-2.09086524079623
-1.15917075640814,,1.09819414133694,
,-1.94998719728684,,
0.218780170521759,2.15760186847872,0.943574388401312,
,0.835742746102862,-0.0877359018826185,
,-1.56436401042797,1.48522136670344,
1.54586239576362,,0.57834836627896,
-0.902890459503686,-0.327370372008766,0.0255015274225819,
0.334972187550828,,,-1.72555424149397
,,,
,,-1.2836623374816,-1.97160558977832
,-0.0410776177039668,,1.49602029816554
0.217359613390943,,,
,-1.87604331450385,0.448571223161999,
,,,
-0.95550993719341,0.791087095419927,-0.268830813151999,
,-0.387353901442083,,0.600143953386788
0.712934616629111,,,1.84414262821318
,1.10333252491492,,
-0.316195157972198,1.01377006944465,0.979063388455402,
-0.0880240957467753,0.559998797387655,,1.44365705354403
-0.0796849921683568,,,-0.674372533241694
,1.76671821992229,1.79361920823269,
-0.209034253375517,,-1.54041505107778,
,,-1.60458269649204,
,,2.46512599290116,
,-3.98707291820595,-1.09024441443029,
,,-0.372275305176038,0.869378056625019
,-0.971016656117487,,
,-1.21072660017749,,0.334470466947458
1.15802353891421,,,1.20649840722186
0.190795641104453,1.97944310770757,,
,,0.03372227377904,
0.511902703010455,,,-1.01034025708205
-1.05907222915694,,-0.096201055319104,
,2.34356407850936,,
,0.232625256048969,,
-0.28842457507049,1.26608491986286,,2.10062606269608
,0.543500279958522,-0.0851031057370472,0.0887024629357686
,-0.634075385781862,0.698399309213203,
-0.587688844477514,-0.8905114199797,,
,-0.3523471307727,,0.92712914732397
,,0.709004684344409,-0.499718508548814
,,-0.960512832855085,
,,-1.14211953409851,
-1.39688788966074,,,
,-0.715890150400197,-1.17074535397601,
,,-3.0192473993389,
0.00923235007480759,,,1.32485606753117
1.24722079517353,,1.0177401872645,0.15792161494986
0.334538947956589,-0.280990656670259,,
0.528365893331736,-0.250764942588617,,-2.67163144535725
,0.58580884860691,,
,-2.45464725441186,-1.58921463635568,-2.53712792980805
-1.45412596549817,,-0.0219737574916709,0.924726706077462
0.858150932568371,-1.11908665647712,,-0.778094132375597
-0.760901110511738,,,-0.355967313563381
,,1.53774967628795,1.42537872961814
,,,0.491712723631551
,0.323243455088306,,1.73053399476616
0.185347792806808,,,
,,,0.164438763606093
-2.17611139512561,,,0.587140825479338
-0.396248469533164,1.80782756886519,1.18912303684703,2.0755303795155
,0.691282546922328,0.653075287390667,
,,-0.375068890369522,-1.638079795701
,-0.711399386861305,0.482556565499061,
-0.433759528684946,,,1.06009543065177
0.286616164909266,1.25192062945093,,1.98465483473581
,,,
-0.409712105369356,-1.55639746744649,-0.40454412442981,
0.463385582088643,-0.481425248776815,-1.35216983599558,-0.456166803063239
-1.82074096882308,,0.373998173494512,1.10023347960388
-0.739163424385538,-1.07962868176907,-1.0785153552188,-1.56738594085845
0.28035543019459,-2.1861856888619,,
,,-0.457523413272717,
,,,-3.03305871030378
,,,
,,,
,,,
,,,1.1826271381918
-0.0681510428488901,-2.18282856566083,-1.20897630886904,0.289370396464118
0.890872869947121,1.55026074764791,,
,,-0.704817319879379,-1.90320400520262
0.289666792024323,,-0.108302910925919,-0.46319013526124
-1.12751512523207,-2.5839514245072,-1.05168133146166,
-0.688512368293608,,0.319820306964688,
,0.660935397794369,0.525427862195559,
,-0.826819671151987,0.118115036233742,
,,0.108517160184286,
,0.756049948535978,1.16123353932977,
0.170635436753064,0.789060968709714,0.544096331502313,1.25430741757829
,,0.874665999234131,
,0.428734968833705,-0.374090401972358,-1.48340315675208
,-0.472273106739013,-0.230889663472814,-1.99222900694262
-0.316449025549578,2.81532894265976,0.740424530564052,0.585263379929026
,,,1.81928091563455
-1.69682911453067,0.5605375890138,0.38555808426476,
,,2.09675392632377,3.74425386841916
,1.50414967999042,0.967560833158317,
,,0.678149352721401,0.110410462082346
-0.178307545829416,2.73127653269412,2.24702532186388,1.36893451671298
0.202332217113348,-2.1153914081358,-0.893819727285209,
,-3.41082466039533,0.803031952730453,
-0.345277937542351,,,-1.13244384525819
,-1.74068750410676,0.347837515622011,-0.518403538483665
,,,-1.58856564769712
0.0821182602211673,0.385341132526931,,-0.290582002598123
-0.335863783095145,,1.06433972347611,1.74298888711346
,-0.70708361113195,-1.4610250263657,
,-0.866445222265253,-1.28036453744155,-0.745138992847562
-0.662071868830573,0.413474065206235,,
,,,-0.529593038718342
0.0321332997736162,,,-1.16609762514337
-1.06072548131257,,,-0.700060334790721
-1.60656546264203,,-0.484975203099964,
,,0.956047677965757,1.61873896651264
,,-0.306665350627314,
,2.01041893834404,0.745498508635366,
-0.981747032251174,,,
-0.363498766874304,-0.203684322526762,,1.73563408435342
,4.73589682096058,,
0.753133344268838,-0.355232984883718,,
,-1.58101305576769,,-1.4582998980341
1.83338563927545,1.79709639839466,,-0.947117127431597
,,0.760341625646571,1.01362050746028
,-1.6694499606506,,
-0.529960426228721,,,
-0.416411467120504,0.147224452837741,,2.76976809331022
,,1.33716540509173,
0.0930274584041338,-1.99775102300427,-0.0606708330018836,
,-0.86356336649144,,
,,,
,3.54325003730364,,1.60816015044869
0.0611866912141704,-0.0611377874737284,0.00266276437689838,
-2.4022450006031,-3.24118418238584,-0.939296597788975,
-0.322903378907228,-2.20038716036522,,-1.24431411133687
-2.56288361445495,,,-2.75930759724697
,,,
0.376843997823719,,,
,0.335923315470554,0.246658514831651,
,,,-0.583025185338112
,-0.0585694619116354,-0.624232735933648,
-0.384683790484067,,-1.3353968431067,
1.37827697306183,1.63852793903685,0.902781963865489,
1.87925888033808,,,-0.0235932533432319
0.813175288295526,,-1.45194649602172,
0.965959015380923,1.81984089056278,0.135315297735819,
,,-0.0513520179963304,1.02295523637606
-0.132883355270555,1.06781033271436,0.983101247888497,0.46085488666645
0.174188372701235,-0.984818821631868,-1.44994683079488,
,-2.37583970217063,,
,,,
,,0.856743018260408,-0.56926942855358
-0.140945406484342,,-0.0613838510169975,
0.125883201074421,-0.30704925261257,-1.28970476534557,
-0.133209611269102,-0.561960021288011,,
,,3.2688405844091,
,-4.15206311063542,-1.24416896148017,
1.2177148424057,3.09512844401594,,0.648756711725877
,1.46550618174635,,
,,,
,1.3603001889706,,
1.43410888088952,-0.916842988687648,,
1.78030900479632,,,
,,,0.25802596107826
-0.555006355682593,,,-1.72326758034743
0.952152257141813,1.71662373591447,,
,-1.69949442691856,-1.92473799570298,
-0.76820519713097,,0.629148594100597,-1.4735611909921
0.583194803930856,0.903614548217319,,0.137714500526969
0.304565030630141,1.14231598609736,1.5543671666788,
,1.18603165424305,-1.16850819581016,
,0.180610179326152,,
-0.246422434798604,,1.53036001864983,0.905399950048795
,,1.14462429817987,-0.565034529659816
,,0.750084243049579,0.93181560764177
0.66338102445058,,,-3.56169489716865
,,-0.359737346650129,-1.5245971308967
,,0.241604184803657,
,,,
,,0.0109104086398813,0.421994320022721
-0.723796592811481,-0.704640625332762,,-0.115022282082015
,1.22414793438006,,-1.03782517021004
,0.410299006856999,,0.413545286708337
0.598600133304074,2.26720542473393,0.450881940981188,2.30008420210496
2.01610944062522,,,
,,-0.242340219098479,0.145864611875165
-1.21618332537868,,2.7350790669639,
,-0.342230045687916,,
0.0257490726829556,,,
,0.752270966470934,,
1.41746832526845,,-0.469169819039164,
-1.10770575620358,-1.51454664348663,,0.500161856810433
,,-0.702787064698346,
,-0.149044487367732,,
,,1.55621442694483,-0.317751896254994
-1.24000877378467,-1.42142835025714,1.11051279434386,
0.62527030651308,,0.77420260247708,
-1.91299361338521,,,0.696165714109668
0.688532605465397,,,-1.30541040586855
-1.57936082726653,,,-0.367962132489548
-0.33786205649429,-2.35258105969584,-1.42521509144223,-2.69433052438553
,,,
-0.673635433725076,,1.66085181444233,
,-1.02536091540223,,
,-0.391044353883613,0.269055932086966,-0.9547674632455
,-0.964179146522084,-0.860970363310031,-1.38561018423876
0.0367091285508964,-2.45516430912593,,
-0.59489481967054,,-0.0170631769389326,1.98459979037159
,,,
,,,0.0271667852355447
-0.463724144904189,-0.883308275241519,-0.264213646005807,
,,,0.235092153938268
,,0.271591853829369,-1.87261913903517
0.910228113381331,2.46981972813302,1.29097622048728,
,,,0.270370909810573
1.70969004834188,-0.341413039258478,-0.820501333156169,
2.46837768986266,1.83995426816911,,
,0.991977319990077,,0.369013861720696
-0.178922411057878,-1.73835195746568,,-1.65630610477466
1.26988761058271,1.99500659903156,,
0.746612801542564,,,-0.935214707150162
2.12011465604253,2.70625075947546,,2.0719373967964
,,-0.605258958775329,-1.51955903622367
,-1.59045156078305,-0.0374993148509481,
,,2.02345618313585,1.74371537835096
0.221226598435007,,0.230879756202367,
,0.465095746318822,-1.22070794183059,
1.34542640770443,,0.659804404128919,
,,,
,,-0.16509221951795,
-0.717915565480712,-1.30517313018999,-1.09556519061716,
-0.914485926976796,-2.04270836161994,-1.99683715025919,
0.0573570002308713,,,-2.72249763136921
,,0.727558147436896,1.32871627170999
0.683932460581424,1.78972481363764,,
1.28805666267176,1.66633774802655,,
-0.682199457053933,-2.57152707206243,,0.576421562142108
0.41302089455888,0.42794971927524,-0.27079942670004,
,-0.975958429974585,,-1.70536302002724
,-1.05355095806688,-0.332607103851486,
0.256015837873084,-1.35516396765083,-2.75809457214525,-3.44055028959085
-0.785015750479333,,1.55687507758175,2.70802767985913
,,0.171740753479914,0.208690288340064
,,1.73259561513057,
1.71372829226929,,,2.55574130915329
-0.126452386770776,-0.295966252087325,-0.720905478080276,
-0.333683776934348,0.367518868312109,,-0.522025416914765
1.43215449095927,,0.48818949113309,
2.1326311434083,,,
,0.324671871872724,,
-1.21525913870257,,,-2.25007167441793
-0.0780872618765368,,,
,-3.24308333976114,-0.983371919845122,-1.34213388463528
-0.620994710460696,,,-2.46594434847996
-0.102232528260429,,,1.38226868857802
-0.524494562027447,-0.157407780273163,,
,1.18487740255466,-0.0173521614900293,
0.233603929023991,1.02254514666193,,
,-3.27430854404031,,
1.67204034524049,,-0.332808452364369,1.00624562681038
,,0.157632145598444,
,1.9430274697269,1.17940355675113,0.56700680117561
0.012039174475276,-2.13084834799771,-0.950716690614519,-1.7393078628641
-0.961403422541013,-1.66351323659831,,-0.824269457665041
-0.686957110580947,,,-3.29167313828505
-1.44621434077422,,-0.230976285627022,
0.653788380431656,,0.916733312468817,
-0.227686995035828,1.47152309364755,,
0.562839998634633,-0.521100753268668,,-3.50259016074862
,,-0.551195553171275,-1.39014139564784
,,1.86604372869977,
-1.06079762249479,-1.95461059316041,,
,1.88913904740505,,
-0.76489475746182,-1.9573873326228,-0.734221717292391,-1.27138430687057
,,,
,,,1.98157920957634
-0.594152334385808,-0.550099566696993,,
0.34502313809593,2.26158494738519,1.26343653138181,
-0.346796365813345,-1.65188944807512,-0.864640719465519,
-0.530880531088904,1.79150928733018,0.698466959801422,
-0.0666646061664831,,,-0.726227215885135
,,-0.407809087050526,
0.940990236326795,,,-1.59625258865478
,,,-1.55163707478239
-0.130505868911008,,,
-0.369873049860792,-0.150775585275073,,0.0473227205244244
-1.00710117818137,-1.04441679217093,-0.304215660504083,
-0.1257033524832,,1.10976326698461,
-1.35354251851651,-1.37209037643902,,
1.46552871508473,-1.14012689157732,-0.911039057417619,-2.45133364283384
0.203787276187021,3.23273095684079,1.59840262941003,1.4018782705537
-1.92000981436504,,-0.256096052904736,0.121117843447522
-1.27395335206445,,-0.327969507955583,
,2.69720369900289,,
,-1.69947661759629,0.103870411692079,
0.685716005889443,,,-0.349258880696596
0.30202847008572,,0.98040907318945,
-0.716940986060072,,0.5680382277635,2.58053715035032
-0.579153939323905,,,0.998716896514447
-1.3002266217832,-0.8776360473607,-0.146601129341026,
,,0.634693354605294,
-0.37580209971237,-0.565853908563956,0.0991362756391141,0.697271457534439
-1.46715816851894,-1.82375793367557,0.264565999945207,0.84205303953148
,,-0.343534906119111,
,,,3.49008062402067
,,,-1.44622954337122
,0.716951919537867,-0.170764879506444,-0.243688290104237
,,,
,1.01701199761193,-1.0416589295623,
,-2.33794487871265,-1.09914135894671,-1.49874440130462
-0.640466491526046,-1.36393426939114,,-1.0970947778133
,,-0.419643838317679,-0.403244193432668
1.35888034274285,,,
1.59687567752888,0.0866350140275935,-0.747561944211967,-0.0490993583950515
0.457860118821368,0.327660893402957,-0.285479528416564,
-1.04272333297973,-3.22077101160655,,-0.290613602925349
0.329987877105239,0.603114709413045,1.51929313826948,1.0589938022772
1.21939120301322,2.46737132601703,0.379881502695578,-0.199748798505024
,,,-0.845170745571144
,1.31769362221604,,
,,-1.10824247495899,0.0143852527133128
,,2.00806166582838,
1.34150598090498,4.40367526940192,-0.0420178704269282,-1.32994575374221
,,,
0.681345263149107,,-0.290537375290523,
-0.116591580815723,1.09884023921927,,
,-0.629062730470615,,0.348306763230905
,1.22772406196785,,0.660926910500181
0.350563246343412,,,
-0.488563801389508,-0.32961016613282,,
-1.25867113777206,-1.49557389129008,,-0.325101019740449
,,,0.349445940113308
-0.394710441345343,,1.24802544158633,
,-0.993492131647039,,
0.999897620171259,0.592413401275644,0.13788579559944,0.980870112779623
1.852233473603,,-0.244819009184074,
0.0065404683838596,-0.0197934662536541,-0.609120733286077,-2.51351042833064
,-0.814262444747369,-0.161876150628855,
,1.08513730079243,0.341465183068141,
-0.709500666830606,,,
-2.36336321758309,-3.02729066556248,-0.140461173268747,
,-0.864749376507091,,-2.53166194469833
,1.02417293337681,0.538394086291186,1.39195512442131
1.64665633701533,1.93117583847752,0.580896498393318,
,,,
0.746666457080023,0.679403882366092,,-1.56581821768559
,-1.36059806621672,-0.452350121200055,
,1.3920665240135,,
,,2.89738932549056,3.05686011305096
,-1.00755179527433,-0.415681427260853,-1.37379998524628
,,,-1.06211389260976
-0.297638918071916,0.323382996174189,-0.134336048075935,
,-0.525150908334334,,
0.95014908761975,,,0.801345498704908
,-0.518439636082765,1.00609962976349,1.63814252016285
,-1.09488226850959,0.0161689036561342,1.04991297138771
,1.85868924293563,-1.06357995547401,-1.88034049819544
,-0.700126469126543,-0.917219406398942,
-0.383700947309097,,-0.14518253235022,
,-1.0169153015771,-1.51219000752041,-1.98202717600065
0.805696063225057,4.6191791646598,,
,2.17437565050091,,
-0.024970953910034,2.063923087727,0.645658775586169,
,-1.44155376450019,-0.516225342054905,
0.479133621148106,,-1.13868863031901,-2.54334506738144
-0.590178420871035,2.72112537093391,,0.25074391326248
-0.25368412277231,1.98824691441458,,1.3517649232135
0.79568525238738,0.788298170453556,,0.272085236839262
-0.421944354315324,,-0.12066300795023,
0.633734912118758,-1.49894728676014,-1.19273537373046,1.0423688436696
,,-0.940550804870137,
0.909549892158232,,-1.00726319494153,
,-1.19113557902526,,
,0.374467700126729,,1.13608446924496
,-0.0992907287536696,,
,-1.50611138847222,,
,,-0.97088350231803,-1.75899204989839
,,,-2.92352062498459
,-0.207627621481603,-0.650823796201092,
-2.03372956095156,0.437037309916558,,
,-0.973693465106721,,
,1.01134853236279,,-1.50903340413012
,,-0.688144279156827,
,0.00624413993730684,-0.129437088675497,0.287897157389117
,-2.84639685086759,,
0.084047602080913,1.8257101068037,,0.811052428089986
,-0.29162703644233,-0.750422449141026,-0.52728368542156
,0.630683936947458,0.388505610028716,0.525232200637622
0.12720360449926,-1.74300311838035,-1.58115989543583,
,,0.261057587216495,
,-0.563738597957926,,-0.405470346853319
,,,
-0.487440542541666,0.591316355248305,-0.039215548072987,0.35315426810984
0.125658558849878,-1.84275623954513,-2.13686314344809,
,0.479753034353889,0.421676458048077,
,,-1.25286781702429,
-0.955708052511467,,,-1.07630991432629
,,,
,,0.247416921941629,
-0.456971027534395,1.59579883902391,,
0.449581575940742,-1.50741847184817,-0.667090977378264,-0.784806019725238
-1.52864361389056,,,-0.88078245469762
,0.341645485795892,,1.34312512517976
0.97899893179748,0.414480164904744,,
,,,
0.776499229731006,,,1.41623869270482
0.827098895919075,-0.164834330661681,-0.411058861581428,
,,0.797916644428873,
,,,-2.41221155242379
,-2.82608542473661,,-1.8747457623854
,,,
-1.43894606423409,,,
,-0.933087152068432,0.274409110433182,
,,0.873400074443449,1.33973111799505
,2.89173904667212,0.978267448729324,-1.07714138841734
0.327073869682668,,0.690622107328408,-0.108384900222752
,-3.00205547831866,,
,,,
,1.60355326587077,-0.0644197312905062,
-0.340104692840173,-2.03467107872043,,-0.890964206552172
0.692017584593959,-0.782819737799921,,-1.5590325292927
,,-0.71367378458475,
-1.00575084994086,-1.14392176542138,0.608847418985281,
,0.174635693920459,,0.290759230661654
,,,3.09314695679529
0.864536504615916,,-0.0142123773208916,
0.00845864220970071,,-1.30639126729704,-0.261848082097999
,0.883068142450921,,1.87989076292015
-0.0986551362070354,-0.339814751163625,,-0.477884645343804
,,,-1.1250176436173
,-2.11773028241758,,
0.0559567804768863,,0.337889465694209,1.12174162371716
,,,
-0.183903248247375,,-1.50517554254661,
-0.621611007571175,,,1.173329926646
1.72797178396387,,,0.837200418724159
,,-1.8735651181706,-2.45568712900584
-0.280588469964512,,-1.28224392462368,-2.89395517938281
,0.378858110490541,,1.47815550791261
-0.274834752576703,-0.974882158902462,-0.0400868688276025,0.665105461533621
,-0.224356656667094,-0.913473648871834,-1.98312790769321
,-1.63735231721716,0.615053035352141,
,,,-1.35367221842502
-0.294149680262832,,0.0181126378561424,
,,1.34260861676671,1.82800721434834
,-0.26355403691176,-0.631469281888983,
0.267763744882344,0.232114875203656,,-0.364391147189127
,3.24606165192719,1.5289166483625,2.52875184187385
,,-0.188915864266423,
2.3136823981718,3.93807490296323,1.99456006765751,1.75783844158195
,-0.577721533676828,0.199621086261815,
-1.60069174231155,-1.4272655846751,0.262966338242537,
,1.09127581967191,,1.34148381438632
,,,
,0.0354767617366587,,
-0.0676954848686345,,-1.64262508896298,-3.11599101522991
-0.39813194986707,,,1.42550478222291
-0.685446064697667,,-0.806535321754019,
,,,-1.53698973161675
,-0.0929940196790119,1.15771992984564,1.2324512262212
-0.0208450711464503,,1.05364282103589,-1.2468211108121
-0.171017568105028,,0.357272901470585,-0.592912607903314
,1.15202641060858,,-0.536871618902919
,-0.00686196301566055,,
,,1.5552581703766,2.08297566941235
,,0.125296423220187,
,,-1.16729789738305,
,1.82289459577504,,0.885354330206851
-1.10460030213751,,1.5992896085002,
,0.869164130335173,1.29848790348496,
1.21382258885069,,0.46240503129664,-0.203998328563309
,,,
-1.5845710102469,,,-1.93148921541932
-0.612073093229238,1.62263165723381,1.55144796631578,
,,0.392615012151593,0.0148599463199626
0.278458526700406,,,-0.103973167321117
-0.444539226661303,,,-1.10770359156846
-0.946679262166707,,1.01811247005436,
-0.267779268173179,-1.94113983750899,-0.91899371247669,0.404658132743692
0.906845380762695,,1.03103893952608,2.77319505051881
-0.566815871674565,,,
,,-0.209001577770218,
0.653310421565837,1.87058554381676,,
,2.13092356734665,1.19250531066178,1.92963232483379
,-0.846251804200116,,
-0.825434380362193,,,-2.44297268499608
,-0.380515360395123,-1.32261548225877,-1.68882106798539
1.81612262417402,,-0.538564167770964,-0.939927967252915
0.83124485996798,0.79957188293901,,1.7226484922751
-0.986910956637502,,-0.720559948108365,-0.0482337973920317
,4.21596538087805,,
-0.39107262972413,,1.91087169375866,4.066008370173
,,-0.266137025928971,
,,,0.205905659456627
,,0.375652711679743,
,,,
1.88069370446266,1.81701733448144,0.163706811858847,0.698642921890666
0.64320351401576,0.105541362498211,,2.50598595505853
,-2.23610787759926,-1.07942341158254,-2.578893259741
,,,0.366828774761208
,2.47525592881782,0.54715011674019,
-0.462387102048366,,,
,-1.28783753029355,0.0722189869772253,
-0.45889577310437,,,
,-0.939780468455201,,-3.89141114290009
0.355842953570359,,0.10919116310833,
,-0.817396568250301,-1.23872886851774,-2.0918473255762
1.08896230867381,,,-0.458272906026648
-1.39507201580229,-2.38097534449591,-1.59595898744679,-0.317996898257373
,-0.121334742776948,,-0.845520180976741
0.701325333466092,,-2.15757118531447,-1.62874716879223
-1.12083485307123,0.765254377014373,0.647532725702859,0.735456967013827
-0.485393915160034,,1.92006350722329,1.92990456242408
0.422571271335969,,1.16666521154542,0.595235809162264
,,-0.932649240225382,-2.78736155462196
-2.02307866311819,,-0.698781923971159,-2.65998204428889
,,1.22588332047021,-1.02556960968327
,1.13112836870351,,
,-2.34272785603898,-0.573460586053364,0.561405298712249
-1.38233174744969,,-0.227659815421489,
,,-1.67380120704606,
1.23276415861198,,1.54057307350419,
-0.941158521456586,,,-1.07256105184835
,1.9148442636762,,
-0.282271825160748,-1.30146101441667,,
-1.96730476909972,-1.9117096360312,0.10471245903184,
,,0.27136477006043,1.61730937172335
0.342110581527869,3.81929920983385,,
,2.40792777876763,1.5778800326641,2.35661008809882
0.126721384784113,,,
-0.867487393748536,-1.29060989377063,1.10047250149806,
,,,
,0.182185947572986,0.847068380848914,
1.32213601549527,,-1.40707947060469,
,,,-0.196858861683078
-0.786217214105137,-1.12541930488854,,
-0.0435465616008335,,0.13783886222566,
,-0.943707613338722,0.0870716496628306,
-1.33858970572591,-3.935413688661,,-0.558774083375448
,1.23851003638299,,
-0.497587817746738,0.445686506228868,,0.340168011368836
,2.1293230096019,,
-0.389220440881234,0.125954664792336,,
-1.47460162257593,,,1.69374733264674
,,0.0351556417235332,0.898112177541248
-0.487471142773177,-0.443577610088884,,1.96043246819321
,,,-0.217363436134338
-0.935035495706276,,0.0628122757664095,
,0.717062696134146,,
-0.646089022340935,0.563265385904301,,0.999305744484896
,0.986030815467174,,
-0.625039057680061,,,-1.94155957416008
,,-0.85577820418935,
,,-0.276054219367387,0.262184434752592
-0.334430286053997,-0.13333129017641,-0.936200424745822,-2.11234690395782
-0.71484012451859,-2.29853589924636,-0.167418068648702,
,,,-0.066831965054261
,-1.1431516446799,,
-0.203771242276033,-2.63215387369275,,
,,,3.14838700558866
0.0219895902354585,0.678221337522645,0.0827379485958507,-1.64969654183229
,-1.42500696887346,0.0850122417266892,
0.621139544974908,,,
-0.0633874213995069,0.226617984568809,,0.169635354465649
-1.07479145782257,,,0.255054907092767
1.27557246284008,,,-0.508790384028651
-0.139930151074155,,,
,,0.523020289232299,1.08314818993029
,1.8176791514247,,
,,-0.799869427409152,
0.19332751608516,0.46852259886399,0.996598472223582,-0.0345209866331843
,,,0.452322078400033
,0.456019215979819,-0.369069715547791,
0.0609689206700981,-0.465861508181002,,
0.263962522763769,-1.00408648704162,-0.223977303613398,
-0.51818844088866,,,0.824069376201909
,,-0.426650934059323,0.227449309015762
,2.5780561985559,,
-0.626144578212546,-3.85266234264799,-1.23914999352231,0.315758295542999
-0.535410705180782,,,1.58516836369013
0.53271436563676,0.784170462195789,,-0.283541714438798
,0.324077137153826,,2.48418131655019
,0.460729924064371,,0.604729234371408
0.837615765744166,,0.632689547091955,
-0.973333255302537,,,-1.91005718263463
1.20300826038635,,,-2.07530608246271
,,,
,1.29804834459066,,-2.43685940005685
0.429112848767409,,,
,,0.0855610547091277,2.64901577345442
,,,0.531296875579848
-0.80732728252893,,,
,1.1136085892152,,1.50589154930672
,2.89046506421758,0.781600058515817,1.40898142723838
1.04457746532007,,,
,,,-0.649626732520444
,,,
,-1.43835704832906,,0.673271594086575
,-2.36969334723325,-0.394121757712143,
-1.87957091175864,,1.23201554838702,0.594473114454989
,,0.0932166762773001,1.12111481675512
,,-1.40051084972192,-0.0173041720930878
-0.937558000824962,-0.164680125427523,,1.14471969530497
,,,
,,-0.724131693365474,-0.409536075364454
-1.0949147728468,-2.95423804632,,-0.228827193313627
0.591065362721384,,,
0.201179559159097,-0.932364016551368,-0.849469475810346,-2.07432595464359
0.692298414451174,-0.902618021630337,-0.478084799256305,
,,1.69426580396853,0.889781479169753
-0.0916764292702965,,0.0885924845964127,2.25550645921443
,,,-1.2723962863915
0.41119385114911,,-1.97561716693619,-2.72238641572978
,1.27311394923038,,
,,,
,3.12322628605442,1.66928362823584,1.27366190300062
0.364444716088094,0.785886105051273,-0.948549636139579,
,,0.812602631123141,0.847318255450796
,,1.23051174833148,
,,-1.15223984566089,
1.74607429293342,1.65707473669925,-1.81912894666728,-3.49188728759675
,-0.885745276861298,-0.997300780890451,
-0.463479239652754,-1.36849158825096,,
,,-0.496393278419523,-0.977568989239971
-0.473272732146784,,,3.03658362912172
,,0.00170473797533004,1.03018935188227
-0.333345425746965,,0.152447006701587,
1.66668924645811,1.20531793667236,-0.110288107481486,-0.698597410135827
,,-0.822532617050902,
-0.442139382112549,-0.46637085256959,-0.991043147047666,-1.30687397214729
,1.35468740917683,,0.391491407701581
,-1.36722573036082,-0.301730053270258,
,2.50388243036765,,0.637408562965817
0.534629559226792,-0.412506551908788,-1.22334357791836,
-1.57934369019036,1.09832502274291,,0.0627975857196202
,,,
,-1.69136021059114,,
,0.311954493201981,-0.133199691453753,-0.3022846126198
,-2.44107985328127,,
0.499589693406767,1.47897778613682,,
-0.0784031998095674,,,
,-1.66079300641319,-0.821583823882274,-2.43204611808592
0.664590558712137,2.35284524342402,0.155313775450545,-0.390628490057873
,3.25595950026605,-1.05082833362905,-1.19437165486953
,-0.759694206300942,,
,,,
-0.957886086352753,,,-3.23856209376718
,,-1.51888545732957,
-1.5566266086941,-2.73167575933158,-0.854837107185012,
,-1.67051112210973,0.0801321109154066,-2.16843801588059
-0.584147782524672,-2.00587269938191,-1.1835416140222,
0.69695766608415,,0.663154681588583,
0.944522906044958,,,0.0178845019179069
-1.81461068217308,-1.54195383904352,,
,,,-2.04152432174863
0.97280698896353,,,
-0.680483584218796,-0.505985766420212,,
,,,1.21752670687321
,-2.20583214446727,-0.132290244404098,
,,,0.283558107544866
,,-1.22221919630729,
-0.11643781395344,0.202771033965944,,0.301069499960238
,-0.751830861468399,-2.19035744860933,
1.2277428318739,,0.377651380382171,
0.101293752103079,1.07268343496146,0.795204328529723,2.56637000764002
,0.574202530894896,,-0.0161699017869286
2.05214798922842,,0.681499525899561,
-0.447245537200563,,,-1.33433643708526
,-0.34206601874107,-0.310792413950709,0.0564598507844561
,,,-0.929768073332766
,-3.50972939758635,-2.62443555590096,
-1.4757096969074,-0.495181370884246,0.470468402023488,0.643399931374183
,-0.763307611063225,,0.005738253627453
,0.145892148199022,,
-0.994240964580995,,2.43601553464876,0.394242853183707
2.27094389609834,,0.149004222886116,
,,,
0.558212375940976,2.19999414269601,,
,,0.889222457876923,0.213686536045324
,-0.413241628576303,,-1.3528286788812
-1.80014777891941,,0.53655708645003,
,,,
,,,
-0.426865426249103,,-0.458159642694063,-0.0207490217712204
-0.536773054798828,,,
1.32386033170034,-0.408555567802297,-0.576368884921374,-0.267229967240186
,,,
0.309381106948007,0.355854027309634,1.3389219320571,1.3796405787725
0.492173973008798,0.937083434421417,,
0.739040639109674,,-1.38809621729679,
-0.117926154118613,-2.23340181176398,,
0.158641033633531,-1.55660669558056,-1.17315508201684,-1.00834579809246
-0.975039590837087,,0.556035784084864,0.44090381199791
0.940499387723458,,0.238471841729009,-0.893521976391862
,,,-1.51647598206697
,,-0.387322744610592,
,0.948245161757409,-0.0677093723033785,0.0929515295774806
,,,1.49707379512486
1.07932886772481,,1.88073465603748,
-0.644924173032691,0.171117770986137,0.929562053868984,0.663151638952119
